{"textures":{"0":"minecraft:modelengine/entity/token_lockbox"},"elements":[{"from":[0.056999207,7.985562,3.9673996],"to":[15.943001,8.474362,12.0326],"rotation":{"angle":0.0,"axis":"y","origin":[8.0,7.985562,4.0895996]},"faces":{"east":{"uv":[5.25,7.875,7.0,8.0],"rotation":0,"texture":"#0","tintindex":0},"south":{"uv":[9.375,3.875,12.875,4.0],"rotation":0,"texture":"#0","tintindex":0},"north":{"uv":[8.375,5.0,11.875,5.125],"rotation":0,"texture":"#0","tintindex":0},"west":{"uv":[9.375,4.875,11.125,5.0],"rotation":0,"texture":"#0","tintindex":0},"up":{"uv":[3.5,1.75,0.0,0.0],"rotation":0,"texture":"#0","tintindex":0},"down":{"uv":[3.5,1.75,0.0,3.5],"rotation":0,"texture":"#0","tintindex":0}}},{"from":[0.17919922,8.474362,4.0895996],"to":[15.820801,12.873562,5.1498284],"rotation":{"angle":0.0,"axis":"y","origin":[8.0,7.985562,4.0895996]},"faces":{"east":{"uv":[4.75,10.5,5.0,11.5],"rotation":0,"texture":"#0","tintindex":0},"south":{"uv":[3.5,2.75,6.875,3.75],"rotation":0,"texture":"#0","tintindex":0},"north":{"uv":[3.5,1.75,6.875,2.75],"rotation":0,"texture":"#0","tintindex":0},"west":{"uv":[6.5,10.5,6.75,11.5],"rotation":0,"texture":"#0","tintindex":0},"up":{"uv":[10.375,1.625,7.0,1.375],"rotation":0,"texture":"#0","tintindex":0},"down":{"uv":[10.625,6.75,7.25,7.0],"rotation":0,"texture":"#0","tintindex":0}}},{"from":[9.750628,8.902933,3.6610284],"to":[13.106515,12.302134,4.0895996],"rotation":{"angle":0.0,"axis":"y","origin":[8.285714,7.985562,4.0895996]},"faces":{"east":{"uv":[2.125,11.25,2.25,12.0],"rotation":0,"texture":"#0","tintindex":0},"south":{"uv":[9.375,2.375,10.125,3.125],"rotation":0,"texture":"#0","tintindex":0},"north":{"uv":[13.375,12.125,14.5,13.25],"rotation":0,"texture":"#0","tintindex":0},"west":{"uv":[10.875,11.25,11.0,12.0],"rotation":0,"texture":"#0","tintindex":0},"up":{"uv":[7.75,1.75,7.0,1.625],"rotation":0,"texture":"#0","tintindex":0},"down":{"uv":[11.875,4.875,11.125,5.0],"rotation":0,"texture":"#0","tintindex":0}}},{"from":[0.17919922,8.474362,10.850172],"to":[15.820801,12.873562,11.9104],"rotation":{"angle":0.0,"axis":"y","origin":[8.0,7.985562,11.9104]},"faces":{"east":{"uv":[6.75,10.5,7.0,11.5],"rotation":0,"texture":"#0","tintindex":0},"south":{"uv":[3.5,4.75,6.875,5.75],"rotation":0,"texture":"#0","tintindex":0},"north":{"uv":[3.5,3.75,6.875,4.75],"rotation":0,"texture":"#0","tintindex":0},"west":{"uv":[7.0,10.5,7.25,11.5],"rotation":0,"texture":"#0","tintindex":0},"up":{"uv":[10.625,7.25,7.25,7.0],"rotation":0,"texture":"#0","tintindex":0},"down":{"uv":[10.625,7.25,7.25,7.5],"rotation":0,"texture":"#0","tintindex":0}}},{"from":[14.760572,8.474362,4.0895996],"to":[15.820801,12.873562,11.9104],"rotation":{"angle":0.0,"axis":"y","origin":[8.0,7.985562,4.0895996]},"faces":{"east":{"uv":[4.0,5.75,5.75,6.75],"rotation":0,"texture":"#0","tintindex":0},"south":{"uv":[4.0,10.5,4.25,11.5],"rotation":0,"texture":"#0","tintindex":0},"north":{"uv":[3.25,10.125,3.5,11.125],"rotation":0,"texture":"#0","tintindex":0},"west":{"uv":[5.75,5.75,7.5,6.75],"rotation":0,"texture":"#0","tintindex":0},"up":{"uv":[5.75,11.125,5.5,9.375],"rotation":0,"texture":"#0","tintindex":0},"down":{"uv":[6.0,9.375,5.75,11.125],"rotation":0,"texture":"#0","tintindex":0}}},{"from":[0.17919922,8.474362,4.0895996],"to":[1.239428,12.873562,11.9104],"rotation":{"angle":0.0,"axis":"y","origin":[8.0,7.985562,4.0895996]},"faces":{"east":{"uv":[7.5,5.75,5.75,6.75],"rotation":0,"texture":"#0","tintindex":0},"south":{"uv":[4.25,10.5,4.0,11.5],"rotation":0,"texture":"#0","tintindex":0},"north":{"uv":[3.5,10.125,3.25,11.125],"rotation":0,"texture":"#0","tintindex":0},"west":{"uv":[5.75,5.75,4.0,6.75],"rotation":0,"texture":"#0","tintindex":0},"up":{"uv":[5.5,11.125,5.75,9.375],"rotation":0,"texture":"#0","tintindex":0},"down":{"uv":[5.75,9.375,6.0,11.125],"rotation":0,"texture":"#0","tintindex":0}}},{"from":[15.93478,7.9874916,4.5467424],"to":[16.63478,8.487492,11.453258],"rotation":{"angle":0.0,"axis":"y","origin":[16.404667,10.987092,8.0]},"faces":{"east":{"uv":[10.5,4.625,12.0,4.75],"rotation":0,"texture":"#0","tintindex":0},"south":{"uv":[11.625,11.25,11.75,11.375],"rotation":0,"texture":"#0","tintindex":0},"north":{"uv":[11.375,0.25,11.5,0.375],"rotation":0,"texture":"#0","tintindex":0},"west":{"uv":[10.5,4.75,12.0,4.875],"rotation":0,"texture":"#0","tintindex":0},"up":{"uv":[10.625,12.375,10.5,10.875],"rotation":0,"texture":"#0","tintindex":0},"down":{"uv":[10.75,10.875,10.625,12.375],"rotation":0,"texture":"#0","tintindex":0}}},{"from":[15.392229,7.717219,4.5467424],"to":[15.5208,12.873562,11.453258],"rotation":{"angle":22.5,"axis":"z","origin":[15.290686,10.673962,8.0]},"faces":{"east":{"uv":[5.75,6.75,7.25,7.875],"rotation":0,"texture":"#0","tintindex":0},"south":{"uv":[0.625,11.125,0.75,12.25],"rotation":0,"texture":"#0","tintindex":0},"north":{"uv":[0.5,11.125,0.625,12.25],"rotation":0,"texture":"#0","tintindex":0},"west":{"uv":[6.875,1.75,8.375,2.875],"rotation":0,"texture":"#0","tintindex":0},"up":{"uv":[11.0,9.75,10.875,8.25],"rotation":0,"texture":"#0","tintindex":0},"down":{"uv":[9.625,10.875,9.5,12.375],"rotation":0,"texture":"#0","tintindex":0}}},{"from":[0.4791999,7.717219,4.5467424],"to":[0.6077709,12.873562,11.453258],"rotation":{"angle":-22.5,"axis":"z","origin":[0.70931387,10.673962,8.0]},"faces":{"east":{"uv":[8.375,1.75,6.875,2.875],"rotation":0,"texture":"#0","tintindex":0},"south":{"uv":[0.75,11.125,0.625,12.25],"rotation":0,"texture":"#0","tintindex":0},"north":{"uv":[0.625,11.125,0.5,12.25],"rotation":0,"texture":"#0","tintindex":0},"west":{"uv":[7.25,6.75,5.75,7.875],"rotation":0,"texture":"#0","tintindex":0},"up":{"uv":[10.875,9.75,11.0,8.25],"rotation":0,"texture":"#0","tintindex":0},"down":{"uv":[9.5,10.875,9.625,12.375],"rotation":0,"texture":"#0","tintindex":0}}},{"from":[-0.6347809,7.9874916,4.5467424],"to":[0.0652194,8.487492,11.453258],"rotation":{"angle":0.0,"axis":"y","origin":[-0.40466595,10.987092,8.0]},"faces":{"east":{"uv":[12.0,4.75,10.5,4.875],"rotation":0,"texture":"#0","tintindex":0},"south":{"uv":[11.75,11.25,11.625,11.375],"rotation":0,"texture":"#0","tintindex":0},"north":{"uv":[11.5,0.25,11.375,0.375],"rotation":0,"texture":"#0","tintindex":0},"west":{"uv":[12.0,4.625,10.5,4.75],"rotation":0,"texture":"#0","tintindex":0},"up":{"uv":[10.5,12.375,10.625,10.875],"rotation":0,"texture":"#0","tintindex":0},"down":{"uv":[10.625,10.875,10.75,12.375],"rotation":0,"texture":"#0","tintindex":0}}},{"from":[13.987801,7.985562,3.457943],"to":[15.820801,12.873562,6.0448],"rotation":{"angle":-45.0,"axis":"y","origin":[14.904301,10.429562,5.0060997]},"faces":{"east":{"uv":[2.875,7.875,3.5,9.0],"rotation":0,"texture":"#0","tintindex":0},"south":{"uv":[6.875,9.375,7.25,10.5],"rotation":0,"texture":"#0","tintindex":0},"north":{"uv":[6.5,9.375,6.875,10.5],"rotation":0,"texture":"#0","tintindex":0},"west":{"uv":[3.5,8.25,4.125,9.375],"rotation":0,"texture":"#0","tintindex":0},"up":{"uv":[2.875,9.0,2.5,8.375],"rotation":0,"texture":"#0","tintindex":0},"down":{"uv":[10.875,5.125,10.5,5.75],"rotation":0,"texture":"#0","tintindex":0}}},{"from":[13.709938,7.985562,3.6220493],"to":[15.787337,12.873562,4.013089],"rotation":{"angle":22.5,"axis":"y","origin":[14.870838,10.429562,4.8440495]},"faces":{"east":{"uv":[10.875,5.875,11.0,7.0],"rotation":0,"texture":"#0","tintindex":0},"south":{"uv":[0.0,8.375,0.5,9.5],"rotation":0,"texture":"#0","tintindex":0},"north":{"uv":[7.875,8.25,8.375,9.375],"rotation":0,"texture":"#0","tintindex":0},"west":{"uv":[10.75,10.875,10.875,12.0],"rotation":0,"texture":"#0","tintindex":0},"up":{"uv":[8.25,1.75,7.75,1.625],"rotation":0,"texture":"#0","tintindex":0},"down":{"uv":[5.75,7.75,5.25,7.875],"rotation":0,"texture":"#0","tintindex":0}}},{"from":[13.49785,8.328419,3.5898066],"to":[15.275251,11.702133,4.937989],"rotation":{"angle":22.5,"axis":"x","origin":[14.393694,10.429562,3.9424696]},"faces":{"east":{"uv":[0.75,10.625,1.0,11.375],"rotation":0,"texture":"#0","tintindex":0},"south":{"uv":[9.75,10.375,10.125,11.125],"rotation":0,"texture":"#0","tintindex":0},"north":{"uv":[5.125,10.25,5.5,11.0],"rotation":0,"texture":"#0","tintindex":0},"west":{"uv":[10.625,5.75,10.875,6.5],"rotation":0,"texture":"#0","tintindex":0},"up":{"uv":[11.5,11.625,11.125,11.375],"rotation":0,"texture":"#0","tintindex":0},"down":{"uv":[0.5,11.5,0.125,11.75],"rotation":0,"texture":"#0","tintindex":0}}},{"from":[13.512136,7.978174,2.8125787],"to":[15.260965,8.623318,4.0464764],"rotation":{"angle":0.0,"axis":"y","origin":[14.393694,7.3507457,3.1652417]},"faces":{"east":{"uv":[3.75,7.625,4.0,7.75],"rotation":0,"texture":"#0","tintindex":0},"south":{"uv":[8.25,11.625,8.625,11.75],"rotation":0,"texture":"#0","tintindex":0},"north":{"uv":[11.625,3.0,12.0,3.125],"rotation":0,"texture":"#0","tintindex":0},"west":{"uv":[7.0,7.875,7.25,8.0],"rotation":0,"texture":"#0","tintindex":0},"up":{"uv":[11.875,0.5,11.5,0.25],"rotation":0,"texture":"#0","tintindex":0},"down":{"uv":[11.875,0.5,11.5,0.75],"rotation":0,"texture":"#0","tintindex":0}}},{"from":[0.73903465,7.978174,2.8125787],"to":[2.487863,8.623318,4.0464764],"rotation":{"angle":0.0,"axis":"y","origin":[1.6063061,7.3507457,3.1652417]},"faces":{"east":{"uv":[10.625,1.0,10.875,1.125],"rotation":0,"texture":"#0","tintindex":0},"south":{"uv":[11.625,8.75,12.0,8.875],"rotation":0,"texture":"#0","tintindex":0},"north":{"uv":[11.625,8.625,12.0,8.75],"rotation":0,"texture":"#0","tintindex":0},"west":{"uv":[6.25,11.375,6.5,11.5],"rotation":0,"texture":"#0","tintindex":0},"up":{"uv":[1.5,11.75,1.125,11.5],"rotation":0,"texture":"#0","tintindex":0},"down":{"uv":[11.875,1.25,11.5,1.5],"rotation":0,"texture":"#0","tintindex":0}}},{"from":[0.7247486,8.328419,3.5898066],"to":[2.502149,11.702133,4.937989],"rotation":{"angle":22.5,"axis":"x","origin":[1.6063061,10.429562,3.9424696]},"faces":{"east":{"uv":[10.625,6.5,10.875,7.25],"rotation":0,"texture":"#0","tintindex":0},"south":{"uv":[1.125,10.5,1.5,11.25],"rotation":0,"texture":"#0","tintindex":0},"north":{"uv":[10.125,10.375,10.5,11.125],"rotation":0,"texture":"#0","tintindex":0},"west":{"uv":[10.75,7.25,11.0,8.0],"rotation":0,"texture":"#0","tintindex":0},"up":{"uv":[11.875,1.0,11.5,0.75],"rotation":0,"texture":"#0","tintindex":0},"down":{"uv":[11.875,1.0,11.5,1.25],"rotation":0,"texture":"#0","tintindex":0}}},{"from":[13.49785,8.328419,11.062011],"to":[15.275251,11.702133,12.410193],"rotation":{"angle":-22.5,"axis":"x","origin":[14.393694,10.429562,12.05753]},"faces":{"east":{"uv":[1.0,10.625,0.75,11.375],"rotation":0,"texture":"#0","tintindex":0},"south":{"uv":[5.5,10.25,5.125,11.0],"rotation":0,"texture":"#0","tintindex":0},"north":{"uv":[10.125,10.375,9.75,11.125],"rotation":0,"texture":"#0","tintindex":0},"west":{"uv":[10.875,5.75,10.625,6.5],"rotation":0,"texture":"#0","tintindex":0},"up":{"uv":[11.5,11.375,11.125,11.625],"rotation":0,"texture":"#0","tintindex":0},"down":{"uv":[0.5,11.75,0.125,11.5],"rotation":0,"texture":"#0","tintindex":0}}},{"from":[13.512136,7.978174,11.953524],"to":[15.260965,8.623318,13.187422],"rotation":{"angle":0.0,"axis":"y","origin":[14.393694,7.3507457,12.834759]},"faces":{"east":{"uv":[4.0,7.625,3.75,7.75],"rotation":0,"texture":"#0","tintindex":0},"south":{"uv":[12.0,3.0,11.625,3.125],"rotation":0,"texture":"#0","tintindex":0},"north":{"uv":[8.625,11.625,8.25,11.75],"rotation":0,"texture":"#0","tintindex":0},"west":{"uv":[7.25,7.875,7.0,8.0],"rotation":0,"texture":"#0","tintindex":0},"up":{"uv":[11.875,0.25,11.5,0.5],"rotation":0,"texture":"#0","tintindex":0},"down":{"uv":[11.875,0.75,11.5,0.5],"rotation":0,"texture":"#0","tintindex":0}}},{"from":[0.7247486,8.328419,11.062011],"to":[2.502149,11.702133,12.410193],"rotation":{"angle":-22.5,"axis":"x","origin":[1.6063061,10.429562,12.05753]},"faces":{"east":{"uv":[10.875,6.5,10.625,7.25],"rotation":0,"texture":"#0","tintindex":0},"south":{"uv":[10.5,10.375,10.125,11.125],"rotation":0,"texture":"#0","tintindex":0},"north":{"uv":[1.5,10.5,1.125,11.25],"rotation":0,"texture":"#0","tintindex":0},"west":{"uv":[11.0,7.25,10.75,8.0],"rotation":0,"texture":"#0","tintindex":0},"up":{"uv":[11.875,0.75,11.5,1.0],"rotation":0,"texture":"#0","tintindex":0},"down":{"uv":[11.875,1.25,11.5,1.0],"rotation":0,"texture":"#0","tintindex":0}}},{"from":[0.73903465,7.978174,11.953524],"to":[2.487863,8.623318,13.187422],"rotation":{"angle":0.0,"axis":"y","origin":[1.6063061,7.3507457,12.834759]},"faces":{"east":{"uv":[10.875,1.0,10.625,1.125],"rotation":0,"texture":"#0","tintindex":0},"south":{"uv":[12.0,8.625,11.625,8.75],"rotation":0,"texture":"#0","tintindex":0},"north":{"uv":[12.0,8.75,11.625,8.875],"rotation":0,"texture":"#0","tintindex":0},"west":{"uv":[6.5,11.375,6.25,11.5],"rotation":0,"texture":"#0","tintindex":0},"up":{"uv":[1.5,11.5,1.125,11.75],"rotation":0,"texture":"#0","tintindex":0},"down":{"uv":[11.875,1.5,11.5,1.25],"rotation":0,"texture":"#0","tintindex":0}}},{"from":[15.77241,7.985562,4.5065775],"to":[16.163452,12.873562,6.5839777],"rotation":{"angle":-22.5,"axis":"y","origin":[15.967931,10.429562,5.5452776]},"faces":{"east":{"uv":[0.5,8.375,1.0,9.5],"rotation":0,"texture":"#0","tintindex":0},"south":{"uv":[2.375,11.0,2.5,12.125],"rotation":0,"texture":"#0","tintindex":0},"north":{"uv":[2.25,11.0,2.375,12.125],"rotation":0,"texture":"#0","tintindex":0},"west":{"uv":[1.0,8.375,1.5,9.5],"rotation":0,"texture":"#0","tintindex":0},"up":{"uv":[10.25,11.875,10.125,11.375],"rotation":0,"texture":"#0","tintindex":0},"down":{"uv":[1.625,11.5,1.5,12.0],"rotation":0,"texture":"#0","tintindex":0}}},{"from":[-0.1634512,7.985562,4.5065775],"to":[0.2275896,12.873562,6.5839777],"rotation":{"angle":22.5,"axis":"y","origin":[0.032069206,10.429562,5.5452776]},"faces":{"east":{"uv":[2.0,8.375,2.5,9.5],"rotation":0,"texture":"#0","tintindex":0},"south":{"uv":[11.0,5.875,11.125,7.0],"rotation":0,"texture":"#0","tintindex":0},"north":{"uv":[5.375,11.0,5.5,12.125],"rotation":0,"texture":"#0","tintindex":0},"west":{"uv":[8.375,2.75,8.875,3.875],"rotation":0,"texture":"#0","tintindex":0},"up":{"uv":[4.875,12.0,4.75,11.5],"rotation":0,"texture":"#0","tintindex":0},"down":{"uv":[5.0,11.5,4.875,12.0],"rotation":0,"texture":"#0","tintindex":0}}},{"from":[0.17919922,7.985562,3.457943],"to":[2.0121999,12.873562,6.0448],"rotation":{"angle":45.0,"axis":"y","origin":[1.0956993,10.429562,5.0060997]},"faces":{"east":{"uv":[4.125,8.25,4.75,9.375],"rotation":0,"texture":"#0","tintindex":0},"south":{"uv":[7.625,9.375,8.0,10.5],"rotation":0,"texture":"#0","tintindex":0},"north":{"uv":[7.25,9.375,7.625,10.5],"rotation":0,"texture":"#0","tintindex":0},"west":{"uv":[4.75,8.25,5.375,9.375],"rotation":0,"texture":"#0","tintindex":0},"up":{"uv":[7.625,11.125,7.25,10.5],"rotation":0,"texture":"#0","tintindex":0},"down":{"uv":[8.0,10.5,7.625,11.125],"rotation":0,"texture":"#0","tintindex":0}}},{"from":[0.2126627,7.985562,3.6220493],"to":[2.2900624,12.873562,4.013089],"rotation":{"angle":-22.5,"axis":"y","origin":[1.1291618,10.429562,4.8440495]},"faces":{"east":{"uv":[5.125,11.0,5.25,12.125],"rotation":0,"texture":"#0","tintindex":0},"south":{"uv":[8.375,1.625,8.875,2.75],"rotation":0,"texture":"#0","tintindex":0},"north":{"uv":[1.5,8.375,2.0,9.5],"rotation":0,"texture":"#0","tintindex":0},"west":{"uv":[5.25,11.0,5.375,12.125],"rotation":0,"texture":"#0","tintindex":0},"up":{"uv":[12.125,2.375,11.625,2.25],"rotation":0,"texture":"#0","tintindex":0},"down":{"uv":[12.125,2.375,11.625,2.5],"rotation":0,"texture":"#0","tintindex":0}}},{"from":[-0.1634512,7.985562,9.416022],"to":[0.2275896,12.873562,11.4934225],"rotation":{"angle":-22.5,"axis":"y","origin":[0.032069206,10.429562,10.454722]},"faces":{"east":{"uv":[2.5,9.0,3.0,10.125],"rotation":0,"texture":"#0","tintindex":0},"south":{"uv":[0.0,11.125,0.125,12.25],"rotation":0,"texture":"#0","tintindex":0},"north":{"uv":[11.0,10.375,11.125,11.5],"rotation":0,"texture":"#0","tintindex":0},"west":{"uv":[3.0,9.0,3.5,10.125],"rotation":0,"texture":"#0","tintindex":0},"up":{"uv":[11.125,12.0,11.0,11.5],"rotation":0,"texture":"#0","tintindex":0},"down":{"uv":[11.75,4.0,11.625,4.5],"rotation":0,"texture":"#0","tintindex":0}}},{"from":[0.17919922,7.985562,9.9552],"to":[2.0121999,12.873562,12.542057],"rotation":{"angle":-45.0,"axis":"y","origin":[1.0956993,10.429562,10.9939]},"faces":{"east":{"uv":[6.625,8.25,7.25,9.375],"rotation":0,"texture":"#0","tintindex":0},"south":{"uv":[8.75,9.375,9.125,10.5],"rotation":0,"texture":"#0","tintindex":0},"north":{"uv":[8.375,9.375,8.75,10.5],"rotation":0,"texture":"#0","tintindex":0},"west":{"uv":[7.25,8.25,7.875,9.375],"rotation":0,"texture":"#0","tintindex":0},"up":{"uv":[8.75,11.125,8.375,10.5],"rotation":0,"texture":"#0","tintindex":0},"down":{"uv":[9.125,10.5,8.75,11.125],"rotation":0,"texture":"#0","tintindex":0}}},{"from":[0.2126627,7.985562,11.986911],"to":[2.2900624,12.873562,12.377951],"rotation":{"angle":22.5,"axis":"y","origin":[1.1291618,10.429562,11.155951]},"faces":{"east":{"uv":[11.0,9.25,11.125,10.375],"rotation":0,"texture":"#0","tintindex":0},"south":{"uv":[8.875,8.25,9.375,9.375],"rotation":0,"texture":"#0","tintindex":0},"north":{"uv":[8.875,3.875,9.375,5.0],"rotation":0,"texture":"#0","tintindex":0},"west":{"uv":[9.375,11.0,9.5,12.125],"rotation":0,"texture":"#0","tintindex":0},"up":{"uv":[12.125,2.875,11.625,2.75],"rotation":0,"texture":"#0","tintindex":0},"down":{"uv":[12.125,2.875,11.625,3.0],"rotation":0,"texture":"#0","tintindex":0}}},{"from":[13.709938,7.985562,11.986911],"to":[15.787337,12.873562,12.377951],"rotation":{"angle":-22.5,"axis":"y","origin":[14.870838,10.429562,11.155951]},"faces":{"east":{"uv":[9.125,11.0,9.25,12.125],"rotation":0,"texture":"#0","tintindex":0},"south":{"uv":[8.875,2.75,9.375,3.875],"rotation":0,"texture":"#0","tintindex":0},"north":{"uv":[8.875,1.625,9.375,2.75],"rotation":0,"texture":"#0","tintindex":0},"west":{"uv":[9.25,11.0,9.375,12.125],"rotation":0,"texture":"#0","tintindex":0},"up":{"uv":[12.125,2.625,11.625,2.5],"rotation":0,"texture":"#0","tintindex":0},"down":{"uv":[12.125,2.625,11.625,2.75],"rotation":0,"texture":"#0","tintindex":0}}},{"from":[13.987801,7.985562,9.9552],"to":[15.820801,12.873562,12.542057],"rotation":{"angle":45.0,"axis":"y","origin":[14.904301,10.429562,10.9939]},"faces":{"east":{"uv":[5.375,8.25,6.0,9.375],"rotation":0,"texture":"#0","tintindex":0},"south":{"uv":[9.375,8.25,9.75,9.375],"rotation":0,"texture":"#0","tintindex":0},"north":{"uv":[8.0,9.375,8.375,10.5],"rotation":0,"texture":"#0","tintindex":0},"west":{"uv":[6.0,8.25,6.625,9.375],"rotation":0,"texture":"#0","tintindex":0},"up":{"uv":[8.375,11.125,8.0,10.5],"rotation":0,"texture":"#0","tintindex":0},"down":{"uv":[10.875,8.25,10.5,8.875],"rotation":0,"texture":"#0","tintindex":0}}},{"from":[15.77241,7.985562,9.416022],"to":[16.163452,12.873562,11.4934225],"rotation":{"angle":22.5,"axis":"y","origin":[15.967931,10.429562,10.454722]},"faces":{"east":{"uv":[8.375,3.875,8.875,5.0],"rotation":0,"texture":"#0","tintindex":0},"south":{"uv":[11.0,8.125,11.125,9.25],"rotation":0,"texture":"#0","tintindex":0},"north":{"uv":[11.0,7.0,11.125,8.125],"rotation":0,"texture":"#0","tintindex":0},"west":{"uv":[8.375,8.25,8.875,9.375],"rotation":0,"texture":"#0","tintindex":0},"up":{"uv":[7.125,12.0,7.0,11.5],"rotation":0,"texture":"#0","tintindex":0},"down":{"uv":[7.25,11.5,7.125,12.0],"rotation":0,"texture":"#0","tintindex":0}}}],"display":{"head":{"translation":[0.0,-6.4,0.0],"scale":[4.0,4.0,4.0]}}}