{"textures":{"0":"minecraft:modelengine/entity/token_lockbox"},"elements":[{"from":[7.32544,7.3320827,7.606044],"to":[8.67456,8.681203,8.406044],"rotation":{"angle":0.0,"axis":"y","origin":[8.0,6.1899223,8.406044]},"faces":{"east":{"uv":[5.375,9.625,5.5,9.875],"rotation":0,"texture":"#0","tintindex":0},"south":{"uv":[11.625,7.875,11.875,8.125],"rotation":0,"texture":"#0","tintindex":0},"north":{"uv":[7.75,11.625,8.0,11.875],"rotation":0,"texture":"#0","tintindex":0},"west":{"uv":[10.375,1.375,10.5,1.625],"rotation":0,"texture":"#0","tintindex":0},"up":{"uv":[11.875,10.25,11.625,10.125],"rotation":0,"texture":"#0","tintindex":0},"down":{"uv":[10.5,11.625,10.25,11.75],"rotation":0,"texture":"#0","tintindex":0}}},{"from":[7.738645,8.601573,7.616044],"to":[8.467765,8.990693,8.406044],"rotation":{"angle":-22.5,"axis":"z","origin":[7.793205,8.3161335,8.006044]},"faces":{"east":{"uv":[0.75,11.75,0.875,11.875],"rotation":0,"texture":"#0","tintindex":0},"south":{"uv":[0.875,11.75,1.0,11.875],"rotation":0,"texture":"#0","tintindex":0},"north":{"uv":[0.375,11.75,0.5,11.875],"rotation":0,"texture":"#0","tintindex":0},"west":{"uv":[1.125,11.75,1.25,11.875],"rotation":0,"texture":"#0","tintindex":0},"up":{"uv":[1.375,11.875,1.25,11.75],"rotation":0,"texture":"#0","tintindex":0},"down":{"uv":[1.5,11.75,1.375,11.875],"rotation":0,"texture":"#0","tintindex":0}}},{"from":[7.532235,8.601573,7.616044],"to":[8.261355,8.990693,8.406044],"rotation":{"angle":22.5,"axis":"z","origin":[8.206795,8.3161335,8.006044]},"faces":{"east":{"uv":[1.75,11.75,1.875,11.875],"rotation":0,"texture":"#0","tintindex":0},"south":{"uv":[1.875,11.75,2.0,11.875],"rotation":0,"texture":"#0","tintindex":0},"north":{"uv":[1.625,11.75,1.75,11.875],"rotation":0,"texture":"#0","tintindex":0},"west":{"uv":[2.0,11.75,2.125,11.875],"rotation":0,"texture":"#0","tintindex":0},"up":{"uv":[2.625,11.875,2.5,11.75],"rotation":0,"texture":"#0","tintindex":0},"down":{"uv":[2.75,11.75,2.625,11.875],"rotation":0,"texture":"#0","tintindex":0}}},{"from":[7.807771,8.799608,7.7478294],"to":[8.192228,9.771037,8.204972],"rotation":{"angle":45.0,"axis":"z","origin":[8.0,7.9834943,7.9764013]},"faces":{"east":{"uv":[11.25,11.625,11.375,11.875],"rotation":0,"texture":"#0","tintindex":0},"south":{"uv":[11.375,11.625,11.5,11.875],"rotation":0,"texture":"#0","tintindex":0},"north":{"uv":[11.125,11.625,11.25,11.875],"rotation":0,"texture":"#0","tintindex":0},"west":{"uv":[11.5,11.625,11.625,11.875],"rotation":0,"texture":"#0","tintindex":0},"up":{"uv":[9.125,11.875,9.0,11.75],"rotation":0,"texture":"#0","tintindex":0},"down":{"uv":[11.875,9.375,11.75,9.5],"rotation":0,"texture":"#0","tintindex":0}}},{"from":[7.117056,7.6452136,7.616044],"to":[7.506176,8.374333,8.406044],"rotation":{"angle":-22.5,"axis":"z","origin":[8.0,8.009923,8.011044]},"faces":{"east":{"uv":[11.75,4.125,11.875,4.25],"rotation":0,"texture":"#0","tintindex":0},"south":{"uv":[4.25,11.75,4.375,11.875],"rotation":0,"texture":"#0","tintindex":0},"north":{"uv":[4.125,11.75,4.25,11.875],"rotation":0,"texture":"#0","tintindex":0},"west":{"uv":[11.75,4.25,11.875,4.375],"rotation":0,"texture":"#0","tintindex":0},"up":{"uv":[4.5,11.875,4.375,11.75],"rotation":0,"texture":"#0","tintindex":0},"down":{"uv":[11.875,4.375,11.75,4.5],"rotation":0,"texture":"#0","tintindex":0}}},{"from":[7.117056,7.6455116,7.616044],"to":[7.506176,8.374632,8.406044],"rotation":{"angle":22.5,"axis":"z","origin":[8.0,8.009923,8.011044]},"faces":{"east":{"uv":[4.625,11.75,4.75,11.875],"rotation":0,"texture":"#0","tintindex":0},"south":{"uv":[6.25,11.75,6.375,11.875],"rotation":0,"texture":"#0","tintindex":0},"north":{"uv":[4.5,11.75,4.625,11.875],"rotation":0,"texture":"#0","tintindex":0},"west":{"uv":[6.375,11.75,6.5,11.875],"rotation":0,"texture":"#0","tintindex":0},"up":{"uv":[6.625,11.875,6.5,11.75],"rotation":0,"texture":"#0","tintindex":0},"down":{"uv":[6.75,11.75,6.625,11.875],"rotation":0,"texture":"#0","tintindex":0}}},{"from":[7.807771,6.195951,7.7478294],"to":[8.192228,7.16738,8.204972],"rotation":{"angle":-45.0,"axis":"z","origin":[8.0,7.9834943,7.9764013]},"faces":{"east":{"uv":[11.625,10.5,11.75,10.75],"rotation":0,"texture":"#0","tintindex":0},"south":{"uv":[11.625,10.75,11.75,11.0],"rotation":0,"texture":"#0","tintindex":0},"north":{"uv":[11.625,10.25,11.75,10.5],"rotation":0,"texture":"#0","tintindex":0},"west":{"uv":[11.625,11.0,11.75,11.25],"rotation":0,"texture":"#0","tintindex":0},"up":{"uv":[11.875,8.625,11.75,8.5],"rotation":0,"texture":"#0","tintindex":0},"down":{"uv":[9.0,11.75,8.875,11.875],"rotation":0,"texture":"#0","tintindex":0}}},{"from":[7.3921866,7.0735626,7.616044],"to":[8.121306,7.4626827,8.406044],"rotation":{"angle":-22.5,"axis":"z","origin":[8.0,7.3688817,8.011044]},"faces":{"east":{"uv":[2.875,11.75,3.0,11.875],"rotation":0,"texture":"#0","tintindex":0},"south":{"uv":[3.0,11.75,3.125,11.875],"rotation":0,"texture":"#0","tintindex":0},"north":{"uv":[2.75,11.75,2.875,11.875],"rotation":0,"texture":"#0","tintindex":0},"west":{"uv":[3.125,11.75,3.25,11.875],"rotation":0,"texture":"#0","tintindex":0},"up":{"uv":[11.875,3.25,11.75,3.125],"rotation":0,"texture":"#0","tintindex":0},"down":{"uv":[11.875,3.25,11.75,3.375],"rotation":0,"texture":"#0","tintindex":0}}},{"from":[7.8786936,7.0735626,7.616044],"to":[8.607814,7.4626827,8.406044],"rotation":{"angle":22.5,"axis":"z","origin":[8.0,7.3688817,8.011044]},"faces":{"east":{"uv":[11.75,3.5,11.875,3.625],"rotation":0,"texture":"#0","tintindex":0},"south":{"uv":[11.75,3.625,11.875,3.75],"rotation":0,"texture":"#0","tintindex":0},"north":{"uv":[11.75,3.375,11.875,3.5],"rotation":0,"texture":"#0","tintindex":0},"west":{"uv":[11.75,3.75,11.875,3.875],"rotation":0,"texture":"#0","tintindex":0},"up":{"uv":[4.125,11.875,4.0,11.75],"rotation":0,"texture":"#0","tintindex":0},"down":{"uv":[11.875,4.0,11.75,4.125],"rotation":0,"texture":"#0","tintindex":0}}},{"from":[7.807771,6.195951,7.7478294],"to":[8.192228,7.16738,8.204972],"rotation":{"angle":45.0,"axis":"z","origin":[8.0,7.9834943,7.9764013]},"faces":{"east":{"uv":[10.625,7.25,10.75,7.5],"rotation":0,"texture":"#0","tintindex":0},"south":{"uv":[10.875,7.0,11.0,7.25],"rotation":0,"texture":"#0","tintindex":0},"north":{"uv":[10.375,5.5,10.5,5.75],"rotation":0,"texture":"#0","tintindex":0},"west":{"uv":[9.0,11.125,9.125,11.375],"rotation":0,"texture":"#0","tintindex":0},"up":{"uv":[11.875,8.5,11.75,8.375],"rotation":0,"texture":"#0","tintindex":0},"down":{"uv":[8.625,11.75,8.5,11.875],"rotation":0,"texture":"#0","tintindex":0}}},{"from":[8.493824,7.6455116,7.616044],"to":[8.882944,8.374632,8.406044],"rotation":{"angle":-22.5,"axis":"z","origin":[8.0,8.009923,8.011044]},"faces":{"east":{"uv":[6.875,11.75,7.0,11.875],"rotation":0,"texture":"#0","tintindex":0},"south":{"uv":[11.75,7.375,11.875,7.5],"rotation":0,"texture":"#0","tintindex":0},"north":{"uv":[6.75,11.75,6.875,11.875],"rotation":0,"texture":"#0","tintindex":0},"west":{"uv":[11.75,7.5,11.875,7.625],"rotation":0,"texture":"#0","tintindex":0},"up":{"uv":[11.875,7.75,11.75,7.625],"rotation":0,"texture":"#0","tintindex":0},"down":{"uv":[11.875,7.75,11.75,7.875],"rotation":0,"texture":"#0","tintindex":0}}},{"from":[8.493824,7.6452136,7.616044],"to":[8.882944,8.374333,8.406044],"rotation":{"angle":22.5,"axis":"z","origin":[8.0,8.009923,8.011044]},"faces":{"east":{"uv":[8.125,11.75,8.25,11.875],"rotation":0,"texture":"#0","tintindex":0},"south":{"uv":[11.75,8.125,11.875,8.25],"rotation":0,"texture":"#0","tintindex":0},"north":{"uv":[8.0,11.75,8.125,11.875],"rotation":0,"texture":"#0","tintindex":0},"west":{"uv":[8.25,11.75,8.375,11.875],"rotation":0,"texture":"#0","tintindex":0},"up":{"uv":[11.875,8.375,11.75,8.25],"rotation":0,"texture":"#0","tintindex":0},"down":{"uv":[8.5,11.75,8.375,11.875],"rotation":0,"texture":"#0","tintindex":0}}},{"from":[7.807771,8.799608,7.7478294],"to":[8.192228,9.771037,8.204972],"rotation":{"angle":-45.0,"axis":"z","origin":[8.0,7.9834943,7.9764013]},"faces":{"east":{"uv":[11.75,0.0,11.875,0.25],"rotation":0,"texture":"#0","tintindex":0},"south":{"uv":[0.125,11.75,0.25,12.0],"rotation":0,"texture":"#0","tintindex":0},"north":{"uv":[11.625,11.625,11.75,11.875],"rotation":0,"texture":"#0","tintindex":0},"west":{"uv":[0.25,11.75,0.375,12.0],"rotation":0,"texture":"#0","tintindex":0},"up":{"uv":[11.875,9.625,11.75,9.5],"rotation":0,"texture":"#0","tintindex":0},"down":{"uv":[11.875,9.625,11.75,9.75],"rotation":0,"texture":"#0","tintindex":0}}}],"display":{"head":{"translation":[0.0,-6.4,0.0],"scale":[4.0,4.0,4.0]}}}