{"textures":{"0":"minecraft:modelengine/entity/token_lockbox"},"elements":[{"from":[12.012136,8.59094,0.14978504],"to":[13.389107,10.776917,7.0484962],"rotation":{"angle":45.0,"axis":"z","origin":[12.986336,10.00064,3.5991406]},"faces":{"east":{"uv":[2.0,5.25,3.5,5.75],"rotation":0,"texture":"#0","tintindex":0},"south":{"uv":[2.5,11.25,2.75,11.75],"rotation":0,"texture":"#0","tintindex":0},"north":{"uv":[1.875,11.25,2.125,11.75],"rotation":0,"texture":"#0","tintindex":0},"west":{"uv":[7.25,7.5,8.75,8.0],"rotation":0,"texture":"#0","tintindex":0},"up":{"uv":[2.5,11.0,2.25,9.5],"rotation":0,"texture":"#0","tintindex":0},"down":{"uv":[9.75,9.375,9.5,10.875],"rotation":0,"texture":"#0","tintindex":0}}},{"from":[2.7919302,8.59094,0.14978504],"to":[4.1689014,10.776917,7.0484962],"rotation":{"angle":-45.0,"axis":"z","origin":[3.1947012,10.00064,3.5991406]},"faces":{"east":{"uv":[0.0,7.625,1.5,8.125],"rotation":0,"texture":"#0","tintindex":0},"south":{"uv":[3.0,11.25,3.25,11.75],"rotation":0,"texture":"#0","tintindex":0},"north":{"uv":[2.75,11.25,3.0,11.75],"rotation":0,"texture":"#0","tintindex":0},"west":{"uv":[3.75,7.75,5.25,8.25],"rotation":0,"texture":"#0","tintindex":0},"up":{"uv":[3.75,11.125,3.5,9.625],"rotation":0,"texture":"#0","tintindex":0},"down":{"uv":[4.0,9.625,3.75,11.125],"rotation":0,"texture":"#0","tintindex":0}}},{"from":[3.4083033,9.218961,6.3297276],"to":[12.772734,10.693985,7.3032346],"rotation":{"angle":-22.5,"axis":"x","origin":[8.090519,10.07485,7.0521955]},"faces":{"east":{"uv":[3.5,7.875,3.75,8.25],"rotation":0,"texture":"#0","tintindex":0},"south":{"uv":[1.75,7.5,3.75,7.875],"rotation":0,"texture":"#0","tintindex":0},"north":{"uv":[1.75,7.125,3.75,7.5],"rotation":0,"texture":"#0","tintindex":0},"west":{"uv":[0.75,11.375,1.0,11.75],"rotation":0,"texture":"#0","tintindex":0},"up":{"uv":[11.375,3.375,9.375,3.125],"rotation":0,"texture":"#0","tintindex":0},"down":{"uv":[11.375,3.375,9.375,3.625],"rotation":0,"texture":"#0","tintindex":0}}},{"from":[3.4083033,9.218961,-0.104953766],"to":[12.772734,10.693985,0.86855316],"rotation":{"angle":22.5,"axis":"x","origin":[8.090519,10.07485,0.14608574]},"faces":{"east":{"uv":[8.0,11.375,8.25,11.75],"rotation":0,"texture":"#0","tintindex":0},"south":{"uv":[7.5,6.125,9.5,6.5],"rotation":0,"texture":"#0","tintindex":0},"north":{"uv":[7.5,5.75,9.5,6.125],"rotation":0,"texture":"#0","tintindex":0},"west":{"uv":[8.875,11.375,9.125,11.75],"rotation":0,"texture":"#0","tintindex":0},"up":{"uv":[5.5,9.625,3.5,9.375],"rotation":0,"texture":"#0","tintindex":0},"down":{"uv":[11.375,3.625,9.375,3.875],"rotation":0,"texture":"#0","tintindex":0}}},{"from":[-0.3425045,8.025059,1.0818205],"to":[1.1779513,9.336387,6.116461],"rotation":{"angle":0.0,"axis":"y","origin":[8.090519,3.3325782,-0.4285717]},"faces":{"east":{"uv":[1.125,10.25,2.25,10.5],"rotation":0,"texture":"#0","tintindex":0},"south":{"uv":[9.75,11.375,10.125,11.625],"rotation":0,"texture":"#0","tintindex":0},"north":{"uv":[8.5,11.375,8.875,11.625],"rotation":0,"texture":"#0","tintindex":0},"west":{"uv":[4.0,10.25,5.125,10.5],"rotation":0,"texture":"#0","tintindex":0},"up":{"uv":[0.75,10.625,0.375,9.5],"rotation":0,"texture":"#0","tintindex":0},"down":{"uv":[1.125,9.5,0.75,10.625],"rotation":0,"texture":"#0","tintindex":0}}},{"from":[15.003086,8.025059,1.0818205],"to":[16.52354,9.336387,6.116461],"rotation":{"angle":0.0,"axis":"y","origin":[8.090519,3.3325782,-0.4285717]},"faces":{"east":{"uv":[10.125,2.75,11.25,3.0],"rotation":0,"texture":"#0","tintindex":0},"south":{"uv":[11.375,8.375,11.75,8.625],"rotation":0,"texture":"#0","tintindex":0},"north":{"uv":[11.375,8.125,11.75,8.375],"rotation":0,"texture":"#0","tintindex":0},"west":{"uv":[9.75,10.125,10.875,10.375],"rotation":0,"texture":"#0","tintindex":0},"up":{"uv":[9.5,10.5,9.125,9.375],"rotation":0,"texture":"#0","tintindex":0},"down":{"uv":[0.375,9.5,0.0,10.625],"rotation":0,"texture":"#0","tintindex":0}}},{"from":[1.545486,8.025059,6.4839954],"to":[14.6355505,9.336387,8.004451],"rotation":{"angle":0.0,"axis":"y","origin":[8.090519,3.3325782,7.6268525]},"faces":{"east":{"uv":[7.625,11.375,8.0,11.625],"rotation":0,"texture":"#0","tintindex":0},"south":{"uv":[8.125,8.0,11.0,8.25],"rotation":0,"texture":"#0","tintindex":0},"north":{"uv":[0.0,8.125,2.875,8.375],"rotation":0,"texture":"#0","tintindex":0},"west":{"uv":[11.375,7.625,11.75,7.875],"rotation":0,"texture":"#0","tintindex":0},"up":{"uv":[9.875,0.75,7.0,0.375],"rotation":0,"texture":"#0","tintindex":0},"down":{"uv":[9.875,0.75,7.0,1.125],"rotation":0,"texture":"#0","tintindex":0}}},{"from":[1.545486,8.025059,-0.8061695],"to":[14.6355505,9.336387,0.7142854],"rotation":{"angle":0.0,"axis":"y","origin":[8.090519,3.3325782,-0.4285717]},"faces":{"east":{"uv":[7.25,11.375,7.625,11.625],"rotation":0,"texture":"#0","tintindex":0},"south":{"uv":[5.25,8.0,8.125,8.25],"rotation":0,"texture":"#0","tintindex":0},"north":{"uv":[7.5,6.5,10.375,6.75],"rotation":0,"texture":"#0","tintindex":0},"west":{"uv":[11.375,7.375,11.75,7.625],"rotation":0,"texture":"#0","tintindex":0},"up":{"uv":[9.75,5.5,6.875,5.125],"rotation":0,"texture":"#0","tintindex":0},"down":{"uv":[9.875,0.0,7.0,0.375],"rotation":0,"texture":"#0","tintindex":0}}},{"from":[1.9265871,11.444643,-0.4159851],"to":[5.6018744,12.955034,1.0692339],"rotation":{"angle":22.5,"axis":"z","origin":[9.982012,6.4100027,3.5991406]},"faces":{"east":{"uv":[11.125,1.5,11.5,1.875],"rotation":0,"texture":"#0","tintindex":0},"south":{"uv":[10.125,2.0,10.875,2.375],"rotation":0,"texture":"#0","tintindex":0},"north":{"uv":[10.125,1.625,10.875,2.0],"rotation":0,"texture":"#0","tintindex":0},"west":{"uv":[11.125,1.875,11.5,2.25],"rotation":0,"texture":"#0","tintindex":0},"up":{"uv":[10.875,2.75,10.125,2.375],"rotation":0,"texture":"#0","tintindex":0},"down":{"uv":[3.25,10.125,2.5,10.5],"rotation":0,"texture":"#0","tintindex":0}}},{"from":[1.9265871,11.444643,1.0692339],"to":[2.744731,12.955034,6.2120914],"rotation":{"angle":22.5,"axis":"z","origin":[9.982012,6.4100027,3.5991406]},"faces":{"east":{"uv":[9.375,4.5,10.5,4.875],"rotation":0,"texture":"#0","tintindex":0},"south":{"uv":[8.75,11.625,8.875,12.0],"rotation":0,"texture":"#0","tintindex":0},"north":{"uv":[8.625,11.625,8.75,12.0],"rotation":0,"texture":"#0","tintindex":0},"west":{"uv":[1.125,9.5,2.25,9.875],"rotation":0,"texture":"#0","tintindex":0},"up":{"uv":[3.625,12.25,3.5,11.125],"rotation":0,"texture":"#0","tintindex":0},"down":{"uv":[3.75,11.125,3.625,12.25],"rotation":0,"texture":"#0","tintindex":0}}},{"from":[13.436306,11.444643,1.0692339],"to":[14.25445,12.955034,6.2120914],"rotation":{"angle":-22.5,"axis":"z","origin":[6.1990256,6.4100027,3.5991406]},"faces":{"east":{"uv":[9.5,5.75,10.625,6.125],"rotation":0,"texture":"#0","tintindex":0},"south":{"uv":[9.75,11.625,9.875,12.0],"rotation":0,"texture":"#0","tintindex":0},"north":{"uv":[11.625,9.375,11.75,9.75],"rotation":0,"texture":"#0","tintindex":0},"west":{"uv":[9.5,6.125,10.625,6.5],"rotation":0,"texture":"#0","tintindex":0},"up":{"uv":[3.875,12.25,3.75,11.125],"rotation":0,"texture":"#0","tintindex":0},"down":{"uv":[4.0,11.125,3.875,12.25],"rotation":0,"texture":"#0","tintindex":0}}},{"from":[1.9265871,11.444643,6.1290474],"to":[5.6018744,12.955034,7.614266],"rotation":{"angle":22.5,"axis":"z","origin":[9.982012,6.4100027,3.5991406]},"faces":{"east":{"uv":[11.125,0.75,11.5,1.125],"rotation":0,"texture":"#0","tintindex":0},"south":{"uv":[1.125,9.875,1.875,10.25],"rotation":0,"texture":"#0","tintindex":0},"north":{"uv":[9.875,0.75,10.625,1.125],"rotation":0,"texture":"#0","tintindex":0},"west":{"uv":[11.125,1.125,11.5,1.5],"rotation":0,"texture":"#0","tintindex":0},"up":{"uv":[4.75,10.25,4.0,9.875],"rotation":0,"texture":"#0","tintindex":0},"down":{"uv":[5.5,9.875,4.75,10.25],"rotation":0,"texture":"#0","tintindex":0}}},{"from":[3.642417,9.374146,0.57835627],"to":[12.53862,10.481768,6.6199245],"rotation":{"angle":0.0,"axis":"y","origin":[8.090519,3.3325782,7.6268525]},"faces":{"east":{"uv":[1.5,7.875,2.875,8.125],"rotation":0,"texture":"#0","tintindex":0},"south":{"uv":[8.75,7.75,10.75,8.0],"rotation":0,"texture":"#0","tintindex":0},"north":{"uv":[8.75,7.5,10.75,7.75],"rotation":0,"texture":"#0","tintindex":0},"west":{"uv":[4.0,9.625,5.375,9.875],"rotation":0,"texture":"#0","tintindex":0},"up":{"uv":[2.0,6.625,0.0,5.25],"rotation":0,"texture":"#0","tintindex":0},"down":{"uv":[4.0,5.75,2.0,7.125],"rotation":0,"texture":"#0","tintindex":0}}},{"from":[10.579163,11.444643,-0.4159851],"to":[14.25445,12.955034,1.0692339],"rotation":{"angle":-22.5,"axis":"z","origin":[6.1990256,6.4100027,3.5991406]},"faces":{"east":{"uv":[0.125,11.125,0.5,11.5],"rotation":0,"texture":"#0","tintindex":0},"south":{"uv":[9.75,9.75,10.5,10.125],"rotation":0,"texture":"#0","tintindex":0},"north":{"uv":[9.75,9.375,10.5,9.75],"rotation":0,"texture":"#0","tintindex":0},"west":{"uv":[11.125,0.375,11.5,0.75],"rotation":0,"texture":"#0","tintindex":0},"up":{"uv":[10.625,0.375,9.875,0.0],"rotation":0,"texture":"#0","tintindex":0},"down":{"uv":[10.625,0.375,9.875,0.75],"rotation":0,"texture":"#0","tintindex":0}}},{"from":[10.579163,11.444643,6.1290474],"to":[14.25445,12.955034,7.614266],"rotation":{"angle":-22.5,"axis":"z","origin":[6.1990256,6.4100027,3.5991406]},"faces":{"east":{"uv":[1.875,9.875,2.25,10.25],"rotation":0,"texture":"#0","tintindex":0},"south":{"uv":[9.75,8.25,10.5,8.625],"rotation":0,"texture":"#0","tintindex":0},"north":{"uv":[9.75,5.125,10.5,5.5],"rotation":0,"texture":"#0","tintindex":0},"west":{"uv":[11.0,0.0,11.375,0.375],"rotation":0,"texture":"#0","tintindex":0},"up":{"uv":[10.5,9.0,9.75,8.625],"rotation":0,"texture":"#0","tintindex":0},"down":{"uv":[10.5,9.0,9.75,9.375],"rotation":0,"texture":"#0","tintindex":0}}},{"from":[-0.3178358,8.025059,5.057644],"to":[0.65636396,9.348973,7.1973658],"rotation":{"angle":-22.5,"axis":"y","origin":[-0.11645031,5.8498983,6.127505]},"faces":{"east":{"uv":[11.125,11.125,11.625,11.375],"rotation":0,"texture":"#0","tintindex":0},"south":{"uv":[7.5,11.625,7.75,11.875],"rotation":0,"texture":"#0","tintindex":0},"north":{"uv":[7.25,11.625,7.5,11.875],"rotation":0,"texture":"#0","tintindex":0},"west":{"uv":[1.125,11.25,1.625,11.5],"rotation":0,"texture":"#0","tintindex":0},"up":{"uv":[10.5,11.625,10.25,11.125],"rotation":0,"texture":"#0","tintindex":0},"down":{"uv":[1.875,11.25,1.625,11.75],"rotation":0,"texture":"#0","tintindex":0}}},{"from":[0.03509426,8.025059,5.6129966],"to":[1.9230838,9.373413,8.130317],"rotation":{"angle":-45.0,"axis":"y","origin":[0.97908926,5.8498983,6.6828575]},"faces":{"east":{"uv":[11.125,10.625,11.625,10.875],"rotation":0,"texture":"#0","tintindex":0},"south":{"uv":[5.875,11.375,6.25,11.625],"rotation":0,"texture":"#0","tintindex":0},"north":{"uv":[5.5,11.375,5.875,11.625],"rotation":0,"texture":"#0","tintindex":0},"west":{"uv":[11.125,10.875,11.625,11.125],"rotation":0,"texture":"#0","tintindex":0},"up":{"uv":[11.0,0.5,10.625,0.0],"rotation":0,"texture":"#0","tintindex":0},"down":{"uv":[0.75,10.625,0.375,11.125],"rotation":0,"texture":"#0","tintindex":0}}},{"from":[0.06956053,8.025059,7.1342297],"to":[2.2092829,9.348973,8.10843],"rotation":{"angle":22.5,"axis":"y","origin":[1.0135555,5.8498983,6.8497696]},"faces":{"east":{"uv":[11.625,6.875,11.875,7.125],"rotation":0,"texture":"#0","tintindex":0},"south":{"uv":[11.125,9.875,11.625,10.125],"rotation":0,"texture":"#0","tintindex":0},"north":{"uv":[9.75,11.125,10.25,11.375],"rotation":0,"texture":"#0","tintindex":0},"west":{"uv":[11.625,7.125,11.875,7.375],"rotation":0,"texture":"#0","tintindex":0},"up":{"uv":[11.625,10.375,11.125,10.125],"rotation":0,"texture":"#0","tintindex":0},"down":{"uv":[11.625,10.375,11.125,10.625],"rotation":0,"texture":"#0","tintindex":0}}},{"from":[13.971754,8.025059,7.1342297],"to":[16.111477,9.348973,8.10843],"rotation":{"angle":-22.5,"axis":"y","origin":[15.167481,5.8498983,6.8497696]},"faces":{"east":{"uv":[11.625,6.375,11.875,6.625],"rotation":0,"texture":"#0","tintindex":0},"south":{"uv":[11.125,9.125,11.625,9.375],"rotation":0,"texture":"#0","tintindex":0},"north":{"uv":[11.125,8.875,11.625,9.125],"rotation":0,"texture":"#0","tintindex":0},"west":{"uv":[11.625,6.625,11.875,6.875],"rotation":0,"texture":"#0","tintindex":0},"up":{"uv":[11.625,9.625,11.125,9.375],"rotation":0,"texture":"#0","tintindex":0},"down":{"uv":[11.625,9.625,11.125,9.875],"rotation":0,"texture":"#0","tintindex":0}}},{"from":[14.257953,8.025059,5.6129966],"to":[16.145943,9.373413,8.130317],"rotation":{"angle":45.0,"axis":"y","origin":[15.201948,5.8498983,6.6828575]},"faces":{"east":{"uv":[8.5,11.125,9.0,11.375],"rotation":0,"texture":"#0","tintindex":0},"south":{"uv":[11.375,3.625,11.75,3.875],"rotation":0,"texture":"#0","tintindex":0},"north":{"uv":[11.375,3.375,11.75,3.625],"rotation":0,"texture":"#0","tintindex":0},"west":{"uv":[11.125,8.625,11.625,8.875],"rotation":0,"texture":"#0","tintindex":0},"up":{"uv":[10.875,10.875,10.5,10.375],"rotation":0,"texture":"#0","tintindex":0},"down":{"uv":[0.375,10.625,0.0,11.125],"rotation":0,"texture":"#0","tintindex":0}}},{"from":[15.5246725,8.025059,5.057644],"to":[16.498873,9.348973,7.1973658],"rotation":{"angle":22.5,"axis":"y","origin":[16.297487,5.8498983,6.127505]},"faces":{"east":{"uv":[7.75,11.125,8.25,11.375],"rotation":0,"texture":"#0","tintindex":0},"south":{"uv":[11.625,6.125,11.875,6.375],"rotation":0,"texture":"#0","tintindex":0},"north":{"uv":[6.0,11.625,6.25,11.875],"rotation":0,"texture":"#0","tintindex":0},"west":{"uv":[11.125,7.875,11.625,8.125],"rotation":0,"texture":"#0","tintindex":0},"up":{"uv":[11.375,8.625,11.125,8.125],"rotation":0,"texture":"#0","tintindex":0},"down":{"uv":[8.5,11.125,8.25,11.625],"rotation":0,"texture":"#0","tintindex":0}}},{"from":[-0.3178358,8.025059,9.150505E-4],"to":[0.65636396,9.348973,2.1406374],"rotation":{"angle":22.5,"axis":"y","origin":[-0.11645031,5.8498983,1.0707765]},"faces":{"east":{"uv":[11.125,7.125,11.625,7.375],"rotation":0,"texture":"#0","tintindex":0},"south":{"uv":[11.625,5.875,11.875,6.125],"rotation":0,"texture":"#0","tintindex":0},"north":{"uv":[5.75,11.625,6.0,11.875],"rotation":0,"texture":"#0","tintindex":0},"west":{"uv":[7.25,11.125,7.75,11.375],"rotation":0,"texture":"#0","tintindex":0},"up":{"uv":[10.875,1.0,10.625,0.5],"rotation":0,"texture":"#0","tintindex":0},"down":{"uv":[11.375,7.375,11.125,7.875],"rotation":0,"texture":"#0","tintindex":0}}},{"from":[0.03509426,8.025059,-0.93203545],"to":[1.9230838,9.373413,1.5852842],"rotation":{"angle":45.0,"axis":"y","origin":[0.97908926,5.8498983,0.5154238]},"faces":{"east":{"uv":[11.125,6.625,11.625,6.875],"rotation":0,"texture":"#0","tintindex":0},"south":{"uv":[11.375,3.125,11.75,3.375],"rotation":0,"texture":"#0","tintindex":0},"north":{"uv":[11.375,0.0,11.75,0.25],"rotation":0,"texture":"#0","tintindex":0},"west":{"uv":[11.125,6.875,11.625,7.125],"rotation":0,"texture":"#0","tintindex":0},"up":{"uv":[9.5,11.0,9.125,10.5],"rotation":0,"texture":"#0","tintindex":0},"down":{"uv":[10.875,9.375,10.5,9.875],"rotation":0,"texture":"#0","tintindex":0}}},{"from":[0.06956053,8.025059,-0.9101486],"to":[2.2092829,9.348973,0.06405115],"rotation":{"angle":-22.5,"axis":"y","origin":[1.0135555,5.8498983,0.3485117]},"faces":{"east":{"uv":[5.5,11.625,5.75,11.875],"rotation":0,"texture":"#0","tintindex":0},"south":{"uv":[6.0,11.125,6.5,11.375],"rotation":0,"texture":"#0","tintindex":0},"north":{"uv":[11.125,5.875,11.625,6.125],"rotation":0,"texture":"#0","tintindex":0},"west":{"uv":[11.625,5.625,11.875,5.875],"rotation":0,"texture":"#0","tintindex":0},"up":{"uv":[11.625,6.375,11.125,6.125],"rotation":0,"texture":"#0","tintindex":0},"down":{"uv":[11.625,6.375,11.125,6.625],"rotation":0,"texture":"#0","tintindex":0}}},{"from":[15.5246725,8.025059,9.150505E-4],"to":[16.498873,9.348973,2.1406374],"rotation":{"angle":-22.5,"axis":"y","origin":[16.297487,5.8498983,1.0707765]},"faces":{"east":{"uv":[5.5,11.125,6.0,11.375],"rotation":0,"texture":"#0","tintindex":0},"south":{"uv":[11.625,5.375,11.875,5.625],"rotation":0,"texture":"#0","tintindex":0},"north":{"uv":[11.625,5.125,11.875,5.375],"rotation":0,"texture":"#0","tintindex":0},"west":{"uv":[11.125,5.625,11.625,5.875],"rotation":0,"texture":"#0","tintindex":0},"up":{"uv":[2.0,7.125,1.75,6.625],"rotation":0,"texture":"#0","tintindex":0},"down":{"uv":[4.0,7.125,3.75,7.625],"rotation":0,"texture":"#0","tintindex":0}}},{"from":[14.257953,8.025059,-0.93203545],"to":[16.145943,9.373413,1.5852842],"rotation":{"angle":-45.0,"axis":"y","origin":[15.201948,5.8498983,0.5154238]},"faces":{"east":{"uv":[11.125,5.125,11.625,5.375],"rotation":0,"texture":"#0","tintindex":0},"south":{"uv":[11.25,2.75,11.625,3.0],"rotation":0,"texture":"#0","tintindex":0},"north":{"uv":[10.5,9.875,10.875,10.125],"rotation":0,"texture":"#0","tintindex":0},"west":{"uv":[11.125,5.375,11.625,5.625],"rotation":0,"texture":"#0","tintindex":0},"up":{"uv":[10.875,1.625,10.5,1.125],"rotation":0,"texture":"#0","tintindex":0},"down":{"uv":[10.875,8.875,10.5,9.375],"rotation":0,"texture":"#0","tintindex":0}}},{"from":[13.971754,8.025059,-0.9101486],"to":[16.111477,9.348973,0.06405115],"rotation":{"angle":22.5,"axis":"y","origin":[15.167481,5.8498983,0.3485117]},"faces":{"east":{"uv":[1.5,7.625,1.75,7.875],"rotation":0,"texture":"#0","tintindex":0},"south":{"uv":[11.125,2.5,11.625,2.75],"rotation":0,"texture":"#0","tintindex":0},"north":{"uv":[11.125,2.25,11.625,2.5],"rotation":0,"texture":"#0","tintindex":0},"west":{"uv":[10.375,6.5,10.625,6.75],"rotation":0,"texture":"#0","tintindex":0},"up":{"uv":[11.625,4.25,11.125,4.0],"rotation":0,"texture":"#0","tintindex":0},"down":{"uv":[11.625,4.25,11.125,4.5],"rotation":0,"texture":"#0","tintindex":0}}},{"from":[0.03509426,8.367218,-0.4285717],"to":[16.145943,9.374146,7.6268525],"rotation":{"angle":0.0,"axis":"y","origin":[8.090519,3.3325782,-0.4285717]},"faces":{"east":{"uv":[9.375,4.0,11.125,4.25],"rotation":0,"texture":"#0","tintindex":0},"south":{"uv":[7.0,1.125,10.5,1.375],"rotation":0,"texture":"#0","tintindex":0},"north":{"uv":[6.875,5.5,10.375,5.75],"rotation":0,"texture":"#0","tintindex":0},"west":{"uv":[9.375,4.25,11.125,4.5],"rotation":0,"texture":"#0","tintindex":0},"up":{"uv":[3.5,5.25,0.0,3.5],"rotation":0,"texture":"#0","tintindex":0},"down":{"uv":[7.0,0.0,3.5,1.75],"rotation":0,"texture":"#0","tintindex":0}}}],"display":{"head":{"translation":[0.0,-6.4,0.0],"scale":[4.0,4.0,4.0]}}}