{"textures":{"0":"minecraft:modelengine/entity/diamond_nexus","1":"minecraft:modelengine/entity/diamond_nexus_logo"},"elements":[{"from":[4.544286,3.3858166,-3.0857143],"to":[11.572857,8.071531,-0.74285793],"rotation":{"angle":0.0,"axis":"y","origin":[3.372857,3.3858166,-3.0857143]},"faces":{"east":{"uv":[14.53125,7.875,14.5625,8.375],"rotation":0,"texture":"#0","tintindex":0},"south":{"uv":[14.1875,5.5,14.28125,6.0],"rotation":0,"texture":"#0","tintindex":0},"north":{"uv":[14.09375,5.5,14.1875,6.0],"rotation":0,"texture":"#0","tintindex":0},"west":{"uv":[14.984375,4.75,15.015625,5.25],"rotation":0,"texture":"#0","tintindex":0},"up":{"uv":[14.984375,3.375,14.890625,3.125],"rotation":0,"texture":"#0","tintindex":0},"down":{"uv":[14.984375,3.375,14.890625,3.625],"rotation":0,"texture":"#0","tintindex":0}}},{"from":[4.544286,3.3858166,13.314286],"to":[11.572857,8.071531,15.657143],"rotation":{"angle":0.0,"axis":"y","origin":[3.372857,3.3858166,15.657143]},"faces":{"east":{"uv":[14.0,8.0,14.03125,8.5],"rotation":0,"texture":"#0","tintindex":0},"south":{"uv":[14.6875,3.25,14.78125,3.75],"rotation":0,"texture":"#0","tintindex":0},"north":{"uv":[14.28125,5.5,14.375,6.0],"rotation":0,"texture":"#0","tintindex":0},"west":{"uv":[15.0,0.5,15.03125,1.0],"rotation":0,"texture":"#0","tintindex":0},"up":{"uv":[15.0,0.75,14.90625,0.5],"rotation":0,"texture":"#0","tintindex":0},"down":{"uv":[15.0,0.75,14.90625,1.0],"rotation":0,"texture":"#0","tintindex":0}}},{"from":[-1.3128576,3.3858166,2.7714286],"to":[1.0299997,8.071531,9.8],"rotation":{"angle":0.0,"axis":"y","origin":[8.058572,5.728674,6.285714]},"faces":{"east":{"uv":[14.46875,5.5,14.5625,6.0],"rotation":0,"texture":"#0","tintindex":0},"south":{"uv":[15.0,5.25,15.03125,5.75],"rotation":0,"texture":"#0","tintindex":0},"north":{"uv":[14.5625,8.0,14.59375,8.5],"rotation":0,"texture":"#0","tintindex":0},"west":{"uv":[14.703125,2.0,14.796875,2.5],"rotation":0,"texture":"#0","tintindex":0},"up":{"uv":[14.46875,7.75,14.4375,7.0],"rotation":0,"texture":"#0","tintindex":0},"down":{"uv":[14.65625,7.0,14.625,7.75],"rotation":0,"texture":"#0","tintindex":0}}},{"from":[15.087143,3.3858166,2.7714286],"to":[17.43,8.071531,9.8],"rotation":{"angle":0.0,"axis":"y","origin":[8.058572,5.728674,6.285714]},"faces":{"east":{"uv":[14.703125,2.5,14.796875,3.0],"rotation":0,"texture":"#0","tintindex":0},"south":{"uv":[15.0,6.25,15.03125,6.75],"rotation":0,"texture":"#0","tintindex":0},"north":{"uv":[15.0,5.75,15.03125,6.25],"rotation":0,"texture":"#0","tintindex":0},"west":{"uv":[14.71875,0.0,14.8125,0.5],"rotation":0,"texture":"#0","tintindex":0},"up":{"uv":[14.703125,7.75,14.671875,7.0],"rotation":0,"texture":"#0","tintindex":0},"down":{"uv":[14.03125,7.25,14.0,8.0],"rotation":0,"texture":"#0","tintindex":0}}},{"from":[-0.68135643,3.3858166,4.5752277],"to":[1.6615009,8.100817,6.625228],"rotation":{"angle":-22.5,"axis":"y","origin":[8.690073,5.728674,3.110942]},"faces":{"east":{"uv":[15.0,6.75,15.03125,7.25],"rotation":0,"texture":"#0","tintindex":0},"south":{"uv":[14.859375,8.0,14.890625,8.5],"rotation":0,"texture":"#0","tintindex":0},"north":{"uv":[14.828125,8.0,14.859375,8.5],"rotation":0,"texture":"#0","tintindex":0},"west":{"uv":[14.890625,8.0,14.921875,8.5],"rotation":0,"texture":"#0","tintindex":0},"up":{"uv":[14.59375,3.5,14.5625,3.25],"rotation":0,"texture":"#0","tintindex":0},"down":{"uv":[14.59375,5.0,14.5625,5.25],"rotation":0,"texture":"#0","tintindex":0}}},{"from":[3.0763264,3.3858166,-2.5024548],"to":[5.1263266,8.071531,-0.1595974],"rotation":{"angle":22.5,"axis":"y","origin":[3.3691835,5.728674,-1.331027]},"faces":{"east":{"uv":[15.0,7.75,15.03125,8.25],"rotation":0,"texture":"#0","tintindex":0},"south":{"uv":[15.015625,0.0,15.046875,0.5],"rotation":0,"texture":"#0","tintindex":0},"north":{"uv":[15.0,7.25,15.03125,7.75],"rotation":0,"texture":"#0","tintindex":0},"west":{"uv":[14.03125,8.125,14.0625,8.625],"rotation":0,"texture":"#0","tintindex":0},"up":{"uv":[14.75,1.5,14.71875,1.25],"rotation":0,"texture":"#0","tintindex":0},"down":{"uv":[14.75,6.125,14.71875,6.375],"rotation":0,"texture":"#0","tintindex":0}}},{"from":[0.969707,3.3858166,-2.026908],"to":[3.3125648,8.130102,2.4684367],"rotation":{"angle":-45.0,"axis":"y","origin":[2.1411357,5.728674,-0.1353674]},"faces":{"east":{"uv":[14.8125,0.0,14.875,0.5],"rotation":0,"texture":"#0","tintindex":0},"south":{"uv":[14.09375,8.125,14.125,8.625],"rotation":0,"texture":"#0","tintindex":0},"north":{"uv":[14.0625,8.125,14.09375,8.625],"rotation":0,"texture":"#0","tintindex":0},"west":{"uv":[14.53125,6.5,14.59375,7.0],"rotation":0,"texture":"#0","tintindex":0},"up":{"uv":[14.359375,8.625,14.328125,8.125],"rotation":0,"texture":"#0","tintindex":0},"down":{"uv":[15.046875,4.75,15.015625,5.25],"rotation":0,"texture":"#0","tintindex":0}}},{"from":[10.990816,3.3858166,-2.5024548],"to":[13.040816,8.071531,-0.1595974],"rotation":{"angle":-22.5,"axis":"y","origin":[12.747959,5.728674,-1.331027]},"faces":{"east":{"uv":[14.125,8.25,14.15625,8.75],"rotation":0,"texture":"#0","tintindex":0},"south":{"uv":[15.03125,1.0,15.0625,1.5],"rotation":0,"texture":"#0","tintindex":0},"north":{"uv":[15.03125,0.5,15.0625,1.0],"rotation":0,"texture":"#0","tintindex":0},"west":{"uv":[14.15625,8.25,14.1875,8.75],"rotation":0,"texture":"#0","tintindex":0},"up":{"uv":[14.984375,2.875,14.953125,2.625],"rotation":0,"texture":"#0","tintindex":0},"down":{"uv":[14.453125,8.875,14.421875,9.125],"rotation":0,"texture":"#0","tintindex":0}}},{"from":[12.804579,3.3858166,-2.026908],"to":[15.147436,8.130102,2.4684367],"rotation":{"angle":45.0,"axis":"y","origin":[13.976007,5.728674,-0.1353674]},"faces":{"east":{"uv":[14.59375,6.5,14.65625,7.0],"rotation":0,"texture":"#0","tintindex":0},"south":{"uv":[15.03125,1.5,15.0625,2.0],"rotation":0,"texture":"#0","tintindex":0},"north":{"uv":[14.1875,8.25,14.21875,8.75],"rotation":0,"texture":"#0","tintindex":0},"west":{"uv":[14.84375,0.5,14.90625,1.0],"rotation":0,"texture":"#0","tintindex":0},"up":{"uv":[14.25,8.75,14.21875,8.25],"rotation":0,"texture":"#0","tintindex":0},"down":{"uv":[15.0625,2.0,15.03125,2.5],"rotation":0,"texture":"#0","tintindex":0}}},{"from":[14.455642,3.3858166,4.5752277],"to":[16.7985,8.100817,6.625228],"rotation":{"angle":22.5,"axis":"y","origin":[7.42707,5.728674,3.110942]},"faces":{"east":{"uv":[15.03125,3.0,15.0625,3.5],"rotation":0,"texture":"#0","tintindex":0},"south":{"uv":[15.03125,3.5,15.0625,4.0],"rotation":0,"texture":"#0","tintindex":0},"north":{"uv":[15.03125,2.5,15.0625,3.0],"rotation":0,"texture":"#0","tintindex":0},"west":{"uv":[14.46875,8.25,14.5,8.75],"rotation":0,"texture":"#0","tintindex":0},"up":{"uv":[14.609375,9.125,14.578125,8.875],"rotation":0,"texture":"#0","tintindex":0},"down":{"uv":[14.78125,8.875,14.75,9.125],"rotation":0,"texture":"#0","tintindex":0}}},{"from":[-0.68135643,3.3858166,5.9462004],"to":[1.6615009,8.100817,7.9962006],"rotation":{"angle":22.5,"axis":"y","origin":[8.690073,5.728674,9.460486]},"faces":{"east":{"uv":[15.03125,4.0,15.0625,4.5],"rotation":0,"texture":"#0","tintindex":0},"south":{"uv":[14.640625,8.25,14.671875,8.75],"rotation":0,"texture":"#0","tintindex":0},"north":{"uv":[14.5,8.25,14.53125,8.75],"rotation":0,"texture":"#0","tintindex":0},"west":{"uv":[15.03125,5.25,15.0625,5.75],"rotation":0,"texture":"#0","tintindex":0},"up":{"uv":[15.140625,6.75,15.109375,6.5],"rotation":0,"texture":"#0","tintindex":0},"down":{"uv":[14.859375,8.875,14.828125,9.125],"rotation":0,"texture":"#0","tintindex":0}}},{"from":[0.969707,3.3858166,10.102991],"to":[3.3125648,8.130102,14.598337],"rotation":{"angle":45.0,"axis":"y","origin":[2.1411357,5.728674,12.706796]},"faces":{"east":{"uv":[14.84375,1.0,14.90625,1.5],"rotation":0,"texture":"#0","tintindex":0},"south":{"uv":[15.03125,5.75,15.0625,6.25],"rotation":0,"texture":"#0","tintindex":0},"north":{"uv":[14.703125,8.25,14.734375,8.75],"rotation":0,"texture":"#0","tintindex":0},"west":{"uv":[14.84375,1.5,14.90625,2.0],"rotation":0,"texture":"#0","tintindex":0},"up":{"uv":[14.765625,8.75,14.734375,8.25],"rotation":0,"texture":"#0","tintindex":0},"down":{"uv":[14.796875,8.25,14.765625,8.75],"rotation":0,"texture":"#0","tintindex":0}}},{"from":[3.0763264,3.3858166,12.731026],"to":[5.1263266,8.100817,15.073883],"rotation":{"angle":-22.5,"axis":"y","origin":[3.3691835,5.728674,13.902454]},"faces":{"east":{"uv":[14.796875,8.25,14.828125,8.75],"rotation":0,"texture":"#0","tintindex":0},"south":{"uv":[15.03125,6.75,15.0625,7.25],"rotation":0,"texture":"#0","tintindex":0},"north":{"uv":[15.03125,6.25,15.0625,6.75],"rotation":0,"texture":"#0","tintindex":0},"west":{"uv":[15.03125,7.25,15.0625,7.75],"rotation":0,"texture":"#0","tintindex":0},"up":{"uv":[15.140625,7.0,15.109375,6.75],"rotation":0,"texture":"#0","tintindex":0},"down":{"uv":[14.890625,8.875,14.859375,9.125],"rotation":0,"texture":"#0","tintindex":0}}},{"from":[10.990816,3.3858166,12.731026],"to":[13.040816,8.100817,15.073883],"rotation":{"angle":22.5,"axis":"y","origin":[12.747959,5.728674,13.902454]},"faces":{"east":{"uv":[15.0,8.25,15.03125,8.75],"rotation":0,"texture":"#0","tintindex":0},"south":{"uv":[15.03125,8.25,15.0625,8.75],"rotation":0,"texture":"#0","tintindex":0},"north":{"uv":[15.03125,7.75,15.0625,8.25],"rotation":0,"texture":"#0","tintindex":0},"west":{"uv":[15.046875,0.0,15.078125,0.5],"rotation":0,"texture":"#0","tintindex":0},"up":{"uv":[15.140625,7.25,15.109375,7.0],"rotation":0,"texture":"#0","tintindex":0},"down":{"uv":[14.921875,8.875,14.890625,9.125],"rotation":0,"texture":"#0","tintindex":0}}},{"from":[12.804579,3.3858166,10.102991],"to":[15.147436,8.130102,14.598337],"rotation":{"angle":-45.0,"axis":"y","origin":[13.976007,5.728674,12.706796]},"faces":{"east":{"uv":[14.84375,3.75,14.90625,4.25],"rotation":0,"texture":"#0","tintindex":0},"south":{"uv":[14.390625,8.375,14.421875,8.875],"rotation":0,"texture":"#0","tintindex":0},"north":{"uv":[14.359375,8.375,14.390625,8.875],"rotation":0,"texture":"#0","tintindex":0},"west":{"uv":[14.84375,4.25,14.90625,4.75],"rotation":0,"texture":"#0","tintindex":0},"up":{"uv":[14.453125,8.875,14.421875,8.375],"rotation":0,"texture":"#0","tintindex":0},"down":{"uv":[14.5625,8.375,14.53125,8.875],"rotation":0,"texture":"#0","tintindex":0}}},{"from":[14.455642,3.3858166,5.9462004],"to":[16.7985,8.100817,7.9962006],"rotation":{"angle":-22.5,"axis":"y","origin":[7.42707,5.728674,9.460486]},"faces":{"east":{"uv":[15.046875,4.75,15.078125,5.25],"rotation":0,"texture":"#0","tintindex":0},"south":{"uv":[14.671875,8.375,14.703125,8.875],"rotation":0,"texture":"#0","tintindex":0},"north":{"uv":[14.59375,8.375,14.625,8.875],"rotation":0,"texture":"#0","tintindex":0},"west":{"uv":[14.921875,8.375,14.953125,8.875],"rotation":0,"texture":"#0","tintindex":0},"up":{"uv":[15.140625,7.5,15.109375,7.25],"rotation":0,"texture":"#0","tintindex":0},"down":{"uv":[14.953125,8.875,14.921875,9.125],"rotation":0,"texture":"#0","tintindex":0}}},{"from":[-2.6307144,3.8543878,4.235714],"to":[-0.4050007,9.24296,8.335714],"rotation":{"angle":-22.5,"axis":"z","origin":[-1.898572,5.728674,6.285714]},"faces":{"east":{"uv":[14.84375,4.75,14.8984375,5.3125],"rotation":0,"texture":"#0","tintindex":0},"south":{"uv":[14.96875,5.875,15.0,6.4375],"rotation":0,"texture":"#0","tintindex":0},"north":{"uv":[14.671875,7.75,14.703125,8.3125],"rotation":0,"texture":"#0","tintindex":0},"west":{"uv":[14.84375,5.375,14.8984375,5.9375],"rotation":0,"texture":"#0","tintindex":0},"up":{"uv":[14.03125,8.9375,14.0,8.5],"rotation":0,"texture":"#0","tintindex":0},"down":{"uv":[15.09375,2.375,15.0625,2.8125],"rotation":0,"texture":"#0","tintindex":0}}},{"from":[0.34907436,7.6795826,4.6457143],"to":[2.3697886,10.84244,7.9257145],"rotation":{"angle":-45.0,"axis":"z","origin":[1.4619317,10.373869,6.285714]},"faces":{"east":{"uv":[14.953125,8.375,15.0,8.6875],"rotation":0,"texture":"#0","tintindex":0},"south":{"uv":[15.078125,8.875,15.1015625,9.1875],"rotation":0,"texture":"#0","tintindex":0},"north":{"uv":[15.109375,8.5,15.1328125,8.8125],"rotation":0,"texture":"#0","tintindex":0},"west":{"uv":[15.0625,0.5,15.109375,0.8125],"rotation":0,"texture":"#0","tintindex":0},"up":{"uv":[15.1328125,2.0,15.109375,1.625],"rotation":0,"texture":"#0","tintindex":0},"down":{"uv":[15.1328125,2.0,15.109375,2.375],"rotation":0,"texture":"#0","tintindex":0}}},{"from":[16.522144,3.8543878,4.235714],"to":[18.747858,9.24296,8.335714],"rotation":{"angle":22.5,"axis":"z","origin":[18.015715,5.728674,6.285714]},"faces":{"east":{"uv":[14.84375,6.375,14.8984375,6.9375],"rotation":0,"texture":"#0","tintindex":0},"south":{"uv":[14.96875,7.125,15.0,7.6875],"rotation":0,"texture":"#0","tintindex":0},"north":{"uv":[14.96875,6.5,15.0,7.0625],"rotation":0,"texture":"#0","tintindex":0},"west":{"uv":[14.140625,6.875,14.1953125,7.4375],"rotation":0,"texture":"#0","tintindex":0},"up":{"uv":[15.09375,3.3125,15.0625,2.875],"rotation":0,"texture":"#0","tintindex":0},"down":{"uv":[15.09375,3.375,15.0625,3.8125],"rotation":0,"texture":"#0","tintindex":0}}},{"from":[13.7473545,7.6795826,4.6457143],"to":[15.768068,10.84244,7.9257145],"rotation":{"angle":45.0,"axis":"z","origin":[14.6552105,10.373869,6.285714]},"faces":{"east":{"uv":[15.0625,0.875,15.109375,1.1875],"rotation":0,"texture":"#0","tintindex":0},"south":{"uv":[14.0,9.0,14.0234375,9.3125],"rotation":0,"texture":"#0","tintindex":0},"north":{"uv":[15.109375,8.875,15.1328125,9.1875],"rotation":0,"texture":"#0","tintindex":0},"west":{"uv":[15.0625,1.25,15.109375,1.5625],"rotation":0,"texture":"#0","tintindex":0},"up":{"uv":[14.3828125,9.25,14.359375,8.875],"rotation":0,"texture":"#0","tintindex":0},"down":{"uv":[14.4140625,8.875,14.390625,9.25],"rotation":0,"texture":"#0","tintindex":0}}},{"from":[3.6657143,0.21684885,-2.776431],"to":[12.451429,6.776849,0.5035696],"rotation":{"angle":22.5,"axis":"x","origin":[8.058572,8.0,6.285714]},"faces":{"east":{"uv":[14.046875,6.375,14.09375,7.0625],"rotation":0,"texture":"#0","tintindex":0},"south":{"uv":[14.46875,4.25,14.5859375,4.9375],"rotation":0,"texture":"#0","tintindex":0},"north":{"uv":[14.46875,3.5,14.5859375,4.1875],"rotation":0,"texture":"#0","tintindex":0},"west":{"uv":[14.09375,6.375,14.140625,7.0625],"rotation":0,"texture":"#0","tintindex":0},"up":{"uv":[14.8359375,0.875,14.71875,0.5],"rotation":0,"texture":"#0","tintindex":0},"down":{"uv":[14.8359375,0.875,14.71875,1.25],"rotation":0,"texture":"#0","tintindex":0}}},{"from":[6.0085716,0.21684885,13.122145],"to":[10.108572,5.60542,15.347859],"rotation":{"angle":-22.5,"axis":"x","origin":[8.058572,8.0,6.285714]},"faces":{"east":{"uv":[14.9375,7.75,14.96875,8.3125],"rotation":0,"texture":"#0","tintindex":0},"south":{"uv":[14.859375,2.0,14.9140625,2.5625],"rotation":0,"texture":"#0","tintindex":0},"north":{"uv":[14.203125,6.875,14.2578125,7.4375],"rotation":0,"texture":"#0","tintindex":0},"west":{"uv":[14.96875,7.75,15.0,8.3125],"rotation":0,"texture":"#0","tintindex":0},"up":{"uv":[14.7578125,3.25,14.703125,3.0],"rotation":0,"texture":"#0","tintindex":0},"down":{"uv":[15.1171875,3.875,15.0625,4.125],"rotation":0,"texture":"#0","tintindex":0}}},{"from":[6.4185715,2.3197641,11.720964],"to":[9.698571,5.482621,13.741678],"rotation":{"angle":-45.0,"axis":"x","origin":[8.058572,8.0,6.285714]},"faces":{"east":{"uv":[15.125,0.0,15.1484375,0.3125],"rotation":0,"texture":"#0","tintindex":0},"south":{"uv":[15.0625,2.0,15.109375,2.3125],"rotation":0,"texture":"#0","tintindex":0},"north":{"uv":[15.0625,1.625,15.109375,1.9375],"rotation":0,"texture":"#0","tintindex":0},"west":{"uv":[14.03125,9.0,14.0546875,9.3125],"rotation":0,"texture":"#0","tintindex":0},"up":{"uv":[14.703125,2.1875,14.65625,2.0],"rotation":0,"texture":"#0","tintindex":0},"down":{"uv":[14.578125,8.875,14.53125,9.0625],"rotation":0,"texture":"#0","tintindex":0}}},{"from":[-4.358572,3.3858166,3.6499996],"to":[-1.3128576,4.762245,8.921429],"rotation":{"angle":0.0,"axis":"y","origin":[8.058572,5.728674,6.285714]},"faces":{"east":{"uv":[14.671875,8.875,14.7421875,9.0],"rotation":0,"texture":"#0","tintindex":0},"south":{"uv":[15.125,5.0,15.1640625,5.125],"rotation":0,"texture":"#0","tintindex":0},"north":{"uv":[14.859375,6.25,14.8984375,6.375],"rotation":0,"texture":"#0","tintindex":0},"west":{"uv":[15.109375,5.875,15.1796875,6.0],"rotation":0,"texture":"#0","tintindex":0},"up":{"uv":[14.9453125,1.5625,14.90625,1.0],"rotation":0,"texture":"#0","tintindex":0},"down":{"uv":[14.9453125,3.625,14.90625,4.1875],"rotation":0,"texture":"#0","tintindex":0}}},{"from":[17.43,3.3858166,3.6499996],"to":[20.475716,4.762245,8.921429],"rotation":{"angle":0.0,"axis":"y","origin":[8.058572,5.728674,6.285714]},"faces":{"east":{"uv":[15.109375,6.0,15.1796875,6.125],"rotation":0,"texture":"#0","tintindex":0},"south":{"uv":[14.765625,9.125,14.8046875,9.25],"rotation":0,"texture":"#0","tintindex":0},"north":{"uv":[15.140625,2.25,15.1796875,2.375],"rotation":0,"texture":"#0","tintindex":0},"west":{"uv":[15.109375,6.125,15.1796875,6.25],"rotation":0,"texture":"#0","tintindex":0},"up":{"uv":[14.5703125,7.8125,14.53125,7.25],"rotation":0,"texture":"#0","tintindex":0},"down":{"uv":[14.9453125,4.25,14.90625,4.8125],"rotation":0,"texture":"#0","tintindex":0}}},{"from":[3.08,3.3858166,-6.1314287],"to":[13.037143,4.762245,-2.2657146],"rotation":{"angle":0.0,"axis":"y","origin":[8.058572,3.971531,6.285714]},"faces":{"east":{"uv":[14.0625,9.0,14.1171875,9.125],"rotation":0,"texture":"#0","tintindex":0},"south":{"uv":[14.984375,4.625,15.1171875,4.75],"rotation":0,"texture":"#0","tintindex":0},"north":{"uv":[14.984375,4.5,15.1171875,4.625],"rotation":0,"texture":"#0","tintindex":0},"west":{"uv":[14.25,9.0,14.3046875,9.125],"rotation":0,"texture":"#0","tintindex":0},"up":{"uv":[14.6953125,2.6875,14.5625,2.25],"rotation":0,"texture":"#0","tintindex":0},"down":{"uv":[14.6953125,2.75,14.5625,3.1875],"rotation":0,"texture":"#0","tintindex":0}}},{"from":[5.422857,3.3858166,15.657143],"to":[10.694286,4.762245,18.702858],"rotation":{"angle":0.0,"axis":"y","origin":[8.058572,3.971531,6.285714]},"faces":{"east":{"uv":[14.8125,9.125,14.8515625,9.25],"rotation":0,"texture":"#0","tintindex":0},"south":{"uv":[15.109375,6.375,15.1796875,6.5],"rotation":0,"texture":"#0","tintindex":0},"north":{"uv":[15.109375,6.25,15.1796875,6.375],"rotation":0,"texture":"#0","tintindex":0},"west":{"uv":[15.140625,6.5,15.1796875,6.625],"rotation":0,"texture":"#0","tintindex":0},"up":{"uv":[14.9765625,1.9375,14.90625,1.625],"rotation":0,"texture":"#0","tintindex":0},"down":{"uv":[14.9765625,4.875,14.90625,5.1875],"rotation":0,"texture":"#0","tintindex":0}}},{"from":[11.420684,3.408718,13.675909],"to":[14.356928,4.5929155,16.362228],"rotation":{"angle":22.5,"axis":"y","origin":[13.435423,5.6932383,15.019069]},"faces":{"east":{"uv":[15.140625,6.75,15.1796875,6.875],"rotation":0,"texture":"#0","tintindex":0},"south":{"uv":[14.859375,9.125,14.8984375,9.25],"rotation":0,"texture":"#0","tintindex":0},"north":{"uv":[15.140625,6.625,15.1796875,6.75],"rotation":0,"texture":"#0","tintindex":0},"west":{"uv":[15.140625,6.875,15.1796875,7.0],"rotation":0,"texture":"#0","tintindex":0},"up":{"uv":[15.1015625,6.1875,15.0625,5.875],"rotation":0,"texture":"#0","tintindex":0},"down":{"uv":[15.1015625,6.25,15.0625,6.5625],"rotation":0,"texture":"#0","tintindex":0}}},{"from":[4.0290914,3.408718,14.344675],"to":[12.088052,4.5929155,17.030994],"rotation":{"angle":0.0,"axis":"y","origin":[2.6859312,3.006918,17.030994]},"faces":{"east":{"uv":[15.140625,7.0,15.1796875,7.125],"rotation":0,"texture":"#0","tintindex":0},"south":{"uv":[15.0625,4.25,15.171875,4.375],"rotation":0,"texture":"#0","tintindex":0},"north":{"uv":[15.0625,4.125,15.171875,4.25],"rotation":0,"texture":"#0","tintindex":0},"west":{"uv":[15.140625,7.125,15.1796875,7.25],"rotation":0,"texture":"#0","tintindex":0},"up":{"uv":[14.859375,6.3125,14.75,6.0],"rotation":0,"texture":"#0","tintindex":0},"down":{"uv":[14.671875,6.125,14.5625,6.4375],"rotation":0,"texture":"#0","tintindex":0}}},{"from":[15.393452,3.408718,5.8964276],"to":[18.079773,4.5929155,8.832672],"rotation":{"angle":-22.5,"axis":"y","origin":[7.3344917,5.6932383,9.925908]},"faces":{"east":{"uv":[15.140625,7.25,15.1796875,7.375],"rotation":0,"texture":"#0","tintindex":0},"south":{"uv":[15.140625,7.375,15.1796875,7.5],"rotation":0,"texture":"#0","tintindex":0},"north":{"uv":[14.90625,9.125,14.9453125,9.25],"rotation":0,"texture":"#0","tintindex":0},"west":{"uv":[15.140625,7.5,15.1796875,7.625],"rotation":0,"texture":"#0","tintindex":0},"up":{"uv":[14.8671875,8.8125,14.828125,8.5],"rotation":0,"texture":"#0","tintindex":0},"down":{"uv":[15.1015625,6.625,15.0625,6.9375],"rotation":0,"texture":"#0","tintindex":0}}},{"from":[16.11753,3.408718,2.2562342],"to":[18.803852,4.5929155,10.315194],"rotation":{"angle":0.0,"axis":"y","origin":[8.058572,5.6932383,6.285714]},"faces":{"east":{"uv":[15.0625,4.375,15.171875,4.5],"rotation":0,"texture":"#0","tintindex":0},"south":{"uv":[15.140625,7.625,15.1796875,7.75],"rotation":0,"texture":"#0","tintindex":0},"north":{"uv":[14.953125,9.125,14.9921875,9.25],"rotation":0,"texture":"#0","tintindex":0},"west":{"uv":[15.0625,5.25,15.171875,5.375],"rotation":0,"texture":"#0","tintindex":0},"up":{"uv":[14.4140625,7.0,14.375,6.125],"rotation":0,"texture":"#0","tintindex":0},"down":{"uv":[14.4609375,6.125,14.421875,7.0],"rotation":0,"texture":"#0","tintindex":0}}},{"from":[4.0290914,3.408718,-4.459566],"to":[12.088052,4.5929155,-1.7732458],"rotation":{"angle":0.0,"axis":"y","origin":[2.6859312,3.006918,-4.459566]},"faces":{"east":{"uv":[15.140625,7.75,15.1796875,7.875],"rotation":0,"texture":"#0","tintindex":0},"south":{"uv":[15.0625,5.5,15.171875,5.625],"rotation":0,"texture":"#0","tintindex":0},"north":{"uv":[15.0625,5.375,15.171875,5.5],"rotation":0,"texture":"#0","tintindex":0},"west":{"uv":[15.140625,7.875,15.1796875,8.0],"rotation":0,"texture":"#0","tintindex":0},"up":{"uv":[14.890625,3.3125,14.78125,3.0],"rotation":0,"texture":"#0","tintindex":0},"down":{"uv":[14.890625,3.375,14.78125,3.6875],"rotation":0,"texture":"#0","tintindex":0}}},{"from":[-2.6867094,3.408718,2.2562342],"to":[-3.8909912E-4,4.5929155,10.315194],"rotation":{"angle":0.0,"axis":"y","origin":[8.058572,5.6932383,6.285714]},"faces":{"east":{"uv":[15.0625,5.625,15.171875,5.75],"rotation":0,"texture":"#0","tintindex":0},"south":{"uv":[15.140625,8.0,15.1796875,8.125],"rotation":0,"texture":"#0","tintindex":0},"north":{"uv":[15.0,9.125,15.0390625,9.25],"rotation":0,"texture":"#0","tintindex":0},"west":{"uv":[15.0625,5.75,15.171875,5.875],"rotation":0,"texture":"#0","tintindex":0},"up":{"uv":[14.7109375,7.0,14.671875,6.125],"rotation":0,"texture":"#0","tintindex":0},"down":{"uv":[14.0390625,6.375,14.0,7.25],"rotation":0,"texture":"#0","tintindex":0}}},{"from":[13.500343,3.408718,11.189748],"to":[16.420948,4.5929155,15.289824],"rotation":{"angle":-45.0,"axis":"y","origin":[14.843503,5.6932383,13.648127]},"faces":{"east":{"uv":[15.125,2.375,15.1796875,2.5],"rotation":0,"texture":"#0","tintindex":0},"south":{"uv":[15.140625,8.25,15.1796875,8.375],"rotation":0,"texture":"#0","tintindex":0},"north":{"uv":[15.140625,8.125,15.1796875,8.25],"rotation":0,"texture":"#0","tintindex":0},"west":{"uv":[15.125,2.5,15.1796875,2.625],"rotation":0,"texture":"#0","tintindex":0},"up":{"uv":[15.0078125,0.4375,14.96875,0.0],"rotation":0,"texture":"#0","tintindex":0},"down":{"uv":[15.0234375,1.0,14.984375,1.4375],"rotation":0,"texture":"#0","tintindex":0}}},{"from":[-1.9626293,3.408718,5.8964276],"to":[0.723691,4.5929155,8.832672],"rotation":{"angle":22.5,"axis":"y","origin":[8.782651,5.6932383,9.925908]},"faces":{"east":{"uv":[15.140625,8.5,15.1796875,8.625],"rotation":0,"texture":"#0","tintindex":0},"south":{"uv":[15.140625,8.625,15.1796875,8.75],"rotation":0,"texture":"#0","tintindex":0},"north":{"uv":[15.140625,8.375,15.1796875,8.5],"rotation":0,"texture":"#0","tintindex":0},"west":{"uv":[15.140625,8.75,15.1796875,8.875],"rotation":0,"texture":"#0","tintindex":0},"up":{"uv":[14.9140625,8.8125,14.875,8.5],"rotation":0,"texture":"#0","tintindex":0},"down":{"uv":[15.1015625,7.0,15.0625,7.3125],"rotation":0,"texture":"#0","tintindex":0}}},{"from":[-0.3038063,3.408718,11.189748],"to":[2.6167998,4.5929155,15.289824],"rotation":{"angle":45.0,"axis":"y","origin":[1.2736402,5.6932383,13.648127]},"faces":{"east":{"uv":[15.125,2.625,15.1796875,2.75],"rotation":0,"texture":"#0","tintindex":0},"south":{"uv":[15.140625,9.0,15.1796875,9.125],"rotation":0,"texture":"#0","tintindex":0},"north":{"uv":[15.140625,8.875,15.1796875,9.0],"rotation":0,"texture":"#0","tintindex":0},"west":{"uv":[15.125,2.75,15.1796875,2.875],"rotation":0,"texture":"#0","tintindex":0},"up":{"uv":[15.0234375,1.9375,14.984375,1.5],"rotation":0,"texture":"#0","tintindex":0},"down":{"uv":[15.0234375,2.0,14.984375,2.4375],"rotation":0,"texture":"#0","tintindex":0}}},{"from":[1.7602148,3.408718,13.675909],"to":[4.6964593,4.5929155,16.362228],"rotation":{"angle":-22.5,"axis":"y","origin":[2.6817193,5.6932383,15.019069]},"faces":{"east":{"uv":[15.15625,0.0,15.1953125,0.125],"rotation":0,"texture":"#0","tintindex":0},"south":{"uv":[15.15625,0.125,15.1953125,0.25],"rotation":0,"texture":"#0","tintindex":0},"north":{"uv":[15.140625,9.125,15.1796875,9.25],"rotation":0,"texture":"#0","tintindex":0},"west":{"uv":[15.15625,0.25,15.1953125,0.375],"rotation":0,"texture":"#0","tintindex":0},"up":{"uv":[15.1015625,7.6875,15.0625,7.375],"rotation":0,"texture":"#0","tintindex":0},"down":{"uv":[15.1015625,7.75,15.0625,8.0625],"rotation":0,"texture":"#0","tintindex":0}}},{"from":[15.393452,3.408718,3.7387562],"to":[18.079773,4.5929155,6.6750007],"rotation":{"angle":22.5,"axis":"y","origin":[7.3344917,5.6932383,2.6455207]},"faces":{"east":{"uv":[15.15625,3.375,15.1953125,3.5],"rotation":0,"texture":"#0","tintindex":0},"south":{"uv":[15.15625,3.5,15.1953125,3.625],"rotation":0,"texture":"#0","tintindex":0},"north":{"uv":[14.359375,9.25,14.3984375,9.375],"rotation":0,"texture":"#0","tintindex":0},"west":{"uv":[15.15625,3.625,15.1953125,3.75],"rotation":0,"texture":"#0","tintindex":0},"up":{"uv":[15.1015625,8.4375,15.0625,8.125],"rotation":0,"texture":"#0","tintindex":0},"down":{"uv":[15.1015625,8.5,15.0625,8.8125],"rotation":0,"texture":"#0","tintindex":0}}},{"from":[13.500343,3.408718,-2.7183962],"to":[16.420948,4.5929155,1.381681],"rotation":{"angle":45.0,"axis":"y","origin":[14.843503,5.6932383,-1.0766973]},"faces":{"east":{"uv":[15.125,2.875,15.1796875,3.0],"rotation":0,"texture":"#0","tintindex":0},"south":{"uv":[15.15625,3.875,15.1953125,4.0],"rotation":0,"texture":"#0","tintindex":0},"north":{"uv":[15.15625,3.75,15.1953125,3.875],"rotation":0,"texture":"#0","tintindex":0},"west":{"uv":[15.125,3.0,15.1796875,3.125],"rotation":0,"texture":"#0","tintindex":0},"up":{"uv":[15.0234375,2.9375,14.984375,2.5],"rotation":0,"texture":"#0","tintindex":0},"down":{"uv":[15.0234375,3.0,14.984375,3.4375],"rotation":0,"texture":"#0","tintindex":0}}},{"from":[11.420684,3.408718,-3.7908],"to":[14.356928,4.5929155,-1.1044807],"rotation":{"angle":-22.5,"axis":"y","origin":[13.435423,5.6932383,-2.4476414]},"faces":{"east":{"uv":[15.15625,4.5,15.1953125,4.625],"rotation":0,"texture":"#0","tintindex":0},"south":{"uv":[15.15625,4.625,15.1953125,4.75],"rotation":0,"texture":"#0","tintindex":0},"north":{"uv":[15.15625,4.0,15.1953125,4.125],"rotation":0,"texture":"#0","tintindex":0},"west":{"uv":[15.15625,4.75,15.1953125,4.875],"rotation":0,"texture":"#0","tintindex":0},"up":{"uv":[15.1171875,0.3125,15.078125,0.0],"rotation":0,"texture":"#0","tintindex":0},"down":{"uv":[14.0703125,8.625,14.03125,8.9375],"rotation":0,"texture":"#0","tintindex":0}}},{"from":[-1.9626293,3.408718,3.7387562],"to":[0.723691,4.5929155,6.6750007],"rotation":{"angle":-22.5,"axis":"y","origin":[8.782651,5.6932383,2.6455207]},"faces":{"east":{"uv":[14.671875,9.25,14.7109375,9.375],"rotation":0,"texture":"#0","tintindex":0},"south":{"uv":[14.765625,9.25,14.8046875,9.375],"rotation":0,"texture":"#0","tintindex":0},"north":{"uv":[15.15625,4.875,15.1953125,5.0],"rotation":0,"texture":"#0","tintindex":0},"west":{"uv":[14.8125,9.25,14.8515625,9.375],"rotation":0,"texture":"#0","tintindex":0},"up":{"uv":[14.1171875,8.9375,14.078125,8.625],"rotation":0,"texture":"#0","tintindex":0},"down":{"uv":[14.2890625,8.625,14.25,8.9375],"rotation":0,"texture":"#0","tintindex":0}}},{"from":[-0.3038063,3.408718,-2.7183962],"to":[2.6167998,4.5929155,1.381681],"rotation":{"angle":-45.0,"axis":"y","origin":[1.2736402,5.6932383,-1.0766973]},"faces":{"east":{"uv":[15.125,3.125,15.1796875,3.25],"rotation":0,"texture":"#0","tintindex":0},"south":{"uv":[14.90625,9.25,14.9453125,9.375],"rotation":0,"texture":"#0","tintindex":0},"north":{"uv":[14.859375,9.25,14.8984375,9.375],"rotation":0,"texture":"#0","tintindex":0},"west":{"uv":[15.125,3.25,15.1796875,3.375],"rotation":0,"texture":"#0","tintindex":0},"up":{"uv":[15.0234375,3.9375,14.984375,3.5],"rotation":0,"texture":"#0","tintindex":0},"down":{"uv":[15.0234375,4.0,14.984375,4.4375],"rotation":0,"texture":"#0","tintindex":0}}},{"from":[1.7602148,3.408718,-3.7908],"to":[4.6964593,4.5929155,-1.1044807],"rotation":{"angle":22.5,"axis":"y","origin":[2.6817193,5.6932383,-2.4476414]},"faces":{"east":{"uv":[15.0,9.25,15.0390625,9.375],"rotation":0,"texture":"#0","tintindex":0},"south":{"uv":[15.046875,9.25,15.0859375,9.375],"rotation":0,"texture":"#0","tintindex":0},"north":{"uv":[14.953125,9.25,14.9921875,9.375],"rotation":0,"texture":"#0","tintindex":0},"west":{"uv":[15.09375,9.25,15.1328125,9.375],"rotation":0,"texture":"#0","tintindex":0},"up":{"uv":[14.3359375,8.9375,14.296875,8.625],"rotation":0,"texture":"#0","tintindex":0},"down":{"uv":[15.1171875,4.75,15.078125,5.0625],"rotation":0,"texture":"#0","tintindex":0}}},{"from":[5.54,0.8854203,-2.8057165],"to":[10.577143,6.3325634,-2.8057165],"rotation":{"angle":22.5,"axis":"x","origin":[8.0,8.0,6.285714]},"faces":{"east":{"uv":[0.018920898,1.9125,0.018920898,2.0],"rotation":0,"texture":"#1","tintindex":0},"south":{"uv":[16.0,0.0,0.0,16.0],"rotation":0,"texture":"#1","tintindex":0},"north":{"uv":[0.0,0.0,16.0,16.0],"rotation":0,"texture":"#1","tintindex":0},"west":{"uv":[0.01965332,1.9125,0.01965332,2.0],"rotation":0,"texture":"#1","tintindex":0},"up":{"uv":[0.03125,1.1796875,0.029418945,1.1796875],"rotation":0,"texture":"#1","tintindex":0},"down":{"uv":[0.03125,1.2265625,0.029418945,1.2265625],"rotation":0,"texture":"#1","tintindex":0}}}],"display":{"head":{"translation":[0.0,-6.4,0.0],"scale":[4.0,4.0,4.0]}}}