{"textures":{"0":"minecraft:modelengine/entity/diamond_nexus"},"elements":[{"from":[4.654727,4.654731,5.014655],"to":[11.345271,11.345267,10.985347],"rotation":{"angle":-45.0,"axis":"z","origin":[8.0,8.0,8.000002]},"faces":{"east":{"uv":[1.5625,7.0,3.3125,10.125],"rotation":90,"texture":"#0","tintindex":0},"south":{"uv":[1.75,0.0,0.0,3.5],"rotation":0,"texture":"#0","tintindex":0},"north":{"uv":[0.0,0.0,1.75,3.5],"rotation":0,"texture":"#0","tintindex":0},"west":{"uv":[3.3125,7.0,1.5625,10.125],"rotation":90,"texture":"#0","tintindex":0},"up":{"uv":[3.3125,10.125,1.5625,7.0],"rotation":0,"texture":"#0","tintindex":0},"down":{"uv":[1.5625,7.0,3.3125,10.125],"rotation":0,"texture":"#0","tintindex":0}}},{"from":[5.014655,4.6547318,4.654727],"to":[10.985347,11.345268,11.345271],"rotation":{"angle":45.0,"axis":"x","origin":[8.000001,8.0,7.999999]},"faces":{"east":{"uv":[0.0,0.0,1.75,3.5],"rotation":0,"texture":"#0","tintindex":0},"south":{"uv":[1.5625,10.125,3.3125,7.0],"rotation":90,"texture":"#0","tintindex":0},"north":{"uv":[3.3125,7.0,1.5625,10.125],"rotation":90,"texture":"#0","tintindex":0},"west":{"uv":[1.75,0.0,0.0,3.5],"rotation":0,"texture":"#0","tintindex":0},"up":{"uv":[3.3125,10.125,1.5625,7.0],"rotation":90,"texture":"#0","tintindex":0},"down":{"uv":[1.5625,7.0,3.3125,10.125],"rotation":270,"texture":"#0","tintindex":0}}}],"display":{"head":{"translation":[0.0,-6.4,0.0],"scale":[4.0,4.0,4.0]}}}