{"textures":{"0":"minecraft:modelengine/entity/lazer_tower_tier2"},"elements":[{"from":[-5.714287,6.7750454,2.2999997],"to":[-0.57142925,11.403617,13.700001],"rotation":{"angle":-45.0,"axis":"y","origin":[8.0,7.6321883,8.0]},"faces":{"east":{"uv":[3.75,1.125,4.5625,1.4375],"rotation":0,"texture":"#0","tintindex":0},"south":{"uv":[9.5,6.125,9.875,6.4375],"rotation":0,"texture":"#0","tintindex":0},"north":{"uv":[9.5,5.125,9.875,5.4375],"rotation":0,"texture":"#0","tintindex":0},"west":{"uv":[3.625,3.75,4.4375,4.0625],"rotation":0,"texture":"#0","tintindex":0},"up":{"uv":[1.125,2.0625,0.75,1.25],"rotation":0,"texture":"#0","tintindex":0},"down":{"uv":[1.5,1.25,1.125,2.0625],"rotation":0,"texture":"#0","tintindex":0}}},{"from":[-5.714287,6.7750454,2.2999997],"to":[-0.57142925,11.403617,13.700001],"rotation":{"angle":45.0,"axis":"y","origin":[8.0,7.6321883,8.0]},"faces":{"east":{"uv":[4.125,0.0,4.9375,0.3125],"rotation":0,"texture":"#0","tintindex":0},"south":{"uv":[9.5,6.875,9.875,7.1875],"rotation":0,"texture":"#0","tintindex":0},"north":{"uv":[9.5,6.5,9.875,6.8125],"rotation":0,"texture":"#0","tintindex":0},"west":{"uv":[4.125,0.375,4.9375,0.6875],"rotation":0,"texture":"#0","tintindex":0},"up":{"uv":[1.875,2.0625,1.5,1.25],"rotation":0,"texture":"#0","tintindex":0},"down":{"uv":[2.25,0.5,1.875,1.3125],"rotation":0,"texture":"#0","tintindex":0}}},{"from":[16.57143,6.7750454,2.2999997],"to":[21.714287,11.403617,13.700001],"rotation":{"angle":45.0,"axis":"y","origin":[8.0,7.6321883,8.0]},"faces":{"east":{"uv":[2.0,4.375,2.8125,4.6875],"rotation":0,"texture":"#0","tintindex":0},"south":{"uv":[9.625,0.375,10.0,0.6875],"rotation":0,"texture":"#0","tintindex":0},"north":{"uv":[9.625,0.0,10.0,0.3125],"rotation":0,"texture":"#0","tintindex":0},"west":{"uv":[4.375,2.25,5.1875,2.5625],"rotation":0,"texture":"#0","tintindex":0},"up":{"uv":[1.125,2.9375,0.75,2.125],"rotation":0,"texture":"#0","tintindex":0},"down":{"uv":[1.5,2.125,1.125,2.9375],"rotation":0,"texture":"#0","tintindex":0}}},{"from":[16.57143,6.7750454,2.342857],"to":[21.714287,11.403617,13.657143],"rotation":{"angle":0.0,"axis":"y","origin":[8.0,9.089332,-3.1428576]},"faces":{"east":{"uv":[4.375,2.625,5.1875,2.9375],"rotation":0,"texture":"#0","tintindex":0},"south":{"uv":[9.625,1.125,10.0,1.4375],"rotation":0,"texture":"#0","tintindex":0},"north":{"uv":[9.625,0.75,10.0,1.0625],"rotation":0,"texture":"#0","tintindex":0},"west":{"uv":[4.375,3.0,5.1875,3.3125],"rotation":0,"texture":"#0","tintindex":0},"up":{"uv":[1.875,2.9375,1.5,2.125],"rotation":0,"texture":"#0","tintindex":0},"down":{"uv":[2.25,2.125,1.875,2.9375],"rotation":0,"texture":"#0","tintindex":0}}},{"from":[-5.7142878,6.7750454,2.342857],"to":[-0.57142925,11.403617,13.657143],"rotation":{"angle":0.0,"axis":"y","origin":[7.999999,9.089332,-3.1428576]},"faces":{"east":{"uv":[5.1875,3.0,4.375,3.3125],"rotation":0,"texture":"#0","tintindex":0},"south":{"uv":[10.0,1.125,9.625,1.4375],"rotation":0,"texture":"#0","tintindex":0},"north":{"uv":[10.0,0.75,9.625,1.0625],"rotation":0,"texture":"#0","tintindex":0},"west":{"uv":[5.1875,2.625,4.375,2.9375],"rotation":0,"texture":"#0","tintindex":0},"up":{"uv":[1.5,2.9375,1.875,2.125],"rotation":0,"texture":"#0","tintindex":0},"down":{"uv":[1.875,2.125,2.25,2.9375],"rotation":0,"texture":"#0","tintindex":0}}},{"from":[2.3428564,6.7750454,-5.714287],"to":[13.657143,11.403617,-0.57142925],"rotation":{"angle":0.0,"axis":"y","origin":[7.9999995,9.089332,8.0]},"faces":{"east":{"uv":[10.0,0.75,9.625,1.0625],"rotation":0,"texture":"#0","tintindex":0},"south":{"uv":[5.1875,3.0,4.375,3.3125],"rotation":0,"texture":"#0","tintindex":0},"north":{"uv":[5.1875,2.625,4.375,2.9375],"rotation":0,"texture":"#0","tintindex":0},"west":{"uv":[10.0,1.125,9.625,1.4375],"rotation":0,"texture":"#0","tintindex":0},"up":{"uv":[1.5,2.9375,1.875,2.125],"rotation":90,"texture":"#0","tintindex":0},"down":{"uv":[1.875,2.125,2.25,2.9375],"rotation":270,"texture":"#0","tintindex":0}}},{"from":[2.3428564,6.7750454,16.57143],"to":[13.657143,11.403617,21.714287],"rotation":{"angle":0.0,"axis":"y","origin":[7.9999995,9.089332,8.0]},"faces":{"east":{"uv":[9.625,0.75,10.0,1.0625],"rotation":0,"texture":"#0","tintindex":0},"south":{"uv":[4.375,2.625,5.1875,2.9375],"rotation":0,"texture":"#0","tintindex":0},"north":{"uv":[4.375,3.0,5.1875,3.3125],"rotation":0,"texture":"#0","tintindex":0},"west":{"uv":[9.625,1.125,10.0,1.4375],"rotation":0,"texture":"#0","tintindex":0},"up":{"uv":[1.875,2.9375,1.5,2.125],"rotation":90,"texture":"#0","tintindex":0},"down":{"uv":[2.25,2.125,1.875,2.9375],"rotation":270,"texture":"#0","tintindex":0}}},{"from":[16.57143,6.7750454,2.2999997],"to":[21.714287,11.403617,13.700001],"rotation":{"angle":-45.0,"axis":"y","origin":[8.0,7.6321883,8.0]},"faces":{"east":{"uv":[4.375,3.375,5.1875,3.6875],"rotation":0,"texture":"#0","tintindex":0},"south":{"uv":[9.625,1.875,10.0,2.1875],"rotation":0,"texture":"#0","tintindex":0},"north":{"uv":[9.625,1.5,10.0,1.8125],"rotation":0,"texture":"#0","tintindex":0},"west":{"uv":[0.0,4.5,0.8125,4.8125],"rotation":0,"texture":"#0","tintindex":0},"up":{"uv":[2.625,1.3125,2.25,0.5],"rotation":0,"texture":"#0","tintindex":0},"down":{"uv":[2.625,2.125,2.25,2.9375],"rotation":0,"texture":"#0","tintindex":0}}},{"from":[15.542857,11.295617,2.9839997],"to":[20.068573,15.240189,13.016001],"rotation":{"angle":-45.0,"axis":"y","origin":[8.0,13.546474,8.0]},"faces":{"east":{"uv":[2.875,4.25,3.625,4.5],"rotation":0,"texture":"#0","tintindex":0},"south":{"uv":[0.875,10.5,1.1875,10.75],"rotation":0,"texture":"#0","tintindex":0},"north":{"uv":[0.5,10.5,0.8125,10.75],"rotation":0,"texture":"#0","tintindex":0},"west":{"uv":[6.0,3.5,6.75,3.75],"rotation":0,"texture":"#0","tintindex":0},"up":{"uv":[5.3125,0.75,5.0,0.0],"rotation":0,"texture":"#0","tintindex":0},"down":{"uv":[5.3125,1.5,5.0,2.25],"rotation":0,"texture":"#0","tintindex":0}}},{"from":[15.542857,11.509903,3.0217142],"to":[20.068573,15.240189,12.978286],"rotation":{"angle":0.0,"axis":"y","origin":[8.0,13.546474,8.0]},"faces":{"east":{"uv":[6.0,4.75,6.75,5.0],"rotation":0,"texture":"#0","tintindex":0},"south":{"uv":[10.5,1.25,10.8125,1.5],"rotation":0,"texture":"#0","tintindex":0},"north":{"uv":[10.5,1.0,10.8125,1.25],"rotation":0,"texture":"#0","tintindex":0},"west":{"uv":[6.0,5.0,6.75,5.25],"rotation":0,"texture":"#0","tintindex":0},"up":{"uv":[5.5625,3.0,5.25,2.25],"rotation":0,"texture":"#0","tintindex":0},"down":{"uv":[5.5625,3.0,5.25,3.75],"rotation":0,"texture":"#0","tintindex":0}}},{"from":[15.542857,11.295617,2.9839997],"to":[20.068573,15.240189,13.016001],"rotation":{"angle":45.0,"axis":"y","origin":[8.0,13.546474,8.0]},"faces":{"east":{"uv":[6.25,0.75,7.0,1.0],"rotation":0,"texture":"#0","tintindex":0},"south":{"uv":[10.5,1.75,10.8125,2.0],"rotation":0,"texture":"#0","tintindex":0},"north":{"uv":[10.5,1.5,10.8125,1.75],"rotation":0,"texture":"#0","tintindex":0},"west":{"uv":[6.25,1.0,7.0,1.25],"rotation":0,"texture":"#0","tintindex":0},"up":{"uv":[5.5625,5.625,5.25,4.875],"rotation":0,"texture":"#0","tintindex":0},"down":{"uv":[5.6875,0.0,5.375,0.75],"rotation":0,"texture":"#0","tintindex":0}}},{"from":[-0.5107565,14.87289,4.4893126],"to":[2.680777,19.049774,11.510687],"rotation":{"angle":0.0,"axis":"y","origin":[8.0,16.449652,8.0]},"faces":{"east":{"uv":[5.375,7.25,5.875,7.5625],"rotation":0,"texture":"#0","tintindex":0},"south":{"uv":[10.5,8.5,10.75,8.8125],"rotation":0,"texture":"#0","tintindex":0},"north":{"uv":[10.5,8.125,10.75,8.4375],"rotation":0,"texture":"#0","tintindex":0},"west":{"uv":[7.25,6.0,7.75,6.3125],"rotation":0,"texture":"#0","tintindex":0},"up":{"uv":[9.375,1.5,9.125,1.0],"rotation":0,"texture":"#0","tintindex":0},"down":{"uv":[9.375,1.5,9.125,2.0],"rotation":0,"texture":"#0","tintindex":0}}},{"from":[4.4893126,14.87289,13.319223],"to":[11.510687,19.049774,16.510757],"rotation":{"angle":0.0,"axis":"y","origin":[8.0,16.449652,8.0]},"faces":{"east":{"uv":[9.25,10.5,9.5,10.8125],"rotation":0,"texture":"#0","tintindex":0},"south":{"uv":[2.125,7.375,2.625,7.6875],"rotation":0,"texture":"#0","tintindex":0},"north":{"uv":[7.375,0.75,7.875,1.0625],"rotation":0,"texture":"#0","tintindex":0},"west":{"uv":[9.5,10.5,9.75,10.8125],"rotation":0,"texture":"#0","tintindex":0},"up":{"uv":[6.25,0.75,5.75,0.5],"rotation":0,"texture":"#0","tintindex":0},"down":{"uv":[9.375,3.375,8.875,3.625],"rotation":0,"texture":"#0","tintindex":0}}},{"from":[-0.5107565,14.87289,4.4627166],"to":[2.680777,19.049774,11.537283],"rotation":{"angle":45.0,"axis":"y","origin":[8.0,16.449652,8.0]},"faces":{"east":{"uv":[2.625,7.375,3.125,7.6875],"rotation":0,"texture":"#0","tintindex":0},"south":{"uv":[10.625,4.0,10.875,4.3125],"rotation":0,"texture":"#0","tintindex":0},"north":{"uv":[9.75,10.5,10.0,10.8125],"rotation":0,"texture":"#0","tintindex":0},"west":{"uv":[3.125,7.375,3.625,7.6875],"rotation":0,"texture":"#0","tintindex":0},"up":{"uv":[9.375,4.125,9.125,3.625],"rotation":0,"texture":"#0","tintindex":0},"down":{"uv":[9.375,4.125,9.125,4.625],"rotation":0,"texture":"#0","tintindex":0}}},{"from":[-0.5107565,14.87289,4.4627166],"to":[2.680777,19.049774,11.537283],"rotation":{"angle":-45.0,"axis":"y","origin":[8.0,16.449652,8.0]},"faces":{"east":{"uv":[6.625,7.375,7.125,7.6875],"rotation":0,"texture":"#0","tintindex":0},"south":{"uv":[10.625,5.375,10.875,5.6875],"rotation":0,"texture":"#0","tintindex":0},"north":{"uv":[4.5,10.625,4.75,10.9375],"rotation":0,"texture":"#0","tintindex":0},"west":{"uv":[7.125,7.375,7.625,7.6875],"rotation":0,"texture":"#0","tintindex":0},"up":{"uv":[5.75,9.625,5.5,9.125],"rotation":0,"texture":"#0","tintindex":0},"down":{"uv":[9.375,5.75,9.125,6.25],"rotation":0,"texture":"#0","tintindex":0}}},{"from":[4.4893126,14.87289,-0.5107565],"to":[11.510687,19.049774,2.680777],"rotation":{"angle":0.0,"axis":"y","origin":[8.0,16.449652,8.0]},"faces":{"east":{"uv":[5.5,10.625,5.75,10.9375],"rotation":0,"texture":"#0","tintindex":0},"south":{"uv":[0.5,7.5,1.0,7.8125],"rotation":0,"texture":"#0","tintindex":0},"north":{"uv":[0.0,7.5,0.5,7.8125],"rotation":0,"texture":"#0","tintindex":0},"west":{"uv":[6.25,10.625,6.5,10.9375],"rotation":0,"texture":"#0","tintindex":0},"up":{"uv":[9.5,8.625,9.0,8.375],"rotation":0,"texture":"#0","tintindex":0},"down":{"uv":[9.625,2.0,9.125,2.25],"rotation":0,"texture":"#0","tintindex":0}}},{"from":[0.36074448,18.564484,4.8488073],"to":[4.939751,27.627323,11.151193],"rotation":{"angle":0.0,"axis":"y","origin":[8.0,19.979786,8.0]},"faces":{"east":{"uv":[1.0,3.0,1.4375,3.6875],"rotation":0,"texture":"#0","tintindex":0},"south":{"uv":[6.25,0.0,6.5625,0.6875],"rotation":0,"texture":"#0","tintindex":0},"north":{"uv":[4.5,6.125,4.8125,6.8125],"rotation":0,"texture":"#0","tintindex":0},"west":{"uv":[1.5,3.0,1.9375,3.6875],"rotation":0,"texture":"#0","tintindex":0},"up":{"uv":[8.4375,9.0625,8.125,8.625],"rotation":0,"texture":"#0","tintindex":0},"down":{"uv":[8.9375,8.125,8.625,8.5625],"rotation":0,"texture":"#0","tintindex":0}}},{"from":[4.8488073,18.564484,12.774534],"to":[11.151193,27.627323,15.639256],"rotation":{"angle":0.0,"axis":"y","origin":[8.0,19.979786,8.0]},"faces":{"east":{"uv":[2.625,9.0,2.8125,9.6875],"rotation":0,"texture":"#0","tintindex":0},"south":{"uv":[3.125,0.0,3.5625,0.6875],"rotation":0,"texture":"#0","tintindex":0},"north":{"uv":[2.0,3.0,2.4375,3.6875],"rotation":0,"texture":"#0","tintindex":0},"west":{"uv":[2.875,9.0,3.0625,9.6875],"rotation":0,"texture":"#0","tintindex":0},"up":{"uv":[8.0625,10.3125,7.625,10.125],"rotation":0,"texture":"#0","tintindex":0},"down":{"uv":[10.5625,9.625,10.125,9.8125],"rotation":0,"texture":"#0","tintindex":0}}},{"from":[0.36074448,18.564484,4.8249345],"to":[3.2254653,27.584467,11.175066],"rotation":{"angle":45.0,"axis":"y","origin":[8.0,19.979786,8.0]},"faces":{"east":{"uv":[3.125,2.0,3.5625,2.6875],"rotation":0,"texture":"#0","tintindex":0},"south":{"uv":[4.75,9.0,4.9375,9.6875],"rotation":0,"texture":"#0","tintindex":0},"north":{"uv":[3.125,9.0,3.3125,9.6875],"rotation":0,"texture":"#0","tintindex":0},"west":{"uv":[3.125,2.75,3.5625,3.4375],"rotation":0,"texture":"#0","tintindex":0},"up":{"uv":[8.8125,10.5625,8.625,10.125],"rotation":0,"texture":"#0","tintindex":0},"down":{"uv":[9.1875,10.125,9.0,10.5625],"rotation":0,"texture":"#0","tintindex":0}}},{"from":[0.36074448,18.564484,4.8249345],"to":[3.2254653,27.584467,11.175066],"rotation":{"angle":-45.0,"axis":"y","origin":[8.0,19.979786,8.0]},"faces":{"east":{"uv":[3.25,0.75,3.6875,1.4375],"rotation":0,"texture":"#0","tintindex":0},"south":{"uv":[9.0,5.0,9.1875,5.6875],"rotation":0,"texture":"#0","tintindex":0},"north":{"uv":[5.0,9.0,5.1875,9.6875],"rotation":0,"texture":"#0","tintindex":0},"west":{"uv":[3.125,3.5,3.5625,4.1875],"rotation":0,"texture":"#0","tintindex":0},"up":{"uv":[10.3125,10.3125,10.125,9.875],"rotation":0,"texture":"#0","tintindex":0},"down":{"uv":[0.1875,10.25,0.0,10.6875],"rotation":0,"texture":"#0","tintindex":0}}},{"from":[4.8488073,18.564484,0.36074448],"to":[11.151193,27.627323,3.2254653],"rotation":{"angle":0.0,"axis":"y","origin":[8.0,19.979786,8.0]},"faces":{"east":{"uv":[5.25,9.0,5.4375,9.6875],"rotation":0,"texture":"#0","tintindex":0},"south":{"uv":[3.625,1.5,4.0625,2.1875],"rotation":0,"texture":"#0","tintindex":0},"north":{"uv":[3.625,0.0,4.0625,0.6875],"rotation":0,"texture":"#0","tintindex":0},"west":{"uv":[9.0,6.25,9.1875,6.9375],"rotation":0,"texture":"#0","tintindex":0},"up":{"uv":[10.6875,0.1875,10.25,0.0],"rotation":0,"texture":"#0","tintindex":0},"down":{"uv":[0.6875,10.25,0.25,10.4375],"rotation":0,"texture":"#0","tintindex":0}}},{"from":[2.3428564,7.935253,-5.0243864],"to":[13.657143,12.563826,-2.152957],"rotation":{"angle":-22.5,"axis":"x","origin":[7.9999995,10.249539,-2.4529572]},"faces":{"east":{"uv":[9.0,11.0,9.1875,11.3125],"rotation":0,"texture":"#0","tintindex":0},"south":{"uv":[2.875,4.5,3.6875,4.8125],"rotation":0,"texture":"#0","tintindex":0},"north":{"uv":[0.875,4.5,1.6875,4.8125],"rotation":0,"texture":"#0","tintindex":0},"west":{"uv":[10.375,11.0,10.5625,11.3125],"rotation":0,"texture":"#0","tintindex":0},"up":{"uv":[8.6875,0.9375,7.875,0.75],"rotation":0,"texture":"#0","tintindex":0},"down":{"uv":[8.6875,1.0,7.875,1.1875],"rotation":0,"texture":"#0","tintindex":0}}},{"from":[2.3428564,7.935253,18.152958],"to":[13.657143,12.563826,21.024387],"rotation":{"angle":22.5,"axis":"x","origin":[7.9999995,10.249539,18.452957]},"faces":{"east":{"uv":[11.0,10.5,11.1875,10.8125],"rotation":0,"texture":"#0","tintindex":0},"south":{"uv":[4.5,3.75,5.3125,4.0625],"rotation":0,"texture":"#0","tintindex":0},"north":{"uv":[3.75,4.5,4.5625,4.8125],"rotation":0,"texture":"#0","tintindex":0},"west":{"uv":[11.0,10.875,11.1875,11.1875],"rotation":0,"texture":"#0","tintindex":0},"up":{"uv":[8.6875,1.4375,7.875,1.25],"rotation":0,"texture":"#0","tintindex":0},"down":{"uv":[8.6875,1.5,7.875,1.6875],"rotation":0,"texture":"#0","tintindex":0}}},{"from":[17.190952,11.902344,2.342857],"to":[20.06238,16.530914,13.657143],"rotation":{"angle":-22.5,"axis":"z","origin":[7.9999995,9.81492,8.0]},"faces":{"east":{"uv":[4.5,4.125,5.3125,4.4375],"rotation":0,"texture":"#0","tintindex":0},"south":{"uv":[11.125,0.0,11.3125,0.3125],"rotation":0,"texture":"#0","tintindex":0},"north":{"uv":[0.0,11.125,0.1875,11.4375],"rotation":0,"texture":"#0","tintindex":0},"west":{"uv":[4.625,0.75,5.4375,1.0625],"rotation":0,"texture":"#0","tintindex":0},"up":{"uv":[5.8125,8.4375,5.625,7.625],"rotation":0,"texture":"#0","tintindex":0},"down":{"uv":[4.5625,7.875,4.375,8.6875],"rotation":0,"texture":"#0","tintindex":0}}},{"from":[-4.062381,11.902344,2.342857],"to":[-1.1909523,16.530914,13.657143],"rotation":{"angle":22.5,"axis":"z","origin":[7.9999995,9.81492,8.0]},"faces":{"east":{"uv":[4.625,1.125,5.4375,1.4375],"rotation":0,"texture":"#0","tintindex":0},"south":{"uv":[11.125,1.0,11.3125,1.3125],"rotation":0,"texture":"#0","tintindex":0},"north":{"uv":[0.875,11.125,1.0625,11.4375],"rotation":0,"texture":"#0","tintindex":0},"west":{"uv":[4.625,4.5,5.4375,4.8125],"rotation":0,"texture":"#0","tintindex":0},"up":{"uv":[4.8125,8.6875,4.625,7.875],"rotation":0,"texture":"#0","tintindex":0},"down":{"uv":[8.0625,6.375,7.875,7.1875],"rotation":0,"texture":"#0","tintindex":0}}},{"from":[13.342896,16.078075,3.0217142],"to":[18.897182,19.808361,12.978286],"rotation":{"angle":-22.5,"axis":"z","origin":[8.0,14.579788,8.0]},"faces":{"east":{"uv":[6.375,5.75,7.125,6.0],"rotation":0,"texture":"#0","tintindex":0},"south":{"uv":[9.875,7.875,10.25,8.125],"rotation":0,"texture":"#0","tintindex":0},"north":{"uv":[9.875,7.625,10.25,7.875],"rotation":0,"texture":"#0","tintindex":0},"west":{"uv":[6.375,6.0,7.125,6.25],"rotation":0,"texture":"#0","tintindex":0},"up":{"uv":[2.875,4.375,2.5,3.625],"rotation":0,"texture":"#0","tintindex":0},"down":{"uv":[0.375,3.75,0.0,4.5],"rotation":0,"texture":"#0","tintindex":0}}},{"from":[-2.8971825,16.078075,3.0217142],"to":[2.657103,19.808361,12.978286],"rotation":{"angle":22.5,"axis":"z","origin":[7.999999,14.579788,8.0]},"faces":{"east":{"uv":[7.125,6.0,6.375,6.25],"rotation":0,"texture":"#0","tintindex":0},"south":{"uv":[10.25,7.875,9.875,8.125],"rotation":0,"texture":"#0","tintindex":0},"north":{"uv":[10.25,7.625,9.875,7.875],"rotation":0,"texture":"#0","tintindex":0},"west":{"uv":[7.125,5.75,6.375,6.0],"rotation":0,"texture":"#0","tintindex":0},"up":{"uv":[2.5,4.375,2.875,3.625],"rotation":0,"texture":"#0","tintindex":0},"down":{"uv":[0.0,3.75,0.375,4.5],"rotation":0,"texture":"#0","tintindex":0}}},{"from":[-4.068572,11.509903,3.0217142],"to":[0.4571414,15.240189,12.978286],"rotation":{"angle":0.0,"axis":"y","origin":[7.999999,13.546474,8.0]},"faces":{"east":{"uv":[6.75,5.0,6.0,5.25],"rotation":0,"texture":"#0","tintindex":0},"south":{"uv":[10.8125,1.25,10.5,1.5],"rotation":0,"texture":"#0","tintindex":0},"north":{"uv":[10.8125,1.0,10.5,1.25],"rotation":0,"texture":"#0","tintindex":0},"west":{"uv":[6.75,4.75,6.0,5.0],"rotation":0,"texture":"#0","tintindex":0},"up":{"uv":[5.25,3.0,5.5625,2.25],"rotation":0,"texture":"#0","tintindex":0},"down":{"uv":[5.25,3.0,5.5625,3.75],"rotation":0,"texture":"#0","tintindex":0}}},{"from":[3.0217137,16.032223,-2.6666641],"to":[12.978285,19.762508,2.887621],"rotation":{"angle":-22.5,"axis":"x","origin":[7.9999995,13.977417,8.0]},"faces":{"east":{"uv":[10.25,7.625,9.875,7.875],"rotation":0,"texture":"#0","tintindex":0},"south":{"uv":[7.125,6.0,6.375,6.25],"rotation":0,"texture":"#0","tintindex":0},"north":{"uv":[7.125,5.75,6.375,6.0],"rotation":0,"texture":"#0","tintindex":0},"west":{"uv":[10.25,7.875,9.875,8.125],"rotation":0,"texture":"#0","tintindex":0},"up":{"uv":[2.5,4.375,2.875,3.625],"rotation":90,"texture":"#0","tintindex":0},"down":{"uv":[0.0,3.75,0.375,4.5],"rotation":270,"texture":"#0","tintindex":0}}},{"from":[3.0217137,11.509903,-4.068572],"to":[12.978285,15.240189,0.45714188],"rotation":{"angle":0.0,"axis":"y","origin":[7.9999995,13.977417,8.0]},"faces":{"east":{"uv":[10.8125,1.0,10.5,1.25],"rotation":0,"texture":"#0","tintindex":0},"south":{"uv":[6.75,5.0,6.0,5.25],"rotation":0,"texture":"#0","tintindex":0},"north":{"uv":[6.75,4.75,6.0,5.0],"rotation":0,"texture":"#0","tintindex":0},"west":{"uv":[10.8125,1.25,10.5,1.5],"rotation":0,"texture":"#0","tintindex":0},"up":{"uv":[5.25,3.0,5.5625,2.25],"rotation":90,"texture":"#0","tintindex":0},"down":{"uv":[5.25,3.0,5.5625,3.75],"rotation":270,"texture":"#0","tintindex":0}}},{"from":[3.0217137,16.032223,13.112379],"to":[12.978285,19.762508,18.666664],"rotation":{"angle":22.5,"axis":"x","origin":[7.9999995,13.977417,8.0]},"faces":{"east":{"uv":[9.875,7.625,10.25,7.875],"rotation":0,"texture":"#0","tintindex":0},"south":{"uv":[6.375,5.75,7.125,6.0],"rotation":0,"texture":"#0","tintindex":0},"north":{"uv":[6.375,6.0,7.125,6.25],"rotation":0,"texture":"#0","tintindex":0},"west":{"uv":[9.875,7.875,10.25,8.125],"rotation":0,"texture":"#0","tintindex":0},"up":{"uv":[2.875,4.375,2.5,3.625],"rotation":90,"texture":"#0","tintindex":0},"down":{"uv":[0.375,3.75,0.0,4.5],"rotation":270,"texture":"#0","tintindex":0}}},{"from":[3.0217137,11.509903,15.542858],"to":[12.978285,15.240189,20.068573],"rotation":{"angle":0.0,"axis":"y","origin":[7.9999995,13.977417,8.0]},"faces":{"east":{"uv":[10.5,1.0,10.8125,1.25],"rotation":0,"texture":"#0","tintindex":0},"south":{"uv":[6.0,4.75,6.75,5.0],"rotation":0,"texture":"#0","tintindex":0},"north":{"uv":[6.0,5.0,6.75,5.25],"rotation":0,"texture":"#0","tintindex":0},"west":{"uv":[10.5,1.25,10.8125,1.5],"rotation":0,"texture":"#0","tintindex":0},"up":{"uv":[5.5625,3.0,5.25,2.25],"rotation":90,"texture":"#0","tintindex":0},"down":{"uv":[5.5625,3.0,5.25,3.75],"rotation":270,"texture":"#0","tintindex":0}}},{"from":[-4.068572,11.295617,2.9839997],"to":[0.4571414,15.240189,13.016001],"rotation":{"angle":-45.0,"axis":"y","origin":[7.999999,13.546474,8.0]},"faces":{"east":{"uv":[7.0,1.0,6.25,1.25],"rotation":0,"texture":"#0","tintindex":0},"south":{"uv":[10.8125,1.75,10.5,2.0],"rotation":0,"texture":"#0","tintindex":0},"north":{"uv":[10.8125,1.5,10.5,1.75],"rotation":0,"texture":"#0","tintindex":0},"west":{"uv":[7.0,0.75,6.25,1.0],"rotation":0,"texture":"#0","tintindex":0},"up":{"uv":[5.25,5.625,5.5625,4.875],"rotation":0,"texture":"#0","tintindex":0},"down":{"uv":[5.375,0.0,5.6875,0.75],"rotation":0,"texture":"#0","tintindex":0}}},{"from":[-4.068572,11.295617,2.9839997],"to":[0.4571414,15.240189,13.016001],"rotation":{"angle":45.0,"axis":"y","origin":[7.999999,13.546474,8.0]},"faces":{"east":{"uv":[6.75,3.5,6.0,3.75],"rotation":0,"texture":"#0","tintindex":0},"south":{"uv":[1.1875,10.5,0.875,10.75],"rotation":0,"texture":"#0","tintindex":0},"north":{"uv":[0.8125,10.5,0.5,10.75],"rotation":0,"texture":"#0","tintindex":0},"west":{"uv":[3.625,4.25,2.875,4.5],"rotation":0,"texture":"#0","tintindex":0},"up":{"uv":[5.0,0.75,5.3125,0.0],"rotation":0,"texture":"#0","tintindex":0},"down":{"uv":[5.0,1.5,5.3125,2.25],"rotation":0,"texture":"#0","tintindex":0}}},{"from":[4.4893126,18.280127,0.16698408],"to":[11.510687,21.771296,3.3585181],"rotation":{"angle":22.5,"axis":"x","origin":[8.0,20.368568,1.7627511]},"faces":{"east":{"uv":[1.75,5.5,2.0,5.75],"rotation":0,"texture":"#0","tintindex":0},"south":{"uv":[7.625,9.125,8.125,9.375],"rotation":0,"texture":"#0","tintindex":0},"north":{"uv":[9.125,2.625,9.625,2.875],"rotation":0,"texture":"#0","tintindex":0},"west":{"uv":[5.75,2.0,6.0,2.25],"rotation":0,"texture":"#0","tintindex":0},"up":{"uv":[8.625,9.375,8.125,9.125],"rotation":0,"texture":"#0","tintindex":0},"down":{"uv":[9.625,8.625,9.125,8.875],"rotation":0,"texture":"#0","tintindex":0}}},{"from":[4.4893126,18.280127,12.641481],"to":[11.510687,21.771296,15.833015],"rotation":{"angle":-22.5,"axis":"x","origin":[8.0,20.368568,14.237249]},"faces":{"east":{"uv":[5.75,4.25,6.0,4.5],"rotation":0,"texture":"#0","tintindex":0},"south":{"uv":[9.125,9.125,9.625,9.375],"rotation":0,"texture":"#0","tintindex":0},"north":{"uv":[9.125,8.875,9.625,9.125],"rotation":0,"texture":"#0","tintindex":0},"west":{"uv":[6.5,3.25,6.75,3.5],"rotation":0,"texture":"#0","tintindex":0},"up":{"uv":[1.25,9.5,0.75,9.25],"rotation":0,"texture":"#0","tintindex":0},"down":{"uv":[1.75,9.25,1.25,9.5],"rotation":0,"texture":"#0","tintindex":0}}},{"from":[0.52054834,15.869123,4.4893126],"to":[3.712082,19.360292,11.510687],"rotation":{"angle":-22.5,"axis":"z","origin":[8.0,20.05181,8.0]},"faces":{"east":{"uv":[3.375,9.25,3.875,9.5],"rotation":0,"texture":"#0","tintindex":0},"south":{"uv":[10.875,8.875,11.125,9.125],"rotation":0,"texture":"#0","tintindex":0},"north":{"uv":[8.5,4.75,8.75,5.0],"rotation":0,"texture":"#0","tintindex":0},"west":{"uv":[4.25,9.25,4.75,9.5],"rotation":0,"texture":"#0","tintindex":0},"up":{"uv":[9.5,5.125,9.25,4.625],"rotation":0,"texture":"#0","tintindex":0},"down":{"uv":[9.5,5.125,9.25,5.625],"rotation":0,"texture":"#0","tintindex":0}}},{"from":[18.450619,6.7750454,11.893476],"to":[21.450619,9.089332,19.864904],"rotation":{"angle":-45.0,"axis":"y","origin":[15.87919,9.089332,15.87919]},"faces":{"east":{"uv":[9.875,4.625,10.4375,4.8125],"rotation":0,"texture":"#0","tintindex":0},"south":{"uv":[7.25,11.25,7.5,11.4375],"rotation":0,"texture":"#0","tintindex":0},"north":{"uv":[7.0,11.25,7.25,11.4375],"rotation":0,"texture":"#0","tintindex":0},"west":{"uv":[9.875,4.875,10.4375,5.0625],"rotation":0,"texture":"#0","tintindex":0},"up":{"uv":[8.75,4.6875,8.5,4.125],"rotation":0,"texture":"#0","tintindex":0},"down":{"uv":[5.875,8.5,5.625,9.0625],"rotation":0,"texture":"#0","tintindex":0}}},{"from":[-5.4506197,6.7750454,11.893476],"to":[-2.4506197,9.089332,19.864904],"rotation":{"angle":45.0,"axis":"y","origin":[0.12080908,9.089332,15.87919]},"faces":{"east":{"uv":[10.4375,4.875,9.875,5.0625],"rotation":0,"texture":"#0","tintindex":0},"south":{"uv":[7.5,11.25,7.25,11.4375],"rotation":0,"texture":"#0","tintindex":0},"north":{"uv":[7.25,11.25,7.0,11.4375],"rotation":0,"texture":"#0","tintindex":0},"west":{"uv":[10.4375,4.625,9.875,4.8125],"rotation":0,"texture":"#0","tintindex":0},"up":{"uv":[8.5,4.6875,8.75,4.125],"rotation":0,"texture":"#0","tintindex":0},"down":{"uv":[5.625,8.5,5.875,9.0625],"rotation":0,"texture":"#0","tintindex":0}}},{"from":[18.450619,6.7750454,-3.8649044],"to":[21.450619,9.089332,4.1065245],"rotation":{"angle":45.0,"axis":"y","origin":[15.87919,9.089332,0.12081003]},"faces":{"east":{"uv":[10.4375,4.625,9.875,4.8125],"rotation":0,"texture":"#0","tintindex":0},"south":{"uv":[7.25,11.25,7.0,11.4375],"rotation":0,"texture":"#0","tintindex":0},"north":{"uv":[7.5,11.25,7.25,11.4375],"rotation":0,"texture":"#0","tintindex":0},"west":{"uv":[10.4375,4.875,9.875,5.0625],"rotation":0,"texture":"#0","tintindex":0},"up":{"uv":[8.75,4.125,8.5,4.6875],"rotation":0,"texture":"#0","tintindex":0},"down":{"uv":[5.875,9.0625,5.625,8.5],"rotation":0,"texture":"#0","tintindex":0}}},{"from":[-5.4506197,6.7750454,-3.8649044],"to":[-2.4506197,9.089332,4.1065245],"rotation":{"angle":-45.0,"axis":"y","origin":[0.12080908,9.089332,0.12081003]},"faces":{"east":{"uv":[9.875,4.875,10.4375,5.0625],"rotation":0,"texture":"#0","tintindex":0},"south":{"uv":[7.0,11.25,7.25,11.4375],"rotation":0,"texture":"#0","tintindex":0},"north":{"uv":[7.25,11.25,7.5,11.4375],"rotation":0,"texture":"#0","tintindex":0},"west":{"uv":[9.875,4.625,10.4375,4.8125],"rotation":0,"texture":"#0","tintindex":0},"up":{"uv":[8.5,4.125,8.75,4.6875],"rotation":0,"texture":"#0","tintindex":0},"down":{"uv":[5.625,9.0625,5.875,8.5],"rotation":0,"texture":"#0","tintindex":0}}},{"from":[18.450619,9.089332,12.750619],"to":[20.593475,10.46076,19.007763],"rotation":{"angle":-45.0,"axis":"y","origin":[15.87919,9.089332,15.87919]},"faces":{"east":{"uv":[11.0,8.625,11.4375,8.75],"rotation":0,"texture":"#0","tintindex":0},"south":{"uv":[11.375,10.125,11.5625,10.25],"rotation":0,"texture":"#0","tintindex":0},"north":{"uv":[10.375,4.0,10.5625,4.125],"rotation":0,"texture":"#0","tintindex":0},"west":{"uv":[11.125,6.125,11.5625,6.25],"rotation":0,"texture":"#0","tintindex":0},"up":{"uv":[2.4375,10.6875,2.25,10.25],"rotation":0,"texture":"#0","tintindex":0},"down":{"uv":[2.6875,10.25,2.5,10.6875],"rotation":0,"texture":"#0","tintindex":0}}},{"from":[-4.5934763,9.089332,12.750619],"to":[-2.4506187,10.46076,19.007763],"rotation":{"angle":45.0,"axis":"y","origin":[0.12081003,9.089332,15.87919]},"faces":{"east":{"uv":[11.125,10.25,11.5625,10.375],"rotation":0,"texture":"#0","tintindex":0},"south":{"uv":[11.5,3.375,11.6875,3.5],"rotation":0,"texture":"#0","tintindex":0},"north":{"uv":[11.5,2.375,11.6875,2.5],"rotation":0,"texture":"#0","tintindex":0},"west":{"uv":[11.125,10.375,11.5625,10.5],"rotation":0,"texture":"#0","tintindex":0},"up":{"uv":[2.9375,10.6875,2.75,10.25],"rotation":0,"texture":"#0","tintindex":0},"down":{"uv":[10.4375,2.75,10.25,3.1875],"rotation":0,"texture":"#0","tintindex":0}}},{"from":[18.450619,9.089332,-3.007762],"to":[20.593475,10.46076,3.249381],"rotation":{"angle":45.0,"axis":"y","origin":[15.87919,9.089332,0.12081003]},"faces":{"east":{"uv":[11.4375,8.625,11.0,8.75],"rotation":0,"texture":"#0","tintindex":0},"south":{"uv":[10.5625,4.0,10.375,4.125],"rotation":0,"texture":"#0","tintindex":0},"north":{"uv":[11.5625,10.125,11.375,10.25],"rotation":0,"texture":"#0","tintindex":0},"west":{"uv":[11.5625,6.125,11.125,6.25],"rotation":0,"texture":"#0","tintindex":0},"up":{"uv":[2.4375,10.25,2.25,10.6875],"rotation":0,"texture":"#0","tintindex":0},"down":{"uv":[2.6875,10.6875,2.5,10.25],"rotation":0,"texture":"#0","tintindex":0}}},{"from":[-4.5934763,9.089332,-3.007762],"to":[-2.4506187,10.46076,3.249381],"rotation":{"angle":-45.0,"axis":"y","origin":[0.12081003,9.089332,0.12081003]},"faces":{"east":{"uv":[11.5625,10.25,11.125,10.375],"rotation":0,"texture":"#0","tintindex":0},"south":{"uv":[11.6875,2.375,11.5,2.5],"rotation":0,"texture":"#0","tintindex":0},"north":{"uv":[11.6875,3.375,11.5,3.5],"rotation":0,"texture":"#0","tintindex":0},"west":{"uv":[11.5625,10.375,11.125,10.5],"rotation":0,"texture":"#0","tintindex":0},"up":{"uv":[2.9375,10.25,2.75,10.6875],"rotation":0,"texture":"#0","tintindex":0},"down":{"uv":[10.4375,3.1875,10.25,2.75],"rotation":0,"texture":"#0","tintindex":0}}},{"from":[5.479046,25.655054,11.819628],"to":[10.520954,31.636755,14.111404],"rotation":{"angle":0.0,"axis":"y","origin":[8.0,26.787296,8.0]},"faces":{"east":{"uv":[5.0,10.25,5.1875,10.6875],"rotation":0,"texture":"#0","tintindex":0},"south":{"uv":[6.75,3.25,7.125,3.6875],"rotation":0,"texture":"#0","tintindex":0},"north":{"uv":[6.75,2.75,7.125,3.1875],"rotation":0,"texture":"#0","tintindex":0},"west":{"uv":[5.25,10.25,5.4375,10.6875],"rotation":0,"texture":"#0","tintindex":0},"up":{"uv":[11.125,3.6875,10.75,3.5],"rotation":0,"texture":"#0","tintindex":0},"down":{"uv":[5.375,10.75,5.0,10.9375],"rotation":0,"texture":"#0","tintindex":0}}},{"from":[10.448199,25.655054,5.479046],"to":[14.111404,31.636755,10.520954],"rotation":{"angle":0.0,"axis":"y","origin":[8.0,26.787296,8.0]},"faces":{"east":{"uv":[0.0,7.0,0.375,7.4375],"rotation":0,"texture":"#0","tintindex":0},"south":{"uv":[2.375,9.75,2.625,10.1875],"rotation":0,"texture":"#0","tintindex":0},"north":{"uv":[8.625,9.625,8.875,10.0625],"rotation":0,"texture":"#0","tintindex":0},"west":{"uv":[0.375,7.0,0.75,7.4375],"rotation":0,"texture":"#0","tintindex":0},"up":{"uv":[1.75,6.25,1.5,5.875],"rotation":0,"texture":"#0","tintindex":0},"down":{"uv":[4.0,5.875,3.75,6.25],"rotation":0,"texture":"#0","tintindex":0}}},{"from":[11.819628,25.655054,5.4599476],"to":[14.111404,31.636755,10.540052],"rotation":{"angle":-45.0,"axis":"y","origin":[8.0,26.787296,8.0]},"faces":{"east":{"uv":[0.75,7.0,1.125,7.4375],"rotation":0,"texture":"#0","tintindex":0},"south":{"uv":[6.625,10.25,6.8125,10.6875],"rotation":0,"texture":"#0","tintindex":0},"north":{"uv":[10.25,6.375,10.4375,6.8125],"rotation":0,"texture":"#0","tintindex":0},"west":{"uv":[7.0,0.75,7.375,1.1875],"rotation":0,"texture":"#0","tintindex":0},"up":{"uv":[10.9375,6.75,10.75,6.375],"rotation":0,"texture":"#0","tintindex":0},"down":{"uv":[6.6875,10.75,6.5,11.125],"rotation":0,"texture":"#0","tintindex":0}}},{"from":[1.8885946,25.655054,5.479046],"to":[5.5518003,31.636755,10.520954],"rotation":{"angle":0.0,"axis":"y","origin":[7.999999,26.787296,8.0]},"faces":{"east":{"uv":[0.75,7.0,0.375,7.4375],"rotation":0,"texture":"#0","tintindex":0},"south":{"uv":[2.625,9.75,2.375,10.1875],"rotation":0,"texture":"#0","tintindex":0},"north":{"uv":[8.875,9.625,8.625,10.0625],"rotation":0,"texture":"#0","tintindex":0},"west":{"uv":[0.375,7.0,0.0,7.4375],"rotation":0,"texture":"#0","tintindex":0},"up":{"uv":[1.5,6.25,1.75,5.875],"rotation":0,"texture":"#0","tintindex":0},"down":{"uv":[3.75,5.875,4.0,6.25],"rotation":0,"texture":"#0","tintindex":0}}},{"from":[1.8885946,25.655054,5.4599476],"to":[4.1803713,31.636755,10.540052],"rotation":{"angle":45.0,"axis":"y","origin":[7.999999,26.787296,8.0]},"faces":{"east":{"uv":[7.375,0.75,7.0,1.1875],"rotation":0,"texture":"#0","tintindex":0},"south":{"uv":[6.8125,10.25,6.625,10.6875],"rotation":0,"texture":"#0","tintindex":0},"north":{"uv":[10.4375,6.375,10.25,6.8125],"rotation":0,"texture":"#0","tintindex":0},"west":{"uv":[1.125,7.0,0.75,7.4375],"rotation":0,"texture":"#0","tintindex":0},"up":{"uv":[10.75,6.75,10.9375,6.375],"rotation":0,"texture":"#0","tintindex":0},"down":{"uv":[6.5,10.75,6.6875,11.125],"rotation":0,"texture":"#0","tintindex":0}}},{"from":[5.479046,25.655054,1.888596],"to":[10.520954,31.636755,4.180372],"rotation":{"angle":0.0,"axis":"y","origin":[8.0,26.787296,8.0]},"faces":{"east":{"uv":[5.1875,10.25,5.0,10.6875],"rotation":0,"texture":"#0","tintindex":0},"south":{"uv":[7.125,2.75,6.75,3.1875],"rotation":0,"texture":"#0","tintindex":0},"north":{"uv":[7.125,3.25,6.75,3.6875],"rotation":0,"texture":"#0","tintindex":0},"west":{"uv":[5.4375,10.25,5.25,10.6875],"rotation":0,"texture":"#0","tintindex":0},"up":{"uv":[11.125,3.5,10.75,3.6875],"rotation":0,"texture":"#0","tintindex":0},"down":{"uv":[5.375,10.9375,5.0,10.75],"rotation":0,"texture":"#0","tintindex":0}}},{"from":[11.819628,25.655054,5.4599476],"to":[14.111404,31.636755,10.540052],"rotation":{"angle":45.0,"axis":"y","origin":[8.0,26.787296,8.0]},"faces":{"east":{"uv":[1.125,7.0,0.75,7.4375],"rotation":0,"texture":"#0","tintindex":0},"south":{"uv":[10.4375,6.375,10.25,6.8125],"rotation":0,"texture":"#0","tintindex":0},"north":{"uv":[6.8125,10.25,6.625,10.6875],"rotation":0,"texture":"#0","tintindex":0},"west":{"uv":[7.375,0.75,7.0,1.1875],"rotation":0,"texture":"#0","tintindex":0},"up":{"uv":[10.9375,6.375,10.75,6.75],"rotation":0,"texture":"#0","tintindex":0},"down":{"uv":[6.6875,11.125,6.5,10.75],"rotation":0,"texture":"#0","tintindex":0}}},{"from":[1.8885946,25.655054,5.4599476],"to":[4.1803713,31.636755,10.540052],"rotation":{"angle":-45.0,"axis":"y","origin":[7.999999,26.787296,8.0]},"faces":{"east":{"uv":[7.0,0.75,7.375,1.1875],"rotation":0,"texture":"#0","tintindex":0},"south":{"uv":[10.25,6.375,10.4375,6.8125],"rotation":0,"texture":"#0","tintindex":0},"north":{"uv":[6.625,10.25,6.8125,10.6875],"rotation":0,"texture":"#0","tintindex":0},"west":{"uv":[0.75,7.0,1.125,7.4375],"rotation":0,"texture":"#0","tintindex":0},"up":{"uv":[10.75,6.375,10.9375,6.75],"rotation":0,"texture":"#0","tintindex":0},"down":{"uv":[6.5,11.125,6.6875,10.75],"rotation":0,"texture":"#0","tintindex":0}}},{"from":[12.774534,18.564484,4.8249345],"to":[15.639255,27.584467,11.175066],"rotation":{"angle":45.0,"axis":"y","origin":[7.999999,19.979786,8.0]},"faces":{"east":{"uv":[3.5625,3.5,3.125,4.1875],"rotation":0,"texture":"#0","tintindex":0},"south":{"uv":[9.1875,5.0,9.0,5.6875],"rotation":0,"texture":"#0","tintindex":0},"north":{"uv":[5.1875,9.0,5.0,9.6875],"rotation":0,"texture":"#0","tintindex":0},"west":{"uv":[3.6875,0.75,3.25,1.4375],"rotation":0,"texture":"#0","tintindex":0},"up":{"uv":[10.125,10.3125,10.3125,9.875],"rotation":0,"texture":"#0","tintindex":0},"down":{"uv":[0.0,10.25,0.1875,10.6875],"rotation":0,"texture":"#0","tintindex":0}}},{"from":[13.319222,14.87289,4.4627166],"to":[16.510757,19.049774,11.537283],"rotation":{"angle":45.0,"axis":"y","origin":[7.999999,16.449652,8.0]},"faces":{"east":{"uv":[7.625,7.375,7.125,7.6875],"rotation":0,"texture":"#0","tintindex":0},"south":{"uv":[10.875,5.375,10.625,5.6875],"rotation":0,"texture":"#0","tintindex":0},"north":{"uv":[4.75,10.625,4.5,10.9375],"rotation":0,"texture":"#0","tintindex":0},"west":{"uv":[7.125,7.375,6.625,7.6875],"rotation":0,"texture":"#0","tintindex":0},"up":{"uv":[5.5,9.625,5.75,9.125],"rotation":0,"texture":"#0","tintindex":0},"down":{"uv":[9.125,5.75,9.375,6.25],"rotation":0,"texture":"#0","tintindex":0}}},{"from":[13.319222,14.87289,4.4893126],"to":[16.510757,19.049774,11.510687],"rotation":{"angle":0.0,"axis":"y","origin":[7.999999,16.449652,8.0]},"faces":{"east":{"uv":[7.75,6.0,7.25,6.3125],"rotation":0,"texture":"#0","tintindex":0},"south":{"uv":[10.75,8.5,10.5,8.8125],"rotation":0,"texture":"#0","tintindex":0},"north":{"uv":[10.75,8.125,10.5,8.4375],"rotation":0,"texture":"#0","tintindex":0},"west":{"uv":[5.875,7.25,5.375,7.5625],"rotation":0,"texture":"#0","tintindex":0},"up":{"uv":[9.125,1.5,9.375,1.0],"rotation":0,"texture":"#0","tintindex":0},"down":{"uv":[9.125,1.5,9.375,2.0],"rotation":0,"texture":"#0","tintindex":0}}},{"from":[12.287917,15.869123,4.4893126],"to":[15.479451,19.360292,11.510687],"rotation":{"angle":22.5,"axis":"z","origin":[7.999999,20.05181,8.0]},"faces":{"east":{"uv":[4.75,9.25,4.25,9.5],"rotation":0,"texture":"#0","tintindex":0},"south":{"uv":[11.125,8.875,10.875,9.125],"rotation":0,"texture":"#0","tintindex":0},"north":{"uv":[8.75,4.75,8.5,5.0],"rotation":0,"texture":"#0","tintindex":0},"west":{"uv":[3.875,9.25,3.375,9.5],"rotation":0,"texture":"#0","tintindex":0},"up":{"uv":[9.25,5.125,9.5,4.625],"rotation":0,"texture":"#0","tintindex":0},"down":{"uv":[9.25,5.125,9.5,5.625],"rotation":0,"texture":"#0","tintindex":0}}},{"from":[11.060248,18.564484,4.8488073],"to":[15.639255,27.627323,11.151193],"rotation":{"angle":0.0,"axis":"y","origin":[7.999999,19.979786,8.0]},"faces":{"east":{"uv":[1.9375,3.0,1.5,3.6875],"rotation":0,"texture":"#0","tintindex":0},"south":{"uv":[6.5625,0.0,6.25,0.6875],"rotation":0,"texture":"#0","tintindex":0},"north":{"uv":[4.8125,6.125,4.5,6.8125],"rotation":0,"texture":"#0","tintindex":0},"west":{"uv":[1.4375,3.0,1.0,3.6875],"rotation":0,"texture":"#0","tintindex":0},"up":{"uv":[8.125,9.0625,8.4375,8.625],"rotation":0,"texture":"#0","tintindex":0},"down":{"uv":[8.625,8.125,8.9375,8.5625],"rotation":0,"texture":"#0","tintindex":0}}},{"from":[12.774534,18.564484,4.8249345],"to":[15.639255,27.584467,11.175066],"rotation":{"angle":-45.0,"axis":"y","origin":[7.999999,19.979786,8.0]},"faces":{"east":{"uv":[3.5625,2.75,3.125,3.4375],"rotation":0,"texture":"#0","tintindex":0},"south":{"uv":[4.9375,9.0,4.75,9.6875],"rotation":0,"texture":"#0","tintindex":0},"north":{"uv":[3.3125,9.0,3.125,9.6875],"rotation":0,"texture":"#0","tintindex":0},"west":{"uv":[3.5625,2.0,3.125,2.6875],"rotation":0,"texture":"#0","tintindex":0},"up":{"uv":[8.625,10.5625,8.8125,10.125],"rotation":0,"texture":"#0","tintindex":0},"down":{"uv":[9.0,10.125,9.1875,10.5625],"rotation":0,"texture":"#0","tintindex":0}}},{"from":[13.319222,14.87289,4.4627166],"to":[16.510757,19.049774,11.537283],"rotation":{"angle":-45.0,"axis":"y","origin":[7.999999,16.449652,8.0]},"faces":{"east":{"uv":[3.625,7.375,3.125,7.6875],"rotation":0,"texture":"#0","tintindex":0},"south":{"uv":[10.875,4.0,10.625,4.3125],"rotation":0,"texture":"#0","tintindex":0},"north":{"uv":[10.0,10.5,9.75,10.8125],"rotation":0,"texture":"#0","tintindex":0},"west":{"uv":[3.125,7.375,2.625,7.6875],"rotation":0,"texture":"#0","tintindex":0},"up":{"uv":[9.125,4.125,9.375,3.625],"rotation":0,"texture":"#0","tintindex":0},"down":{"uv":[9.125,4.125,9.375,4.625],"rotation":0,"texture":"#0","tintindex":0}}},{"from":[4.8488073,18.90348,-0.32850933],"to":[11.151193,24.023464,2.150497],"rotation":{"angle":22.5,"axis":"x","origin":[8.0,23.456978,8.0]},"faces":{"east":{"uv":[10.875,5.875,11.0625,6.25],"rotation":0,"texture":"#0","tintindex":0},"south":{"uv":[7.0,3.75,7.4375,4.125],"rotation":0,"texture":"#0","tintindex":0},"north":{"uv":[3.25,7.0,3.6875,7.375],"rotation":0,"texture":"#0","tintindex":0},"west":{"uv":[7.875,10.875,8.0625,11.25],"rotation":0,"texture":"#0","tintindex":0},"up":{"uv":[10.6875,9.3125,10.25,9.125],"rotation":0,"texture":"#0","tintindex":0},"down":{"uv":[10.8125,2.25,10.375,2.4375],"rotation":0,"texture":"#0","tintindex":0}}},{"from":[4.80595,20.8552,-0.32850933],"to":[11.19405,25.975182,2.150497],"rotation":{"angle":-22.5,"axis":"x","origin":[8.0,21.421686,8.0]},"faces":{"east":{"uv":[8.625,10.875,8.8125,11.25],"rotation":0,"texture":"#0","tintindex":0},"south":{"uv":[7.125,2.25,7.5625,2.625],"rotation":0,"texture":"#0","tintindex":0},"north":{"uv":[7.0,7.0,7.4375,7.375],"rotation":0,"texture":"#0","tintindex":0},"west":{"uv":[9.25,10.875,9.4375,11.25],"rotation":0,"texture":"#0","tintindex":0},"up":{"uv":[8.0625,10.5625,7.625,10.375],"rotation":0,"texture":"#0","tintindex":0},"down":{"uv":[8.5625,10.375,8.125,10.5625],"rotation":0,"texture":"#0","tintindex":0}}},{"from":[4.8488073,18.90348,13.849503],"to":[11.151193,24.023464,16.32851],"rotation":{"angle":-22.5,"axis":"x","origin":[8.0,23.456978,8.0]},"faces":{"east":{"uv":[11.0625,5.875,10.875,6.25],"rotation":0,"texture":"#0","tintindex":0},"south":{"uv":[3.6875,7.0,3.25,7.375],"rotation":0,"texture":"#0","tintindex":0},"north":{"uv":[7.4375,3.75,7.0,4.125],"rotation":0,"texture":"#0","tintindex":0},"west":{"uv":[8.0625,10.875,7.875,11.25],"rotation":0,"texture":"#0","tintindex":0},"up":{"uv":[10.6875,9.125,10.25,9.3125],"rotation":0,"texture":"#0","tintindex":0},"down":{"uv":[10.8125,2.4375,10.375,2.25],"rotation":0,"texture":"#0","tintindex":0}}},{"from":[4.80595,20.8552,13.849503],"to":[11.19405,25.975182,16.32851],"rotation":{"angle":22.5,"axis":"x","origin":[8.0,21.421686,8.0]},"faces":{"east":{"uv":[8.8125,10.875,8.625,11.25],"rotation":0,"texture":"#0","tintindex":0},"south":{"uv":[7.4375,7.0,7.0,7.375],"rotation":0,"texture":"#0","tintindex":0},"north":{"uv":[7.5625,2.25,7.125,2.625],"rotation":0,"texture":"#0","tintindex":0},"west":{"uv":[9.4375,10.875,9.25,11.25],"rotation":0,"texture":"#0","tintindex":0},"up":{"uv":[8.0625,10.375,7.625,10.5625],"rotation":0,"texture":"#0","tintindex":0},"down":{"uv":[8.5625,10.5625,8.125,10.375],"rotation":0,"texture":"#0","tintindex":0}}},{"from":[-0.71794605,18.826017,4.8488073],"to":[1.7610602,23.946,11.151194],"rotation":{"angle":-22.5,"axis":"z","origin":[7.9999995,22.439331,8.0]},"faces":{"east":{"uv":[7.4375,3.75,7.0,4.125],"rotation":0,"texture":"#0","tintindex":0},"south":{"uv":[11.0625,5.875,10.875,6.25],"rotation":0,"texture":"#0","tintindex":0},"north":{"uv":[8.0625,10.875,7.875,11.25],"rotation":0,"texture":"#0","tintindex":0},"west":{"uv":[3.6875,7.0,3.25,7.375],"rotation":0,"texture":"#0","tintindex":0},"up":{"uv":[10.6875,9.125,10.25,9.3125],"rotation":90,"texture":"#0","tintindex":0},"down":{"uv":[10.8125,2.4375,10.375,2.25],"rotation":270,"texture":"#0","tintindex":0}}},{"from":[-0.71794605,20.932663,4.80595],"to":[1.7610602,26.052647,11.194051],"rotation":{"angle":22.5,"axis":"z","origin":[7.9999995,22.439331,8.0]},"faces":{"east":{"uv":[7.5625,2.25,7.125,2.625],"rotation":0,"texture":"#0","tintindex":0},"south":{"uv":[8.8125,10.875,8.625,11.25],"rotation":0,"texture":"#0","tintindex":0},"north":{"uv":[9.4375,10.875,9.25,11.25],"rotation":0,"texture":"#0","tintindex":0},"west":{"uv":[7.4375,7.0,7.0,7.375],"rotation":0,"texture":"#0","tintindex":0},"up":{"uv":[8.0625,10.375,7.625,10.5625],"rotation":90,"texture":"#0","tintindex":0},"down":{"uv":[8.5625,10.5625,8.125,10.375],"rotation":270,"texture":"#0","tintindex":0}}},{"from":[14.238939,18.826017,4.8488073],"to":[16.717945,23.946,11.151194],"rotation":{"angle":22.5,"axis":"z","origin":[7.9999995,22.439331,8.0]},"faces":{"east":{"uv":[3.25,7.0,3.6875,7.375],"rotation":0,"texture":"#0","tintindex":0},"south":{"uv":[10.875,5.875,11.0625,6.25],"rotation":0,"texture":"#0","tintindex":0},"north":{"uv":[7.875,10.875,8.0625,11.25],"rotation":0,"texture":"#0","tintindex":0},"west":{"uv":[7.0,3.75,7.4375,4.125],"rotation":0,"texture":"#0","tintindex":0},"up":{"uv":[10.6875,9.3125,10.25,9.125],"rotation":90,"texture":"#0","tintindex":0},"down":{"uv":[10.8125,2.25,10.375,2.4375],"rotation":270,"texture":"#0","tintindex":0}}},{"from":[14.238939,20.932663,4.80595],"to":[16.717945,26.052647,11.194051],"rotation":{"angle":-22.5,"axis":"z","origin":[7.9999995,22.439331,8.0]},"faces":{"east":{"uv":[7.0,7.0,7.4375,7.375],"rotation":0,"texture":"#0","tintindex":0},"south":{"uv":[8.625,10.875,8.8125,11.25],"rotation":0,"texture":"#0","tintindex":0},"north":{"uv":[9.25,10.875,9.4375,11.25],"rotation":0,"texture":"#0","tintindex":0},"west":{"uv":[7.125,2.25,7.5625,2.625],"rotation":0,"texture":"#0","tintindex":0},"up":{"uv":[8.0625,10.5625,7.625,10.375],"rotation":90,"texture":"#0","tintindex":0},"down":{"uv":[8.5625,10.375,8.125,10.5625],"rotation":270,"texture":"#0","tintindex":0}}}],"display":{"head":{"translation":[0.0,-6.4,0.0],"scale":[4.0,4.0,4.0]}}}