{"textures":{"0":"minecraft:modelengine/entity/lazer_tower_tier2"},"elements":[{"from":[6.729597,6.9586253,-6.6742334],"to":[8.982536,9.041374,1.8971958],"rotation":{"angle":-22.5,"axis":"y","origin":[7.761107,8.0,8.12271]},"faces":{"east":{"uv":[11.25,5.75,10.625,5.875],"rotation":0,"texture":"#0","tintindex":0},"south":{"uv":[1.4375,11.625,1.25,11.75],"rotation":0,"texture":"#0","tintindex":0},"north":{"uv":[11.6875,9.75,11.5,9.875],"rotation":0,"texture":"#0","tintindex":0},"west":{"uv":[11.125,6.75,10.5,6.875],"rotation":0,"texture":"#0","tintindex":0},"up":{"uv":[4.5,10.125,4.6875,9.5],"rotation":0,"texture":"#0","tintindex":0},"down":{"uv":[7.375,9.5,7.5625,10.125],"rotation":0,"texture":"#0","tintindex":0}}},{"from":[6.301026,6.7871966,1.8971958],"to":[9.411107,9.212803,8.704652],"rotation":{"angle":-22.5,"axis":"y","origin":[7.761107,8.0,8.12271]},"faces":{"east":{"uv":[10.5,1.75,10.0,1.9375],"rotation":0,"texture":"#0","tintindex":0},"south":{"uv":[0.25,11.5,0.0,11.6875],"rotation":0,"texture":"#0","tintindex":0},"north":{"uv":[11.0,11.375,10.75,11.5625],"rotation":0,"texture":"#0","tintindex":0},"west":{"uv":[2.0,10.0,1.5,10.1875],"rotation":0,"texture":"#0","tintindex":0},"up":{"uv":[9.5,3.375,9.75,2.875],"rotation":0,"texture":"#0","tintindex":0},"down":{"uv":[3.375,9.5,3.625,10.0],"rotation":0,"texture":"#0","tintindex":0}}}],"display":{"head":{"translation":[0.0,-6.4,0.0],"scale":[4.0,4.0,4.0]}}}