{"textures":{"0":"minecraft:modelengine/entity/lazer_tower_tier2"},"elements":[{"from":[6.7662997,6.74434,-3.1428576],"to":[9.2337,9.25566,8.0],"rotation":{"angle":0.0,"axis":"y","origin":[8.0,0.15288305,16.237541]},"faces":{"east":{"uv":[8.125,5.25,8.9375,5.4375],"rotation":0,"texture":"#0","tintindex":0},"south":{"uv":[7.75,11.5,7.9375,11.6875],"rotation":0,"texture":"#0","tintindex":0},"north":{"uv":[11.5,7.5,11.6875,7.6875],"rotation":0,"texture":"#0","tintindex":0},"west":{"uv":[8.125,5.5,8.9375,5.6875],"rotation":0,"texture":"#0","tintindex":0},"up":{"uv":[5.5625,8.9375,5.375,8.125],"rotation":0,"texture":"#0","tintindex":0},"down":{"uv":[8.3125,6.375,8.125,7.1875],"rotation":0,"texture":"#0","tintindex":0}}}],"display":{"head":{"translation":[0.0,-6.4,0.0],"scale":[4.0,4.0,4.0]}}}