{"textures":{"0":"minecraft:modelengine/entity/lazer_tower_tier2"},"elements":[{"from":[6.7662997,6.74434,-3.1428576],"to":[9.2337,9.25566,8.0],"rotation":{"angle":0.0,"axis":"y","origin":[8.0,0.15288305,16.237541]},"faces":{"east":{"uv":[7.75,8.125,8.5625,8.3125],"rotation":0,"texture":"#0","tintindex":0},"south":{"uv":[8.25,11.5,8.4375,11.6875],"rotation":0,"texture":"#0","tintindex":0},"north":{"uv":[11.5,8.0,11.6875,8.1875],"rotation":0,"texture":"#0","tintindex":0},"west":{"uv":[0.0,8.25,0.8125,8.4375],"rotation":0,"texture":"#0","tintindex":0},"up":{"uv":[8.4375,2.8125,8.25,2.0],"rotation":0,"texture":"#0","tintindex":0},"down":{"uv":[8.4375,4.125,8.25,4.9375],"rotation":0,"texture":"#0","tintindex":0}}}],"display":{"head":{"translation":[0.0,-6.4,0.0],"scale":[4.0,4.0,4.0]}}}