{"textures":{"0":"minecraft:modelengine/entity/lazer_tower_tier2"},"elements":[{"from":[6.7662997,6.74434,-3.1428576],"to":[9.2337,9.25566,8.0],"rotation":{"angle":0.0,"axis":"y","origin":[8.0,0.15288305,16.237541]},"faces":{"east":{"uv":[7.875,3.875,8.6875,4.0625],"rotation":0,"texture":"#0","tintindex":0},"south":{"uv":[11.5,6.5,11.6875,6.6875],"rotation":0,"texture":"#0","tintindex":0},"north":{"uv":[6.5,11.5,6.6875,11.6875],"rotation":0,"texture":"#0","tintindex":0},"west":{"uv":[8.0,2.875,8.8125,3.0625],"rotation":0,"texture":"#0","tintindex":0},"up":{"uv":[4.0625,8.8125,3.875,8.0],"rotation":0,"texture":"#0","tintindex":0},"down":{"uv":[4.3125,8.0,4.125,8.8125],"rotation":0,"texture":"#0","tintindex":0}}}],"display":{"head":{"translation":[0.0,-6.4,0.0],"scale":[4.0,4.0,4.0]}}}