{"textures":{"0":"minecraft:modelengine/entity/redstone_nexus"},"elements":[{"from":[6.1599197,7.5024357,7.503479],"to":[9.84008,11.626287,11.627335],"rotation":{"angle":-45.0,"axis":"x","origin":[7.9999995,7.9989524,8.0]},"faces":{"east":{"uv":[0.0,2.0,1.0,4.0],"rotation":0,"texture":"#0","tintindex":0},"south":{"uv":[2.0,4.0,2.9375,6.0],"rotation":0,"texture":"#0","tintindex":0},"north":{"uv":[2.9375,4.0,3.875,6.0],"rotation":0,"texture":"#0","tintindex":0},"west":{"uv":[0.0,0.0,1.0,2.0],"rotation":0,"texture":"#0","tintindex":0},"up":{"uv":[0.0,6.0,0.9375,8.0],"rotation":0,"texture":"#0","tintindex":0},"down":{"uv":[3.0,2.0,3.9375,0.0],"rotation":0,"texture":"#0","tintindex":0}}},{"from":[6.144457,6.083617,9.753899],"to":[9.855543,9.920573,10.62306],"rotation":{"angle":0.0,"axis":"y","origin":[7.9999995,7.9989524,8.0]},"faces":{"east":{"uv":[1.5,10.0,1.6875,11.875],"rotation":0,"texture":"#0","tintindex":0},"south":{"uv":[4.8125,3.75,5.75,5.625],"rotation":0,"texture":"#0","tintindex":0},"north":{"uv":[4.8125,7.875,5.75,9.75],"rotation":0,"texture":"#0","tintindex":0},"west":{"uv":[1.3125,10.0,1.5,11.875],"rotation":0,"texture":"#0","tintindex":0},"up":{"uv":[0.375,10.375,1.3125,10.75],"rotation":0,"texture":"#0","tintindex":0},"down":{"uv":[0.375,11.125,1.3125,10.75],"rotation":0,"texture":"#0","tintindex":0}}},{"from":[6.144457,6.083617,5.37694],"to":[9.855543,9.920573,6.2461023],"rotation":{"angle":0.0,"axis":"y","origin":[7.9999995,7.9989524,8.0]},"faces":{"east":{"uv":[0.1875,10.0,0.375,11.875],"rotation":0,"texture":"#0","tintindex":0},"south":{"uv":[3.875,8.0,4.8125,9.875],"rotation":0,"texture":"#0","tintindex":0},"north":{"uv":[4.8125,3.75,5.75,5.625],"rotation":0,"texture":"#0","tintindex":0},"west":{"uv":[0.0,10.0,0.1875,11.875],"rotation":0,"texture":"#0","tintindex":0},"up":{"uv":[4.8125,5.625,5.75,6.0],"rotation":0,"texture":"#0","tintindex":0},"down":{"uv":[0.375,10.375,1.3125,10.0],"rotation":0,"texture":"#0","tintindex":0}}},{"from":[4.372665,7.5024357,6.15992],"to":[8.496521,11.626287,9.84008],"rotation":{"angle":-45.0,"axis":"z","origin":[7.9999995,7.9989524,8.0]},"faces":{"east":{"uv":[0.9375,8.0,1.875,10.0],"rotation":0,"texture":"#0","tintindex":0},"south":{"uv":[1.0,4.0,2.0,6.0],"rotation":0,"texture":"#0","tintindex":0},"north":{"uv":[2.0,2.0,3.0,4.0],"rotation":0,"texture":"#0","tintindex":0},"west":{"uv":[0.0,8.0,0.9375,10.0],"rotation":0,"texture":"#0","tintindex":0},"up":{"uv":[1.875,8.0,2.875,9.875],"rotation":0,"texture":"#0","tintindex":0},"down":{"uv":[2.875,9.875,3.875,8.0],"rotation":0,"texture":"#0","tintindex":0}}},{"from":[6.1599197,3.7169194,5.938071],"to":[9.84008,7.8407707,10.061927],"rotation":{"angle":45.0,"axis":"x","origin":[8.000001,5.778846,7.9999995]},"faces":{"east":{"uv":[0.0,4.0,1.0,2.0],"rotation":0,"texture":"#0","tintindex":0},"south":{"uv":[2.0,6.0,2.9375,4.0],"rotation":0,"texture":"#0","tintindex":0},"north":{"uv":[2.9375,6.0,3.875,4.0],"rotation":0,"texture":"#0","tintindex":0},"west":{"uv":[0.0,2.0,1.0,0.0],"rotation":0,"texture":"#0","tintindex":0},"up":{"uv":[3.0,0.0,3.9375,2.0],"rotation":0,"texture":"#0","tintindex":0},"down":{"uv":[0.0,8.0,0.9375,6.0],"rotation":0,"texture":"#0","tintindex":0}}},{"from":[5.938073,3.7169194,6.15992],"to":[10.06193,7.8407707,9.84008],"rotation":{"angle":45.0,"axis":"z","origin":[8.000001,5.778846,7.9999995]},"faces":{"east":{"uv":[0.9375,10.0,1.875,8.0],"rotation":0,"texture":"#0","tintindex":0},"south":{"uv":[1.0,6.0,2.0,4.0],"rotation":0,"texture":"#0","tintindex":0},"north":{"uv":[2.0,4.0,3.0,2.0],"rotation":0,"texture":"#0","tintindex":0},"west":{"uv":[0.0,10.0,0.9375,8.0],"rotation":0,"texture":"#0","tintindex":0},"up":{"uv":[2.875,8.0,3.875,9.875],"rotation":0,"texture":"#0","tintindex":0},"down":{"uv":[1.875,9.875,2.875,8.0],"rotation":0,"texture":"#0","tintindex":0}}},{"from":[9.753898,6.083617,6.1444573],"to":[10.62306,9.920573,9.855543],"rotation":{"angle":0.0,"axis":"y","origin":[7.9999995,7.9989524,8.0]},"faces":{"east":{"uv":[4.8125,3.75,5.75,5.625],"rotation":0,"texture":"#0","tintindex":0},"south":{"uv":[0.9375,11.125,1.125,13.0],"rotation":0,"texture":"#0","tintindex":0},"north":{"uv":[1.125,11.125,1.3125,13.0],"rotation":0,"texture":"#0","tintindex":0},"west":{"uv":[4.9375,1.875,5.875,3.75],"rotation":0,"texture":"#0","tintindex":0},"up":{"uv":[5.625,6.0,5.8125,7.875],"rotation":0,"texture":"#0","tintindex":0},"down":{"uv":[5.75,5.625,5.9375,3.75],"rotation":0,"texture":"#0","tintindex":0}}},{"from":[8.569117,6.083617,9.004772],"to":[9.438279,9.920573,10.090205],"rotation":{"angle":-45.0,"axis":"y","origin":[9.003697,8.002095,10.860315]},"faces":{"east":{"uv":[3.0625,9.875,3.3125,11.75],"rotation":0,"texture":"#0","tintindex":0},"south":{"uv":[5.75,7.875,5.9375,9.75],"rotation":0,"texture":"#0","tintindex":0},"north":{"uv":[5.75,9.75,5.9375,11.625],"rotation":0,"texture":"#0","tintindex":0},"west":{"uv":[2.8125,9.875,3.0625,11.75],"rotation":0,"texture":"#0","tintindex":0},"up":{"uv":[5.75,11.625,5.9375,12.125],"rotation":0,"texture":"#0","tintindex":0},"down":{"uv":[5.875,0.5,6.0625,0.0],"rotation":0,"texture":"#0","tintindex":0}}},{"from":[6.5617204,6.083617,9.004772],"to":[7.430883,9.920573,10.090205],"rotation":{"angle":45.0,"axis":"y","origin":[6.9963017,8.002095,10.860315]},"faces":{"east":{"uv":[3.5625,9.875,3.8125,11.75],"rotation":0,"texture":"#0","tintindex":0},"south":{"uv":[5.8125,5.625,6.0,7.5],"rotation":0,"texture":"#0","tintindex":0},"north":{"uv":[4.8125,11.625,5.0,13.5],"rotation":0,"texture":"#0","tintindex":0},"west":{"uv":[3.3125,9.875,3.5625,11.75],"rotation":0,"texture":"#0","tintindex":0},"up":{"uv":[5.875,0.5,6.0625,1.0],"rotation":0,"texture":"#0","tintindex":0},"down":{"uv":[5.875,1.5,6.0625,1.0],"rotation":0,"texture":"#0","tintindex":0}}},{"from":[6.5617204,6.083617,5.909795],"to":[7.430883,9.920573,6.995229],"rotation":{"angle":-45.0,"axis":"y","origin":[6.9963017,8.002095,5.1396856]},"faces":{"east":{"uv":[4.5625,9.875,4.8125,11.75],"rotation":0,"texture":"#0","tintindex":0},"south":{"uv":[5.375,11.625,5.5625,13.5],"rotation":0,"texture":"#0","tintindex":0},"north":{"uv":[5.5625,11.625,5.75,13.5],"rotation":0,"texture":"#0","tintindex":0},"west":{"uv":[4.3125,9.875,4.5625,11.75],"rotation":0,"texture":"#0","tintindex":0},"up":{"uv":[5.875,2.5,6.0625,3.0],"rotation":0,"texture":"#0","tintindex":0},"down":{"uv":[5.875,3.5,6.0625,3.0],"rotation":0,"texture":"#0","tintindex":0}}},{"from":[8.569117,6.083617,5.909795],"to":[9.438279,9.920573,6.995229],"rotation":{"angle":45.0,"axis":"y","origin":[9.003697,8.002095,5.1396856]},"faces":{"east":{"uv":[4.0625,9.875,4.3125,11.75],"rotation":0,"texture":"#0","tintindex":0},"south":{"uv":[5.0,11.625,5.1875,13.5],"rotation":0,"texture":"#0","tintindex":0},"north":{"uv":[5.1875,11.625,5.375,13.5],"rotation":0,"texture":"#0","tintindex":0},"west":{"uv":[3.8125,9.875,4.0625,11.75],"rotation":0,"texture":"#0","tintindex":0},"up":{"uv":[5.875,1.5,6.0625,2.0],"rotation":0,"texture":"#0","tintindex":0},"down":{"uv":[5.875,2.5,6.0625,2.0],"rotation":0,"texture":"#0","tintindex":0}}},{"from":[5.3769393,6.083617,6.1444573],"to":[6.246102,9.920573,9.855543],"rotation":{"angle":0.0,"axis":"y","origin":[7.9999995,7.9989524,8.0]},"faces":{"east":{"uv":[4.9375,0.0,5.875,1.875],"rotation":0,"texture":"#0","tintindex":0},"south":{"uv":[1.6875,10.0,1.875,11.875],"rotation":0,"texture":"#0","tintindex":0},"north":{"uv":[0.375,11.125,0.5625,13.0],"rotation":0,"texture":"#0","tintindex":0},"west":{"uv":[4.8125,3.75,5.75,5.625],"rotation":0,"texture":"#0","tintindex":0},"up":{"uv":[0.5625,11.125,0.75,13.0],"rotation":0,"texture":"#0","tintindex":0},"down":{"uv":[0.75,13.0,0.9375,11.125],"rotation":0,"texture":"#0","tintindex":0}}}],"display":{"head":{"translation":[0.0,-6.4,0.0],"scale":[4.0,4.0,4.0]}}}