{"textures":{"0":"minecraft:modelengine/entity/turret_tier5"},"elements":[{"from":[5.3746133,7.0680823,5.756871],"to":[10.62951,8.934884,6.5897517],"rotation":{"angle":22.5,"axis":"x","origin":[8.000428,8.002295,8.008343]},"faces":{"east":{"uv":[9.0,10.25,9.125,10.5],"rotation":0,"texture":"#0","tintindex":0},"south":{"uv":[8.75,5.5,9.375,5.75],"rotation":0,"texture":"#0","tintindex":0},"north":{"uv":[8.75,3.25,9.375,3.5],"rotation":0,"texture":"#0","tintindex":0},"west":{"uv":[10.25,9.0,10.375,9.25],"rotation":0,"texture":"#0","tintindex":0},"up":{"uv":[10.125,8.125,9.5,8.0],"rotation":0,"texture":"#0","tintindex":0},"down":{"uv":[10.375,1.25,9.75,1.375],"rotation":0,"texture":"#0","tintindex":0}}},{"from":[5.3746133,7.069704,5.756871],"to":[10.62951,8.936506,6.5897517],"rotation":{"angle":-22.5,"axis":"x","origin":[8.000428,8.002295,8.008343]},"faces":{"east":{"uv":[9.25,10.25,9.375,10.5],"rotation":0,"texture":"#0","tintindex":0},"south":{"uv":[8.75,6.75,9.375,7.0],"rotation":0,"texture":"#0","tintindex":0},"north":{"uv":[8.75,5.75,9.375,6.0],"rotation":0,"texture":"#0","tintindex":0},"west":{"uv":[10.25,9.25,10.375,9.5],"rotation":0,"texture":"#0","tintindex":0},"up":{"uv":[2.375,9.875,1.75,9.75],"rotation":0,"texture":"#0","tintindex":0},"down":{"uv":[3.625,9.75,3.0,9.875],"rotation":0,"texture":"#0","tintindex":0}}},{"from":[5.3746133,5.7508225,7.0757527],"to":[10.62951,6.5837035,8.942554],"rotation":{"angle":22.5,"axis":"x","origin":[8.000428,8.002295,8.008343]},"faces":{"east":{"uv":[9.5,10.25,9.75,10.375],"rotation":0,"texture":"#0","tintindex":0},"south":{"uv":[3.75,9.75,4.375,9.875],"rotation":0,"texture":"#0","tintindex":0},"north":{"uv":[9.75,3.5,10.375,3.625],"rotation":0,"texture":"#0","tintindex":0},"west":{"uv":[10.25,9.5,10.5,9.625],"rotation":0,"texture":"#0","tintindex":0},"up":{"uv":[9.375,7.25,8.75,7.0],"rotation":0,"texture":"#0","tintindex":0},"down":{"uv":[9.625,0.75,9.0,1.0],"rotation":0,"texture":"#0","tintindex":0}}},{"from":[5.3746133,5.7508225,7.074131],"to":[10.62951,6.5837035,8.940933],"rotation":{"angle":-22.5,"axis":"x","origin":[8.000428,8.002295,8.008343]},"faces":{"east":{"uv":[9.75,10.25,10.0,10.375],"rotation":0,"texture":"#0","tintindex":0},"south":{"uv":[9.75,4.0,10.375,4.125],"rotation":0,"texture":"#0","tintindex":0},"north":{"uv":[9.75,3.75,10.375,3.875],"rotation":0,"texture":"#0","tintindex":0},"west":{"uv":[10.25,9.75,10.5,9.875],"rotation":0,"texture":"#0","tintindex":0},"up":{"uv":[9.625,1.25,9.0,1.0],"rotation":0,"texture":"#0","tintindex":0},"down":{"uv":[6.125,9.0,5.5,9.25],"rotation":0,"texture":"#0","tintindex":0}}},{"from":[5.3537197,6.2790923,6.285141],"to":[10.643869,9.725496,9.7315445],"rotation":{"angle":0.0,"axis":"y","origin":[8.000428,8.002295,8.008343]},"faces":{"east":{"uv":[7.0,9.0,7.375,9.375],"rotation":0,"texture":"#0","tintindex":0},"south":{"uv":[0.0,7.75,0.625,8.125],"rotation":0,"texture":"#0","tintindex":0},"north":{"uv":[7.5,7.25,8.125,7.625],"rotation":0,"texture":"#0","tintindex":0},"west":{"uv":[9.0,7.25,9.375,7.625],"rotation":0,"texture":"#0","tintindex":0},"up":{"uv":[1.375,8.125,0.75,7.75],"rotation":0,"texture":"#0","tintindex":0},"down":{"uv":[8.375,2.0,7.75,2.375],"rotation":0,"texture":"#0","tintindex":0}}},{"from":[5.3746133,7.0680823,9.426933],"to":[10.62951,8.934884,10.259814],"rotation":{"angle":-22.5,"axis":"x","origin":[8.000428,8.002295,8.008343]},"faces":{"east":{"uv":[10.25,10.0,10.375,10.25],"rotation":0,"texture":"#0","tintindex":0},"south":{"uv":[6.25,9.0,6.875,9.25],"rotation":0,"texture":"#0","tintindex":0},"north":{"uv":[9.0,6.0,9.625,6.25],"rotation":0,"texture":"#0","tintindex":0},"west":{"uv":[10.25,10.25,10.375,10.5],"rotation":0,"texture":"#0","tintindex":0},"up":{"uv":[10.375,4.375,9.75,4.25],"rotation":0,"texture":"#0","tintindex":0},"down":{"uv":[5.125,9.75,4.5,9.875],"rotation":0,"texture":"#0","tintindex":0}}},{"from":[5.3746133,7.069704,9.426933],"to":[10.62951,8.936506,10.259814],"rotation":{"angle":22.5,"axis":"x","origin":[8.000428,8.002295,8.008343]},"faces":{"east":{"uv":[0.0,10.5,0.125,10.75],"rotation":0,"texture":"#0","tintindex":0},"south":{"uv":[9.0,6.5,9.625,6.75],"rotation":0,"texture":"#0","tintindex":0},"north":{"uv":[9.0,6.25,9.625,6.5],"rotation":0,"texture":"#0","tintindex":0},"west":{"uv":[10.5,0.0,10.625,0.25],"rotation":0,"texture":"#0","tintindex":0},"up":{"uv":[10.375,4.625,9.75,4.5],"rotation":0,"texture":"#0","tintindex":0},"down":{"uv":[10.375,4.75,9.75,4.875],"rotation":0,"texture":"#0","tintindex":0}}},{"from":[3.658915,8.8549385,-6.908868],"to":[12.338675,17.56051,10.457495],"rotation":{"angle":0.0,"axis":"y","origin":[8.000836,6.7009363,6.852564]},"faces":{"east":{"uv":[2.75,0.0,4.25,0.75],"rotation":0,"texture":"#0","tintindex":0},"south":{"uv":[2.0,4.0,3.0,4.75],"rotation":0,"texture":"#0","tintindex":0},"north":{"uv":[1.0,4.0,2.0,4.75],"rotation":0,"texture":"#0","tintindex":0},"west":{"uv":[2.75,0.75,4.25,1.5],"rotation":0,"texture":"#0","tintindex":0},"up":{"uv":[2.5,4.0,1.5,2.5],"rotation":0,"texture":"#0","tintindex":0},"down":{"uv":[3.5,2.5,2.5,4.0],"rotation":0,"texture":"#0","tintindex":0}}},{"from":[3.7314615,10.37399,-12.529995],"to":[12.266129,12.695476,-10.253292],"rotation":{"angle":45.0,"axis":"x","origin":[7.998795,8.3426895,-3.846815]},"faces":{"east":{"uv":[2.0,10.0,2.25,10.25],"rotation":0,"texture":"#0","tintindex":0},"south":{"uv":[1.5,8.0,2.375,8.25],"rotation":0,"texture":"#0","tintindex":0},"north":{"uv":[8.0,1.0,8.875,1.25],"rotation":0,"texture":"#0","tintindex":0},"west":{"uv":[2.25,10.0,2.5,10.25],"rotation":0,"texture":"#0","tintindex":0},"up":{"uv":[3.375,8.25,2.5,8.0],"rotation":0,"texture":"#0","tintindex":0},"down":{"uv":[4.375,8.0,3.5,8.25],"rotation":0,"texture":"#0","tintindex":0}}},{"from":[3.7314615,4.9198294,-12.498331],"to":[12.266129,7.2413154,-10.221626],"rotation":{"angle":45.0,"axis":"x","origin":[7.998795,2.8885293,-3.8151503]},"faces":{"east":{"uv":[2.75,10.0,3.0,10.25],"rotation":0,"texture":"#0","tintindex":0},"south":{"uv":[5.5,8.0,6.375,8.25],"rotation":0,"texture":"#0","tintindex":0},"north":{"uv":[4.5,8.0,5.375,8.25],"rotation":0,"texture":"#0","tintindex":0},"west":{"uv":[3.0,10.0,3.25,10.25],"rotation":0,"texture":"#0","tintindex":0},"up":{"uv":[7.375,8.25,6.5,8.0],"rotation":0,"texture":"#0","tintindex":0},"down":{"uv":[8.375,8.0,7.5,8.25],"rotation":0,"texture":"#0","tintindex":0}}},{"from":[3.658915,10.464812,-8.5504055],"to":[12.338675,15.918972,-6.908868],"rotation":{"angle":0.0,"axis":"y","origin":[8.000836,6.7009363,6.852564]},"faces":{"east":{"uv":[3.25,10.0,3.375,10.5],"rotation":0,"texture":"#0","tintindex":0},"south":{"uv":[4.25,0.5,5.25,1.0],"rotation":0,"texture":"#0","tintindex":0},"north":{"uv":[4.25,0.0,5.25,0.5],"rotation":0,"texture":"#0","tintindex":0},"west":{"uv":[3.5,10.0,3.625,10.5],"rotation":0,"texture":"#0","tintindex":0},"up":{"uv":[10.25,2.375,9.25,2.25],"rotation":0,"texture":"#0","tintindex":0},"down":{"uv":[10.25,2.5,9.25,2.625],"rotation":0,"texture":"#0","tintindex":0}}},{"from":[3.7314615,4.9198294,13.770254],"to":[12.266129,7.2413154,16.046959],"rotation":{"angle":-45.0,"axis":"x","origin":[7.998795,2.8885293,7.363777]},"faces":{"east":{"uv":[10.0,3.25,10.25,3.5],"rotation":0,"texture":"#0","tintindex":0},"south":{"uv":[8.25,0.0,9.125,0.25],"rotation":0,"texture":"#0","tintindex":0},"north":{"uv":[0.0,8.25,0.875,8.5],"rotation":0,"texture":"#0","tintindex":0},"west":{"uv":[3.75,10.0,4.0,10.25],"rotation":0,"texture":"#0","tintindex":0},"up":{"uv":[9.125,0.5,8.25,0.25],"rotation":0,"texture":"#0","tintindex":0},"down":{"uv":[1.875,8.25,1.0,8.5],"rotation":0,"texture":"#0","tintindex":0}}},{"from":[3.7314615,10.37399,13.80192],"to":[12.266129,12.695476,16.078625],"rotation":{"angle":-45.0,"axis":"x","origin":[7.998795,8.3426895,7.3954425]},"faces":{"east":{"uv":[4.0,10.0,4.25,10.25],"rotation":0,"texture":"#0","tintindex":0},"south":{"uv":[8.25,1.5,9.125,1.75],"rotation":0,"texture":"#0","tintindex":0},"north":{"uv":[8.25,1.25,9.125,1.5],"rotation":0,"texture":"#0","tintindex":0},"west":{"uv":[4.25,10.0,4.5,10.25],"rotation":0,"texture":"#0","tintindex":0},"up":{"uv":[9.125,2.0,8.25,1.75],"rotation":0,"texture":"#0","tintindex":0},"down":{"uv":[2.875,8.25,2.0,8.5],"rotation":0,"texture":"#0","tintindex":0}}},{"from":[3.658915,10.464812,10.457495],"to":[12.338675,15.918972,12.099032],"rotation":{"angle":0.0,"axis":"y","origin":[8.000836,6.7009363,-3.303936]},"faces":{"east":{"uv":[4.5,10.0,4.625,10.5],"rotation":0,"texture":"#0","tintindex":0},"south":{"uv":[4.5,2.25,5.5,2.75],"rotation":0,"texture":"#0","tintindex":0},"north":{"uv":[4.25,1.0,5.25,1.5],"rotation":0,"texture":"#0","tintindex":0},"west":{"uv":[4.75,10.0,4.875,10.5],"rotation":0,"texture":"#0","tintindex":0},"up":{"uv":[10.25,2.875,9.25,2.75],"rotation":0,"texture":"#0","tintindex":0},"down":{"uv":[10.25,3.0,9.25,3.125],"rotation":0,"texture":"#0","tintindex":0}}},{"from":[3.612605,9.725496,12.785301],"to":[12.384985,16.689953,15.070962],"rotation":{"angle":0.0,"axis":"y","origin":[8.000428,8.002295,23.794445]},"faces":{"east":{"uv":[5.5,8.25,5.75,9.0],"rotation":0,"texture":"#0","tintindex":0},"south":{"uv":[0.0,4.0,1.0,4.75],"rotation":0,"texture":"#0","tintindex":0},"north":{"uv":[3.75,1.5,4.75,2.25],"rotation":0,"texture":"#0","tintindex":0},"west":{"uv":[5.75,8.25,6.0,9.0],"rotation":0,"texture":"#0","tintindex":0},"up":{"uv":[8.25,1.5,7.25,1.25],"rotation":0,"texture":"#0","tintindex":0},"down":{"uv":[8.25,3.75,7.25,4.0],"rotation":0,"texture":"#0","tintindex":0}}},{"from":[3.6706429,14.428343,13.651378],"to":[12.326947,16.517681,18.72282],"rotation":{"angle":22.5,"axis":"x","origin":[7.998795,13.035452,14.794209]},"faces":{"east":{"uv":[9.25,3.5,9.75,3.75],"rotation":0,"texture":"#0","tintindex":0},"south":{"uv":[8.25,3.5,9.125,3.75],"rotation":0,"texture":"#0","tintindex":0},"north":{"uv":[3.0,8.25,3.875,8.5],"rotation":0,"texture":"#0","tintindex":0},"west":{"uv":[9.25,3.75,9.75,4.0],"rotation":0,"texture":"#0","tintindex":0},"up":{"uv":[5.625,2.0,4.75,1.5],"rotation":0,"texture":"#0","tintindex":0},"down":{"uv":[2.875,4.75,2.0,5.25],"rotation":0,"texture":"#0","tintindex":0}}},{"from":[3.6706429,10.838452,14.433986],"to":[12.326947,12.92779,19.505428],"rotation":{"angle":-22.5,"axis":"x","origin":[7.998795,11.8831215,17.55008]},"faces":{"east":{"uv":[9.25,4.0,9.75,4.25],"rotation":0,"texture":"#0","tintindex":0},"south":{"uv":[4.0,8.25,4.875,8.5],"rotation":0,"texture":"#0","tintindex":0},"north":{"uv":[8.25,3.75,9.125,4.0],"rotation":0,"texture":"#0","tintindex":0},"west":{"uv":[9.25,4.25,9.75,4.5],"rotation":0,"texture":"#0","tintindex":0},"up":{"uv":[5.875,3.25,5.0,2.75],"rotation":0,"texture":"#0","tintindex":0},"down":{"uv":[5.875,3.25,5.0,3.75],"rotation":0,"texture":"#0","tintindex":0}}},{"from":[3.6706429,11.637106,18.274977],"to":[5.9921284,13.262146,18.935596],"rotation":{"angle":45.0,"axis":"x","origin":[7.998795,12.217478,20.8107]},"faces":{"east":{"uv":[8.75,10.5,8.875,10.625],"rotation":0,"texture":"#0","tintindex":0},"south":{"uv":[10.5,0.25,10.75,0.375],"rotation":0,"texture":"#0","tintindex":0},"north":{"uv":[0.25,10.5,0.5,10.625],"rotation":0,"texture":"#0","tintindex":0},"west":{"uv":[10.5,8.75,10.625,8.875],"rotation":0,"texture":"#0","tintindex":0},"up":{"uv":[0.75,10.625,0.5,10.5],"rotation":0,"texture":"#0","tintindex":0},"down":{"uv":[10.75,0.5,10.5,0.625],"rotation":0,"texture":"#0","tintindex":0}}},{"from":[3.6706429,13.335651,18.786709],"to":[5.9921284,13.996272,20.411747],"rotation":{"angle":-22.5,"axis":"x","origin":[7.998795,13.665962,19.599228]},"faces":{"east":{"uv":[9.0,10.5,9.125,10.625],"rotation":0,"texture":"#0","tintindex":0},"south":{"uv":[10.5,0.75,10.75,0.875],"rotation":0,"texture":"#0","tintindex":0},"north":{"uv":[0.75,10.5,1.0,10.625],"rotation":0,"texture":"#0","tintindex":0},"west":{"uv":[10.5,9.0,10.625,9.125],"rotation":0,"texture":"#0","tintindex":0},"up":{"uv":[1.25,10.625,1.0,10.5],"rotation":0,"texture":"#0","tintindex":0},"down":{"uv":[10.75,1.0,10.5,1.125],"rotation":0,"texture":"#0","tintindex":0}}},{"from":[3.6706429,11.767124,19.014729],"to":[5.9921284,13.392164,19.67535],"rotation":{"angle":-45.0,"axis":"x","origin":[7.998795,12.611921,19.507309]},"faces":{"east":{"uv":[9.25,10.5,9.375,10.625],"rotation":0,"texture":"#0","tintindex":0},"south":{"uv":[10.5,1.25,10.75,1.375],"rotation":0,"texture":"#0","tintindex":0},"north":{"uv":[1.25,10.5,1.5,10.625],"rotation":0,"texture":"#0","tintindex":0},"west":{"uv":[10.5,9.25,10.625,9.375],"rotation":0,"texture":"#0","tintindex":0},"up":{"uv":[1.75,10.625,1.5,10.5],"rotation":0,"texture":"#0","tintindex":0},"down":{"uv":[10.75,1.5,10.5,1.625],"rotation":0,"texture":"#0","tintindex":0}}},{"from":[3.6706429,12.743716,18.851261],"to":[5.9921284,13.671733,20.476303],"rotation":{"angle":0.0,"axis":"y","origin":[7.998795,13.074026,19.663784]},"faces":{"east":{"uv":[9.5,10.5,9.625,10.625],"rotation":0,"texture":"#0","tintindex":0},"south":{"uv":[10.5,1.75,10.75,1.875],"rotation":0,"texture":"#0","tintindex":0},"north":{"uv":[1.75,10.5,2.0,10.625],"rotation":0,"texture":"#0","tintindex":0},"west":{"uv":[10.5,9.5,10.625,9.625],"rotation":0,"texture":"#0","tintindex":0},"up":{"uv":[2.25,10.625,2.0,10.5],"rotation":0,"texture":"#0","tintindex":0},"down":{"uv":[10.75,2.0,10.5,2.125],"rotation":0,"texture":"#0","tintindex":0}}},{"from":[3.6706429,12.419177,18.786709],"to":[5.9921284,13.079798,20.411747],"rotation":{"angle":22.5,"axis":"x","origin":[7.998795,12.749487,19.599228]},"faces":{"east":{"uv":[9.75,10.5,9.875,10.625],"rotation":0,"texture":"#0","tintindex":0},"south":{"uv":[10.5,2.25,10.75,2.375],"rotation":0,"texture":"#0","tintindex":0},"north":{"uv":[2.25,10.5,2.5,10.625],"rotation":0,"texture":"#0","tintindex":0},"west":{"uv":[10.5,9.75,10.625,9.875],"rotation":0,"texture":"#0","tintindex":0},"up":{"uv":[2.75,10.625,2.5,10.5],"rotation":0,"texture":"#0","tintindex":0},"down":{"uv":[10.75,2.5,10.5,2.625],"rotation":0,"texture":"#0","tintindex":0}}},{"from":[3.7286797,11.814833,15.070962],"to":[12.268909,14.600616,18.088894],"rotation":{"angle":0.0,"axis":"y","origin":[8.000428,8.002295,23.794445]},"faces":{"east":{"uv":[9.5,7.5,9.875,7.75],"rotation":0,"texture":"#0","tintindex":0},"south":{"uv":[8.25,4.25,9.125,4.5],"rotation":0,"texture":"#0","tintindex":0},"north":{"uv":[8.25,4.0,9.125,4.25],"rotation":0,"texture":"#0","tintindex":0},"west":{"uv":[9.5,7.75,9.875,8.0],"rotation":0,"texture":"#0","tintindex":0},"up":{"uv":[6.875,5.625,6.0,5.25],"rotation":0,"texture":"#0","tintindex":0},"down":{"uv":[6.875,5.75,6.0,6.125],"rotation":0,"texture":"#0","tintindex":0}}},{"from":[3.1483083,11.46661,8.6066265],"to":[3.8447537,14.948839,15.535259],"rotation":{"angle":0.0,"axis":"y","origin":[8.000428,8.002295,8.008343]},"faces":{"east":{"uv":[7.0,6.75,7.75,7.125],"rotation":0,"texture":"#0","tintindex":0},"south":{"uv":[10.0,10.0,10.125,10.375],"rotation":0,"texture":"#0","tintindex":0},"north":{"uv":[7.5,10.0,7.625,10.375],"rotation":0,"texture":"#0","tintindex":0},"west":{"uv":[0.0,7.25,0.75,7.625],"rotation":0,"texture":"#0","tintindex":0},"up":{"uv":[2.875,10.0,2.75,9.25],"rotation":0,"texture":"#0","tintindex":0},"down":{"uv":[8.125,9.5,8.0,10.25],"rotation":0,"texture":"#0","tintindex":0}}},{"from":[12.156102,11.46661,8.6066265],"to":[12.852549,14.948839,15.535259],"rotation":{"angle":0.0,"axis":"y","origin":[8.000428,8.002295,8.008343]},"faces":{"east":{"uv":[0.75,7.25,1.5,7.625],"rotation":0,"texture":"#0","tintindex":0},"south":{"uv":[10.25,1.5,10.375,1.875],"rotation":0,"texture":"#0","tintindex":0},"north":{"uv":[10.25,0.75,10.375,1.125],"rotation":0,"texture":"#0","tintindex":0},"west":{"uv":[7.25,0.75,8.0,1.125],"rotation":0,"texture":"#0","tintindex":0},"up":{"uv":[8.375,10.25,8.25,9.5],"rotation":0,"texture":"#0","tintindex":0},"down":{"uv":[8.625,9.5,8.5,10.25],"rotation":0,"texture":"#0","tintindex":0}}},{"from":[10.008728,11.767124,19.014729],"to":[12.330214,13.392164,19.67535],"rotation":{"angle":-45.0,"axis":"x","origin":[8.002062,12.611921,19.507309]},"faces":{"east":{"uv":[10.625,9.25,10.5,9.375],"rotation":0,"texture":"#0","tintindex":0},"south":{"uv":[10.75,1.25,10.5,1.375],"rotation":0,"texture":"#0","tintindex":0},"north":{"uv":[1.5,10.5,1.25,10.625],"rotation":0,"texture":"#0","tintindex":0},"west":{"uv":[9.375,10.5,9.25,10.625],"rotation":0,"texture":"#0","tintindex":0},"up":{"uv":[1.5,10.625,1.75,10.5],"rotation":0,"texture":"#0","tintindex":0},"down":{"uv":[10.5,1.5,10.75,1.625],"rotation":0,"texture":"#0","tintindex":0}}},{"from":[10.008728,12.419177,18.786709],"to":[12.330214,13.079798,20.411747],"rotation":{"angle":22.5,"axis":"x","origin":[8.002062,12.749487,19.599228]},"faces":{"east":{"uv":[10.625,9.75,10.5,9.875],"rotation":0,"texture":"#0","tintindex":0},"south":{"uv":[10.75,2.25,10.5,2.375],"rotation":0,"texture":"#0","tintindex":0},"north":{"uv":[2.5,10.5,2.25,10.625],"rotation":0,"texture":"#0","tintindex":0},"west":{"uv":[9.875,10.5,9.75,10.625],"rotation":0,"texture":"#0","tintindex":0},"up":{"uv":[2.5,10.625,2.75,10.5],"rotation":0,"texture":"#0","tintindex":0},"down":{"uv":[10.5,2.5,10.75,2.625],"rotation":0,"texture":"#0","tintindex":0}}},{"from":[10.008728,12.743716,18.851261],"to":[12.330214,13.671733,20.476303],"rotation":{"angle":0.0,"axis":"y","origin":[8.002062,13.074026,19.663784]},"faces":{"east":{"uv":[10.625,9.5,10.5,9.625],"rotation":0,"texture":"#0","tintindex":0},"south":{"uv":[10.75,1.75,10.5,1.875],"rotation":0,"texture":"#0","tintindex":0},"north":{"uv":[2.0,10.5,1.75,10.625],"rotation":0,"texture":"#0","tintindex":0},"west":{"uv":[9.625,10.5,9.5,10.625],"rotation":0,"texture":"#0","tintindex":0},"up":{"uv":[2.0,10.625,2.25,10.5],"rotation":0,"texture":"#0","tintindex":0},"down":{"uv":[10.5,2.0,10.75,2.125],"rotation":0,"texture":"#0","tintindex":0}}},{"from":[10.008728,13.335651,18.786709],"to":[12.330214,13.996272,20.411747],"rotation":{"angle":-22.5,"axis":"x","origin":[8.002062,13.665962,19.599228]},"faces":{"east":{"uv":[10.625,9.0,10.5,9.125],"rotation":0,"texture":"#0","tintindex":0},"south":{"uv":[10.75,0.75,10.5,0.875],"rotation":0,"texture":"#0","tintindex":0},"north":{"uv":[1.0,10.5,0.75,10.625],"rotation":0,"texture":"#0","tintindex":0},"west":{"uv":[9.125,10.5,9.0,10.625],"rotation":0,"texture":"#0","tintindex":0},"up":{"uv":[1.0,10.625,1.25,10.5],"rotation":0,"texture":"#0","tintindex":0},"down":{"uv":[10.5,1.0,10.75,1.125],"rotation":0,"texture":"#0","tintindex":0}}},{"from":[10.008728,11.637106,18.274977],"to":[12.330214,13.262146,18.935596],"rotation":{"angle":45.0,"axis":"x","origin":[8.002062,12.217478,20.8107]},"faces":{"east":{"uv":[10.625,8.75,10.5,8.875],"rotation":0,"texture":"#0","tintindex":0},"south":{"uv":[10.75,0.25,10.5,0.375],"rotation":0,"texture":"#0","tintindex":0},"north":{"uv":[0.5,10.5,0.25,10.625],"rotation":0,"texture":"#0","tintindex":0},"west":{"uv":[8.875,10.5,8.75,10.625],"rotation":0,"texture":"#0","tintindex":0},"up":{"uv":[0.5,10.625,0.75,10.5],"rotation":0,"texture":"#0","tintindex":0},"down":{"uv":[10.5,0.5,10.75,0.625],"rotation":0,"texture":"#0","tintindex":0}}}],"display":{"head":{"translation":[0.0,-6.4,0.0],"scale":[4.0,4.0,4.0]}}}