{"textures":{"0":"minecraft:modelengine/entity/turret_tier5"},"elements":[{"from":[7.246078,8.843969,6.7324686],"to":[8.753922,10.384507,14.594621],"rotation":{"angle":-22.5,"axis":"x","origin":[8.0,10.697667,11.513545]},"faces":{"east":{"uv":[8.25,4.5,9.125,4.75],"rotation":0,"texture":"#0","tintindex":0},"south":{"uv":[5.25,10.0,5.5,10.25],"rotation":0,"texture":"#0","tintindex":0},"north":{"uv":[5.0,10.0,5.25,10.25],"rotation":0,"texture":"#0","tintindex":0},"west":{"uv":[8.25,4.75,9.125,5.0],"rotation":0,"texture":"#0","tintindex":0},"up":{"uv":[5.25,9.125,5.0,8.25],"rotation":0,"texture":"#0","tintindex":0},"down":{"uv":[5.5,8.25,5.25,9.125],"rotation":0,"texture":"#0","tintindex":0}}}],"display":{"head":{"translation":[0.0,-6.4,0.0],"scale":[4.0,4.0,4.0]}}}