{"textures":{"0":"minecraft:modelengine/entity/turret_tier5"},"elements":[{"from":[3.2135878,7.6185436,3.2378173],"to":[12.786932,9.416262,12.811161],"rotation":{"angle":0.0,"axis":"y","origin":[6.4047027,7.9335284,6.4289317]},"faces":{"east":{"uv":[7.25,4.25,8.25,4.5],"rotation":0,"texture":"#0","tintindex":0},"south":{"uv":[7.25,4.5,8.25,4.75],"rotation":0,"texture":"#0","tintindex":0},"north":{"uv":[7.25,4.0,8.25,4.25],"rotation":0,"texture":"#0","tintindex":0},"west":{"uv":[7.25,4.75,8.25,5.0],"rotation":0,"texture":"#0","tintindex":0},"up":{"uv":[3.75,2.5,2.75,1.5],"rotation":0,"texture":"#0","tintindex":0},"down":{"uv":[1.0,3.0,0.0,4.0],"rotation":0,"texture":"#0","tintindex":0}}},{"from":[1.746172,7.6584325,5.4294558],"to":[4.0597296,9.358224,10.615017],"rotation":{"angle":22.5,"axis":"y","origin":[8.000259,9.529085,8.024488]},"faces":{"east":{"uv":[9.75,6.0,10.25,6.125],"rotation":0,"texture":"#0","tintindex":0},"south":{"uv":[10.25,2.5,10.5,2.625],"rotation":0,"texture":"#0","tintindex":0},"north":{"uv":[2.5,10.25,2.75,10.375],"rotation":0,"texture":"#0","tintindex":0},"west":{"uv":[6.25,9.75,6.75,9.875],"rotation":0,"texture":"#0","tintindex":0},"up":{"uv":[9.0,9.5,8.75,9.0],"rotation":0,"texture":"#0","tintindex":0},"down":{"uv":[9.25,8.75,9.0,9.25],"rotation":0,"texture":"#0","tintindex":0}}},{"from":[1.746172,7.6584325,5.433961],"to":[4.0597296,9.358224,10.619522],"rotation":{"angle":-22.5,"axis":"y","origin":[8.000259,9.529085,8.024488]},"faces":{"east":{"uv":[9.75,6.25,10.25,6.375],"rotation":0,"texture":"#0","tintindex":0},"south":{"uv":[10.25,2.75,10.5,2.875],"rotation":0,"texture":"#0","tintindex":0},"north":{"uv":[2.75,10.25,3.0,10.375],"rotation":0,"texture":"#0","tintindex":0},"west":{"uv":[9.75,6.5,10.25,6.625],"rotation":0,"texture":"#0","tintindex":0},"up":{"uv":[0.25,9.75,0.0,9.25],"rotation":0,"texture":"#0","tintindex":0},"down":{"uv":[9.5,0.0,9.25,0.5],"rotation":0,"texture":"#0","tintindex":0}}},{"from":[4.6810045,7.6584325,12.693747],"to":[9.866566,9.358224,15.007303],"rotation":{"angle":-22.5,"axis":"y","origin":[9.467676,9.529085,10.220633]},"faces":{"east":{"uv":[3.0,10.25,3.25,10.375],"rotation":0,"texture":"#0","tintindex":0},"south":{"uv":[7.25,9.75,7.75,9.875],"rotation":0,"texture":"#0","tintindex":0},"north":{"uv":[6.75,9.75,7.25,9.875],"rotation":0,"texture":"#0","tintindex":0},"west":{"uv":[10.25,3.0,10.5,3.125],"rotation":0,"texture":"#0","tintindex":0},"up":{"uv":[5.5,5.0,5.0,4.75],"rotation":0,"texture":"#0","tintindex":0},"down":{"uv":[7.0,5.0,6.5,5.25],"rotation":0,"texture":"#0","tintindex":0}}},{"from":[6.133954,7.6584325,12.693747],"to":[11.319515,9.358224,15.007303],"rotation":{"angle":22.5,"axis":"y","origin":[6.5328436,9.529085,10.220633]},"faces":{"east":{"uv":[10.25,3.25,10.5,3.375],"rotation":0,"texture":"#0","tintindex":0},"south":{"uv":[9.75,8.5,10.25,8.625],"rotation":0,"texture":"#0","tintindex":0},"north":{"uv":[9.75,8.25,10.25,8.375],"rotation":0,"texture":"#0","tintindex":0},"west":{"uv":[3.75,10.25,4.0,10.375],"rotation":0,"texture":"#0","tintindex":0},"up":{"uv":[3.5,7.75,3.0,7.5],"rotation":0,"texture":"#0","tintindex":0},"down":{"uv":[0.75,9.25,0.25,9.5],"rotation":0,"texture":"#0","tintindex":0}}},{"from":[4.6810045,7.6584325,1.0416737],"to":[9.866566,9.358224,3.3552313],"rotation":{"angle":22.5,"axis":"y","origin":[9.467676,9.529085,5.8283453]},"faces":{"east":{"uv":[4.0,10.25,4.25,10.375],"rotation":0,"texture":"#0","tintindex":0},"south":{"uv":[9.75,9.0,10.25,9.125],"rotation":0,"texture":"#0","tintindex":0},"north":{"uv":[9.75,8.75,10.25,8.875],"rotation":0,"texture":"#0","tintindex":0},"west":{"uv":[4.25,10.25,4.5,10.375],"rotation":0,"texture":"#0","tintindex":0},"up":{"uv":[9.75,0.75,9.25,0.5],"rotation":0,"texture":"#0","tintindex":0},"down":{"uv":[1.25,9.25,0.75,9.5],"rotation":0,"texture":"#0","tintindex":0}}},{"from":[6.133954,7.6584325,1.0416737],"to":[11.319515,9.358224,3.3552313],"rotation":{"angle":-22.5,"axis":"y","origin":[6.5328436,9.529085,5.8283453]},"faces":{"east":{"uv":[5.0,10.25,5.25,10.375],"rotation":0,"texture":"#0","tintindex":0},"south":{"uv":[9.75,9.5,10.25,9.625],"rotation":0,"texture":"#0","tintindex":0},"north":{"uv":[9.75,9.25,10.25,9.375],"rotation":0,"texture":"#0","tintindex":0},"west":{"uv":[10.25,5.0,10.5,5.125],"rotation":0,"texture":"#0","tintindex":0},"up":{"uv":[1.75,9.5,1.25,9.25],"rotation":0,"texture":"#0","tintindex":0},"down":{"uv":[9.75,1.25,9.25,1.5],"rotation":0,"texture":"#0","tintindex":0}}},{"from":[5.5350738,9.416262,5.5593033],"to":[10.4654455,11.041302,10.489675],"rotation":{"angle":0.0,"axis":"y","origin":[6.4047027,7.9335284,6.4289317]},"faces":{"east":{"uv":[10.0,0.0,10.5,0.125],"rotation":0,"texture":"#0","tintindex":0},"south":{"uv":[10.0,0.25,10.5,0.375],"rotation":0,"texture":"#0","tintindex":0},"north":{"uv":[9.75,9.75,10.25,9.875],"rotation":0,"texture":"#0","tintindex":0},"west":{"uv":[10.0,0.5,10.5,0.625],"rotation":0,"texture":"#0","tintindex":0},"up":{"uv":[4.0,7.75,3.5,7.25],"rotation":0,"texture":"#0","tintindex":0},"down":{"uv":[6.0,7.25,5.5,7.75],"rotation":0,"texture":"#0","tintindex":0}}},{"from":[3.2135878,11.041302,3.2378173],"to":[12.786932,12.2020445,12.811161],"rotation":{"angle":0.0,"axis":"y","origin":[6.4047027,7.9335284,6.4289317]},"faces":{"east":{"uv":[1.75,9.25,2.75,9.375],"rotation":0,"texture":"#0","tintindex":0},"south":{"uv":[9.25,1.75,10.25,1.875],"rotation":0,"texture":"#0","tintindex":0},"north":{"uv":[9.25,1.5,10.25,1.625],"rotation":0,"texture":"#0","tintindex":0},"west":{"uv":[9.25,2.0,10.25,2.125],"rotation":0,"texture":"#0","tintindex":0},"up":{"uv":[4.5,3.5,3.5,2.5],"rotation":0,"texture":"#0","tintindex":0},"down":{"uv":[4.5,3.5,3.5,4.5],"rotation":0,"texture":"#0","tintindex":0}}},{"from":[11.396826,11.081946,3.9385605],"to":[12.728895,16.537437,6.0251117],"rotation":{"angle":22.5,"axis":"x","origin":[12.0628605,13.403433,6.403746]},"faces":{"east":{"uv":[3.0,9.0,3.25,9.625],"rotation":0,"texture":"#0","tintindex":0},"south":{"uv":[9.0,9.5,9.125,10.125],"rotation":0,"texture":"#0","tintindex":0},"north":{"uv":[8.75,9.5,8.875,10.125],"rotation":0,"texture":"#0","tintindex":0},"west":{"uv":[3.25,9.0,3.5,9.625],"rotation":0,"texture":"#0","tintindex":0},"up":{"uv":[5.875,10.5,5.75,10.25],"rotation":0,"texture":"#0","tintindex":0},"down":{"uv":[10.375,5.75,10.25,6.0],"rotation":0,"texture":"#0","tintindex":0}}},{"from":[11.396826,11.081946,10.023867],"to":[12.728895,16.537437,12.110417],"rotation":{"angle":-22.5,"axis":"x","origin":[12.0628605,13.403433,9.645231]},"faces":{"east":{"uv":[3.5,9.0,3.75,9.625],"rotation":0,"texture":"#0","tintindex":0},"south":{"uv":[9.5,9.25,9.625,9.875],"rotation":0,"texture":"#0","tintindex":0},"north":{"uv":[9.25,9.5,9.375,10.125],"rotation":0,"texture":"#0","tintindex":0},"west":{"uv":[3.75,9.0,4.0,9.625],"rotation":0,"texture":"#0","tintindex":0},"up":{"uv":[6.125,10.5,6.0,10.25],"rotation":0,"texture":"#0","tintindex":0},"down":{"uv":[10.375,6.0,10.25,6.25],"rotation":0,"texture":"#0","tintindex":0}}},{"from":[3.2716246,11.081946,10.023867],"to":[4.603694,16.537437,12.110417],"rotation":{"angle":-22.5,"axis":"x","origin":[3.9376593,13.403433,9.645231]},"faces":{"east":{"uv":[4.0,9.0,4.25,9.625],"rotation":0,"texture":"#0","tintindex":0},"south":{"uv":[9.75,0.5,9.875,1.125],"rotation":0,"texture":"#0","tintindex":0},"north":{"uv":[0.5,9.75,0.625,10.375],"rotation":0,"texture":"#0","tintindex":0},"west":{"uv":[4.25,9.0,4.5,9.625],"rotation":0,"texture":"#0","tintindex":0},"up":{"uv":[8.625,10.5,8.5,10.25],"rotation":0,"texture":"#0","tintindex":0},"down":{"uv":[10.375,8.5,10.25,8.75],"rotation":0,"texture":"#0","tintindex":0}}},{"from":[3.2716246,11.081946,3.9385605],"to":[4.603694,16.537437,6.0251117],"rotation":{"angle":22.5,"axis":"x","origin":[3.9376593,13.403433,6.403746]},"faces":{"east":{"uv":[4.5,9.0,4.75,9.625],"rotation":0,"texture":"#0","tintindex":0},"south":{"uv":[1.5,9.75,1.625,10.375],"rotation":0,"texture":"#0","tintindex":0},"north":{"uv":[1.25,9.75,1.375,10.375],"rotation":0,"texture":"#0","tintindex":0},"west":{"uv":[4.75,9.0,5.0,9.625],"rotation":0,"texture":"#0","tintindex":0},"up":{"uv":[8.875,10.5,8.75,10.25],"rotation":0,"texture":"#0","tintindex":0},"down":{"uv":[10.375,8.75,10.25,9.0],"rotation":0,"texture":"#0","tintindex":0}}},{"from":[11.940789,7.6584325,5.4294558],"to":[14.254347,9.358224,10.615017],"rotation":{"angle":-22.5,"axis":"y","origin":[8.000259,9.529085,8.024488]},"faces":{"east":{"uv":[6.75,9.75,6.25,9.875],"rotation":0,"texture":"#0","tintindex":0},"south":{"uv":[10.5,2.5,10.25,2.625],"rotation":0,"texture":"#0","tintindex":0},"north":{"uv":[2.75,10.25,2.5,10.375],"rotation":0,"texture":"#0","tintindex":0},"west":{"uv":[10.25,6.0,9.75,6.125],"rotation":0,"texture":"#0","tintindex":0},"up":{"uv":[8.75,9.5,9.0,9.0],"rotation":0,"texture":"#0","tintindex":0},"down":{"uv":[9.0,8.75,9.25,9.25],"rotation":0,"texture":"#0","tintindex":0}}},{"from":[11.940789,7.6584325,5.433961],"to":[14.254347,9.358224,10.619522],"rotation":{"angle":22.5,"axis":"y","origin":[8.000259,9.529085,8.024488]},"faces":{"east":{"uv":[10.25,6.5,9.75,6.625],"rotation":0,"texture":"#0","tintindex":0},"south":{"uv":[10.5,2.75,10.25,2.875],"rotation":0,"texture":"#0","tintindex":0},"north":{"uv":[3.0,10.25,2.75,10.375],"rotation":0,"texture":"#0","tintindex":0},"west":{"uv":[10.25,6.25,9.75,6.375],"rotation":0,"texture":"#0","tintindex":0},"up":{"uv":[0.0,9.75,0.25,9.25],"rotation":0,"texture":"#0","tintindex":0},"down":{"uv":[9.25,0.0,9.5,0.5],"rotation":0,"texture":"#0","tintindex":0}}},{"from":[11.338789,12.2020445,5.3271546],"to":[12.786932,17.251276,10.721823],"rotation":{"angle":0.0,"axis":"y","origin":[12.0628605,14.72666,8.024488]},"faces":{"east":{"uv":[4.0,6.25,4.625,6.75],"rotation":0,"texture":"#0","tintindex":0},"south":{"uv":[7.75,9.75,7.875,10.25],"rotation":0,"texture":"#0","tintindex":0},"north":{"uv":[2.5,9.75,2.625,10.25],"rotation":0,"texture":"#0","tintindex":0},"west":{"uv":[4.75,6.25,5.375,6.75],"rotation":0,"texture":"#0","tintindex":0},"up":{"uv":[0.125,10.375,0.0,9.75],"rotation":0,"texture":"#0","tintindex":0},"down":{"uv":[0.375,9.75,0.25,10.375],"rotation":0,"texture":"#0","tintindex":0}}},{"from":[3.2135878,12.2020445,5.3271546],"to":[4.661731,17.251276,10.721823],"rotation":{"angle":0.0,"axis":"y","origin":[3.9376593,14.72666,8.024488]},"faces":{"east":{"uv":[5.5,6.25,6.125,6.75],"rotation":0,"texture":"#0","tintindex":0},"south":{"uv":[1.75,10.0,1.875,10.5],"rotation":0,"texture":"#0","tintindex":0},"north":{"uv":[10.0,0.75,10.125,1.25],"rotation":0,"texture":"#0","tintindex":0},"west":{"uv":[6.25,6.25,6.875,6.75],"rotation":0,"texture":"#0","tintindex":0},"up":{"uv":[0.875,10.375,0.75,9.75],"rotation":0,"texture":"#0","tintindex":0},"down":{"uv":[1.125,9.75,1.0,10.375],"rotation":0,"texture":"#0","tintindex":0}}},{"from":[2.6332164,15.452125,7.068269],"to":[13.367303,17.367352,8.980709],"rotation":{"angle":0.0,"axis":"y","origin":[12.0628605,15.190958,8.024488]},"faces":{"east":{"uv":[6.25,2.0,6.5,2.25],"rotation":0,"texture":"#0","tintindex":0},"south":{"uv":[7.0,6.0,8.125,6.25],"rotation":0,"texture":"#0","tintindex":0},"north":{"uv":[7.0,3.5,8.125,3.75],"rotation":0,"texture":"#0","tintindex":0},"west":{"uv":[8.5,2.25,8.75,2.5],"rotation":0,"texture":"#0","tintindex":0},"up":{"uv":[8.125,6.5,7.0,6.25],"rotation":0,"texture":"#0","tintindex":0},"down":{"uv":[8.125,6.5,7.0,6.75],"rotation":0,"texture":"#0","tintindex":0}}},{"from":[11.396826,17.37297,7.816428],"to":[12.728894,18.475676,9.961017],"rotation":{"angle":22.5,"axis":"x","origin":[12.0628605,15.95106,7.2636824]},"faces":{"east":{"uv":[5.25,10.25,5.5,10.375],"rotation":0,"texture":"#0","tintindex":0},"south":{"uv":[10.5,6.25,10.625,6.375],"rotation":0,"texture":"#0","tintindex":0},"north":{"uv":[6.25,10.5,6.375,10.625],"rotation":0,"texture":"#0","tintindex":0},"west":{"uv":[10.25,5.25,10.5,5.375],"rotation":0,"texture":"#0","tintindex":0},"up":{"uv":[5.625,10.5,5.5,10.25],"rotation":0,"texture":"#0","tintindex":0},"down":{"uv":[10.375,5.5,10.25,5.75],"rotation":0,"texture":"#0","tintindex":0}}},{"from":[11.396826,17.37297,6.0879607],"to":[12.728894,18.475676,8.23255],"rotation":{"angle":-22.5,"axis":"x","origin":[12.0628605,15.95106,8.7852955]},"faces":{"east":{"uv":[6.25,10.25,6.5,10.375],"rotation":0,"texture":"#0","tintindex":0},"south":{"uv":[10.5,6.5,10.625,6.625],"rotation":0,"texture":"#0","tintindex":0},"north":{"uv":[6.5,10.5,6.625,10.625],"rotation":0,"texture":"#0","tintindex":0},"west":{"uv":[10.25,6.25,10.5,6.375],"rotation":0,"texture":"#0","tintindex":0},"up":{"uv":[6.625,10.5,6.5,10.25],"rotation":0,"texture":"#0","tintindex":0},"down":{"uv":[10.375,6.5,10.25,6.75],"rotation":0,"texture":"#0","tintindex":0}}},{"from":[11.338788,17.251276,7.308496],"to":[12.786932,18.071976,8.740481],"rotation":{"angle":0.0,"axis":"y","origin":[12.120897,17.80263,6.399449]},"faces":{"east":{"uv":[10.5,6.75,10.625,6.875],"rotation":0,"texture":"#0","tintindex":0},"south":{"uv":[7.0,10.5,7.125,10.625],"rotation":0,"texture":"#0","tintindex":0},"north":{"uv":[6.75,10.5,6.875,10.625],"rotation":0,"texture":"#0","tintindex":0},"west":{"uv":[10.5,7.0,10.625,7.125],"rotation":0,"texture":"#0","tintindex":0},"up":{"uv":[7.375,10.625,7.25,10.5],"rotation":0,"texture":"#0","tintindex":0},"down":{"uv":[10.625,7.25,10.5,7.375],"rotation":0,"texture":"#0","tintindex":0}}},{"from":[3.2716255,17.37297,6.0879607],"to":[4.603694,18.475676,8.23255],"rotation":{"angle":-22.5,"axis":"x","origin":[3.9376593,15.95106,8.7852955]},"faces":{"east":{"uv":[6.75,10.25,7.0,10.375],"rotation":0,"texture":"#0","tintindex":0},"south":{"uv":[10.5,7.5,10.625,7.625],"rotation":0,"texture":"#0","tintindex":0},"north":{"uv":[7.5,10.5,7.625,10.625],"rotation":0,"texture":"#0","tintindex":0},"west":{"uv":[7.0,10.25,7.25,10.375],"rotation":0,"texture":"#0","tintindex":0},"up":{"uv":[7.375,10.5,7.25,10.25],"rotation":0,"texture":"#0","tintindex":0},"down":{"uv":[7.875,10.25,7.75,10.5],"rotation":0,"texture":"#0","tintindex":0}}},{"from":[3.2135878,17.251276,7.308496],"to":[4.661731,18.071976,8.740481],"rotation":{"angle":0.0,"axis":"y","origin":[3.8796225,17.80263,6.399449]},"faces":{"east":{"uv":[10.5,7.75,10.625,7.875],"rotation":0,"texture":"#0","tintindex":0},"south":{"uv":[8.0,10.5,8.125,10.625],"rotation":0,"texture":"#0","tintindex":0},"north":{"uv":[7.75,10.5,7.875,10.625],"rotation":0,"texture":"#0","tintindex":0},"west":{"uv":[10.5,8.0,10.625,8.125],"rotation":0,"texture":"#0","tintindex":0},"up":{"uv":[8.375,10.625,8.25,10.5],"rotation":0,"texture":"#0","tintindex":0},"down":{"uv":[10.625,8.25,10.5,8.375],"rotation":0,"texture":"#0","tintindex":0}}},{"from":[3.2716255,17.37297,7.816428],"to":[4.603694,18.475676,9.961017],"rotation":{"angle":22.5,"axis":"x","origin":[3.9376593,15.95106,7.2636824]},"faces":{"east":{"uv":[8.0,10.25,8.25,10.375],"rotation":0,"texture":"#0","tintindex":0},"south":{"uv":[10.5,8.5,10.625,8.625],"rotation":0,"texture":"#0","tintindex":0},"north":{"uv":[8.5,10.5,8.625,10.625],"rotation":0,"texture":"#0","tintindex":0},"west":{"uv":[10.25,8.0,10.5,8.125],"rotation":0,"texture":"#0","tintindex":0},"up":{"uv":[8.375,10.5,8.25,10.25],"rotation":0,"texture":"#0","tintindex":0},"down":{"uv":[10.375,8.25,10.25,8.5],"rotation":0,"texture":"#0","tintindex":0}}}],"display":{"head":{"translation":[0.0,-6.4,0.0],"scale":[4.0,4.0,4.0]}}}