{"textures":{"0":"minecraft:modelengine/entity/turret_tier5"},"elements":[{"from":[8.843969,7.246078,6.7324686],"to":[10.384507,8.753922,14.594621],"rotation":{"angle":22.5,"axis":"y","origin":[10.697667,8.0,11.513545]},"faces":{"east":{"uv":[5.25,8.25,5.0,9.125],"rotation":270,"texture":"#0","tintindex":0},"south":{"uv":[5.25,10.25,5.5,10.0],"rotation":270,"texture":"#0","tintindex":0},"north":{"uv":[5.0,10.25,5.25,10.0],"rotation":90,"texture":"#0","tintindex":0},"west":{"uv":[5.5,9.125,5.25,8.25],"rotation":270,"texture":"#0","tintindex":0},"up":{"uv":[8.25,4.75,9.125,4.5],"rotation":270,"texture":"#0","tintindex":0},"down":{"uv":[8.25,5.0,9.125,4.75],"rotation":270,"texture":"#0","tintindex":0}}}],"display":{"head":{"translation":[0.0,-6.4,0.0],"scale":[4.0,4.0,4.0]}}}