{"textures":{"0":"minecraft:modelengine/entity/turret_tier5"},"elements":[{"from":[6.951686,6.937029,7.9181247],"to":[9.04755,9.062971,9.33542],"rotation":{"angle":0.0,"axis":"y","origin":[8.000615,4.8220224,5.4487944]},"faces":{"east":{"uv":[10.0,5.5,10.25,5.75],"rotation":0,"texture":"#0","tintindex":0},"south":{"uv":[5.75,10.0,6.0,10.25],"rotation":0,"texture":"#0","tintindex":0},"north":{"uv":[5.5,10.0,5.75,10.25],"rotation":0,"texture":"#0","tintindex":0},"west":{"uv":[10.0,5.75,10.25,6.0],"rotation":0,"texture":"#0","tintindex":0},"up":{"uv":[6.25,10.25,6.0,10.0],"rotation":0,"texture":"#0","tintindex":0},"down":{"uv":[6.5,10.0,6.25,10.25],"rotation":0,"texture":"#0","tintindex":0}}},{"from":[6.737687,6.7244344,9.23125],"to":[9.261747,9.275565,15.766518],"rotation":{"angle":0.0,"axis":"y","origin":[8.000615,5.13982,5.7332873]},"faces":{"east":{"uv":[8.75,2.25,9.25,2.625],"rotation":0,"texture":"#0","tintindex":0},"south":{"uv":[9.0,7.75,9.375,8.125],"rotation":0,"texture":"#0","tintindex":0},"north":{"uv":[7.5,9.0,7.875,9.375],"rotation":0,"texture":"#0","tintindex":0},"west":{"uv":[2.5,8.75,3.0,9.125],"rotation":0,"texture":"#0","tintindex":0},"up":{"uv":[9.125,3.25,8.75,2.75],"rotation":0,"texture":"#0","tintindex":0},"down":{"uv":[9.125,5.0,8.75,5.5],"rotation":0,"texture":"#0","tintindex":0}}},{"from":[6.737687,8.82118,15.766518],"to":[9.261747,9.275565,17.042084],"rotation":{"angle":0.0,"axis":"y","origin":[8.000615,5.13982,5.7332873]},"faces":{"east":{"uv":[10.75,0.5,10.875,0.625],"rotation":0,"texture":"#0","tintindex":0},"south":{"uv":[10.0,6.75,10.375,6.875],"rotation":0,"texture":"#0","tintindex":0},"north":{"uv":[6.5,10.0,6.875,10.125],"rotation":0,"texture":"#0","tintindex":0},"west":{"uv":[0.75,10.75,0.875,10.875],"rotation":0,"texture":"#0","tintindex":0},"up":{"uv":[7.375,10.125,7.0,10.0],"rotation":0,"texture":"#0","tintindex":0},"down":{"uv":[10.375,7.0,10.0,7.125],"rotation":0,"texture":"#0","tintindex":0}}},{"from":[6.737687,6.7244344,15.766518],"to":[9.261747,7.1788197,17.042084],"rotation":{"angle":0.0,"axis":"y","origin":[8.000615,3.226472,5.7332873]},"faces":{"east":{"uv":[10.75,0.75,10.875,0.875],"rotation":0,"texture":"#0","tintindex":0},"south":{"uv":[10.0,7.5,10.375,7.625],"rotation":0,"texture":"#0","tintindex":0},"north":{"uv":[10.0,7.25,10.375,7.375],"rotation":0,"texture":"#0","tintindex":0},"west":{"uv":[1.0,10.75,1.125,10.875],"rotation":0,"texture":"#0","tintindex":0},"up":{"uv":[10.375,7.875,10.0,7.75],"rotation":0,"texture":"#0","tintindex":0},"down":{"uv":[9.875,10.0,9.5,10.125],"rotation":0,"texture":"#0","tintindex":0}}},{"from":[6.737687,7.1788197,15.766518],"to":[7.1650023,8.82118,17.042084],"rotation":{"angle":0.0,"axis":"y","origin":[8.000615,3.226472,5.7332873]},"faces":{"east":{"uv":[10.5,5.25,10.625,5.5],"rotation":0,"texture":"#0","tintindex":0},"south":{"uv":[5.5,10.5,5.625,10.75],"rotation":0,"texture":"#0","tintindex":0},"north":{"uv":[5.25,10.5,5.375,10.75],"rotation":0,"texture":"#0","tintindex":0},"west":{"uv":[10.5,5.5,10.625,5.75],"rotation":0,"texture":"#0","tintindex":0},"up":{"uv":[10.875,1.125,10.75,1.0],"rotation":0,"texture":"#0","tintindex":0},"down":{"uv":[1.375,10.75,1.25,10.875],"rotation":0,"texture":"#0","tintindex":0}}},{"from":[8.836227,7.1788197,15.766518],"to":[9.263542,8.82118,17.042084],"rotation":{"angle":0.0,"axis":"y","origin":[8.000615,3.226472,5.7332873]},"faces":{"east":{"uv":[10.5,5.75,10.625,6.0],"rotation":0,"texture":"#0","tintindex":0},"south":{"uv":[6.0,10.5,6.125,10.75],"rotation":0,"texture":"#0","tintindex":0},"north":{"uv":[5.75,10.5,5.875,10.75],"rotation":0,"texture":"#0","tintindex":0},"west":{"uv":[10.5,6.0,10.625,6.25],"rotation":0,"texture":"#0","tintindex":0},"up":{"uv":[10.875,1.375,10.75,1.25],"rotation":0,"texture":"#0","tintindex":0},"down":{"uv":[1.625,10.75,1.5,10.875],"rotation":0,"texture":"#0","tintindex":0}}}],"display":{"head":{"translation":[0.0,-6.4,0.0],"scale":[4.0,4.0,4.0]}}}