{"textures":{"0":"minecraft:modelengine/entity/turret_tier5"},"elements":[{"from":[6.937029,6.951686,8.032411],"to":[9.062971,9.04755,9.449705],"rotation":{"angle":0.0,"axis":"y","origin":[11.177978,8.000615,5.5630803]},"faces":{"east":{"uv":[6.5,10.0,6.25,10.25],"rotation":270,"texture":"#0","tintindex":0},"south":{"uv":[5.75,10.0,6.0,10.25],"rotation":270,"texture":"#0","tintindex":0},"north":{"uv":[5.5,10.0,5.75,10.25],"rotation":90,"texture":"#0","tintindex":0},"west":{"uv":[6.25,10.25,6.0,10.0],"rotation":270,"texture":"#0","tintindex":0},"up":{"uv":[10.0,5.5,10.25,5.75],"rotation":270,"texture":"#0","tintindex":0},"down":{"uv":[10.0,5.75,10.25,6.0],"rotation":270,"texture":"#0","tintindex":0}}},{"from":[6.7244344,6.737687,9.345535],"to":[9.275565,9.261747,15.880804],"rotation":{"angle":0.0,"axis":"y","origin":[10.86018,8.000615,5.8475733]},"faces":{"east":{"uv":[9.125,5.0,8.75,5.5],"rotation":270,"texture":"#0","tintindex":0},"south":{"uv":[9.0,7.75,9.375,8.125],"rotation":270,"texture":"#0","tintindex":0},"north":{"uv":[7.5,9.0,7.875,9.375],"rotation":90,"texture":"#0","tintindex":0},"west":{"uv":[9.125,3.25,8.75,2.75],"rotation":270,"texture":"#0","tintindex":0},"up":{"uv":[8.75,2.25,9.25,2.625],"rotation":270,"texture":"#0","tintindex":0},"down":{"uv":[2.5,8.75,3.0,9.125],"rotation":270,"texture":"#0","tintindex":0}}},{"from":[6.7244344,6.737687,15.880804],"to":[7.1788197,9.261747,17.156368],"rotation":{"angle":0.0,"axis":"y","origin":[10.86018,8.000615,5.8475733]},"faces":{"east":{"uv":[10.375,7.0,10.0,7.125],"rotation":270,"texture":"#0","tintindex":0},"south":{"uv":[10.0,6.75,10.375,6.875],"rotation":270,"texture":"#0","tintindex":0},"north":{"uv":[6.5,10.0,6.875,10.125],"rotation":90,"texture":"#0","tintindex":0},"west":{"uv":[7.375,10.125,7.0,10.0],"rotation":270,"texture":"#0","tintindex":0},"up":{"uv":[10.75,0.5,10.875,0.625],"rotation":270,"texture":"#0","tintindex":0},"down":{"uv":[0.75,10.75,0.875,10.875],"rotation":270,"texture":"#0","tintindex":0}}},{"from":[8.82118,6.737687,15.880804],"to":[9.275565,9.261747,17.156368],"rotation":{"angle":0.0,"axis":"y","origin":[12.773528,8.000615,5.8475733]},"faces":{"east":{"uv":[9.875,10.0,9.5,10.125],"rotation":270,"texture":"#0","tintindex":0},"south":{"uv":[10.0,7.5,10.375,7.625],"rotation":270,"texture":"#0","tintindex":0},"north":{"uv":[10.0,7.25,10.375,7.375],"rotation":90,"texture":"#0","tintindex":0},"west":{"uv":[10.375,7.875,10.0,7.75],"rotation":270,"texture":"#0","tintindex":0},"up":{"uv":[10.75,0.75,10.875,0.875],"rotation":270,"texture":"#0","tintindex":0},"down":{"uv":[1.0,10.75,1.125,10.875],"rotation":270,"texture":"#0","tintindex":0}}},{"from":[7.1788197,6.737687,15.880804],"to":[8.82118,7.1650023,17.156368],"rotation":{"angle":0.0,"axis":"y","origin":[12.773528,8.000615,5.8475733]},"faces":{"east":{"uv":[1.375,10.75,1.25,10.875],"rotation":270,"texture":"#0","tintindex":0},"south":{"uv":[5.5,10.5,5.625,10.75],"rotation":270,"texture":"#0","tintindex":0},"north":{"uv":[5.25,10.5,5.375,10.75],"rotation":90,"texture":"#0","tintindex":0},"west":{"uv":[10.875,1.125,10.75,1.0],"rotation":270,"texture":"#0","tintindex":0},"up":{"uv":[10.5,5.25,10.625,5.5],"rotation":270,"texture":"#0","tintindex":0},"down":{"uv":[10.5,5.5,10.625,5.75],"rotation":270,"texture":"#0","tintindex":0}}},{"from":[7.1788197,8.836227,15.880804],"to":[8.82118,9.263542,17.156368],"rotation":{"angle":0.0,"axis":"y","origin":[12.773528,8.000615,5.8475733]},"faces":{"east":{"uv":[1.625,10.75,1.5,10.875],"rotation":270,"texture":"#0","tintindex":0},"south":{"uv":[6.0,10.5,6.125,10.75],"rotation":270,"texture":"#0","tintindex":0},"north":{"uv":[5.75,10.5,5.875,10.75],"rotation":90,"texture":"#0","tintindex":0},"west":{"uv":[10.875,1.375,10.75,1.25],"rotation":270,"texture":"#0","tintindex":0},"up":{"uv":[10.5,5.75,10.625,6.0],"rotation":270,"texture":"#0","tintindex":0},"down":{"uv":[10.5,6.0,10.625,6.25],"rotation":270,"texture":"#0","tintindex":0}}}],"display":{"head":{"translation":[0.0,-6.4,0.0],"scale":[4.0,4.0,4.0]}}}