{"textures":{"0":"minecraft:modelengine/entity/turret_tier5"},"elements":[{"from":[6.67302,6.6544666,7.9933333],"to":[9.326013,9.345533,9.787377],"rotation":{"angle":0.0,"axis":"y","origin":[8.000778,3.9772434,4.8675985]},"faces":{"east":{"uv":[10.0,5.5,10.25,5.75],"rotation":0,"texture":"#0","tintindex":0},"south":{"uv":[5.75,10.0,6.0,10.25],"rotation":0,"texture":"#0","tintindex":0},"north":{"uv":[5.5,10.0,5.75,10.25],"rotation":0,"texture":"#0","tintindex":0},"west":{"uv":[10.0,5.75,10.25,6.0],"rotation":0,"texture":"#0","tintindex":0},"up":{"uv":[6.25,10.25,6.0,10.0],"rotation":0,"texture":"#0","tintindex":0},"down":{"uv":[6.5,10.0,6.25,10.25],"rotation":0,"texture":"#0","tintindex":0}}},{"from":[6.402136,6.3853602,9.655518],"to":[9.597149,9.614639,17.928009],"rotation":{"angle":0.0,"axis":"y","origin":[8.000778,4.379519,5.2277164]},"faces":{"east":{"uv":[8.75,2.25,9.25,2.625],"rotation":0,"texture":"#0","tintindex":0},"south":{"uv":[9.0,7.75,9.375,8.125],"rotation":0,"texture":"#0","tintindex":0},"north":{"uv":[7.5,9.0,7.875,9.375],"rotation":0,"texture":"#0","tintindex":0},"west":{"uv":[2.5,8.75,3.0,9.125],"rotation":0,"texture":"#0","tintindex":0},"up":{"uv":[9.125,3.25,8.75,2.75],"rotation":0,"texture":"#0","tintindex":0},"down":{"uv":[9.125,5.0,8.75,5.5],"rotation":0,"texture":"#0","tintindex":0}}},{"from":[6.402136,9.039469,17.928009],"to":[9.597149,9.614639,19.542648],"rotation":{"angle":0.0,"axis":"y","origin":[8.000778,4.379519,5.2277164]},"faces":{"east":{"uv":[10.75,0.5,10.875,0.625],"rotation":0,"texture":"#0","tintindex":0},"south":{"uv":[10.0,6.75,10.375,6.875],"rotation":0,"texture":"#0","tintindex":0},"north":{"uv":[6.5,10.0,6.875,10.125],"rotation":0,"texture":"#0","tintindex":0},"west":{"uv":[0.75,10.75,0.875,10.875],"rotation":0,"texture":"#0","tintindex":0},"up":{"uv":[7.375,10.125,7.0,10.0],"rotation":0,"texture":"#0","tintindex":0},"down":{"uv":[10.375,7.0,10.0,7.125],"rotation":0,"texture":"#0","tintindex":0}}},{"from":[6.402136,6.3853602,17.928009],"to":[9.597149,6.960531,19.542648],"rotation":{"angle":0.0,"axis":"y","origin":[8.000778,1.9575591,5.2277164]},"faces":{"east":{"uv":[10.75,0.75,10.875,0.875],"rotation":0,"texture":"#0","tintindex":0},"south":{"uv":[10.0,7.5,10.375,7.625],"rotation":0,"texture":"#0","tintindex":0},"north":{"uv":[10.0,7.25,10.375,7.375],"rotation":0,"texture":"#0","tintindex":0},"west":{"uv":[1.0,10.75,1.125,10.875],"rotation":0,"texture":"#0","tintindex":0},"up":{"uv":[10.375,7.875,10.0,7.75],"rotation":0,"texture":"#0","tintindex":0},"down":{"uv":[9.875,10.0,9.5,10.125],"rotation":0,"texture":"#0","tintindex":0}}},{"from":[6.402136,6.960531,17.928009],"to":[6.943041,9.039469,19.542648],"rotation":{"angle":0.0,"axis":"y","origin":[8.000778,1.9575591,5.2277164]},"faces":{"east":{"uv":[10.5,5.25,10.625,5.5],"rotation":0,"texture":"#0","tintindex":0},"south":{"uv":[5.5,10.5,5.625,10.75],"rotation":0,"texture":"#0","tintindex":0},"north":{"uv":[5.25,10.5,5.375,10.75],"rotation":0,"texture":"#0","tintindex":0},"west":{"uv":[10.5,5.5,10.625,5.75],"rotation":0,"texture":"#0","tintindex":0},"up":{"uv":[10.875,1.125,10.75,1.0],"rotation":0,"texture":"#0","tintindex":0},"down":{"uv":[1.375,10.75,1.25,10.875],"rotation":0,"texture":"#0","tintindex":0}}},{"from":[9.058516,6.960531,17.928009],"to":[9.599421,9.039469,19.542648],"rotation":{"angle":0.0,"axis":"y","origin":[8.000778,1.9575591,5.2277164]},"faces":{"east":{"uv":[10.5,5.75,10.625,6.0],"rotation":0,"texture":"#0","tintindex":0},"south":{"uv":[6.0,10.5,6.125,10.75],"rotation":0,"texture":"#0","tintindex":0},"north":{"uv":[5.75,10.5,5.875,10.75],"rotation":0,"texture":"#0","tintindex":0},"west":{"uv":[10.5,6.0,10.625,6.25],"rotation":0,"texture":"#0","tintindex":0},"up":{"uv":[10.875,1.375,10.75,1.25],"rotation":0,"texture":"#0","tintindex":0},"down":{"uv":[1.625,10.75,1.5,10.875],"rotation":0,"texture":"#0","tintindex":0}}}],"display":{"head":{"translation":[0.0,-6.4,0.0],"scale":[4.0,4.0,4.0]}}}