{"textures":{"0":"minecraft:modelengine/entity/coal_nexus"},"elements":[{"from":[3.8003917,10.261328,6.64085],"to":[5.7386723,12.199608,9.35915],"rotation":{"angle":-45.0,"axis":"z","origin":[8.0,8.0,8.0]},"faces":{"east":{"uv":[2.25,4.5,3.0,5.0],"rotation":0,"texture":"#0","tintindex":0},"south":{"uv":[1.625,6.375,2.125,6.875],"rotation":0,"texture":"#0","tintindex":0},"north":{"uv":[1.125,6.375,1.625,6.875],"rotation":0,"texture":"#0","tintindex":0},"west":{"uv":[4.75,3.25,5.5,3.75],"rotation":0,"texture":"#0","tintindex":0},"up":{"uv":[5.25,4.5,4.75,3.75],"rotation":0,"texture":"#0","tintindex":0},"down":{"uv":[5.25,4.5,4.75,5.25],"rotation":0,"texture":"#0","tintindex":0}}},{"from":[6.64085,10.261328,3.8003917],"to":[9.35915,12.199608,5.7386723],"rotation":{"angle":45.0,"axis":"x","origin":[8.0,8.0,8.0]},"faces":{"east":{"uv":[5.75,6.375,6.25,6.875],"rotation":0,"texture":"#0","tintindex":0},"south":{"uv":[5.25,4.75,6.0,5.25],"rotation":0,"texture":"#0","tintindex":0},"north":{"uv":[4.5,5.25,5.25,5.75],"rotation":0,"texture":"#0","tintindex":0},"west":{"uv":[6.25,6.375,6.75,6.875],"rotation":0,"texture":"#0","tintindex":0},"up":{"uv":[6.0,5.75,5.25,5.25],"rotation":0,"texture":"#0","tintindex":0},"down":{"uv":[0.75,5.5,0.0,6.0],"rotation":0,"texture":"#0","tintindex":0}}},{"from":[6.64085,3.8003917,10.261328],"to":[9.35915,5.7386723,12.199608],"rotation":{"angle":45.0,"axis":"x","origin":[8.0,8.0,8.0]},"faces":{"east":{"uv":[6.375,2.5,6.875,3.0],"rotation":0,"texture":"#0","tintindex":0},"south":{"uv":[3.0,5.25,3.75,5.75],"rotation":0,"texture":"#0","tintindex":0},"north":{"uv":[5.25,1.5,6.0,2.0],"rotation":0,"texture":"#0","tintindex":0},"west":{"uv":[3.75,6.375,4.25,6.875],"rotation":0,"texture":"#0","tintindex":0},"up":{"uv":[6.0,4.25,5.25,3.75],"rotation":0,"texture":"#0","tintindex":0},"down":{"uv":[6.0,4.25,5.25,4.75],"rotation":0,"texture":"#0","tintindex":0}}},{"from":[6.64085,10.214891,4.9854403],"to":[9.35915,11.696315,5.964321],"rotation":{"angle":22.5,"axis":"x","origin":[8.0,8.0,8.0]},"faces":{"east":{"uv":[8.875,0.875,9.125,1.25],"rotation":0,"texture":"#0","tintindex":0},"south":{"uv":[6.0,5.625,6.75,6.0],"rotation":0,"texture":"#0","tintindex":0},"north":{"uv":[6.0,5.25,6.75,5.625],"rotation":0,"texture":"#0","tintindex":0},"west":{"uv":[8.875,1.25,9.125,1.625],"rotation":0,"texture":"#0","tintindex":0},"up":{"uv":[1.125,7.375,0.375,7.125],"rotation":0,"texture":"#0","tintindex":0},"down":{"uv":[7.875,2.875,7.125,3.125],"rotation":0,"texture":"#0","tintindex":0}}},{"from":[6.64085,4.303685,4.9854403],"to":[9.35915,5.7851086,5.964321],"rotation":{"angle":-22.5,"axis":"x","origin":[8.0,8.0,8.0]},"faces":{"east":{"uv":[6.375,8.75,6.625,9.125],"rotation":0,"texture":"#0","tintindex":0},"south":{"uv":[6.0,4.875,6.75,5.25],"rotation":0,"texture":"#0","tintindex":0},"north":{"uv":[6.0,4.5,6.75,4.875],"rotation":0,"texture":"#0","tintindex":0},"west":{"uv":[8.875,0.5,9.125,0.875],"rotation":0,"texture":"#0","tintindex":0},"up":{"uv":[5.0,7.25,4.25,7.0],"rotation":0,"texture":"#0","tintindex":0},"down":{"uv":[7.5,7.0,6.75,7.25],"rotation":0,"texture":"#0","tintindex":0}}},{"from":[6.6294284,4.800085,6.0625124],"to":[9.370571,11.199915,6.6302214],"rotation":{"angle":0.0,"axis":"y","origin":[8.0,8.0,8.0]},"faces":{"east":{"uv":[2.375,6.875,2.5,8.625],"rotation":0,"texture":"#0","tintindex":0},"south":{"uv":[3.75,1.75,4.5,3.5],"rotation":0,"texture":"#0","tintindex":0},"north":{"uv":[1.5,3.75,2.25,5.5],"rotation":0,"texture":"#0","tintindex":0},"west":{"uv":[2.5,6.875,2.625,8.625],"rotation":0,"texture":"#0","tintindex":0},"up":{"uv":[6.375,8.875,5.625,8.75],"rotation":0,"texture":"#0","tintindex":0},"down":{"uv":[8.375,8.75,7.625,8.875],"rotation":0,"texture":"#0","tintindex":0}}},{"from":[6.6294284,4.800085,9.369779],"to":[9.370571,11.199915,9.937488],"rotation":{"angle":0.0,"axis":"y","origin":[8.0,8.0,8.0]},"faces":{"east":{"uv":[2.125,6.875,2.25,8.625],"rotation":0,"texture":"#0","tintindex":0},"south":{"uv":[0.75,3.75,1.5,5.5],"rotation":0,"texture":"#0","tintindex":0},"north":{"uv":[3.75,0.0,4.5,1.75],"rotation":0,"texture":"#0","tintindex":0},"west":{"uv":[2.25,6.875,2.375,8.625],"rotation":0,"texture":"#0","tintindex":0},"up":{"uv":[9.375,0.5,8.625,0.375],"rotation":0,"texture":"#0","tintindex":0},"down":{"uv":[9.375,5.125,8.625,5.25],"rotation":0,"texture":"#0","tintindex":0}}},{"from":[6.64085,4.303685,10.035679],"to":[9.35915,5.7851086,11.01456],"rotation":{"angle":22.5,"axis":"x","origin":[8.0,8.0,8.0]},"faces":{"east":{"uv":[4.0,8.75,4.25,9.125],"rotation":0,"texture":"#0","tintindex":0},"south":{"uv":[6.0,4.125,6.75,4.5],"rotation":0,"texture":"#0","tintindex":0},"north":{"uv":[6.0,3.75,6.75,4.125],"rotation":0,"texture":"#0","tintindex":0},"west":{"uv":[5.125,8.75,5.375,9.125],"rotation":0,"texture":"#0","tintindex":0},"up":{"uv":[7.75,0.25,7.0,0.0],"rotation":0,"texture":"#0","tintindex":0},"down":{"uv":[7.75,0.25,7.0,0.5],"rotation":0,"texture":"#0","tintindex":0}}},{"from":[6.64085,10.214891,10.035679],"to":[9.35915,11.696315,11.01456],"rotation":{"angle":-22.5,"axis":"x","origin":[8.0,8.0,8.0]},"faces":{"east":{"uv":[8.75,3.5,9.0,3.875],"rotation":0,"texture":"#0","tintindex":0},"south":{"uv":[3.75,6.0,4.5,6.375],"rotation":0,"texture":"#0","tintindex":0},"north":{"uv":[2.25,6.0,3.0,6.375],"rotation":0,"texture":"#0","tintindex":0},"west":{"uv":[3.75,8.75,4.0,9.125],"rotation":0,"texture":"#0","tintindex":0},"up":{"uv":[7.625,2.875,6.875,2.625],"rotation":0,"texture":"#0","tintindex":0},"down":{"uv":[7.625,6.0,6.875,6.25],"rotation":0,"texture":"#0","tintindex":0}}},{"from":[10.035679,10.214891,6.64085],"to":[11.01456,11.696315,9.35915],"rotation":{"angle":22.5,"axis":"z","origin":[8.0,8.0,8.0]},"faces":{"east":{"uv":[1.5,6.0,2.25,6.375],"rotation":0,"texture":"#0","tintindex":0},"south":{"uv":[8.75,3.125,9.0,3.5],"rotation":0,"texture":"#0","tintindex":0},"north":{"uv":[8.75,2.75,9.0,3.125],"rotation":0,"texture":"#0","tintindex":0},"west":{"uv":[6.0,1.625,6.75,2.0],"rotation":0,"texture":"#0","tintindex":0},"up":{"uv":[3.25,7.75,3.0,7.0],"rotation":0,"texture":"#0","tintindex":0},"down":{"uv":[3.5,7.0,3.25,7.75],"rotation":0,"texture":"#0","tintindex":0}}},{"from":[10.035679,4.303685,6.64085],"to":[11.01456,5.7851086,9.35915],"rotation":{"angle":-22.5,"axis":"z","origin":[8.0,8.0,8.0]},"faces":{"east":{"uv":[0.75,6.0,1.5,6.375],"rotation":0,"texture":"#0","tintindex":0},"south":{"uv":[8.75,2.375,9.0,2.75],"rotation":0,"texture":"#0","tintindex":0},"north":{"uv":[1.75,8.75,2.0,9.125],"rotation":0,"texture":"#0","tintindex":0},"west":{"uv":[6.0,1.25,6.75,1.625],"rotation":0,"texture":"#0","tintindex":0},"up":{"uv":[6.5,7.625,6.25,6.875],"rotation":0,"texture":"#0","tintindex":0},"down":{"uv":[6.75,6.875,6.5,7.625],"rotation":0,"texture":"#0","tintindex":0}}},{"from":[9.369779,4.800085,6.6294284],"to":[9.937488,11.199915,9.370571],"rotation":{"angle":0.0,"axis":"y","origin":[8.0,8.0,8.0]},"faces":{"east":{"uv":[3.0,3.5,3.75,5.25],"rotation":0,"texture":"#0","tintindex":0},"south":{"uv":[5.25,6.5,5.375,8.25],"rotation":0,"texture":"#0","tintindex":0},"north":{"uv":[2.875,6.375,3.0,8.125],"rotation":0,"texture":"#0","tintindex":0},"west":{"uv":[0.0,3.75,0.75,5.5],"rotation":0,"texture":"#0","tintindex":0},"up":{"uv":[5.125,9.125,5.0,8.375],"rotation":0,"texture":"#0","tintindex":0},"down":{"uv":[2.875,8.625,2.75,9.375],"rotation":0,"texture":"#0","tintindex":0}}},{"from":[6.0625124,4.800085,6.6294284],"to":[6.6302214,11.199915,9.370571],"rotation":{"angle":0.0,"axis":"y","origin":[8.0,8.0,8.0]},"faces":{"east":{"uv":[3.0,0.0,3.75,1.75],"rotation":0,"texture":"#0","tintindex":0},"south":{"uv":[2.75,6.375,2.875,8.125],"rotation":0,"texture":"#0","tintindex":0},"north":{"uv":[2.625,6.375,2.75,8.125],"rotation":0,"texture":"#0","tintindex":0},"west":{"uv":[3.0,1.75,3.75,3.5],"rotation":0,"texture":"#0","tintindex":0},"up":{"uv":[2.125,8.25,2.0,7.5],"rotation":0,"texture":"#0","tintindex":0},"down":{"uv":[3.75,8.375,3.625,9.125],"rotation":0,"texture":"#0","tintindex":0}}},{"from":[4.9854403,4.303685,6.64085],"to":[5.964321,5.7851086,9.35915],"rotation":{"angle":22.5,"axis":"z","origin":[8.0,8.0,8.0]},"faces":{"east":{"uv":[5.25,5.75,6.0,6.125],"rotation":0,"texture":"#0","tintindex":0},"south":{"uv":[1.5,8.75,1.75,9.125],"rotation":0,"texture":"#0","tintindex":0},"north":{"uv":[1.25,8.75,1.5,9.125],"rotation":0,"texture":"#0","tintindex":0},"west":{"uv":[0.0,6.0,0.75,6.375],"rotation":0,"texture":"#0","tintindex":0},"up":{"uv":[6.0,7.625,5.75,6.875],"rotation":0,"texture":"#0","tintindex":0},"down":{"uv":[6.25,6.875,6.0,7.625],"rotation":0,"texture":"#0","tintindex":0}}},{"from":[4.9854403,10.214891,6.64085],"to":[5.964321,11.696315,9.35915],"rotation":{"angle":-22.5,"axis":"z","origin":[8.0,8.0,8.0]},"faces":{"east":{"uv":[3.0,5.75,3.75,6.125],"rotation":0,"texture":"#0","tintindex":0},"south":{"uv":[1.0,8.75,1.25,9.125],"rotation":0,"texture":"#0","tintindex":0},"north":{"uv":[4.5,8.5,4.75,8.875],"rotation":0,"texture":"#0","tintindex":0},"west":{"uv":[4.5,5.75,5.25,6.125],"rotation":0,"texture":"#0","tintindex":0},"up":{"uv":[4.0,7.625,3.75,6.875],"rotation":0,"texture":"#0","tintindex":0},"down":{"uv":[4.25,6.875,4.0,7.625],"rotation":0,"texture":"#0","tintindex":0}}},{"from":[10.261328,3.8003917,6.64085],"to":[12.199608,5.7386723,9.35915],"rotation":{"angle":-45.0,"axis":"z","origin":[8.0,8.0,8.0]},"faces":{"east":{"uv":[2.25,5.0,3.0,5.5],"rotation":0,"texture":"#0","tintindex":0},"south":{"uv":[2.125,6.375,2.625,6.875],"rotation":0,"texture":"#0","tintindex":0},"north":{"uv":[6.375,2.0,6.875,2.5],"rotation":0,"texture":"#0","tintindex":0},"west":{"uv":[3.75,5.0,4.5,5.5],"rotation":0,"texture":"#0","tintindex":0},"up":{"uv":[5.75,0.75,5.25,0.0],"rotation":0,"texture":"#0","tintindex":0},"down":{"uv":[5.75,0.75,5.25,1.5],"rotation":0,"texture":"#0","tintindex":0}}}],"display":{"head":{"translation":[0.0,-6.4,0.0],"scale":[4.0,4.0,4.0]}}}