{"textures":{"0":"minecraft:modelengine/entity/coal_nexus"},"elements":[{"from":[13.798276,-2.7682276,4.515],"to":[18.768227,2.201724,11.485001],"rotation":{"angle":-45.0,"axis":"z","origin":[8.0,8.0,8.0]},"faces":{"east":{"uv":[2.25,5.0,3.0,5.5],"rotation":0,"texture":"#0","tintindex":0},"south":{"uv":[2.125,6.375,2.625,6.875],"rotation":0,"texture":"#0","tintindex":0},"north":{"uv":[6.375,2.0,6.875,2.5],"rotation":0,"texture":"#0","tintindex":0},"west":{"uv":[3.75,5.0,4.5,5.5],"rotation":0,"texture":"#0","tintindex":0},"up":{"uv":[5.75,0.75,5.25,0.0],"rotation":0,"texture":"#0","tintindex":0},"down":{"uv":[5.75,0.75,5.25,1.5],"rotation":0,"texture":"#0","tintindex":0}}},{"from":[0.27036,13.679209,4.515],"to":[2.7803102,17.47773,11.485001],"rotation":{"angle":-22.5,"axis":"z","origin":[8.0,8.0,8.0]},"faces":{"east":{"uv":[3.0,5.75,3.75,6.125],"rotation":0,"texture":"#0","tintindex":0},"south":{"uv":[1.0,8.75,1.25,9.125],"rotation":0,"texture":"#0","tintindex":0},"north":{"uv":[4.5,8.5,4.75,8.875],"rotation":0,"texture":"#0","tintindex":0},"west":{"uv":[4.5,5.75,5.25,6.125],"rotation":0,"texture":"#0","tintindex":0},"up":{"uv":[4.0,7.625,3.75,6.875],"rotation":0,"texture":"#0","tintindex":0},"down":{"uv":[4.25,6.875,4.0,7.625],"rotation":0,"texture":"#0","tintindex":0}}},{"from":[0.27036,-1.4777298,4.515],"to":[2.7803102,2.3207917,11.485001],"rotation":{"angle":22.5,"axis":"z","origin":[8.0,8.0,8.0]},"faces":{"east":{"uv":[5.25,5.75,6.0,6.125],"rotation":0,"texture":"#0","tintindex":0},"south":{"uv":[1.5,8.75,1.75,9.125],"rotation":0,"texture":"#0","tintindex":0},"north":{"uv":[1.25,8.75,1.5,9.125],"rotation":0,"texture":"#0","tintindex":0},"west":{"uv":[0.0,6.0,0.75,6.375],"rotation":0,"texture":"#0","tintindex":0},"up":{"uv":[6.0,7.625,5.75,6.875],"rotation":0,"texture":"#0","tintindex":0},"down":{"uv":[6.25,6.875,6.0,7.625],"rotation":0,"texture":"#0","tintindex":0}}},{"from":[3.0320826,-0.20490932,4.485714],"to":[4.487747,16.20491,11.514286],"rotation":{"angle":0.0,"axis":"y","origin":[8.0,8.0,8.0]},"faces":{"east":{"uv":[3.0,0.0,3.75,1.75],"rotation":0,"texture":"#0","tintindex":0},"south":{"uv":[2.75,6.375,2.875,8.125],"rotation":0,"texture":"#0","tintindex":0},"north":{"uv":[2.625,6.375,2.75,8.125],"rotation":0,"texture":"#0","tintindex":0},"west":{"uv":[3.0,1.75,3.75,3.5],"rotation":0,"texture":"#0","tintindex":0},"up":{"uv":[2.125,8.25,2.0,7.5],"rotation":0,"texture":"#0","tintindex":0},"down":{"uv":[3.75,8.375,3.625,9.125],"rotation":0,"texture":"#0","tintindex":0}}},{"from":[11.512253,-0.20490932,4.485714],"to":[12.967917,16.20491,11.514286],"rotation":{"angle":0.0,"axis":"y","origin":[8.0,8.0,8.0]},"faces":{"east":{"uv":[3.0,3.5,3.75,5.25],"rotation":0,"texture":"#0","tintindex":0},"south":{"uv":[5.25,6.5,5.375,8.25],"rotation":0,"texture":"#0","tintindex":0},"north":{"uv":[2.875,6.375,3.0,8.125],"rotation":0,"texture":"#0","tintindex":0},"west":{"uv":[0.0,3.75,0.75,5.5],"rotation":0,"texture":"#0","tintindex":0},"up":{"uv":[5.125,9.125,5.0,8.375],"rotation":0,"texture":"#0","tintindex":0},"down":{"uv":[2.875,8.625,2.75,9.375],"rotation":0,"texture":"#0","tintindex":0}}},{"from":[13.21969,-1.4777298,4.515],"to":[15.72964,2.3207917,11.485001],"rotation":{"angle":-22.5,"axis":"z","origin":[8.0,8.0,8.0]},"faces":{"east":{"uv":[0.75,6.0,1.5,6.375],"rotation":0,"texture":"#0","tintindex":0},"south":{"uv":[8.75,2.375,9.0,2.75],"rotation":0,"texture":"#0","tintindex":0},"north":{"uv":[1.75,8.75,2.0,9.125],"rotation":0,"texture":"#0","tintindex":0},"west":{"uv":[6.0,1.25,6.75,1.625],"rotation":0,"texture":"#0","tintindex":0},"up":{"uv":[6.5,7.625,6.25,6.875],"rotation":0,"texture":"#0","tintindex":0},"down":{"uv":[6.75,6.875,6.5,7.625],"rotation":0,"texture":"#0","tintindex":0}}},{"from":[13.21969,13.679209,4.515],"to":[15.72964,17.47773,11.485001],"rotation":{"angle":22.5,"axis":"z","origin":[8.0,8.0,8.0]},"faces":{"east":{"uv":[1.5,6.0,2.25,6.375],"rotation":0,"texture":"#0","tintindex":0},"south":{"uv":[8.75,3.125,9.0,3.5],"rotation":0,"texture":"#0","tintindex":0},"north":{"uv":[8.75,2.75,9.0,3.125],"rotation":0,"texture":"#0","tintindex":0},"west":{"uv":[6.0,1.625,6.75,2.0],"rotation":0,"texture":"#0","tintindex":0},"up":{"uv":[3.25,7.75,3.0,7.0],"rotation":0,"texture":"#0","tintindex":0},"down":{"uv":[3.5,7.0,3.25,7.75],"rotation":0,"texture":"#0","tintindex":0}}},{"from":[4.515,13.679209,13.21969],"to":[11.485001,17.47773,15.72964],"rotation":{"angle":-22.5,"axis":"x","origin":[8.0,8.0,8.0]},"faces":{"east":{"uv":[8.75,3.5,9.0,3.875],"rotation":0,"texture":"#0","tintindex":0},"south":{"uv":[3.75,6.0,4.5,6.375],"rotation":0,"texture":"#0","tintindex":0},"north":{"uv":[2.25,6.0,3.0,6.375],"rotation":0,"texture":"#0","tintindex":0},"west":{"uv":[3.75,8.75,4.0,9.125],"rotation":0,"texture":"#0","tintindex":0},"up":{"uv":[7.625,2.875,6.875,2.625],"rotation":0,"texture":"#0","tintindex":0},"down":{"uv":[7.625,6.0,6.875,6.25],"rotation":0,"texture":"#0","tintindex":0}}},{"from":[4.515,-1.4777298,13.21969],"to":[11.485001,2.3207917,15.72964],"rotation":{"angle":22.5,"axis":"x","origin":[8.0,8.0,8.0]},"faces":{"east":{"uv":[4.0,8.75,4.25,9.125],"rotation":0,"texture":"#0","tintindex":0},"south":{"uv":[6.0,4.125,6.75,4.5],"rotation":0,"texture":"#0","tintindex":0},"north":{"uv":[6.0,3.75,6.75,4.125],"rotation":0,"texture":"#0","tintindex":0},"west":{"uv":[5.125,8.75,5.375,9.125],"rotation":0,"texture":"#0","tintindex":0},"up":{"uv":[7.75,0.25,7.0,0.0],"rotation":0,"texture":"#0","tintindex":0},"down":{"uv":[7.75,0.25,7.0,0.5],"rotation":0,"texture":"#0","tintindex":0}}},{"from":[4.485714,-0.20490932,11.512253],"to":[11.514286,16.20491,12.967917],"rotation":{"angle":0.0,"axis":"y","origin":[8.0,8.0,8.0]},"faces":{"east":{"uv":[2.125,6.875,2.25,8.625],"rotation":0,"texture":"#0","tintindex":0},"south":{"uv":[0.75,3.75,1.5,5.5],"rotation":0,"texture":"#0","tintindex":0},"north":{"uv":[3.75,0.0,4.5,1.75],"rotation":0,"texture":"#0","tintindex":0},"west":{"uv":[2.25,6.875,2.375,8.625],"rotation":0,"texture":"#0","tintindex":0},"up":{"uv":[9.375,0.5,8.625,0.375],"rotation":0,"texture":"#0","tintindex":0},"down":{"uv":[9.375,5.125,8.625,5.25],"rotation":0,"texture":"#0","tintindex":0}}},{"from":[4.485714,-0.20490932,3.0320826],"to":[11.514286,16.20491,4.487747],"rotation":{"angle":0.0,"axis":"y","origin":[8.0,8.0,8.0]},"faces":{"east":{"uv":[2.375,6.875,2.5,8.625],"rotation":0,"texture":"#0","tintindex":0},"south":{"uv":[3.75,1.75,4.5,3.5],"rotation":0,"texture":"#0","tintindex":0},"north":{"uv":[1.5,3.75,2.25,5.5],"rotation":0,"texture":"#0","tintindex":0},"west":{"uv":[2.5,6.875,2.625,8.625],"rotation":0,"texture":"#0","tintindex":0},"up":{"uv":[6.375,8.875,5.625,8.75],"rotation":0,"texture":"#0","tintindex":0},"down":{"uv":[8.375,8.75,7.625,8.875],"rotation":0,"texture":"#0","tintindex":0}}},{"from":[4.515,-1.4777298,0.27036],"to":[11.485001,2.3207917,2.7803102],"rotation":{"angle":-22.5,"axis":"x","origin":[8.0,8.0,8.0]},"faces":{"east":{"uv":[6.375,8.75,6.625,9.125],"rotation":0,"texture":"#0","tintindex":0},"south":{"uv":[6.0,4.875,6.75,5.25],"rotation":0,"texture":"#0","tintindex":0},"north":{"uv":[6.0,4.5,6.75,4.875],"rotation":0,"texture":"#0","tintindex":0},"west":{"uv":[8.875,0.5,9.125,0.875],"rotation":0,"texture":"#0","tintindex":0},"up":{"uv":[5.0,7.25,4.25,7.0],"rotation":0,"texture":"#0","tintindex":0},"down":{"uv":[7.5,7.0,6.75,7.25],"rotation":0,"texture":"#0","tintindex":0}}},{"from":[4.515,13.679209,0.27036],"to":[11.485001,17.47773,2.7803102],"rotation":{"angle":22.5,"axis":"x","origin":[8.0,8.0,8.0]},"faces":{"east":{"uv":[8.875,0.875,9.125,1.25],"rotation":0,"texture":"#0","tintindex":0},"south":{"uv":[6.0,5.625,6.75,6.0],"rotation":0,"texture":"#0","tintindex":0},"north":{"uv":[6.0,5.25,6.75,5.625],"rotation":0,"texture":"#0","tintindex":0},"west":{"uv":[8.875,1.25,9.125,1.625],"rotation":0,"texture":"#0","tintindex":0},"up":{"uv":[1.125,7.375,0.375,7.125],"rotation":0,"texture":"#0","tintindex":0},"down":{"uv":[7.875,2.875,7.125,3.125],"rotation":0,"texture":"#0","tintindex":0}}},{"from":[4.515,-2.7682276,13.798276],"to":[11.485001,2.201724,18.768227],"rotation":{"angle":45.0,"axis":"x","origin":[8.0,8.0,8.0]},"faces":{"east":{"uv":[6.375,2.5,6.875,3.0],"rotation":0,"texture":"#0","tintindex":0},"south":{"uv":[3.0,5.25,3.75,5.75],"rotation":0,"texture":"#0","tintindex":0},"north":{"uv":[5.25,1.5,6.0,2.0],"rotation":0,"texture":"#0","tintindex":0},"west":{"uv":[3.75,6.375,4.25,6.875],"rotation":0,"texture":"#0","tintindex":0},"up":{"uv":[6.0,4.25,5.25,3.75],"rotation":0,"texture":"#0","tintindex":0},"down":{"uv":[6.0,4.25,5.25,4.75],"rotation":0,"texture":"#0","tintindex":0}}},{"from":[4.515,13.798276,-2.7682276],"to":[11.485001,18.768227,2.201724],"rotation":{"angle":45.0,"axis":"x","origin":[8.0,8.0,8.0]},"faces":{"east":{"uv":[5.75,6.375,6.25,6.875],"rotation":0,"texture":"#0","tintindex":0},"south":{"uv":[5.25,4.75,6.0,5.25],"rotation":0,"texture":"#0","tintindex":0},"north":{"uv":[4.5,5.25,5.25,5.75],"rotation":0,"texture":"#0","tintindex":0},"west":{"uv":[6.25,6.375,6.75,6.875],"rotation":0,"texture":"#0","tintindex":0},"up":{"uv":[6.0,5.75,5.25,5.25],"rotation":0,"texture":"#0","tintindex":0},"down":{"uv":[0.75,5.5,0.0,6.0],"rotation":0,"texture":"#0","tintindex":0}}},{"from":[-2.7682276,13.798276,4.515],"to":[2.201724,18.768227,11.485001],"rotation":{"angle":-45.0,"axis":"z","origin":[8.0,8.0,8.0]},"faces":{"east":{"uv":[2.25,4.5,3.0,5.0],"rotation":0,"texture":"#0","tintindex":0},"south":{"uv":[1.625,6.375,2.125,6.875],"rotation":0,"texture":"#0","tintindex":0},"north":{"uv":[1.125,6.375,1.625,6.875],"rotation":0,"texture":"#0","tintindex":0},"west":{"uv":[4.75,3.25,5.5,3.75],"rotation":0,"texture":"#0","tintindex":0},"up":{"uv":[5.25,4.5,4.75,3.75],"rotation":0,"texture":"#0","tintindex":0},"down":{"uv":[5.25,4.5,4.75,5.25],"rotation":0,"texture":"#0","tintindex":0}}}],"display":{"head":{"translation":[0.0,-6.4,0.0],"scale":[4.0,4.0,4.0]}}}