{"textures":{"0":"minecraft:modelengine/entity/enchantment_altar"},"elements":[{"from":[-9.325483,8.0,15.498067],"to":[-4.805484,13.9,24.549032],"rotation":{"angle":45.0,"axis":"y","origin":[-6.1254835,11.2,14.949034]},"faces":{"east":{"uv":[4.8125,1.40625,5.53125,1.875],"rotation":0,"texture":"#0","tintindex":0},"south":{"uv":[7.78125,6.9375,8.125,7.40625],"rotation":0,"texture":"#0","tintindex":0},"north":{"uv":[1.1875,7.78125,1.53125,8.25],"rotation":0,"texture":"#0","tintindex":0},"west":{"uv":[4.8125,1.875,5.53125,2.34375],"rotation":0,"texture":"#0","tintindex":0},"up":{"uv":[7.0,1.9375,6.65625,1.21875],"rotation":0,"texture":"#0","tintindex":0},"down":{"uv":[3.21875,6.65625,2.875,7.375],"rotation":0,"texture":"#0","tintindex":0}}},{"from":[20.805485,8.0,15.498067],"to":[25.325483,13.9,24.549032],"rotation":{"angle":-45.0,"axis":"y","origin":[22.125484,11.2,14.949034]},"faces":{"east":{"uv":[4.8125,2.34375,5.53125,2.8125],"rotation":0,"texture":"#0","tintindex":0},"south":{"uv":[0.4375,7.84375,0.78125,8.3125],"rotation":0,"texture":"#0","tintindex":0},"north":{"uv":[4.8125,7.8125,5.15625,8.28125],"rotation":0,"texture":"#0","tintindex":0},"west":{"uv":[4.9375,2.8125,5.65625,3.28125],"rotation":0,"texture":"#0","tintindex":0},"up":{"uv":[3.5625,7.375,3.21875,6.65625],"rotation":0,"texture":"#0","tintindex":0},"down":{"uv":[3.90625,6.65625,3.5625,7.375],"rotation":0,"texture":"#0","tintindex":0}}},{"from":[-7.6000004,8.0,4.0],"to":[-2.0,13.46,12.0],"rotation":{"angle":0.0,"axis":"y","origin":[11.2,8.0,4.8]},"faces":{"east":{"uv":[5.4375,3.78125,6.0625,4.21875],"rotation":0,"texture":"#0","tintindex":0},"south":{"uv":[7.65625,1.71875,8.09375,2.15625],"rotation":0,"texture":"#0","tintindex":0},"north":{"uv":[3.59375,7.59375,4.03125,8.03125],"rotation":0,"texture":"#0","tintindex":0},"west":{"uv":[5.53125,0.0,6.15625,0.4375],"rotation":0,"texture":"#0","tintindex":0},"up":{"uv":[5.96875,1.0625,5.53125,0.4375],"rotation":0,"texture":"#0","tintindex":0},"down":{"uv":[5.96875,1.0625,5.53125,1.6875],"rotation":0,"texture":"#0","tintindex":0}}},{"from":[18.0,8.0,4.0],"to":[23.6,13.46,12.0],"rotation":{"angle":0.0,"axis":"y","origin":[4.8,8.0,4.8]},"faces":{"east":{"uv":[5.53125,1.6875,6.15625,2.125],"rotation":0,"texture":"#0","tintindex":0},"south":{"uv":[7.6875,6.5,8.125,6.9375],"rotation":0,"texture":"#0","tintindex":0},"north":{"uv":[4.03125,7.6875,4.46875,8.125],"rotation":0,"texture":"#0","tintindex":0},"west":{"uv":[5.53125,2.125,6.15625,2.5625],"rotation":0,"texture":"#0","tintindex":0},"up":{"uv":[6.03125,4.84375,5.59375,4.21875],"rotation":0,"texture":"#0","tintindex":0},"down":{"uv":[6.03125,4.84375,5.59375,5.46875],"rotation":0,"texture":"#0","tintindex":0}}},{"from":[4.0,8.0,-7.6000004],"to":[12.0,13.46,-2.0],"rotation":{"angle":0.0,"axis":"y","origin":[8.0,10.965,8.0]},"faces":{"east":{"uv":[7.71875,2.15625,8.15625,2.59375],"rotation":0,"texture":"#0","tintindex":0},"south":{"uv":[2.375,5.625,3.0,6.0625],"rotation":0,"texture":"#0","tintindex":0},"north":{"uv":[5.59375,5.46875,6.21875,5.90625],"rotation":0,"texture":"#0","tintindex":0},"west":{"uv":[2.21875,7.71875,2.65625,8.15625],"rotation":0,"texture":"#0","tintindex":0},"up":{"uv":[3.625,6.0625,3.0,5.625],"rotation":0,"texture":"#0","tintindex":0},"down":{"uv":[4.25,5.625,3.625,6.0625],"rotation":0,"texture":"#0","tintindex":0}}},{"from":[12.0,8.0,17.6],"to":[17.6,14.4,24.0],"rotation":{"angle":0.0,"axis":"y","origin":[8.0,10.965,8.0]},"faces":{"east":{"uv":[5.75,6.5,6.25,7.0],"rotation":0,"texture":"#0","tintindex":0},"south":{"uv":[5.28125,7.4375,5.71875,7.9375],"rotation":0,"texture":"#0","tintindex":0},"north":{"uv":[7.4375,2.84375,7.875,3.34375],"rotation":0,"texture":"#0","tintindex":0},"west":{"uv":[6.25,6.5,6.75,7.0],"rotation":0,"texture":"#0","tintindex":0},"up":{"uv":[0.4375,7.96875,0.0,7.46875],"rotation":0,"texture":"#0","tintindex":0},"down":{"uv":[7.90625,3.8125,7.46875,4.3125],"rotation":0,"texture":"#0","tintindex":0}}},{"from":[10.560862,6.6949635,17.61],"to":[13.010036,12.607792,23.99],"rotation":{"angle":22.5,"axis":"z","origin":[8.0,10.965,8.0]},"faces":{"east":{"uv":[6.96875,3.90625,7.46875,4.375],"rotation":0,"texture":"#0","tintindex":0},"south":{"uv":[2.65625,8.0,2.84375,8.46875],"rotation":0,"texture":"#0","tintindex":0},"north":{"uv":[8.0,1.21875,8.1875,1.6875],"rotation":0,"texture":"#0","tintindex":0},"west":{"uv":[0.0,7.0,0.5,7.46875],"rotation":0,"texture":"#0","tintindex":0},"up":{"uv":[7.59375,8.40625,7.40625,7.90625],"rotation":0,"texture":"#0","tintindex":0},"down":{"uv":[8.125,0.0,7.9375,0.5],"rotation":0,"texture":"#0","tintindex":0}}},{"from":[-1.6000004,8.0,17.6],"to":[4.0,14.4,24.0],"rotation":{"angle":0.0,"axis":"y","origin":[8.0,10.965,8.0]},"faces":{"east":{"uv":[6.53125,5.59375,7.03125,6.09375],"rotation":0,"texture":"#0","tintindex":0},"south":{"uv":[6.34375,7.46875,6.78125,7.96875],"rotation":0,"texture":"#0","tintindex":0},"north":{"uv":[7.46875,5.3125,7.90625,5.8125],"rotation":0,"texture":"#0","tintindex":0},"west":{"uv":[6.5625,0.0,7.0625,0.5],"rotation":0,"texture":"#0","tintindex":0},"up":{"uv":[7.21875,7.96875,6.78125,7.46875],"rotation":0,"texture":"#0","tintindex":0},"down":{"uv":[7.9375,0.0,7.5,0.5],"rotation":0,"texture":"#0","tintindex":0}}},{"from":[2.989964,6.6949635,17.61],"to":[5.4391384,12.607792,23.99],"rotation":{"angle":-22.5,"axis":"z","origin":[8.0,10.965,8.0]},"faces":{"east":{"uv":[7.0,0.96875,7.5,1.4375],"rotation":0,"texture":"#0","tintindex":0},"south":{"uv":[3.03125,8.0,3.21875,8.46875],"rotation":0,"texture":"#0","tintindex":0},"north":{"uv":[2.84375,8.0,3.03125,8.46875],"rotation":0,"texture":"#0","tintindex":0},"west":{"uv":[7.0,1.4375,7.5,1.90625],"rotation":0,"texture":"#0","tintindex":0},"up":{"uv":[5.34375,8.4375,5.15625,7.9375],"rotation":0,"texture":"#0","tintindex":0},"down":{"uv":[5.53125,7.9375,5.34375,8.4375],"rotation":0,"texture":"#0","tintindex":0}}},{"from":[4.0,8.0,18.0],"to":[12.0,13.46,23.6],"rotation":{"angle":0.0,"axis":"y","origin":[8.0,10.965,8.0]},"faces":{"east":{"uv":[7.71875,4.71875,8.15625,5.15625],"rotation":0,"texture":"#0","tintindex":0},"south":{"uv":[4.25,5.75,4.875,6.1875],"rotation":0,"texture":"#0","tintindex":0},"north":{"uv":[5.65625,2.5625,6.28125,3.0],"rotation":0,"texture":"#0","tintindex":0},"west":{"uv":[7.71875,7.5,8.15625,7.9375],"rotation":0,"texture":"#0","tintindex":0},"up":{"uv":[5.5,6.21875,4.875,5.78125],"rotation":0,"texture":"#0","tintindex":0},"down":{"uv":[1.75,5.875,1.125,6.3125],"rotation":0,"texture":"#0","tintindex":0}}},{"from":[-9.389999,8.0,11.9],"to":[-1.6000004,9.6,17.6],"rotation":{"angle":0.0,"axis":"y","origin":[11.2,8.0,11.2]},"faces":{"east":{"uv":[3.5,8.28125,3.9375,8.40625],"rotation":0,"texture":"#0","tintindex":0},"south":{"uv":[8.125,6.9375,8.71875,7.0625],"rotation":0,"texture":"#0","tintindex":0},"north":{"uv":[8.125,6.8125,8.71875,6.9375],"rotation":0,"texture":"#0","tintindex":0},"west":{"uv":[2.21875,8.3125,2.65625,8.4375],"rotation":0,"texture":"#0","tintindex":0},"up":{"uv":[2.34375,6.3125,1.75,5.875],"rotation":0,"texture":"#0","tintindex":0},"down":{"uv":[6.09375,5.90625,5.5,6.34375],"rotation":0,"texture":"#0","tintindex":0}}},{"from":[-8.550001,8.0,4.0],"to":[-2.0,9.5,12.0],"rotation":{"angle":0.0,"axis":"y","origin":[11.2,8.0,4.8]},"faces":{"east":{"uv":[3.21875,8.03125,3.84375,8.15625],"rotation":0,"texture":"#0","tintindex":0},"south":{"uv":[8.1875,1.03125,8.6875,1.15625],"rotation":0,"texture":"#0","tintindex":0},"north":{"uv":[8.1875,0.90625,8.6875,1.03125],"rotation":0,"texture":"#0","tintindex":0},"west":{"uv":[8.0625,4.5,8.6875,4.625],"rotation":0,"texture":"#0","tintindex":0},"up":{"uv":[5.4375,3.90625,4.9375,3.28125],"rotation":0,"texture":"#0","tintindex":0},"down":{"uv":[5.4375,3.90625,4.9375,4.53125],"rotation":0,"texture":"#0","tintindex":0}}},{"from":[18.0,8.0,4.0],"to":[24.550001,9.5,12.0],"rotation":{"angle":0.0,"axis":"y","origin":[4.8,8.0,4.8]},"faces":{"east":{"uv":[8.09375,1.6875,8.71875,1.8125],"rotation":0,"texture":"#0","tintindex":0},"south":{"uv":[8.1875,1.28125,8.6875,1.40625],"rotation":0,"texture":"#0","tintindex":0},"north":{"uv":[8.1875,1.15625,8.6875,1.28125],"rotation":0,"texture":"#0","tintindex":0},"west":{"uv":[8.09375,1.8125,8.71875,1.9375],"rotation":0,"texture":"#0","tintindex":0},"up":{"uv":[5.59375,5.15625,5.09375,4.53125],"rotation":0,"texture":"#0","tintindex":0},"down":{"uv":[5.59375,5.15625,5.09375,5.78125],"rotation":0,"texture":"#0","tintindex":0}}},{"from":[4.0,8.0,18.0],"to":[12.0,9.5,24.550001],"rotation":{"angle":0.0,"axis":"y","origin":[8.0,8.75,8.0]},"faces":{"east":{"uv":[8.1875,1.15625,8.6875,1.28125],"rotation":0,"texture":"#0","tintindex":0},"south":{"uv":[8.09375,1.6875,8.71875,1.8125],"rotation":0,"texture":"#0","tintindex":0},"north":{"uv":[8.09375,1.8125,8.71875,1.9375],"rotation":0,"texture":"#0","tintindex":0},"west":{"uv":[8.1875,1.28125,8.6875,1.40625],"rotation":0,"texture":"#0","tintindex":0},"up":{"uv":[5.59375,5.15625,5.09375,4.53125],"rotation":90,"texture":"#0","tintindex":0},"down":{"uv":[5.59375,5.15625,5.09375,5.78125],"rotation":270,"texture":"#0","tintindex":0}}},{"from":[4.0,8.0,-8.550001],"to":[12.0,9.5,-2.0],"rotation":{"angle":0.0,"axis":"y","origin":[8.0,8.75,8.0]},"faces":{"east":{"uv":[8.1875,0.90625,8.6875,1.03125],"rotation":0,"texture":"#0","tintindex":0},"south":{"uv":[3.21875,8.03125,3.84375,8.15625],"rotation":0,"texture":"#0","tintindex":0},"north":{"uv":[8.0625,4.5,8.6875,4.625],"rotation":0,"texture":"#0","tintindex":0},"west":{"uv":[8.1875,1.03125,8.6875,1.15625],"rotation":0,"texture":"#0","tintindex":0},"up":{"uv":[5.4375,3.90625,4.9375,3.28125],"rotation":90,"texture":"#0","tintindex":0},"down":{"uv":[5.4375,3.90625,4.9375,4.53125],"rotation":270,"texture":"#0","tintindex":0}}},{"from":[17.6,8.0,11.9],"to":[25.39,9.6,17.6],"rotation":{"angle":0.0,"axis":"y","origin":[4.8,8.0,11.2]},"faces":{"east":{"uv":[8.15625,8.3125,8.59375,8.4375],"rotation":0,"texture":"#0","tintindex":0},"south":{"uv":[8.15625,2.1875,8.75,2.3125],"rotation":0,"texture":"#0","tintindex":0},"north":{"uv":[8.15625,2.0625,8.75,2.1875],"rotation":0,"texture":"#0","tintindex":0},"west":{"uv":[0.375,8.375,0.8125,8.5],"rotation":0,"texture":"#0","tintindex":0},"up":{"uv":[6.625,4.65625,6.03125,4.21875],"rotation":0,"texture":"#0","tintindex":0},"down":{"uv":[6.625,4.65625,6.03125,5.09375],"rotation":0,"texture":"#0","tintindex":0}}},{"from":[4.0,8.0,18.0],"to":[12.0,9.5,24.550001],"rotation":{"angle":0.0,"axis":"y","origin":[8.0,8.775,8.0]},"faces":{"east":{"uv":[8.15625,8.1875,8.65625,8.3125],"rotation":0,"texture":"#0","tintindex":0},"south":{"uv":[8.09375,6.0625,8.71875,6.1875],"rotation":0,"texture":"#0","tintindex":0},"north":{"uv":[8.09375,5.9375,8.71875,6.0625],"rotation":0,"texture":"#0","tintindex":0},"west":{"uv":[0.78125,8.25,1.28125,8.375],"rotation":0,"texture":"#0","tintindex":0},"up":{"uv":[2.375,5.875,1.75,5.375],"rotation":0,"texture":"#0","tintindex":0},"down":{"uv":[6.0625,3.28125,5.4375,3.78125],"rotation":0,"texture":"#0","tintindex":0}}},{"from":[-1.6000004,8.0,17.6],"to":[4.1,9.6,25.39],"rotation":{"angle":0.0,"axis":"y","origin":[8.0,8.775,8.0]},"faces":{"east":{"uv":[8.15625,5.0,8.75,5.125],"rotation":0,"texture":"#0","tintindex":0},"south":{"uv":[8.40625,5.375,8.84375,5.5],"rotation":0,"texture":"#0","tintindex":0},"north":{"uv":[8.40625,5.25,8.84375,5.375],"rotation":0,"texture":"#0","tintindex":0},"west":{"uv":[8.15625,7.5,8.75,7.625],"rotation":0,"texture":"#0","tintindex":0},"up":{"uv":[6.5,4.1875,6.0625,3.59375],"rotation":0,"texture":"#0","tintindex":0},"down":{"uv":[4.25,6.0625,3.8125,6.65625],"rotation":0,"texture":"#0","tintindex":0}}},{"from":[11.9,8.0,17.6],"to":[17.6,9.6,25.39],"rotation":{"angle":0.0,"axis":"y","origin":[8.0,8.775,8.0]},"faces":{"east":{"uv":[8.15625,7.625,8.75,7.75],"rotation":0,"texture":"#0","tintindex":0},"south":{"uv":[8.40625,5.625,8.84375,5.75],"rotation":0,"texture":"#0","tintindex":0},"north":{"uv":[8.40625,5.5,8.84375,5.625],"rotation":0,"texture":"#0","tintindex":0},"west":{"uv":[8.15625,7.75,8.75,7.875],"rotation":0,"texture":"#0","tintindex":0},"up":{"uv":[6.53125,6.5,6.09375,5.90625],"rotation":0,"texture":"#0","tintindex":0},"down":{"uv":[6.59375,1.3125,6.15625,1.90625],"rotation":0,"texture":"#0","tintindex":0}}},{"from":[-9.04244,8.0,23.38092],"to":[1.9742818,9.57,24.55092],"rotation":{"angle":-45.0,"axis":"y","origin":[-0.8257179,8.8,20.65592]},"faces":{"east":{"uv":[1.34375,3.875,1.4375,4.0],"rotation":0,"texture":"#0","tintindex":0},"south":{"uv":[7.875,3.15625,8.75,3.28125],"rotation":0,"texture":"#0","tintindex":0},"north":{"uv":[7.875,3.03125,8.75,3.15625],"rotation":0,"texture":"#0","tintindex":0},"west":{"uv":[1.4375,3.875,1.53125,4.0],"rotation":0,"texture":"#0","tintindex":0},"up":{"uv":[8.875,3.65625,8.0,3.5625],"rotation":0,"texture":"#0","tintindex":0},"down":{"uv":[8.875,3.65625,8.0,3.75],"rotation":0,"texture":"#0","tintindex":0}}},{"from":[14.025719,8.0,23.38092],"to":[25.04244,9.57,24.55092],"rotation":{"angle":45.0,"axis":"y","origin":[16.825718,8.8,20.65592]},"faces":{"east":{"uv":[4.25,3.1875,4.34375,3.3125],"rotation":0,"texture":"#0","tintindex":0},"south":{"uv":[7.90625,0.625,8.78125,0.75],"rotation":0,"texture":"#0","tintindex":0},"north":{"uv":[7.90625,0.5,8.78125,0.625],"rotation":0,"texture":"#0","tintindex":0},"west":{"uv":[4.25,3.3125,4.34375,3.4375],"rotation":0,"texture":"#0","tintindex":0},"up":{"uv":[8.9375,4.40625,8.0625,4.3125],"rotation":0,"texture":"#0","tintindex":0},"down":{"uv":[8.9375,4.40625,8.0625,4.5],"rotation":0,"texture":"#0","tintindex":0}}},{"from":[-9.325483,8.0,-8.549032],"to":[-4.805484,13.9,0.5019331],"rotation":{"angle":-45.0,"axis":"y","origin":[-6.1254835,11.2,1.0509667]},"faces":{"east":{"uv":[5.53125,1.40625,4.8125,1.875],"rotation":0,"texture":"#0","tintindex":0},"south":{"uv":[1.53125,7.78125,1.1875,8.25],"rotation":0,"texture":"#0","tintindex":0},"north":{"uv":[8.125,6.9375,7.78125,7.40625],"rotation":0,"texture":"#0","tintindex":0},"west":{"uv":[5.53125,1.875,4.8125,2.34375],"rotation":0,"texture":"#0","tintindex":0},"up":{"uv":[7.0,1.21875,6.65625,1.9375],"rotation":0,"texture":"#0","tintindex":0},"down":{"uv":[3.21875,7.375,2.875,6.65625],"rotation":0,"texture":"#0","tintindex":0}}},{"from":[20.805485,8.0,-8.549032],"to":[25.325483,13.9,0.5019331],"rotation":{"angle":45.0,"axis":"y","origin":[22.125484,11.2,1.0509667]},"faces":{"east":{"uv":[5.53125,2.34375,4.8125,2.8125],"rotation":0,"texture":"#0","tintindex":0},"south":{"uv":[5.15625,7.8125,4.8125,8.28125],"rotation":0,"texture":"#0","tintindex":0},"north":{"uv":[0.78125,7.84375,0.4375,8.3125],"rotation":0,"texture":"#0","tintindex":0},"west":{"uv":[5.65625,2.8125,4.9375,3.28125],"rotation":0,"texture":"#0","tintindex":0},"up":{"uv":[3.5625,6.65625,3.21875,7.375],"rotation":0,"texture":"#0","tintindex":0},"down":{"uv":[3.90625,7.375,3.5625,6.65625],"rotation":0,"texture":"#0","tintindex":0}}},{"from":[-1.6000004,8.0,-8.0],"to":[4.0,14.4,-1.6000004],"rotation":{"angle":0.0,"axis":"y","origin":[8.0,10.965,8.0]},"faces":{"east":{"uv":[7.03125,5.59375,6.53125,6.09375],"rotation":0,"texture":"#0","tintindex":0},"south":{"uv":[7.90625,5.3125,7.46875,5.8125],"rotation":0,"texture":"#0","tintindex":0},"north":{"uv":[6.78125,7.46875,6.34375,7.96875],"rotation":0,"texture":"#0","tintindex":0},"west":{"uv":[7.0625,0.0,6.5625,0.5],"rotation":0,"texture":"#0","tintindex":0},"up":{"uv":[7.21875,7.46875,6.78125,7.96875],"rotation":0,"texture":"#0","tintindex":0},"down":{"uv":[7.9375,0.5,7.5,0.0],"rotation":0,"texture":"#0","tintindex":0}}},{"from":[2.989964,6.6949635,-7.99],"to":[5.4391384,12.607792,-1.6099997],"rotation":{"angle":-22.5,"axis":"z","origin":[8.0,10.965,8.0]},"faces":{"east":{"uv":[7.5,0.96875,7.0,1.4375],"rotation":0,"texture":"#0","tintindex":0},"south":{"uv":[3.03125,8.0,2.84375,8.46875],"rotation":0,"texture":"#0","tintindex":0},"north":{"uv":[3.21875,8.0,3.03125,8.46875],"rotation":0,"texture":"#0","tintindex":0},"west":{"uv":[7.5,1.4375,7.0,1.90625],"rotation":0,"texture":"#0","tintindex":0},"up":{"uv":[5.34375,7.9375,5.15625,8.4375],"rotation":0,"texture":"#0","tintindex":0},"down":{"uv":[5.53125,8.4375,5.34375,7.9375],"rotation":0,"texture":"#0","tintindex":0}}},{"from":[10.560862,6.6949635,-7.99],"to":[13.010036,12.607792,-1.6099997],"rotation":{"angle":22.5,"axis":"z","origin":[8.0,10.965,8.0]},"faces":{"east":{"uv":[7.46875,3.90625,6.96875,4.375],"rotation":0,"texture":"#0","tintindex":0},"south":{"uv":[8.1875,1.21875,8.0,1.6875],"rotation":0,"texture":"#0","tintindex":0},"north":{"uv":[2.84375,8.0,2.65625,8.46875],"rotation":0,"texture":"#0","tintindex":0},"west":{"uv":[0.5,7.0,0.0,7.46875],"rotation":0,"texture":"#0","tintindex":0},"up":{"uv":[7.59375,7.90625,7.40625,8.40625],"rotation":0,"texture":"#0","tintindex":0},"down":{"uv":[8.125,0.5,7.9375,0.0],"rotation":0,"texture":"#0","tintindex":0}}},{"from":[12.0,8.0,-8.0],"to":[17.6,14.4,-1.6000004],"rotation":{"angle":0.0,"axis":"y","origin":[8.0,10.965,8.0]},"faces":{"east":{"uv":[6.25,6.5,5.75,7.0],"rotation":0,"texture":"#0","tintindex":0},"south":{"uv":[7.875,2.84375,7.4375,3.34375],"rotation":0,"texture":"#0","tintindex":0},"north":{"uv":[5.71875,7.4375,5.28125,7.9375],"rotation":0,"texture":"#0","tintindex":0},"west":{"uv":[6.75,6.5,6.25,7.0],"rotation":0,"texture":"#0","tintindex":0},"up":{"uv":[0.4375,7.46875,0.0,7.96875],"rotation":0,"texture":"#0","tintindex":0},"down":{"uv":[7.90625,4.3125,7.46875,3.8125],"rotation":0,"texture":"#0","tintindex":0}}},{"from":[-7.99,6.7128515,3.079895],"to":[-1.6099997,12.625681,5.529069],"rotation":{"angle":22.5,"axis":"x","origin":[8.0,11.2,8.0]},"faces":{"east":{"uv":[2.84375,8.0,3.03125,8.46875],"rotation":0,"texture":"#0","tintindex":0},"south":{"uv":[7.0,0.96875,7.5,1.4375],"rotation":0,"texture":"#0","tintindex":0},"north":{"uv":[7.0,1.4375,7.5,1.90625],"rotation":0,"texture":"#0","tintindex":0},"west":{"uv":[3.03125,8.0,3.21875,8.46875],"rotation":0,"texture":"#0","tintindex":0},"up":{"uv":[5.34375,8.4375,5.15625,7.9375],"rotation":90,"texture":"#0","tintindex":0},"down":{"uv":[5.53125,7.9375,5.34375,8.4375],"rotation":270,"texture":"#0","tintindex":0}}},{"from":[-8.0,8.0,-1.6000004],"to":[-1.6000004,14.4,4.0],"rotation":{"angle":0.0,"axis":"y","origin":[8.0,11.2,8.0]},"faces":{"east":{"uv":[7.46875,5.3125,7.90625,5.8125],"rotation":0,"texture":"#0","tintindex":0},"south":{"uv":[6.53125,5.59375,7.03125,6.09375],"rotation":0,"texture":"#0","tintindex":0},"north":{"uv":[6.5625,0.0,7.0625,0.5],"rotation":0,"texture":"#0","tintindex":0},"west":{"uv":[6.34375,7.46875,6.78125,7.96875],"rotation":0,"texture":"#0","tintindex":0},"up":{"uv":[7.21875,7.96875,6.78125,7.46875],"rotation":90,"texture":"#0","tintindex":0},"down":{"uv":[7.9375,0.0,7.5,0.5],"rotation":270,"texture":"#0","tintindex":0}}},{"from":[-8.0,8.0,12.0],"to":[-1.6000004,14.4,17.6],"rotation":{"angle":0.0,"axis":"y","origin":[8.0,11.2,8.0]},"faces":{"east":{"uv":[7.4375,2.84375,7.875,3.34375],"rotation":0,"texture":"#0","tintindex":0},"south":{"uv":[5.75,6.5,6.25,7.0],"rotation":0,"texture":"#0","tintindex":0},"north":{"uv":[6.25,6.5,6.75,7.0],"rotation":0,"texture":"#0","tintindex":0},"west":{"uv":[5.28125,7.4375,5.71875,7.9375],"rotation":0,"texture":"#0","tintindex":0},"up":{"uv":[0.4375,7.96875,0.0,7.46875],"rotation":90,"texture":"#0","tintindex":0},"down":{"uv":[7.90625,3.8125,7.46875,4.3125],"rotation":270,"texture":"#0","tintindex":0}}},{"from":[-7.99,6.7128515,10.470931],"to":[-1.6099997,12.625681,12.920105],"rotation":{"angle":-22.5,"axis":"x","origin":[8.0,11.2,8.0]},"faces":{"east":{"uv":[8.0,1.21875,8.1875,1.6875],"rotation":0,"texture":"#0","tintindex":0},"south":{"uv":[6.96875,3.90625,7.46875,4.375],"rotation":0,"texture":"#0","tintindex":0},"north":{"uv":[0.0,7.0,0.5,7.46875],"rotation":0,"texture":"#0","tintindex":0},"west":{"uv":[2.65625,8.0,2.84375,8.46875],"rotation":0,"texture":"#0","tintindex":0},"up":{"uv":[7.59375,8.40625,7.40625,7.90625],"rotation":90,"texture":"#0","tintindex":0},"down":{"uv":[8.125,0.0,7.9375,0.5],"rotation":270,"texture":"#0","tintindex":0}}},{"from":[17.61,6.7128515,10.470931],"to":[23.99,12.625681,12.920105],"rotation":{"angle":-22.5,"axis":"x","origin":[8.0,11.2,8.0]},"faces":{"east":{"uv":[2.84375,8.0,2.65625,8.46875],"rotation":0,"texture":"#0","tintindex":0},"south":{"uv":[7.46875,3.90625,6.96875,4.375],"rotation":0,"texture":"#0","tintindex":0},"north":{"uv":[0.5,7.0,0.0,7.46875],"rotation":0,"texture":"#0","tintindex":0},"west":{"uv":[8.1875,1.21875,8.0,1.6875],"rotation":0,"texture":"#0","tintindex":0},"up":{"uv":[7.59375,7.90625,7.40625,8.40625],"rotation":90,"texture":"#0","tintindex":0},"down":{"uv":[8.125,0.5,7.9375,0.0],"rotation":270,"texture":"#0","tintindex":0}}},{"from":[17.6,8.0,12.0],"to":[24.0,14.4,17.6],"rotation":{"angle":0.0,"axis":"y","origin":[8.0,11.2,8.0]},"faces":{"east":{"uv":[5.71875,7.4375,5.28125,7.9375],"rotation":0,"texture":"#0","tintindex":0},"south":{"uv":[6.25,6.5,5.75,7.0],"rotation":0,"texture":"#0","tintindex":0},"north":{"uv":[6.75,6.5,6.25,7.0],"rotation":0,"texture":"#0","tintindex":0},"west":{"uv":[7.875,2.84375,7.4375,3.34375],"rotation":0,"texture":"#0","tintindex":0},"up":{"uv":[0.4375,7.46875,0.0,7.96875],"rotation":90,"texture":"#0","tintindex":0},"down":{"uv":[7.90625,4.3125,7.46875,3.8125],"rotation":270,"texture":"#0","tintindex":0}}},{"from":[17.61,6.7128515,3.079895],"to":[23.99,12.625681,5.529069],"rotation":{"angle":22.5,"axis":"x","origin":[8.0,11.2,8.0]},"faces":{"east":{"uv":[3.21875,8.0,3.03125,8.46875],"rotation":0,"texture":"#0","tintindex":0},"south":{"uv":[7.5,0.96875,7.0,1.4375],"rotation":0,"texture":"#0","tintindex":0},"north":{"uv":[7.5,1.4375,7.0,1.90625],"rotation":0,"texture":"#0","tintindex":0},"west":{"uv":[3.03125,8.0,2.84375,8.46875],"rotation":0,"texture":"#0","tintindex":0},"up":{"uv":[5.34375,7.9375,5.15625,8.4375],"rotation":90,"texture":"#0","tintindex":0},"down":{"uv":[5.53125,8.4375,5.34375,7.9375],"rotation":270,"texture":"#0","tintindex":0}}},{"from":[17.6,8.0,-1.6000004],"to":[24.0,14.4,4.0],"rotation":{"angle":0.0,"axis":"y","origin":[8.0,11.2,8.0]},"faces":{"east":{"uv":[6.78125,7.46875,6.34375,7.96875],"rotation":0,"texture":"#0","tintindex":0},"south":{"uv":[7.03125,5.59375,6.53125,6.09375],"rotation":0,"texture":"#0","tintindex":0},"north":{"uv":[7.0625,0.0,6.5625,0.5],"rotation":0,"texture":"#0","tintindex":0},"west":{"uv":[7.90625,5.3125,7.46875,5.8125],"rotation":0,"texture":"#0","tintindex":0},"up":{"uv":[7.21875,7.46875,6.78125,7.96875],"rotation":90,"texture":"#0","tintindex":0},"down":{"uv":[7.9375,0.5,7.5,0.0],"rotation":270,"texture":"#0","tintindex":0}}},{"from":[-9.389999,8.0,-1.6000004],"to":[-1.6000004,9.6,4.1],"rotation":{"angle":0.0,"axis":"y","origin":[11.2,8.0,4.8]},"faces":{"east":{"uv":[3.9375,8.28125,3.5,8.40625],"rotation":0,"texture":"#0","tintindex":0},"south":{"uv":[8.71875,6.8125,8.125,6.9375],"rotation":0,"texture":"#0","tintindex":0},"north":{"uv":[8.71875,6.9375,8.125,7.0625],"rotation":0,"texture":"#0","tintindex":0},"west":{"uv":[2.65625,8.3125,2.21875,8.4375],"rotation":0,"texture":"#0","tintindex":0},"up":{"uv":[2.34375,5.875,1.75,6.3125],"rotation":0,"texture":"#0","tintindex":0},"down":{"uv":[6.09375,6.34375,5.5,5.90625],"rotation":0,"texture":"#0","tintindex":0}}},{"from":[-9.04244,8.0,-8.5509205],"to":[1.9742818,9.57,-7.3809195],"rotation":{"angle":45.0,"axis":"y","origin":[-0.8257179,8.8,-4.65592]},"faces":{"east":{"uv":[1.4375,3.875,1.34375,4.0],"rotation":0,"texture":"#0","tintindex":0},"south":{"uv":[8.75,3.03125,7.875,3.15625],"rotation":0,"texture":"#0","tintindex":0},"north":{"uv":[8.75,3.15625,7.875,3.28125],"rotation":0,"texture":"#0","tintindex":0},"west":{"uv":[1.53125,3.875,1.4375,4.0],"rotation":0,"texture":"#0","tintindex":0},"up":{"uv":[8.875,3.5625,8.0,3.65625],"rotation":0,"texture":"#0","tintindex":0},"down":{"uv":[8.875,3.75,8.0,3.65625],"rotation":0,"texture":"#0","tintindex":0}}},{"from":[-1.6000004,8.0,-9.389999],"to":[4.1,9.6,-1.6000004],"rotation":{"angle":0.0,"axis":"y","origin":[8.0,8.775,8.0]},"faces":{"east":{"uv":[8.75,5.0,8.15625,5.125],"rotation":0,"texture":"#0","tintindex":0},"south":{"uv":[8.84375,5.25,8.40625,5.375],"rotation":0,"texture":"#0","tintindex":0},"north":{"uv":[8.84375,5.375,8.40625,5.5],"rotation":0,"texture":"#0","tintindex":0},"west":{"uv":[8.75,7.5,8.15625,7.625],"rotation":0,"texture":"#0","tintindex":0},"up":{"uv":[6.5,3.59375,6.0625,4.1875],"rotation":0,"texture":"#0","tintindex":0},"down":{"uv":[4.25,6.65625,3.8125,6.0625],"rotation":0,"texture":"#0","tintindex":0}}},{"from":[4.0,8.0,-8.550001],"to":[12.0,9.5,-2.0],"rotation":{"angle":0.0,"axis":"y","origin":[8.0,8.775,8.0]},"faces":{"east":{"uv":[8.65625,8.1875,8.15625,8.3125],"rotation":0,"texture":"#0","tintindex":0},"south":{"uv":[8.71875,5.9375,8.09375,6.0625],"rotation":0,"texture":"#0","tintindex":0},"north":{"uv":[8.71875,6.0625,8.09375,6.1875],"rotation":0,"texture":"#0","tintindex":0},"west":{"uv":[1.28125,8.25,0.78125,8.375],"rotation":0,"texture":"#0","tintindex":0},"up":{"uv":[2.375,5.375,1.75,5.875],"rotation":0,"texture":"#0","tintindex":0},"down":{"uv":[6.0625,3.78125,5.4375,3.28125],"rotation":0,"texture":"#0","tintindex":0}}},{"from":[11.9,8.0,-9.389999],"to":[17.6,9.6,-1.6000004],"rotation":{"angle":0.0,"axis":"y","origin":[8.0,8.775,8.0]},"faces":{"east":{"uv":[8.75,7.625,8.15625,7.75],"rotation":0,"texture":"#0","tintindex":0},"south":{"uv":[8.84375,5.5,8.40625,5.625],"rotation":0,"texture":"#0","tintindex":0},"north":{"uv":[8.84375,5.625,8.40625,5.75],"rotation":0,"texture":"#0","tintindex":0},"west":{"uv":[8.75,7.75,8.15625,7.875],"rotation":0,"texture":"#0","tintindex":0},"up":{"uv":[6.53125,5.90625,6.09375,6.5],"rotation":0,"texture":"#0","tintindex":0},"down":{"uv":[6.59375,1.90625,6.15625,1.3125],"rotation":0,"texture":"#0","tintindex":0}}},{"from":[14.025719,8.0,-8.5509205],"to":[25.04244,9.57,-7.3809195],"rotation":{"angle":-45.0,"axis":"y","origin":[16.825718,8.8,-4.65592]},"faces":{"east":{"uv":[4.34375,3.1875,4.25,3.3125],"rotation":0,"texture":"#0","tintindex":0},"south":{"uv":[8.78125,0.5,7.90625,0.625],"rotation":0,"texture":"#0","tintindex":0},"north":{"uv":[8.78125,0.625,7.90625,0.75],"rotation":0,"texture":"#0","tintindex":0},"west":{"uv":[4.34375,3.3125,4.25,3.4375],"rotation":0,"texture":"#0","tintindex":0},"up":{"uv":[8.9375,4.3125,8.0625,4.40625],"rotation":0,"texture":"#0","tintindex":0},"down":{"uv":[8.9375,4.5,8.0625,4.40625],"rotation":0,"texture":"#0","tintindex":0}}},{"from":[17.6,8.0,-1.6000004],"to":[25.39,9.6,4.1],"rotation":{"angle":0.0,"axis":"y","origin":[4.8,8.0,4.8]},"faces":{"east":{"uv":[8.59375,8.3125,8.15625,8.4375],"rotation":0,"texture":"#0","tintindex":0},"south":{"uv":[8.75,2.0625,8.15625,2.1875],"rotation":0,"texture":"#0","tintindex":0},"north":{"uv":[8.75,2.1875,8.15625,2.3125],"rotation":0,"texture":"#0","tintindex":0},"west":{"uv":[0.8125,8.375,0.375,8.5],"rotation":0,"texture":"#0","tintindex":0},"up":{"uv":[6.625,4.21875,6.03125,4.65625],"rotation":0,"texture":"#0","tintindex":0},"down":{"uv":[6.625,5.09375,6.03125,4.65625],"rotation":0,"texture":"#0","tintindex":0}}}],"display":{"head":{"translation":[0.0,-6.4,0.0],"scale":[4.0,4.0,4.0]}}}