{"textures":{"1":"minecraft:modelengine/entity/enchantment_altar_fire"},"elements":[{"from":[-9.958401,-7.718584,-9.958401],"to":[-9.958401,16.86144,16.815544],"rotation":{"angle":0.0,"axis":"y","origin":[-6.0946293,-41.46889,-7.4550867]},"faces":{"east":{"uv":[5.375,5.375,2.6875,8.0625],"rotation":0,"texture":"#1","tintindex":0},"south":{"uv":[0.0,0.0,0.0,2.6875],"rotation":0,"texture":"#1","tintindex":0},"north":{"uv":[0.0,0.0,0.0,2.6875],"rotation":0,"texture":"#1","tintindex":0},"west":{"uv":[5.375,5.375,2.6875,8.0625],"rotation":0,"texture":"#1","tintindex":0},"up":{"uv":[0.0,2.6875,0.0,0.0],"rotation":0,"texture":"#1","tintindex":0},"down":{"uv":[0.0,0.0,0.0,2.6875],"rotation":0,"texture":"#1","tintindex":0}}},{"from":[16.815544,-7.718584,-9.958401],"to":[16.815544,16.86144,16.815544],"rotation":{"angle":0.0,"axis":"y","origin":[12.951772,-41.46889,-7.4550867]},"faces":{"east":{"uv":[2.6875,5.375,5.375,8.0625],"rotation":0,"texture":"#1","tintindex":0},"south":{"uv":[0.0,0.0,0.0,2.6875],"rotation":0,"texture":"#1","tintindex":0},"north":{"uv":[0.0,0.0,0.0,2.6875],"rotation":0,"texture":"#1","tintindex":0},"west":{"uv":[2.6875,5.375,5.375,8.0625],"rotation":0,"texture":"#1","tintindex":0},"up":{"uv":[0.0,2.6875,0.0,0.0],"rotation":0,"texture":"#1","tintindex":0},"down":{"uv":[0.0,0.0,0.0,2.6875],"rotation":0,"texture":"#1","tintindex":0}}},{"from":[-9.958401,-7.718584,16.815544],"to":[16.815544,16.86144,16.815544],"rotation":{"angle":0.0,"axis":"y","origin":[3.4285712,4.5714283,3.4285712]},"faces":{"east":{"uv":[0.0,0.0,0.0,2.6875],"rotation":0,"texture":"#1","tintindex":0},"south":{"uv":[2.6875,5.375,5.375,8.0625],"rotation":0,"texture":"#1","tintindex":0},"north":{"uv":[2.6875,5.375,5.375,8.0625],"rotation":0,"texture":"#1","tintindex":0},"west":{"uv":[0.0,0.0,0.0,2.6875],"rotation":0,"texture":"#1","tintindex":0},"up":{"uv":[0.0,2.6875,0.0,0.0],"rotation":90,"texture":"#1","tintindex":0},"down":{"uv":[0.0,0.0,0.0,2.6875],"rotation":270,"texture":"#1","tintindex":0}}},{"from":[-9.958401,-7.718584,-9.958401],"to":[16.815544,16.86144,-9.958401],"rotation":{"angle":0.0,"axis":"y","origin":[3.4285712,4.5714283,3.4285712]},"faces":{"east":{"uv":[0.0,0.0,0.0,2.6875],"rotation":0,"texture":"#1","tintindex":0},"south":{"uv":[5.375,5.375,2.6875,8.0625],"rotation":0,"texture":"#1","tintindex":0},"north":{"uv":[5.375,5.375,2.6875,8.0625],"rotation":0,"texture":"#1","tintindex":0},"west":{"uv":[0.0,0.0,0.0,2.6875],"rotation":0,"texture":"#1","tintindex":0},"up":{"uv":[0.0,2.6875,0.0,0.0],"rotation":90,"texture":"#1","tintindex":0},"down":{"uv":[0.0,0.0,0.0,2.6875],"rotation":270,"texture":"#1","tintindex":0}}},{"from":[8.571428,-6.6571436,-1.7142859],"to":[8.571428,22.657143,8.571428],"rotation":{"angle":0.0,"axis":"y","origin":[7.428571,-13.114286,-1.1428576]},"faces":{"east":{"uv":[7.625,5.375,8.75,8.5625],"rotation":0,"texture":"#1","tintindex":0},"south":{"uv":[0.0,0.0,0.0,3.1875],"rotation":0,"texture":"#1","tintindex":0},"north":{"uv":[0.0,0.0,0.0,3.1875],"rotation":0,"texture":"#1","tintindex":0},"west":{"uv":[8.75,5.375,7.625,8.5625],"rotation":0,"texture":"#1","tintindex":0},"up":{"uv":[0.0,1.125,0.0,0.0],"rotation":0,"texture":"#1","tintindex":0},"down":{"uv":[0.0,0.0,0.0,1.125],"rotation":0,"texture":"#1","tintindex":0}}},{"from":[-1.7142859,-6.6571436,-1.7142859],"to":[-1.7142859,22.657143,8.571428],"rotation":{"angle":0.0,"axis":"y","origin":[-0.57142925,-13.114286,-1.1428576]},"faces":{"east":{"uv":[8.75,5.375,7.625,8.5625],"rotation":0,"texture":"#1","tintindex":0},"south":{"uv":[0.0,0.0,0.0,3.1875],"rotation":0,"texture":"#1","tintindex":0},"north":{"uv":[0.0,0.0,0.0,3.1875],"rotation":0,"texture":"#1","tintindex":0},"west":{"uv":[7.625,5.375,8.75,8.5625],"rotation":0,"texture":"#1","tintindex":0},"up":{"uv":[0.0,1.125,0.0,0.0],"rotation":0,"texture":"#1","tintindex":0},"down":{"uv":[0.0,0.0,0.0,1.125],"rotation":0,"texture":"#1","tintindex":0}}},{"from":[-1.7142859,-6.6571436,-1.7142859],"to":[8.571428,22.657143,-1.7142859],"rotation":{"angle":0.0,"axis":"y","origin":[3.4285712,8.0,3.4285712]},"faces":{"east":{"uv":[0.0,0.0,0.0,3.1875],"rotation":0,"texture":"#1","tintindex":0},"south":{"uv":[7.625,5.375,8.75,8.5625],"rotation":0,"texture":"#1","tintindex":0},"north":{"uv":[8.75,5.375,7.625,8.5625],"rotation":0,"texture":"#1","tintindex":0},"west":{"uv":[0.0,0.0,0.0,3.1875],"rotation":0,"texture":"#1","tintindex":0},"up":{"uv":[0.0,1.125,0.0,0.0],"rotation":90,"texture":"#1","tintindex":0},"down":{"uv":[0.0,0.0,0.0,1.125],"rotation":270,"texture":"#1","tintindex":0}}},{"from":[-1.7142859,-6.6571436,8.571428],"to":[8.571428,22.657143,8.571428],"rotation":{"angle":0.0,"axis":"y","origin":[3.4285712,8.0,3.4285712]},"faces":{"east":{"uv":[0.0,0.0,0.0,3.1875],"rotation":0,"texture":"#1","tintindex":0},"south":{"uv":[8.75,5.375,7.625,8.5625],"rotation":0,"texture":"#1","tintindex":0},"north":{"uv":[7.625,5.375,8.75,8.5625],"rotation":0,"texture":"#1","tintindex":0},"west":{"uv":[0.0,0.0,0.0,3.1875],"rotation":0,"texture":"#1","tintindex":0},"up":{"uv":[0.0,1.125,0.0,0.0],"rotation":90,"texture":"#1","tintindex":0},"down":{"uv":[0.0,0.0,0.0,1.125],"rotation":270,"texture":"#1","tintindex":0}}}],"display":{"head":{"translation":[0.0,-6.4,0.0],"scale":[4.0,4.0,4.0]}}}