{"textures":{"0":"minecraft:modelengine/entity/enchantment_altar"},"elements":[{"from":[-11.677145,6.7013083,-11.677145],"to":[27.677145,9.298692,27.677145],"rotation":{"angle":0.0,"axis":"y","origin":[8.0,8.0,8.0]},"faces":{"east":{"uv":[7.71875,2.6875,9.28125,2.78125],"rotation":0,"texture":"#0","tintindex":0},"south":{"uv":[7.71875,5.15625,9.28125,5.25],"rotation":0,"texture":"#0","tintindex":0},"north":{"uv":[7.71875,2.59375,9.28125,2.6875],"rotation":0,"texture":"#0","tintindex":0},"west":{"uv":[7.75,6.28125,9.3125,6.375],"rotation":0,"texture":"#0","tintindex":0},"up":{"uv":[1.5625,1.5625,0.0,0.0],"rotation":0,"texture":"#0","tintindex":0},"down":{"uv":[1.5625,1.5625,0.0,3.125],"rotation":0,"texture":"#0","tintindex":0}}}],"display":{"head":{"translation":[0.0,-6.4,0.0],"scale":[4.0,4.0,4.0]}}}