{"textures":{"0":"minecraft:modelengine/entity/epcom_bfly_default"},"elements":[{"from":[7.8142858,8.0,7.6285715],"to":[8.185715,8.0,8.3714285],"rotation":{"angle":0.0,"axis":"y","origin":[7.0714283,2.7999997,12.457144]},"faces":{"east":{"uv":[0.0,0.0,0.5,0.0],"rotation":0,"texture":"#0","tintindex":0},"south":{"uv":[0.0,0.0,0.25,0.0],"rotation":0,"texture":"#0","tintindex":0},"north":{"uv":[0.0,0.0,0.25,0.0],"rotation":0,"texture":"#0","tintindex":0},"west":{"uv":[0.0,0.0,0.5,0.0],"rotation":0,"texture":"#0","tintindex":0},"up":{"uv":[9.0,1.25,8.75,0.75],"rotation":0,"texture":"#0","tintindex":0},"down":{"uv":[1.75,8.75,1.5,9.25],"rotation":0,"texture":"#0","tintindex":0}}},{"from":[8.185715,8.0,6.5142856],"to":[8.557143,8.0,7.6285715],"rotation":{"angle":0.0,"axis":"y","origin":[7.0714283,2.7999997,12.457144]},"faces":{"east":{"uv":[0.0,0.0,0.75,0.0],"rotation":0,"texture":"#0","tintindex":0},"south":{"uv":[0.0,0.0,0.25,0.0],"rotation":0,"texture":"#0","tintindex":0},"north":{"uv":[0.0,0.0,0.25,0.0],"rotation":0,"texture":"#0","tintindex":0},"west":{"uv":[0.0,0.0,0.75,0.0],"rotation":0,"texture":"#0","tintindex":0},"up":{"uv":[6.75,8.25,6.5,7.5],"rotation":0,"texture":"#0","tintindex":0},"down":{"uv":[7.0,7.5,6.75,8.25],"rotation":0,"texture":"#0","tintindex":0}}},{"from":[8.557143,8.0,5.771428],"to":[8.928572,8.0,6.5142856],"rotation":{"angle":0.0,"axis":"y","origin":[7.0714283,2.7999997,12.457144]},"faces":{"east":{"uv":[0.0,0.0,0.5,0.0],"rotation":0,"texture":"#0","tintindex":0},"south":{"uv":[0.0,0.0,0.25,0.0],"rotation":0,"texture":"#0","tintindex":0},"north":{"uv":[0.0,0.0,0.25,0.0],"rotation":0,"texture":"#0","tintindex":0},"west":{"uv":[0.0,0.0,0.5,0.0],"rotation":0,"texture":"#0","tintindex":0},"up":{"uv":[2.0,9.25,1.75,8.75],"rotation":0,"texture":"#0","tintindex":0},"down":{"uv":[2.25,8.75,2.0,9.25],"rotation":0,"texture":"#0","tintindex":0}}},{"from":[8.928572,8.0,5.3999996],"to":[9.3,8.0,5.771428],"rotation":{"angle":0.0,"axis":"y","origin":[7.0714283,2.7999997,12.457144]},"faces":{"east":{"uv":[0.0,0.0,0.25,0.0],"rotation":0,"texture":"#0","tintindex":0},"south":{"uv":[0.0,0.0,0.25,0.0],"rotation":0,"texture":"#0","tintindex":0},"north":{"uv":[0.0,0.0,0.25,0.0],"rotation":0,"texture":"#0","tintindex":0},"west":{"uv":[0.0,0.0,0.25,0.0],"rotation":0,"texture":"#0","tintindex":0},"up":{"uv":[9.25,7.5,9.0,7.25],"rotation":0,"texture":"#0","tintindex":0},"down":{"uv":[9.25,7.5,9.0,7.75],"rotation":0,"texture":"#0","tintindex":0}}},{"from":[9.3,8.0,5.028571],"to":[9.671429,8.0,5.3999996],"rotation":{"angle":0.0,"axis":"y","origin":[7.0714283,2.7999997,12.457144]},"faces":{"east":{"uv":[0.0,0.0,0.25,0.0],"rotation":0,"texture":"#0","tintindex":0},"south":{"uv":[0.0,0.0,0.25,0.0],"rotation":0,"texture":"#0","tintindex":0},"north":{"uv":[0.0,0.0,0.25,0.0],"rotation":0,"texture":"#0","tintindex":0},"west":{"uv":[0.0,0.0,0.25,0.0],"rotation":0,"texture":"#0","tintindex":0},"up":{"uv":[9.25,8.0,9.0,7.75],"rotation":0,"texture":"#0","tintindex":0},"down":{"uv":[9.25,8.75,9.0,9.0],"rotation":0,"texture":"#0","tintindex":0}}}],"display":{"head":{"translation":[0.0,-6.4,0.0],"scale":[4.0,4.0,4.0]}}}