{"textures":{"0":"minecraft:modelengine/entity/epcom_bfly_default"},"elements":[{"from":[6.885714,6.885714,6.5142856],"to":[9.114285,9.114285,8.0],"rotation":{"angle":0.0,"axis":"y","origin":[8.0,3.9142857,11.714286]},"faces":{"east":{"uv":[3.0,7.5,4.0,9.0],"rotation":0,"texture":"#0","tintindex":0},"south":{"uv":[1.5,7.0,3.0,8.5],"rotation":0,"texture":"#0","tintindex":0},"north":{"uv":[0.0,7.0,1.5,8.5],"rotation":0,"texture":"#0","tintindex":0},"west":{"uv":[4.0,7.5,5.0,9.0],"rotation":0,"texture":"#0","tintindex":0},"up":{"uv":[5.5,3.0,4.0,2.0],"rotation":0,"texture":"#0","tintindex":0},"down":{"uv":[7.0,4.0,5.5,5.0],"rotation":0,"texture":"#0","tintindex":0}}},{"from":[7.0714283,7.0714283,8.0],"to":[8.928572,8.928572,8.3714285],"rotation":{"angle":0.0,"axis":"y","origin":[8.0,3.9142857,11.714286]},"faces":{"east":{"uv":[8.5,0.0,8.75,1.25],"rotation":0,"texture":"#0","tintindex":0},"south":{"uv":[7.5,2.0,8.75,3.25],"rotation":0,"texture":"#0","tintindex":0},"north":{"uv":[7.0,7.0,8.25,8.25],"rotation":0,"texture":"#0","tintindex":0},"west":{"uv":[0.25,8.5,0.5,9.75],"rotation":0,"texture":"#0","tintindex":0},"up":{"uv":[1.75,8.75,0.5,8.5],"rotation":0,"texture":"#0","tintindex":0},"down":{"uv":[9.75,1.25,8.5,1.5],"rotation":0,"texture":"#0","tintindex":0}}}],"display":{"head":{"translation":[0.0,-6.4,0.0],"scale":[4.0,4.0,4.0]}}}