{"textures":{"0":"minecraft:modelengine/entity/epcom_bfly_default"},"elements":[{"from":[8.0,6.885714,6.885714],"to":[8.0,7.257143,7.257143],"rotation":{"angle":0.0,"axis":"y","origin":[6.7,5.3999996,9.114285]},"faces":{"east":{"uv":[2.75,9.25,3.0,9.5],"rotation":0,"texture":"#0","tintindex":0},"south":{"uv":[0.0,0.0,0.0,0.25],"rotation":0,"texture":"#0","tintindex":0},"north":{"uv":[0.0,0.0,0.0,0.25],"rotation":0,"texture":"#0","tintindex":0},"west":{"uv":[3.0,9.25,3.25,9.5],"rotation":0,"texture":"#0","tintindex":0},"up":{"uv":[0.0,0.25,0.0,0.0],"rotation":0,"texture":"#0","tintindex":0},"down":{"uv":[0.0,0.0,0.0,0.25],"rotation":0,"texture":"#0","tintindex":0}}},{"from":[8.0,7.257143,6.5142856],"to":[8.0,8.0,6.885714],"rotation":{"angle":0.0,"axis":"y","origin":[6.7,5.3999996,9.114285]},"faces":{"east":{"uv":[6.5,8.75,6.75,9.25],"rotation":0,"texture":"#0","tintindex":0},"south":{"uv":[0.0,0.0,0.0,0.5],"rotation":0,"texture":"#0","tintindex":0},"north":{"uv":[0.0,0.0,0.0,0.5],"rotation":0,"texture":"#0","tintindex":0},"west":{"uv":[6.75,8.75,7.0,9.25],"rotation":0,"texture":"#0","tintindex":0},"up":{"uv":[0.0,0.25,0.0,0.0],"rotation":0,"texture":"#0","tintindex":0},"down":{"uv":[0.0,0.0,0.0,0.25],"rotation":0,"texture":"#0","tintindex":0}}},{"from":[8.0,7.257143,7.6285715],"to":[8.0,8.0,8.0],"rotation":{"angle":0.0,"axis":"y","origin":[6.7,5.3999996,9.114285]},"faces":{"east":{"uv":[7.0,8.75,7.25,9.25],"rotation":0,"texture":"#0","tintindex":0},"south":{"uv":[0.0,0.0,0.0,0.5],"rotation":0,"texture":"#0","tintindex":0},"north":{"uv":[0.0,0.0,0.0,0.5],"rotation":0,"texture":"#0","tintindex":0},"west":{"uv":[8.75,7.0,9.0,7.5],"rotation":0,"texture":"#0","tintindex":0},"up":{"uv":[0.0,0.25,0.0,0.0],"rotation":0,"texture":"#0","tintindex":0},"down":{"uv":[0.0,0.0,0.0,0.25],"rotation":0,"texture":"#0","tintindex":0}}},{"from":[8.0,6.885714,8.0],"to":[8.0,7.257143,8.3714285],"rotation":{"angle":0.0,"axis":"y","origin":[6.7,5.3999996,9.114285]},"faces":{"east":{"uv":[9.25,3.0,9.5,3.25],"rotation":0,"texture":"#0","tintindex":0},"south":{"uv":[0.0,0.0,0.0,0.25],"rotation":0,"texture":"#0","tintindex":0},"north":{"uv":[0.0,0.0,0.0,0.25],"rotation":0,"texture":"#0","tintindex":0},"west":{"uv":[3.25,9.25,3.5,9.5],"rotation":0,"texture":"#0","tintindex":0},"up":{"uv":[0.0,0.25,0.0,0.0],"rotation":0,"texture":"#0","tintindex":0},"down":{"uv":[0.0,0.0,0.0,0.25],"rotation":0,"texture":"#0","tintindex":0}}},{"from":[8.0,7.257143,8.742857],"to":[8.0,8.0,9.114285],"rotation":{"angle":0.0,"axis":"y","origin":[6.7,5.3999996,9.114285]},"faces":{"east":{"uv":[7.25,8.75,7.5,9.25],"rotation":0,"texture":"#0","tintindex":0},"south":{"uv":[0.0,0.0,0.0,0.5],"rotation":0,"texture":"#0","tintindex":0},"north":{"uv":[0.0,0.0,0.0,0.5],"rotation":0,"texture":"#0","tintindex":0},"west":{"uv":[7.5,8.75,7.75,9.25],"rotation":0,"texture":"#0","tintindex":0},"up":{"uv":[0.0,0.25,0.0,0.0],"rotation":0,"texture":"#0","tintindex":0},"down":{"uv":[0.0,0.0,0.0,0.25],"rotation":0,"texture":"#0","tintindex":0}}},{"from":[8.0,6.885714,9.114285],"to":[8.0,7.257143,9.485714],"rotation":{"angle":0.0,"axis":"y","origin":[6.7,5.3999996,9.114285]},"faces":{"east":{"uv":[9.25,3.25,9.5,3.5],"rotation":0,"texture":"#0","tintindex":0},"south":{"uv":[0.0,0.0,0.0,0.25],"rotation":0,"texture":"#0","tintindex":0},"north":{"uv":[0.0,0.0,0.0,0.25],"rotation":0,"texture":"#0","tintindex":0},"west":{"uv":[9.25,3.5,9.5,3.75],"rotation":0,"texture":"#0","tintindex":0},"up":{"uv":[0.0,0.25,0.0,0.0],"rotation":0,"texture":"#0","tintindex":0},"down":{"uv":[0.0,0.0,0.0,0.25],"rotation":0,"texture":"#0","tintindex":0}}}],"display":{"head":{"translation":[0.0,-6.4,0.0],"scale":[4.0,4.0,4.0]}}}