{"textures":{"0":"minecraft:modelengine/entity/epcom_bfly_default"},"elements":[{"from":[7.257143,7.257143,8.0],"to":[8.742857,8.742857,10.714286],"rotation":{"angle":0.0,"axis":"y","origin":[8.0,3.9142857,3.4785714]},"faces":{"east":{"uv":[0.0,0.0,4.0,1.5],"rotation":0,"texture":"#0","tintindex":0},"south":{"uv":[7.0,5.5,8.5,7.0],"rotation":0,"texture":"#0","tintindex":0},"north":{"uv":[7.0,4.0,8.5,5.5],"rotation":0,"texture":"#0","tintindex":0},"west":{"uv":[0.0,1.5,4.0,3.0],"rotation":0,"texture":"#0","tintindex":0},"up":{"uv":[1.5,7.0,0.0,3.0],"rotation":0,"texture":"#0","tintindex":0},"down":{"uv":[3.0,3.0,1.5,7.0],"rotation":0,"texture":"#0","tintindex":0}}}],"display":{"head":{"translation":[0.0,-6.4,0.0],"scale":[4.0,4.0,4.0]}}}