{"textures":{"0":"minecraft:modelengine/entity/epcom_bfly_default"},"elements":[{"from":[6.5142856,6.607143,6.142857],"to":[9.485714,9.578571,9.857143],"rotation":{"angle":0.0,"axis":"y","origin":[8.0,4.0071425,9.764286]},"faces":{"east":{"uv":[3.0,3.0,5.5,5.0],"rotation":0,"texture":"#0","tintindex":0},"south":{"uv":[6.5,0.0,8.5,2.0],"rotation":0,"texture":"#0","tintindex":0},"north":{"uv":[5.5,2.0,7.5,4.0],"rotation":0,"texture":"#0","tintindex":0},"west":{"uv":[4.0,0.0,6.5,2.0],"rotation":0,"texture":"#0","tintindex":0},"up":{"uv":[5.0,7.5,3.0,5.0],"rotation":0,"texture":"#0","tintindex":0},"down":{"uv":[7.0,5.0,5.0,7.5],"rotation":0,"texture":"#0","tintindex":0}}}],"display":{"head":{"translation":[0.0,-6.4,0.0],"scale":[4.0,4.0,4.0]}}}