{"textures":{"0":"minecraft:modelengine/entity/zap_tower_1"},"elements":[{"from":[-4.8,-8.061497,-4.8],"to":[3.1999998,-2.4614964,3.1999998],"rotation":{"angle":0.0,"axis":"y","origin":[-4.8,-8.021498,-4.8]},"faces":{"east":{"uv":[7.125,2.0,7.75,2.4375],"rotation":0,"texture":"#0","tintindex":0},"south":{"uv":[7.125,2.5,7.75,2.9375],"rotation":0,"texture":"#0","tintindex":0},"north":{"uv":[7.125,1.5,7.75,1.9375],"rotation":0,"texture":"#0","tintindex":0},"west":{"uv":[7.125,3.0,7.75,3.4375],"rotation":0,"texture":"#0","tintindex":0},"up":{"uv":[5.5,4.375,4.875,3.75],"rotation":0,"texture":"#0","tintindex":0},"down":{"uv":[5.875,4.375,5.25,5.0],"rotation":0,"texture":"#0","tintindex":0}}},{"from":[12.8,-8.061497,-4.8],"to":[20.8,-2.4614964,3.1999998],"rotation":{"angle":0.0,"axis":"y","origin":[20.8,-8.021498,-4.8]},"faces":{"east":{"uv":[7.125,6.875,7.75,7.3125],"rotation":0,"texture":"#0","tintindex":0},"south":{"uv":[5.125,7.25,5.75,7.6875],"rotation":0,"texture":"#0","tintindex":0},"north":{"uv":[7.125,3.5,7.75,3.9375],"rotation":0,"texture":"#0","tintindex":0},"west":{"uv":[5.75,7.25,6.375,7.6875],"rotation":0,"texture":"#0","tintindex":0},"up":{"uv":[5.875,5.625,5.25,5.0],"rotation":0,"texture":"#0","tintindex":0},"down":{"uv":[6.0,2.75,5.375,3.375],"rotation":0,"texture":"#0","tintindex":0}}},{"from":[13.07392,-2.6784563,-3.3971205],"to":[19.397121,1.2754636,2.9260798],"rotation":{"angle":0.0,"axis":"y","origin":[19.397121,-7.232376,-3.3971205]},"faces":{"east":{"uv":[8.5,5.875,9.0,6.1875],"rotation":0,"texture":"#0","tintindex":0},"south":{"uv":[0.75,8.625,1.25,8.9375],"rotation":0,"texture":"#0","tintindex":0},"north":{"uv":[8.5,5.5,9.0,5.8125],"rotation":0,"texture":"#0","tintindex":0},"west":{"uv":[2.5,8.625,3.0,8.9375],"rotation":0,"texture":"#0","tintindex":0},"up":{"uv":[8.25,2.625,7.75,2.125],"rotation":0,"texture":"#0","tintindex":0},"down":{"uv":[8.25,2.625,7.75,3.125],"rotation":0,"texture":"#0","tintindex":0}}},{"from":[-3.3971205,-2.6784563,-3.3971205],"to":[2.9260798,1.2754636,2.9260798],"rotation":{"angle":0.0,"axis":"y","origin":[-3.3971205,-7.232376,-3.3971205]},"faces":{"east":{"uv":[7.625,8.625,8.125,8.9375],"rotation":0,"texture":"#0","tintindex":0},"south":{"uv":[8.125,8.625,8.625,8.9375],"rotation":0,"texture":"#0","tintindex":0},"north":{"uv":[3.0,8.625,3.5,8.9375],"rotation":0,"texture":"#0","tintindex":0},"west":{"uv":[8.625,8.625,9.125,8.9375],"rotation":0,"texture":"#0","tintindex":0},"up":{"uv":[8.25,3.625,7.75,3.125],"rotation":0,"texture":"#0","tintindex":0},"down":{"uv":[8.25,4.75,7.75,5.25],"rotation":0,"texture":"#0","tintindex":0}}},{"from":[-3.3971205,-2.6784563,13.07392],"to":[2.9260798,1.2754636,19.397121],"rotation":{"angle":0.0,"axis":"y","origin":[-3.3971205,-7.232376,19.397121]},"faces":{"east":{"uv":[8.125,8.625,7.625,8.9375],"rotation":0,"texture":"#0","tintindex":0},"south":{"uv":[3.5,8.625,3.0,8.9375],"rotation":0,"texture":"#0","tintindex":0},"north":{"uv":[8.625,8.625,8.125,8.9375],"rotation":0,"texture":"#0","tintindex":0},"west":{"uv":[9.125,8.625,8.625,8.9375],"rotation":0,"texture":"#0","tintindex":0},"up":{"uv":[8.25,3.125,7.75,3.625],"rotation":0,"texture":"#0","tintindex":0},"down":{"uv":[8.25,5.25,7.75,4.75],"rotation":0,"texture":"#0","tintindex":0}}},{"from":[13.07392,-2.6784563,13.07392],"to":[19.397121,1.2754636,19.397121],"rotation":{"angle":0.0,"axis":"y","origin":[19.397121,-7.232376,19.397121]},"faces":{"east":{"uv":[9.0,5.875,8.5,6.1875],"rotation":0,"texture":"#0","tintindex":0},"south":{"uv":[9.0,5.5,8.5,5.8125],"rotation":0,"texture":"#0","tintindex":0},"north":{"uv":[1.25,8.625,0.75,8.9375],"rotation":0,"texture":"#0","tintindex":0},"west":{"uv":[3.0,8.625,2.5,8.9375],"rotation":0,"texture":"#0","tintindex":0},"up":{"uv":[8.25,2.125,7.75,2.625],"rotation":0,"texture":"#0","tintindex":0},"down":{"uv":[8.25,3.125,7.75,2.625],"rotation":0,"texture":"#0","tintindex":0}}},{"from":[2.7999997,-9.341497,-3.3599997],"to":[13.200001,0.5785041,-0.96000004],"rotation":{"angle":22.5,"axis":"x","origin":[8.0,-5.621497,-0.8000002]},"faces":{"east":{"uv":[7.875,9.0,8.0625,9.75],"rotation":0,"texture":"#0","tintindex":0},"south":{"uv":[0.0,4.0,0.8125,4.75],"rotation":0,"texture":"#0","tintindex":0},"north":{"uv":[3.125,3.75,3.9375,4.5],"rotation":0,"texture":"#0","tintindex":0},"west":{"uv":[8.125,9.0,8.3125,9.75],"rotation":0,"texture":"#0","tintindex":0},"up":{"uv":[9.8125,4.1875,9.0,4.0],"rotation":0,"texture":"#0","tintindex":0},"down":{"uv":[5.9375,9.0,5.125,9.1875],"rotation":0,"texture":"#0","tintindex":0}}},{"from":[2.7999997,-9.341497,16.96],"to":[13.200001,0.5785041,19.36],"rotation":{"angle":-22.5,"axis":"x","origin":[8.0,-5.621497,16.8]},"faces":{"east":{"uv":[8.375,9.0,8.5625,9.75],"rotation":0,"texture":"#0","tintindex":0},"south":{"uv":[3.125,3.75,3.9375,4.5],"rotation":0,"texture":"#0","tintindex":0},"north":{"uv":[0.875,4.0,1.6875,4.75],"rotation":0,"texture":"#0","tintindex":0},"west":{"uv":[8.625,9.0,8.8125,9.75],"rotation":0,"texture":"#0","tintindex":0},"up":{"uv":[9.8125,5.6875,9.0,5.5],"rotation":0,"texture":"#0","tintindex":0},"down":{"uv":[9.8125,5.75,9.0,5.9375],"rotation":0,"texture":"#0","tintindex":0}}},{"from":[15.638424,-12.579475,2.7999997],"to":[18.038425,-2.6594763,13.200001],"rotation":{"angle":22.5,"axis":"z","origin":[8.0,-3.9184809,8.0]},"faces":{"east":{"uv":[3.125,3.75,3.9375,4.5],"rotation":0,"texture":"#0","tintindex":0},"south":{"uv":[1.5,9.125,1.6875,9.875],"rotation":0,"texture":"#0","tintindex":0},"north":{"uv":[8.875,9.0,9.0625,9.75],"rotation":0,"texture":"#0","tintindex":0},"west":{"uv":[4.25,0.75,5.0625,1.5],"rotation":0,"texture":"#0","tintindex":0},"up":{"uv":[6.1875,9.8125,6.0,9.0],"rotation":0,"texture":"#0","tintindex":0},"down":{"uv":[6.4375,9.0,6.25,9.8125],"rotation":0,"texture":"#0","tintindex":0}}},{"from":[-2.0384245,-12.579475,2.7999997],"to":[0.36157608,-2.6594763,13.200001],"rotation":{"angle":-22.5,"axis":"z","origin":[8.0,-3.9184809,8.0]},"faces":{"east":{"uv":[3.125,3.75,3.9375,4.5],"rotation":0,"texture":"#0","tintindex":0},"south":{"uv":[2.0,9.125,2.1875,9.875],"rotation":0,"texture":"#0","tintindex":0},"north":{"uv":[1.75,9.125,1.9375,9.875],"rotation":0,"texture":"#0","tintindex":0},"west":{"uv":[3.125,3.75,3.9375,4.5],"rotation":0,"texture":"#0","tintindex":0},"up":{"uv":[6.6875,9.8125,6.5,9.0],"rotation":0,"texture":"#0","tintindex":0},"down":{"uv":[7.8125,9.0,7.625,9.8125],"rotation":0,"texture":"#0","tintindex":0}}},{"from":[11.87392,3.9954638,0.2028799],"to":[15.79712,20.955463,4.1260796],"rotation":{"angle":0.0,"axis":"y","origin":[19.397121,-13.152376,-3.3971205]},"faces":{"east":{"uv":[3.75,4.875,4.0625,6.1875],"rotation":0,"texture":"#0","tintindex":0},"south":{"uv":[4.125,4.875,4.4375,6.1875],"rotation":0,"texture":"#0","tintindex":0},"north":{"uv":[3.375,4.875,3.6875,6.1875],"rotation":0,"texture":"#0","tintindex":0},"west":{"uv":[4.5,4.875,4.8125,6.1875],"rotation":0,"texture":"#0","tintindex":0},"up":{"uv":[5.8125,9.5625,5.5,9.25],"rotation":0,"texture":"#0","tintindex":0},"down":{"uv":[9.5625,7.25,9.25,7.5625],"rotation":0,"texture":"#0","tintindex":0}}},{"from":[0.2028799,3.9954638,0.2028799],"to":[4.1260796,20.955463,4.1260796],"rotation":{"angle":0.0,"axis":"y","origin":[-3.3971205,-13.152376,-3.3971205]},"faces":{"east":{"uv":[0.0,5.125,0.3125,6.4375],"rotation":0,"texture":"#0","tintindex":0},"south":{"uv":[5.125,0.0,5.4375,1.3125],"rotation":0,"texture":"#0","tintindex":0},"north":{"uv":[4.875,4.875,5.1875,6.1875],"rotation":0,"texture":"#0","tintindex":0},"west":{"uv":[0.375,5.125,0.6875,6.4375],"rotation":0,"texture":"#0","tintindex":0},"up":{"uv":[0.3125,9.6875,0.0,9.375],"rotation":0,"texture":"#0","tintindex":0},"down":{"uv":[9.6875,0.0,9.375,0.3125],"rotation":0,"texture":"#0","tintindex":0}}},{"from":[0.7919998,0.9537339,-2.1145773],"to":[15.208,5.3633337,0.4294219],"rotation":{"angle":0.0,"axis":"y","origin":[8.0,3.1879334,8.0]},"faces":{"east":{"uv":[1.75,4.0,1.9375,4.375],"rotation":0,"texture":"#0","tintindex":0},"south":{"uv":[4.25,3.375,5.375,3.75],"rotation":0,"texture":"#0","tintindex":0},"north":{"uv":[4.25,3.0,5.375,3.375],"rotation":0,"texture":"#0","tintindex":0},"west":{"uv":[1.25,8.625,1.4375,9.0],"rotation":0,"texture":"#0","tintindex":0},"up":{"uv":[9.375,0.1875,8.25,0.0],"rotation":0,"texture":"#0","tintindex":0},"down":{"uv":[9.375,2.125,8.25,2.3125],"rotation":0,"texture":"#0","tintindex":0}}},{"from":[0.7919998,0.9537339,15.570578],"to":[15.208,5.3633337,18.114578],"rotation":{"angle":0.0,"axis":"y","origin":[8.0,3.1879334,8.0]},"faces":{"east":{"uv":[9.125,9.625,9.3125,10.0],"rotation":0,"texture":"#0","tintindex":0},"south":{"uv":[2.875,4.5,4.0,4.875],"rotation":0,"texture":"#0","tintindex":0},"north":{"uv":[1.75,4.5,2.875,4.875],"rotation":0,"texture":"#0","tintindex":0},"west":{"uv":[9.75,1.25,9.9375,1.625],"rotation":0,"texture":"#0","tintindex":0},"up":{"uv":[9.375,2.5625,8.25,2.375],"rotation":0,"texture":"#0","tintindex":0},"down":{"uv":[9.375,2.625,8.25,2.8125],"rotation":0,"texture":"#0","tintindex":0}}},{"from":[15.570578,0.9537339,0.7919998],"to":[18.114578,5.3633337,15.208],"rotation":{"angle":0.0,"axis":"y","origin":[8.0,3.1879334,8.0]},"faces":{"east":{"uv":[4.0,4.5,5.125,4.875],"rotation":0,"texture":"#0","tintindex":0},"south":{"uv":[9.75,2.0,9.9375,2.375],"rotation":0,"texture":"#0","tintindex":0},"north":{"uv":[9.75,1.625,9.9375,2.0],"rotation":0,"texture":"#0","tintindex":0},"west":{"uv":[0.0,4.75,1.125,5.125],"rotation":0,"texture":"#0","tintindex":0},"up":{"uv":[4.3125,9.25,4.125,8.125],"rotation":0,"texture":"#0","tintindex":0},"down":{"uv":[4.5625,8.125,4.375,9.25],"rotation":0,"texture":"#0","tintindex":0}}},{"from":[-2.1145773,0.9537339,0.7919998],"to":[0.4294219,5.3633337,15.208],"rotation":{"angle":0.0,"axis":"y","origin":[8.0,3.1879334,8.0]},"faces":{"east":{"uv":[1.125,4.875,2.25,5.25],"rotation":0,"texture":"#0","tintindex":0},"south":{"uv":[2.5,9.75,2.6875,10.125],"rotation":0,"texture":"#0","tintindex":0},"north":{"uv":[2.25,9.75,2.4375,10.125],"rotation":0,"texture":"#0","tintindex":0},"west":{"uv":[2.25,4.875,3.375,5.25],"rotation":0,"texture":"#0","tintindex":0},"up":{"uv":[0.1875,9.375,0.0,8.25],"rotation":0,"texture":"#0","tintindex":0},"down":{"uv":[0.4375,8.25,0.25,9.375],"rotation":0,"texture":"#0","tintindex":0}}},{"from":[5.9447393,0.9537339,-4.248912],"to":[10.055262,5.3209333,-2.3833122],"rotation":{"angle":-45.0,"axis":"y","origin":[8.0,3.1879334,8.0]},"faces":{"east":{"uv":[5.125,4.375,5.25,4.6875],"rotation":0,"texture":"#0","tintindex":0},"south":{"uv":[9.375,1.125,9.6875,1.4375],"rotation":0,"texture":"#0","tintindex":0},"north":{"uv":[1.125,9.375,1.4375,9.6875],"rotation":0,"texture":"#0","tintindex":0},"west":{"uv":[5.375,3.375,5.5,3.6875],"rotation":0,"texture":"#0","tintindex":0},"up":{"uv":[1.4375,4.875,1.125,4.75],"rotation":0,"texture":"#0","tintindex":0},"down":{"uv":[1.0625,6.5,0.75,6.625],"rotation":0,"texture":"#0","tintindex":0}}},{"from":[5.9447393,0.9537339,18.383312],"to":[10.055262,5.3209333,20.248913],"rotation":{"angle":45.0,"axis":"y","origin":[8.0,3.1879334,8.0]},"faces":{"east":{"uv":[5.875,5.0,6.0,5.3125],"rotation":0,"texture":"#0","tintindex":0},"south":{"uv":[2.5,9.375,2.8125,9.6875],"rotation":0,"texture":"#0","tintindex":0},"north":{"uv":[9.375,2.25,9.6875,2.5625],"rotation":0,"texture":"#0","tintindex":0},"west":{"uv":[6.0,2.75,6.125,3.0625],"rotation":0,"texture":"#0","tintindex":0},"up":{"uv":[9.0625,7.875,8.75,7.75],"rotation":0,"texture":"#0","tintindex":0},"down":{"uv":[9.3125,0.25,9.0,0.375],"rotation":0,"texture":"#0","tintindex":0}}},{"from":[14.461381,1.3799095,1.1999998],"to":[18.061382,4.4999094,14.8],"rotation":{"angle":-22.5,"axis":"z","origin":[8.0,-0.4420662,8.0]},"faces":{"east":{"uv":[7.625,7.625,8.6875,7.875],"rotation":0,"texture":"#0","tintindex":0},"south":{"uv":[9.75,0.75,10.0625,1.0],"rotation":0,"texture":"#0","tintindex":0},"north":{"uv":[0.75,9.75,1.0625,10.0],"rotation":0,"texture":"#0","tintindex":0},"west":{"uv":[7.75,1.375,8.8125,1.625],"rotation":0,"texture":"#0","tintindex":0},"up":{"uv":[3.3125,8.0625,3.0,7.0],"rotation":0,"texture":"#0","tintindex":0},"down":{"uv":[0.3125,7.125,0.0,8.1875],"rotation":0,"texture":"#0","tintindex":0}}},{"from":[-2.0613813,1.3799095,1.1999998],"to":[1.538619,4.4999094,14.8],"rotation":{"angle":22.5,"axis":"z","origin":[8.0,-0.4420662,8.0]},"faces":{"east":{"uv":[8.8125,1.375,7.75,1.625],"rotation":0,"texture":"#0","tintindex":0},"south":{"uv":[10.0625,0.75,9.75,1.0],"rotation":0,"texture":"#0","tintindex":0},"north":{"uv":[1.0625,9.75,0.75,10.0],"rotation":0,"texture":"#0","tintindex":0},"west":{"uv":[8.6875,7.625,7.625,7.875],"rotation":0,"texture":"#0","tintindex":0},"up":{"uv":[3.0,8.0625,3.3125,7.0],"rotation":0,"texture":"#0","tintindex":0},"down":{"uv":[0.0,7.125,0.3125,8.1875],"rotation":0,"texture":"#0","tintindex":0}}},{"from":[1.1999998,1.3799095,-2.0613813],"to":[14.8,4.4999094,1.538619],"rotation":{"angle":-22.5,"axis":"x","origin":[8.0,-0.4420662,8.0]},"faces":{"east":{"uv":[1.0625,9.75,0.75,10.0],"rotation":0,"texture":"#0","tintindex":0},"south":{"uv":[8.8125,1.375,7.75,1.625],"rotation":0,"texture":"#0","tintindex":0},"north":{"uv":[8.6875,7.625,7.625,7.875],"rotation":0,"texture":"#0","tintindex":0},"west":{"uv":[10.0625,0.75,9.75,1.0],"rotation":0,"texture":"#0","tintindex":0},"up":{"uv":[3.0,8.0625,3.3125,7.0],"rotation":90,"texture":"#0","tintindex":0},"down":{"uv":[0.0,7.125,0.3125,8.1875],"rotation":270,"texture":"#0","tintindex":0}}},{"from":[1.1999998,1.3799095,14.461381],"to":[14.8,4.4999094,18.061382],"rotation":{"angle":22.5,"axis":"x","origin":[8.0,-0.4420662,8.0]},"faces":{"east":{"uv":[0.75,9.75,1.0625,10.0],"rotation":0,"texture":"#0","tintindex":0},"south":{"uv":[7.625,7.625,8.6875,7.875],"rotation":0,"texture":"#0","tintindex":0},"north":{"uv":[7.75,1.375,8.8125,1.625],"rotation":0,"texture":"#0","tintindex":0},"west":{"uv":[9.75,0.75,10.0625,1.0],"rotation":0,"texture":"#0","tintindex":0},"up":{"uv":[3.3125,8.0625,3.0,7.0],"rotation":90,"texture":"#0","tintindex":0},"down":{"uv":[0.3125,7.125,0.0,8.1875],"rotation":270,"texture":"#0","tintindex":0}}},{"from":[18.372555,20.599033,6.7350693],"to":[19.764631,24.771969,9.264931],"rotation":{"angle":45.0,"axis":"y","origin":[8.0,20.298504,8.0]},"faces":{"east":{"uv":[10.25,2.0,10.4375,2.1875],"rotation":0,"texture":"#0","tintindex":0},"south":{"uv":[0.0,10.625,0.125,10.8125],"rotation":0,"texture":"#0","tintindex":0},"north":{"uv":[10.5,10.5,10.625,10.6875],"rotation":0,"texture":"#0","tintindex":0},"west":{"uv":[2.25,10.25,2.4375,10.4375],"rotation":0,"texture":"#0","tintindex":0},"up":{"uv":[0.25,10.8125,0.125,10.625],"rotation":0,"texture":"#0","tintindex":0},"down":{"uv":[0.375,10.625,0.25,10.8125],"rotation":0,"texture":"#0","tintindex":0}}},{"from":[15.0787735,20.552631,0.5755906],"to":[17.213291,23.378368,15.42441],"rotation":{"angle":0.0,"axis":"y","origin":[8.0,20.298504,8.0]},"faces":{"east":{"uv":[6.875,7.875,8.0625,8.0625],"rotation":0,"texture":"#0","tintindex":0},"south":{"uv":[10.25,2.625,10.4375,2.8125],"rotation":0,"texture":"#0","tintindex":0},"north":{"uv":[2.5,10.25,2.6875,10.4375],"rotation":0,"texture":"#0","tintindex":0},"west":{"uv":[8.125,0.375,9.3125,0.5625],"rotation":0,"texture":"#0","tintindex":0},"up":{"uv":[2.1875,9.0625,2.0,7.875],"rotation":0,"texture":"#0","tintindex":0},"down":{"uv":[2.4375,7.875,2.25,9.0625],"rotation":0,"texture":"#0","tintindex":0}}},{"from":[18.372555,20.599033,6.7350693],"to":[19.764631,24.771969,9.264931],"rotation":{"angle":-45.0,"axis":"y","origin":[8.0,20.298504,8.0]},"faces":{"east":{"uv":[10.25,2.875,10.4375,3.0625],"rotation":0,"texture":"#0","tintindex":0},"south":{"uv":[0.75,10.625,0.875,10.8125],"rotation":0,"texture":"#0","tintindex":0},"north":{"uv":[0.375,10.625,0.5,10.8125],"rotation":0,"texture":"#0","tintindex":0},"west":{"uv":[10.25,3.125,10.4375,3.3125],"rotation":0,"texture":"#0","tintindex":0},"up":{"uv":[1.0,10.8125,0.875,10.625],"rotation":0,"texture":"#0","tintindex":0},"down":{"uv":[1.125,10.625,1.0,10.8125],"rotation":0,"texture":"#0","tintindex":0}}},{"from":[-3.7646313,20.599033,6.7350693],"to":[-2.3725548,24.771969,9.264931],"rotation":{"angle":45.0,"axis":"y","origin":[8.0,20.298504,8.0]},"faces":{"east":{"uv":[10.25,3.375,10.4375,3.5625],"rotation":0,"texture":"#0","tintindex":0},"south":{"uv":[1.25,10.625,1.375,10.8125],"rotation":0,"texture":"#0","tintindex":0},"north":{"uv":[1.125,10.625,1.25,10.8125],"rotation":0,"texture":"#0","tintindex":0},"west":{"uv":[3.5,10.25,3.6875,10.4375],"rotation":0,"texture":"#0","tintindex":0},"up":{"uv":[1.5,10.8125,1.375,10.625],"rotation":0,"texture":"#0","tintindex":0},"down":{"uv":[2.875,10.625,2.75,10.8125],"rotation":0,"texture":"#0","tintindex":0}}},{"from":[0.5755906,20.552631,15.0787735],"to":[15.42441,23.378368,17.213291],"rotation":{"angle":0.0,"axis":"y","origin":[8.0,20.298504,8.0]},"faces":{"east":{"uv":[10.25,3.625,10.4375,3.8125],"rotation":0,"texture":"#0","tintindex":0},"south":{"uv":[0.75,8.125,1.9375,8.3125],"rotation":0,"texture":"#0","tintindex":0},"north":{"uv":[8.125,0.625,9.3125,0.8125],"rotation":0,"texture":"#0","tintindex":0},"west":{"uv":[3.75,10.25,3.9375,10.4375],"rotation":0,"texture":"#0","tintindex":0},"up":{"uv":[9.3125,1.0625,8.125,0.875],"rotation":0,"texture":"#0","tintindex":0},"down":{"uv":[9.3125,1.125,8.125,1.3125],"rotation":0,"texture":"#0","tintindex":0}}},{"from":[0.5755906,20.552631,-1.2132912],"to":[15.42441,23.378368,0.9212265],"rotation":{"angle":0.0,"axis":"y","origin":[8.0,20.298504,8.0]},"faces":{"east":{"uv":[4.0,10.25,4.1875,10.4375],"rotation":0,"texture":"#0","tintindex":0},"south":{"uv":[8.125,6.25,9.3125,6.4375],"rotation":0,"texture":"#0","tintindex":0},"north":{"uv":[2.875,8.125,4.0625,8.3125],"rotation":0,"texture":"#0","tintindex":0},"west":{"uv":[10.25,4.0,10.4375,4.1875],"rotation":0,"texture":"#0","tintindex":0},"up":{"uv":[9.3125,6.6875,8.125,6.5],"rotation":0,"texture":"#0","tintindex":0},"down":{"uv":[8.0625,8.125,6.875,8.3125],"rotation":0,"texture":"#0","tintindex":0}}},{"from":[-1.2132912,20.552631,0.5755906],"to":[0.9212265,23.378368,15.42441],"rotation":{"angle":0.0,"axis":"y","origin":[8.0,20.298504,8.0]},"faces":{"east":{"uv":[8.125,7.875,9.3125,8.0625],"rotation":0,"texture":"#0","tintindex":0},"south":{"uv":[6.0,10.25,6.1875,10.4375],"rotation":0,"texture":"#0","tintindex":0},"north":{"uv":[10.25,4.75,10.4375,4.9375],"rotation":0,"texture":"#0","tintindex":0},"west":{"uv":[8.125,8.125,9.3125,8.3125],"rotation":0,"texture":"#0","tintindex":0},"up":{"uv":[4.8125,9.0625,4.625,7.875],"rotation":0,"texture":"#0","tintindex":0},"down":{"uv":[5.0625,7.875,4.875,9.0625],"rotation":0,"texture":"#0","tintindex":0}}},{"from":[0.7999997,3.2985039,0.7999997],"to":[15.200001,22.418505,15.200001],"rotation":{"angle":0.0,"axis":"y","origin":[-4.8,3.3385038,-4.8]},"faces":{"east":{"uv":[2.0,0.0,3.125,1.5],"rotation":0,"texture":"#0","tintindex":0},"south":{"uv":[2.0,0.0,3.125,1.5],"rotation":0,"texture":"#0","tintindex":0},"north":{"uv":[2.0,0.0,3.125,1.5],"rotation":0,"texture":"#0","tintindex":0},"west":{"uv":[2.0,0.0,3.125,1.5],"rotation":0,"texture":"#0","tintindex":0},"up":{"uv":[4.25,2.625,3.125,1.5],"rotation":0,"texture":"#0","tintindex":0},"down":{"uv":[4.25,2.625,3.125,3.75],"rotation":0,"texture":"#0","tintindex":0}}},{"from":[-4.8,-9.661497,-4.8],"to":[20.8,-8.061497,20.8],"rotation":{"angle":0.0,"axis":"y","origin":[-4.8,-9.621496,-4.8]},"faces":{"east":{"uv":[7.5,6.75,9.5,6.875],"rotation":0,"texture":"#0","tintindex":0},"south":{"uv":[7.5,6.75,9.5,6.875],"rotation":0,"texture":"#0","tintindex":0},"north":{"uv":[7.5,6.75,9.5,6.875],"rotation":0,"texture":"#0","tintindex":0},"west":{"uv":[7.5,6.75,9.5,6.875],"rotation":0,"texture":"#0","tintindex":0},"up":{"uv":[2.0,2.0,0.0,0.0],"rotation":0,"texture":"#0","tintindex":0},"down":{"uv":[2.0,2.0,0.0,4.0],"rotation":0,"texture":"#0","tintindex":0}}},{"from":[-3.7646313,20.599033,6.7350693],"to":[-2.3725548,24.771969,9.264931],"rotation":{"angle":-45.0,"axis":"y","origin":[8.0,20.298504,8.0]},"faces":{"east":{"uv":[2.4375,10.25,2.25,10.4375],"rotation":0,"texture":"#0","tintindex":0},"south":{"uv":[0.125,10.625,0.0,10.8125],"rotation":0,"texture":"#0","tintindex":0},"north":{"uv":[10.625,10.5,10.5,10.6875],"rotation":0,"texture":"#0","tintindex":0},"west":{"uv":[10.4375,2.0,10.25,2.1875],"rotation":0,"texture":"#0","tintindex":0},"up":{"uv":[0.125,10.8125,0.25,10.625],"rotation":0,"texture":"#0","tintindex":0},"down":{"uv":[0.25,10.625,0.375,10.8125],"rotation":0,"texture":"#0","tintindex":0}}},{"from":[11.87392,3.9954638,11.87392],"to":[15.79712,20.955463,15.79712],"rotation":{"angle":0.0,"axis":"y","origin":[19.397121,-13.152376,19.397121]},"faces":{"east":{"uv":[4.0625,4.875,3.75,6.1875],"rotation":0,"texture":"#0","tintindex":0},"south":{"uv":[3.6875,4.875,3.375,6.1875],"rotation":0,"texture":"#0","tintindex":0},"north":{"uv":[4.4375,4.875,4.125,6.1875],"rotation":0,"texture":"#0","tintindex":0},"west":{"uv":[4.8125,4.875,4.5,6.1875],"rotation":0,"texture":"#0","tintindex":0},"up":{"uv":[5.8125,9.25,5.5,9.5625],"rotation":0,"texture":"#0","tintindex":0},"down":{"uv":[9.5625,7.5625,9.25,7.25],"rotation":0,"texture":"#0","tintindex":0}}},{"from":[0.2028799,3.9954638,11.87392],"to":[4.1260796,20.955463,15.79712],"rotation":{"angle":0.0,"axis":"y","origin":[-3.3971205,-13.152376,19.397121]},"faces":{"east":{"uv":[0.3125,5.125,0.0,6.4375],"rotation":0,"texture":"#0","tintindex":0},"south":{"uv":[5.1875,4.875,4.875,6.1875],"rotation":0,"texture":"#0","tintindex":0},"north":{"uv":[5.4375,0.0,5.125,1.3125],"rotation":0,"texture":"#0","tintindex":0},"west":{"uv":[0.6875,5.125,0.375,6.4375],"rotation":0,"texture":"#0","tintindex":0},"up":{"uv":[0.3125,9.375,0.0,9.6875],"rotation":0,"texture":"#0","tintindex":0},"down":{"uv":[9.6875,0.3125,9.375,0.0],"rotation":0,"texture":"#0","tintindex":0}}},{"from":[-4.8,-8.061497,12.8],"to":[3.1999998,-2.4614964,20.8],"rotation":{"angle":0.0,"axis":"y","origin":[-4.8,-8.021498,20.8]},"faces":{"east":{"uv":[7.75,2.0,7.125,2.4375],"rotation":0,"texture":"#0","tintindex":0},"south":{"uv":[7.75,1.5,7.125,1.9375],"rotation":0,"texture":"#0","tintindex":0},"north":{"uv":[7.75,2.5,7.125,2.9375],"rotation":0,"texture":"#0","tintindex":0},"west":{"uv":[7.75,3.0,7.125,3.4375],"rotation":0,"texture":"#0","tintindex":0},"up":{"uv":[5.5,3.75,4.875,4.375],"rotation":0,"texture":"#0","tintindex":0},"down":{"uv":[5.875,5.0,5.25,4.375],"rotation":0,"texture":"#0","tintindex":0}}},{"from":[12.8,-8.061497,12.8],"to":[20.8,-2.4614964,20.8],"rotation":{"angle":0.0,"axis":"y","origin":[20.8,-8.021498,20.8]},"faces":{"east":{"uv":[7.75,6.875,7.125,7.3125],"rotation":0,"texture":"#0","tintindex":0},"south":{"uv":[7.75,3.5,7.125,3.9375],"rotation":0,"texture":"#0","tintindex":0},"north":{"uv":[5.75,7.25,5.125,7.6875],"rotation":0,"texture":"#0","tintindex":0},"west":{"uv":[6.375,7.25,5.75,7.6875],"rotation":0,"texture":"#0","tintindex":0},"up":{"uv":[5.875,5.0,5.25,5.625],"rotation":0,"texture":"#0","tintindex":0},"down":{"uv":[6.0,3.375,5.375,2.75],"rotation":0,"texture":"#0","tintindex":0}}},{"from":[5.9447393,17.113735,18.383312],"to":[10.055262,20.840935,20.248913],"rotation":{"angle":45.0,"axis":"y","origin":[8.0,19.347935,8.0]},"faces":{"east":{"uv":[5.875,5.0,6.0,5.3125],"rotation":0,"texture":"#0","tintindex":0},"south":{"uv":[2.5,9.375,2.8125,9.6875],"rotation":0,"texture":"#0","tintindex":0},"north":{"uv":[9.375,2.25,9.6875,2.5625],"rotation":0,"texture":"#0","tintindex":0},"west":{"uv":[6.0,2.75,6.125,3.0625],"rotation":0,"texture":"#0","tintindex":0},"up":{"uv":[9.0625,7.875,8.75,7.75],"rotation":0,"texture":"#0","tintindex":0},"down":{"uv":[9.3125,0.25,9.0,0.375],"rotation":0,"texture":"#0","tintindex":0}}},{"from":[15.570578,17.113735,0.7919998],"to":[18.114578,20.883335,15.208],"rotation":{"angle":0.0,"axis":"y","origin":[8.0,19.347935,8.0]},"faces":{"east":{"uv":[4.0,4.5,5.125,4.875],"rotation":0,"texture":"#0","tintindex":0},"south":{"uv":[9.75,2.0,9.9375,2.375],"rotation":0,"texture":"#0","tintindex":0},"north":{"uv":[9.75,1.625,9.9375,2.0],"rotation":0,"texture":"#0","tintindex":0},"west":{"uv":[0.0,4.75,1.125,5.125],"rotation":0,"texture":"#0","tintindex":0},"up":{"uv":[4.3125,9.25,4.125,8.125],"rotation":0,"texture":"#0","tintindex":0},"down":{"uv":[4.5625,8.125,4.375,9.25],"rotation":0,"texture":"#0","tintindex":0}}},{"from":[5.9447393,17.113735,-4.248912],"to":[10.055262,20.840935,-2.3833122],"rotation":{"angle":-45.0,"axis":"y","origin":[8.0,19.347935,8.0]},"faces":{"east":{"uv":[5.125,4.375,5.25,4.6875],"rotation":0,"texture":"#0","tintindex":0},"south":{"uv":[9.375,1.125,9.6875,1.4375],"rotation":0,"texture":"#0","tintindex":0},"north":{"uv":[1.125,9.375,1.4375,9.6875],"rotation":0,"texture":"#0","tintindex":0},"west":{"uv":[5.375,3.375,5.5,3.6875],"rotation":0,"texture":"#0","tintindex":0},"up":{"uv":[1.4375,4.875,1.125,4.75],"rotation":0,"texture":"#0","tintindex":0},"down":{"uv":[1.0625,6.5,0.75,6.625],"rotation":0,"texture":"#0","tintindex":0}}},{"from":[0.7919998,17.113735,-2.1145773],"to":[15.208,20.883335,0.4294219],"rotation":{"angle":0.0,"axis":"y","origin":[8.0,19.347935,8.0]},"faces":{"east":{"uv":[1.75,4.0,1.9375,4.375],"rotation":0,"texture":"#0","tintindex":0},"south":{"uv":[4.25,3.375,5.375,3.75],"rotation":0,"texture":"#0","tintindex":0},"north":{"uv":[4.25,3.0,5.375,3.375],"rotation":0,"texture":"#0","tintindex":0},"west":{"uv":[1.25,8.625,1.4375,9.0],"rotation":0,"texture":"#0","tintindex":0},"up":{"uv":[9.375,0.1875,8.25,0.0],"rotation":0,"texture":"#0","tintindex":0},"down":{"uv":[9.375,2.125,8.25,2.3125],"rotation":0,"texture":"#0","tintindex":0}}},{"from":[-2.1145773,17.113735,0.7919998],"to":[0.4294219,20.883335,15.208],"rotation":{"angle":0.0,"axis":"y","origin":[8.0,19.347935,8.0]},"faces":{"east":{"uv":[1.125,4.875,2.25,5.25],"rotation":0,"texture":"#0","tintindex":0},"south":{"uv":[2.5,9.75,2.6875,10.125],"rotation":0,"texture":"#0","tintindex":0},"north":{"uv":[2.25,9.75,2.4375,10.125],"rotation":0,"texture":"#0","tintindex":0},"west":{"uv":[2.25,4.875,3.375,5.25],"rotation":0,"texture":"#0","tintindex":0},"up":{"uv":[0.1875,9.375,0.0,8.25],"rotation":0,"texture":"#0","tintindex":0},"down":{"uv":[0.4375,8.25,0.25,9.375],"rotation":0,"texture":"#0","tintindex":0}}},{"from":[0.7919998,17.113735,15.570578],"to":[15.208,20.883335,18.114578],"rotation":{"angle":0.0,"axis":"y","origin":[8.0,19.347935,8.0]},"faces":{"east":{"uv":[9.125,9.625,9.3125,10.0],"rotation":0,"texture":"#0","tintindex":0},"south":{"uv":[2.875,4.5,4.0,4.875],"rotation":0,"texture":"#0","tintindex":0},"north":{"uv":[1.75,4.5,2.875,4.875],"rotation":0,"texture":"#0","tintindex":0},"west":{"uv":[9.75,1.25,9.9375,1.625],"rotation":0,"texture":"#0","tintindex":0},"up":{"uv":[9.375,2.5625,8.25,2.375],"rotation":0,"texture":"#0","tintindex":0},"down":{"uv":[9.375,2.625,8.25,2.8125],"rotation":0,"texture":"#0","tintindex":0}}},{"from":[5.944739,0.9537339,-4.248912],"to":[10.055261,5.3209333,-2.3833122],"rotation":{"angle":45.0,"axis":"y","origin":[8.0,3.1879334,8.0]},"faces":{"east":{"uv":[5.5,3.375,5.375,3.6875],"rotation":0,"texture":"#0","tintindex":0},"south":{"uv":[9.6875,1.125,9.375,1.4375],"rotation":0,"texture":"#0","tintindex":0},"north":{"uv":[1.4375,9.375,1.125,9.6875],"rotation":0,"texture":"#0","tintindex":0},"west":{"uv":[5.25,4.375,5.125,4.6875],"rotation":0,"texture":"#0","tintindex":0},"up":{"uv":[1.125,4.875,1.4375,4.75],"rotation":0,"texture":"#0","tintindex":0},"down":{"uv":[0.75,6.5,1.0625,6.625],"rotation":0,"texture":"#0","tintindex":0}}},{"from":[5.944739,17.113735,-4.248912],"to":[10.055261,20.840935,-2.3833122],"rotation":{"angle":45.0,"axis":"y","origin":[8.0,19.347935,8.0]},"faces":{"east":{"uv":[5.5,3.375,5.375,3.6875],"rotation":0,"texture":"#0","tintindex":0},"south":{"uv":[9.6875,1.125,9.375,1.4375],"rotation":0,"texture":"#0","tintindex":0},"north":{"uv":[1.4375,9.375,1.125,9.6875],"rotation":0,"texture":"#0","tintindex":0},"west":{"uv":[5.25,4.375,5.125,4.6875],"rotation":0,"texture":"#0","tintindex":0},"up":{"uv":[1.125,4.875,1.4375,4.75],"rotation":0,"texture":"#0","tintindex":0},"down":{"uv":[0.75,6.5,1.0625,6.625],"rotation":0,"texture":"#0","tintindex":0}}},{"from":[5.944739,0.9537339,18.383312],"to":[10.055261,5.3209333,20.248913],"rotation":{"angle":-45.0,"axis":"y","origin":[8.0,3.1879334,8.0]},"faces":{"east":{"uv":[5.375,3.375,5.5,3.6875],"rotation":0,"texture":"#0","tintindex":0},"south":{"uv":[1.125,9.375,1.4375,9.6875],"rotation":0,"texture":"#0","tintindex":0},"north":{"uv":[9.375,1.125,9.6875,1.4375],"rotation":0,"texture":"#0","tintindex":0},"west":{"uv":[5.125,4.375,5.25,4.6875],"rotation":0,"texture":"#0","tintindex":0},"up":{"uv":[1.125,4.75,1.4375,4.875],"rotation":0,"texture":"#0","tintindex":0},"down":{"uv":[0.75,6.625,1.0625,6.5],"rotation":0,"texture":"#0","tintindex":0}}},{"from":[5.944739,17.113735,18.383312],"to":[10.055261,20.840935,20.248913],"rotation":{"angle":-45.0,"axis":"y","origin":[8.0,19.347935,8.0]},"faces":{"east":{"uv":[5.375,3.375,5.5,3.6875],"rotation":0,"texture":"#0","tintindex":0},"south":{"uv":[1.125,9.375,1.4375,9.6875],"rotation":0,"texture":"#0","tintindex":0},"north":{"uv":[9.375,1.125,9.6875,1.4375],"rotation":0,"texture":"#0","tintindex":0},"west":{"uv":[5.125,4.375,5.25,4.6875],"rotation":0,"texture":"#0","tintindex":0},"up":{"uv":[1.125,4.75,1.4375,4.875],"rotation":0,"texture":"#0","tintindex":0},"down":{"uv":[0.75,6.625,1.0625,6.5],"rotation":0,"texture":"#0","tintindex":0}}}],"display":{"head":{"translation":[0.0,-6.4,0.0],"scale":[4.0,4.0,4.0]}}}