{"textures":{"0":"minecraft:modelengine/entity/zap_tower_1"},"elements":[{"from":[17.352262,6.3908834,6.5173864],"to":[20.903389,9.609117,9.482614],"rotation":{"angle":22.5,"axis":"y","origin":[8.0,14.864523,8.0]},"faces":{"east":{"uv":[6.5,10.25,6.6875,10.4375],"rotation":0,"texture":"#0","tintindex":0},"south":{"uv":[6.75,10.25,6.9375,10.4375],"rotation":0,"texture":"#0","tintindex":0},"north":{"uv":[6.25,10.25,6.4375,10.4375],"rotation":0,"texture":"#0","tintindex":0},"west":{"uv":[7.625,10.25,7.8125,10.4375],"rotation":0,"texture":"#0","tintindex":0},"up":{"uv":[8.0625,10.4375,7.875,10.25],"rotation":0,"texture":"#0","tintindex":0},"down":{"uv":[10.4375,7.875,10.25,8.0625],"rotation":0,"texture":"#0","tintindex":0}}},{"from":[17.2618,6.471978,4.4318433],"to":[20.488548,9.528022,11.568157],"rotation":{"angle":45.0,"axis":"y","origin":[8.0,14.864523,8.0]},"faces":{"east":{"uv":[9.75,2.375,10.125,2.5625],"rotation":0,"texture":"#0","tintindex":0},"south":{"uv":[9.125,10.25,9.3125,10.4375],"rotation":0,"texture":"#0","tintindex":0},"north":{"uv":[8.5,10.25,8.6875,10.4375],"rotation":0,"texture":"#0","tintindex":0},"west":{"uv":[2.75,9.75,3.125,9.9375],"rotation":0,"texture":"#0","tintindex":0},"up":{"uv":[3.6875,10.125,3.5,9.75],"rotation":0,"texture":"#0","tintindex":0},"down":{"uv":[9.9375,3.625,9.75,4.0],"rotation":0,"texture":"#0","tintindex":0}}},{"from":[6.5173864,6.3908834,-4.903388],"to":[9.482614,9.609117,-1.3522625],"rotation":{"angle":-22.5,"axis":"y","origin":[8.0,14.864523,8.0]},"faces":{"east":{"uv":[10.25,9.5,10.4375,9.6875],"rotation":0,"texture":"#0","tintindex":0},"south":{"uv":[9.75,10.25,9.9375,10.4375],"rotation":0,"texture":"#0","tintindex":0},"north":{"uv":[9.375,10.25,9.5625,10.4375],"rotation":0,"texture":"#0","tintindex":0},"west":{"uv":[10.25,9.75,10.4375,9.9375],"rotation":0,"texture":"#0","tintindex":0},"up":{"uv":[10.1875,10.4375,10.0,10.25],"rotation":0,"texture":"#0","tintindex":0},"down":{"uv":[10.4375,10.0,10.25,10.1875],"rotation":0,"texture":"#0","tintindex":0}}},{"from":[6.5173864,6.3908834,17.352262],"to":[9.482614,9.609117,20.903389],"rotation":{"angle":22.5,"axis":"y","origin":[8.0,14.864523,8.0]},"faces":{"east":{"uv":[10.375,8.375,10.5625,8.5625],"rotation":0,"texture":"#0","tintindex":0},"south":{"uv":[10.375,8.625,10.5625,8.8125],"rotation":0,"texture":"#0","tintindex":0},"north":{"uv":[10.375,8.125,10.5625,8.3125],"rotation":0,"texture":"#0","tintindex":0},"west":{"uv":[8.75,10.375,8.9375,10.5625],"rotation":0,"texture":"#0","tintindex":0},"up":{"uv":[10.5625,9.0625,10.375,8.875],"rotation":0,"texture":"#0","tintindex":0},"down":{"uv":[10.5625,9.125,10.375,9.3125],"rotation":0,"texture":"#0","tintindex":0}}},{"from":[17.2618,6.471978,4.4318433],"to":[20.488548,9.528022,11.568157],"rotation":{"angle":0.0,"axis":"y","origin":[8.0,14.864523,8.0]},"faces":{"east":{"uv":[0.75,9.875,0.375,10.0625],"rotation":0,"texture":"#0","tintindex":0},"south":{"uv":[10.6875,2.75,10.5,2.9375],"rotation":0,"texture":"#0","tintindex":0},"north":{"uv":[10.6875,2.5,10.5,2.6875],"rotation":0,"texture":"#0","tintindex":0},"west":{"uv":[0.375,9.875,0.0,10.0625],"rotation":0,"texture":"#0","tintindex":0},"up":{"uv":[1.5,10.25,1.6875,9.875],"rotation":0,"texture":"#0","tintindex":0},"down":{"uv":[1.75,9.875,1.9375,10.25],"rotation":0,"texture":"#0","tintindex":0}}},{"from":[17.352262,6.3908834,6.5173864],"to":[20.903389,9.609117,9.482614],"rotation":{"angle":-22.5,"axis":"y","origin":[8.0,14.864523,8.0]},"faces":{"east":{"uv":[2.4375,10.5,2.25,10.6875],"rotation":0,"texture":"#0","tintindex":0},"south":{"uv":[10.6875,2.0,10.5,2.1875],"rotation":0,"texture":"#0","tintindex":0},"north":{"uv":[10.6875,1.75,10.5,1.9375],"rotation":0,"texture":"#0","tintindex":0},"west":{"uv":[2.1875,10.5,2.0,10.6875],"rotation":0,"texture":"#0","tintindex":0},"up":{"uv":[10.5,2.4375,10.6875,2.25],"rotation":0,"texture":"#0","tintindex":0},"down":{"uv":[2.5,10.5,2.6875,10.6875],"rotation":0,"texture":"#0","tintindex":0}}},{"from":[17.2618,6.471978,4.4318433],"to":[20.488548,9.528022,11.568157],"rotation":{"angle":-45.0,"axis":"y","origin":[8.0,14.864523,8.0]},"faces":{"east":{"uv":[10.125,9.25,9.75,9.4375],"rotation":0,"texture":"#0","tintindex":0},"south":{"uv":[10.6875,0.5,10.5,0.6875],"rotation":0,"texture":"#0","tintindex":0},"north":{"uv":[0.6875,10.5,0.5,10.6875],"rotation":0,"texture":"#0","tintindex":0},"west":{"uv":[10.125,9.0,9.75,9.1875],"rotation":0,"texture":"#0","tintindex":0},"up":{"uv":[8.875,10.125,9.0625,9.75],"rotation":0,"texture":"#0","tintindex":0},"down":{"uv":[9.75,9.5,9.9375,9.875],"rotation":0,"texture":"#0","tintindex":0}}},{"from":[4.4318433,6.471978,-4.488549],"to":[11.568157,9.528022,-1.2618008],"rotation":{"angle":0.0,"axis":"y","origin":[8.0,14.864523,8.0]},"faces":{"east":{"uv":[10.25,10.25,10.4375,10.4375],"rotation":0,"texture":"#0","tintindex":0},"south":{"uv":[9.75,6.0,10.125,6.1875],"rotation":0,"texture":"#0","tintindex":0},"north":{"uv":[4.625,9.75,5.0,9.9375],"rotation":0,"texture":"#0","tintindex":0},"west":{"uv":[0.0,10.375,0.1875,10.5625],"rotation":0,"texture":"#0","tintindex":0},"up":{"uv":[10.125,6.4375,9.75,6.25],"rotation":0,"texture":"#0","tintindex":0},"down":{"uv":[10.125,6.5,9.75,6.6875],"rotation":0,"texture":"#0","tintindex":0}}},{"from":[4.4318433,6.471978,17.2618],"to":[11.568157,9.528022,20.488548],"rotation":{"angle":0.0,"axis":"y","origin":[8.0,14.864523,8.0]},"faces":{"east":{"uv":[10.5,0.0,10.6875,0.1875],"rotation":0,"texture":"#0","tintindex":0},"south":{"uv":[8.5,9.75,8.875,9.9375],"rotation":0,"texture":"#0","tintindex":0},"north":{"uv":[9.75,8.25,10.125,8.4375],"rotation":0,"texture":"#0","tintindex":0},"west":{"uv":[10.5,0.25,10.6875,0.4375],"rotation":0,"texture":"#0","tintindex":0},"up":{"uv":[10.125,8.6875,9.75,8.5],"rotation":0,"texture":"#0","tintindex":0},"down":{"uv":[10.125,8.75,9.75,8.9375],"rotation":0,"texture":"#0","tintindex":0}}},{"from":[-4.903388,6.3908834,6.5173864],"to":[-1.3522625,9.609117,9.482614],"rotation":{"angle":22.5,"axis":"y","origin":[8.0,14.864523,8.0]},"faces":{"east":{"uv":[2.0,10.5,2.1875,10.6875],"rotation":0,"texture":"#0","tintindex":0},"south":{"uv":[10.5,2.0,10.6875,2.1875],"rotation":0,"texture":"#0","tintindex":0},"north":{"uv":[10.5,1.75,10.6875,1.9375],"rotation":0,"texture":"#0","tintindex":0},"west":{"uv":[2.25,10.5,2.4375,10.6875],"rotation":0,"texture":"#0","tintindex":0},"up":{"uv":[10.6875,2.4375,10.5,2.25],"rotation":0,"texture":"#0","tintindex":0},"down":{"uv":[2.6875,10.5,2.5,10.6875],"rotation":0,"texture":"#0","tintindex":0}}},{"from":[6.5173864,6.3908834,17.352262],"to":[9.482614,9.609117,20.903389],"rotation":{"angle":-22.5,"axis":"y","origin":[8.0,14.864523,8.0]},"faces":{"east":{"uv":[8.9375,10.375,8.75,10.5625],"rotation":0,"texture":"#0","tintindex":0},"south":{"uv":[10.5625,8.625,10.375,8.8125],"rotation":0,"texture":"#0","tintindex":0},"north":{"uv":[10.5625,8.125,10.375,8.3125],"rotation":0,"texture":"#0","tintindex":0},"west":{"uv":[10.5625,8.375,10.375,8.5625],"rotation":0,"texture":"#0","tintindex":0},"up":{"uv":[10.375,9.0625,10.5625,8.875],"rotation":0,"texture":"#0","tintindex":0},"down":{"uv":[10.375,9.125,10.5625,9.3125],"rotation":0,"texture":"#0","tintindex":0}}},{"from":[-4.488549,6.471978,4.4318433],"to":[-1.2618008,9.528022,11.568157],"rotation":{"angle":45.0,"axis":"y","origin":[8.0,14.864523,8.0]},"faces":{"east":{"uv":[9.75,9.0,10.125,9.1875],"rotation":0,"texture":"#0","tintindex":0},"south":{"uv":[10.5,0.5,10.6875,0.6875],"rotation":0,"texture":"#0","tintindex":0},"north":{"uv":[0.5,10.5,0.6875,10.6875],"rotation":0,"texture":"#0","tintindex":0},"west":{"uv":[9.75,9.25,10.125,9.4375],"rotation":0,"texture":"#0","tintindex":0},"up":{"uv":[9.0625,10.125,8.875,9.75],"rotation":0,"texture":"#0","tintindex":0},"down":{"uv":[9.9375,9.5,9.75,9.875],"rotation":0,"texture":"#0","tintindex":0}}},{"from":[-4.488549,6.471978,4.4318433],"to":[-1.2618008,9.528022,11.568157],"rotation":{"angle":0.0,"axis":"y","origin":[8.0,14.864523,8.0]},"faces":{"east":{"uv":[0.0,9.875,0.375,10.0625],"rotation":0,"texture":"#0","tintindex":0},"south":{"uv":[10.5,2.75,10.6875,2.9375],"rotation":0,"texture":"#0","tintindex":0},"north":{"uv":[10.5,2.5,10.6875,2.6875],"rotation":0,"texture":"#0","tintindex":0},"west":{"uv":[0.375,9.875,0.75,10.0625],"rotation":0,"texture":"#0","tintindex":0},"up":{"uv":[1.6875,10.25,1.5,9.875],"rotation":0,"texture":"#0","tintindex":0},"down":{"uv":[1.9375,9.875,1.75,10.25],"rotation":0,"texture":"#0","tintindex":0}}},{"from":[-4.903388,6.3908834,6.5173864],"to":[-1.3522625,9.609117,9.482614],"rotation":{"angle":-22.5,"axis":"y","origin":[8.0,14.864523,8.0]},"faces":{"east":{"uv":[7.8125,10.25,7.625,10.4375],"rotation":0,"texture":"#0","tintindex":0},"south":{"uv":[6.9375,10.25,6.75,10.4375],"rotation":0,"texture":"#0","tintindex":0},"north":{"uv":[6.4375,10.25,6.25,10.4375],"rotation":0,"texture":"#0","tintindex":0},"west":{"uv":[6.6875,10.25,6.5,10.4375],"rotation":0,"texture":"#0","tintindex":0},"up":{"uv":[7.875,10.4375,8.0625,10.25],"rotation":0,"texture":"#0","tintindex":0},"down":{"uv":[10.25,7.875,10.4375,8.0625],"rotation":0,"texture":"#0","tintindex":0}}},{"from":[-4.488549,6.471978,4.4318433],"to":[-1.2618008,9.528022,11.568157],"rotation":{"angle":-45.0,"axis":"y","origin":[8.0,14.864523,8.0]},"faces":{"east":{"uv":[3.125,9.75,2.75,9.9375],"rotation":0,"texture":"#0","tintindex":0},"south":{"uv":[9.3125,10.25,9.125,10.4375],"rotation":0,"texture":"#0","tintindex":0},"north":{"uv":[8.6875,10.25,8.5,10.4375],"rotation":0,"texture":"#0","tintindex":0},"west":{"uv":[10.125,2.375,9.75,2.5625],"rotation":0,"texture":"#0","tintindex":0},"up":{"uv":[3.5,10.125,3.6875,9.75],"rotation":0,"texture":"#0","tintindex":0},"down":{"uv":[9.75,3.625,9.9375,4.0],"rotation":0,"texture":"#0","tintindex":0}}},{"from":[6.5173864,6.3908834,-4.903388],"to":[9.482614,9.609117,-1.3522625],"rotation":{"angle":22.5,"axis":"y","origin":[8.0,14.864523,8.0]},"faces":{"east":{"uv":[10.4375,9.75,10.25,9.9375],"rotation":0,"texture":"#0","tintindex":0},"south":{"uv":[9.9375,10.25,9.75,10.4375],"rotation":0,"texture":"#0","tintindex":0},"north":{"uv":[9.5625,10.25,9.375,10.4375],"rotation":0,"texture":"#0","tintindex":0},"west":{"uv":[10.4375,9.5,10.25,9.6875],"rotation":0,"texture":"#0","tintindex":0},"up":{"uv":[10.0,10.4375,10.1875,10.25],"rotation":0,"texture":"#0","tintindex":0},"down":{"uv":[10.25,10.0,10.4375,10.1875],"rotation":0,"texture":"#0","tintindex":0}}}],"display":{"head":{"translation":[0.0,-6.4,0.0],"scale":[4.0,4.0,4.0]}}}