{"textures":{"0":"minecraft:modelengine/entity/cannon_tier3"},"elements":[{"from":[4.527873,4.527873,4.12083],"to":[11.472127,11.472127,7.8707275],"rotation":{"angle":0.0,"axis":"y","origin":[-2.4163818,-1.7219572,3.704175]},"faces":{"east":{"uv":[9.25,9.5,9.875,10.75],"rotation":0,"texture":"#0","tintindex":0},"south":{"uv":[7.25,5.5,8.5,6.75],"rotation":0,"texture":"#0","tintindex":0},"north":{"uv":[4.5,7.0,5.75,8.25],"rotation":0,"texture":"#0","tintindex":0},"west":{"uv":[9.75,0.0,10.375,1.25],"rotation":0,"texture":"#0","tintindex":0},"up":{"uv":[11.0,1.875,9.75,1.25],"rotation":0,"texture":"#0","tintindex":0},"down":{"uv":[11.0,2.0,9.75,2.625],"rotation":0,"texture":"#0","tintindex":0}}},{"from":[4.8750854,4.8750854,2.3847666],"to":[11.124914,11.124914,4.12083],"rotation":{"angle":0.0,"axis":"y","origin":[-2.4163818,-1.7219572,3.704175]},"faces":{"east":{"uv":[12.25,8.0,12.625,9.125],"rotation":0,"texture":"#0","tintindex":0},"south":{"uv":[8.75,3.0,9.875,4.125],"rotation":0,"texture":"#0","tintindex":0},"north":{"uv":[4.5,8.25,5.625,9.375],"rotation":0,"texture":"#0","tintindex":0},"west":{"uv":[9.25,12.25,9.625,13.375],"rotation":0,"texture":"#0","tintindex":0},"up":{"uv":[11.625,12.625,10.5,12.25],"rotation":0,"texture":"#0","tintindex":0},"down":{"uv":[12.875,12.25,11.75,12.625],"rotation":0,"texture":"#0","tintindex":0}}},{"from":[4.527873,4.527873,0.6487031],"to":[11.472127,11.472127,2.3847666],"rotation":{"angle":0.0,"axis":"y","origin":[-2.4163818,-1.7219572,1.968111]},"faces":{"east":{"uv":[3.0,5.75,3.375,7.0],"rotation":0,"texture":"#0","tintindex":0},"south":{"uv":[0.0,8.0,1.25,9.25],"rotation":0,"texture":"#0","tintindex":0},"north":{"uv":[7.5,4.25,8.75,5.5],"rotation":0,"texture":"#0","tintindex":0},"west":{"uv":[5.5,11.75,5.875,13.0],"rotation":0,"texture":"#0","tintindex":0},"up":{"uv":[13.25,2.625,12.0,2.25],"rotation":0,"texture":"#0","tintindex":0},"down":{"uv":[2.75,12.25,1.5,12.625],"rotation":0,"texture":"#0","tintindex":0}}},{"from":[9.388851,5.222298,0.30148983],"to":[10.777702,10.777702,0.6487031],"rotation":{"angle":0.0,"axis":"y","origin":[-2.4163818,-1.7219572,1.968111]},"faces":{"east":{"uv":[7.0,13.5,7.125,14.5],"rotation":0,"texture":"#0","tintindex":0},"south":{"uv":[6.75,12.75,7.0,13.75],"rotation":0,"texture":"#0","tintindex":0},"north":{"uv":[5.0,12.75,5.25,13.75],"rotation":0,"texture":"#0","tintindex":0},"west":{"uv":[7.25,13.5,7.375,14.5],"rotation":0,"texture":"#0","tintindex":0},"up":{"uv":[10.0,2.875,9.75,2.75],"rotation":0,"texture":"#0","tintindex":0},"down":{"uv":[11.0,11.25,10.75,11.375],"rotation":0,"texture":"#0","tintindex":0}}},{"from":[5.222298,5.222298,0.30148983],"to":[6.611149,10.777702,0.6487031],"rotation":{"angle":0.0,"axis":"y","origin":[18.416382,-1.7219572,1.968111]},"faces":{"east":{"uv":[7.5,13.5,7.625,14.5],"rotation":0,"texture":"#0","tintindex":0},"south":{"uv":[2.0,13.25,2.25,14.25],"rotation":0,"texture":"#0","tintindex":0},"north":{"uv":[1.75,13.25,2.0,14.25],"rotation":0,"texture":"#0","tintindex":0},"west":{"uv":[9.25,13.5,9.375,14.5],"rotation":0,"texture":"#0","tintindex":0},"up":{"uv":[10.75,12.125,10.5,12.0],"rotation":0,"texture":"#0","tintindex":0},"down":{"uv":[1.0,13.75,0.75,13.875],"rotation":0,"texture":"#0","tintindex":0}}},{"from":[6.611149,9.388851,0.30148983],"to":[9.388851,10.777702,0.6487031],"rotation":{"angle":0.0,"axis":"y","origin":[18.416382,-1.7219572,1.968111]},"faces":{"east":{"uv":[13.75,0.75,13.875,1.0],"rotation":0,"texture":"#0","tintindex":0},"south":{"uv":[13.5,7.25,14.0,7.5],"rotation":0,"texture":"#0","tintindex":0},"north":{"uv":[13.5,7.0,14.0,7.25],"rotation":0,"texture":"#0","tintindex":0},"west":{"uv":[1.0,13.75,1.125,14.0],"rotation":0,"texture":"#0","tintindex":0},"up":{"uv":[14.0,12.875,13.5,12.75],"rotation":0,"texture":"#0","tintindex":0},"down":{"uv":[14.0,13.0,13.5,13.125],"rotation":0,"texture":"#0","tintindex":0}}},{"from":[6.611149,5.222298,0.30148983],"to":[9.388851,6.611149,0.6487031],"rotation":{"angle":0.0,"axis":"y","origin":[18.416382,-5.541296,1.968111]},"faces":{"east":{"uv":[13.75,1.0,13.875,1.25],"rotation":0,"texture":"#0","tintindex":0},"south":{"uv":[13.5,8.75,14.0,9.0],"rotation":0,"texture":"#0","tintindex":0},"north":{"uv":[13.5,8.5,14.0,8.75],"rotation":0,"texture":"#0","tintindex":0},"west":{"uv":[1.25,13.75,1.375,14.0],"rotation":0,"texture":"#0","tintindex":0},"up":{"uv":[13.75,13.625,13.25,13.5],"rotation":0,"texture":"#0","tintindex":0},"down":{"uv":[0.75,13.75,0.25,13.875],"rotation":0,"texture":"#0","tintindex":0}}}],"display":{"head":{"translation":[0.0,-6.4,0.0],"scale":[4.0,4.0,4.0]}}}