{"textures":{"0":"minecraft:modelengine/entity/cannon_tier3"},"elements":[{"from":[4.3894725,8.208327,1.152997],"to":[11.611498,15.430352,5.3195496],"rotation":{"angle":0.0,"axis":"y","origin":[-2.4158974,2.0973835,1.152997]},"faces":{"east":{"uv":[8.75,4.25,9.5,5.5],"rotation":0,"texture":"#0","tintindex":0},"south":{"uv":[7.5,3.0,8.75,4.25],"rotation":0,"texture":"#0","tintindex":0},"north":{"uv":[7.25,6.75,8.5,8.0],"rotation":0,"texture":"#0","tintindex":0},"west":{"uv":[9.0,7.5,9.75,8.75],"rotation":0,"texture":"#0","tintindex":0},"up":{"uv":[10.25,9.5,9.0,8.75],"rotation":0,"texture":"#0","tintindex":0},"down":{"uv":[1.25,9.25,0.0,10.0],"rotation":0,"texture":"#0","tintindex":0}}},{"from":[3.6950474,7.513902,5.3195496],"to":[12.305923,16.124779,6.638958],"rotation":{"angle":0.0,"axis":"y","origin":[-2.4158974,2.0973835,1.152997]},"faces":{"east":{"uv":[8.75,12.5,9.0,14.0],"rotation":0,"texture":"#0","tintindex":0},"south":{"uv":[5.0,1.5,6.5,3.0],"rotation":0,"texture":"#0","tintindex":0},"north":{"uv":[5.0,0.0,6.5,1.5],"rotation":0,"texture":"#0","tintindex":0},"west":{"uv":[9.0,12.5,9.25,14.0],"rotation":0,"texture":"#0","tintindex":0},"up":{"uv":[14.0,10.0,12.5,9.75],"rotation":0,"texture":"#0","tintindex":0},"down":{"uv":[14.0,12.0,12.5,12.25],"rotation":0,"texture":"#0","tintindex":0}}},{"from":[3.9033747,7.72223,9.486102],"to":[12.097595,15.9164505,14.277638],"rotation":{"angle":0.0,"axis":"y","origin":[-2.4158974,2.0973835,5.3195496]},"faces":{"east":{"uv":[7.0,8.0,7.875,9.5],"rotation":0,"texture":"#0","tintindex":0},"south":{"uv":[5.0,5.5,6.5,7.0],"rotation":0,"texture":"#0","tintindex":0},"north":{"uv":[3.5,5.5,5.0,7.0],"rotation":0,"texture":"#0","tintindex":0},"west":{"uv":[8.0,8.0,8.875,9.5],"rotation":0,"texture":"#0","tintindex":0},"up":{"uv":[10.0,6.375,8.5,5.5],"rotation":0,"texture":"#0","tintindex":0},"down":{"uv":[10.0,6.5,8.5,7.375],"rotation":0,"texture":"#0","tintindex":0}}},{"from":[4.04226,7.861115,6.291745],"to":[11.95871,15.777565,9.486102],"rotation":{"angle":0.0,"axis":"y","origin":[-2.4158974,2.0973835,5.3195496]},"faces":{"east":{"uv":[5.0,9.5,5.625,10.875],"rotation":0,"texture":"#0","tintindex":0},"south":{"uv":[1.5,5.75,2.875,7.125],"rotation":0,"texture":"#0","tintindex":0},"north":{"uv":[0.0,5.75,1.375,7.125],"rotation":0,"texture":"#0","tintindex":0},"west":{"uv":[7.0,9.5,7.625,10.875],"rotation":0,"texture":"#0","tintindex":0},"up":{"uv":[10.875,4.875,9.5,4.25],"rotation":0,"texture":"#0","tintindex":0},"down":{"uv":[9.125,9.5,7.75,10.125],"rotation":0,"texture":"#0","tintindex":0}}},{"from":[3.5561624,7.375017,11.708263],"to":[12.444808,16.263664,13.027672],"rotation":{"angle":0.0,"axis":"y","origin":[-2.4158974,2.0973835,7.5417113]},"faces":{"east":{"uv":[5.25,12.25,5.5,13.875],"rotation":0,"texture":"#0","tintindex":0},"south":{"uv":[1.75,4.0,3.375,5.625],"rotation":0,"texture":"#0","tintindex":0},"north":{"uv":[0.0,4.0,1.625,5.625],"rotation":0,"texture":"#0","tintindex":0},"west":{"uv":[0.0,12.5,0.25,14.125],"rotation":0,"texture":"#0","tintindex":0},"up":{"uv":[6.625,4.0,5.0,3.75],"rotation":0,"texture":"#0","tintindex":0},"down":{"uv":[14.125,0.0,12.5,0.25],"rotation":0,"texture":"#0","tintindex":0}}},{"from":[4.3596125,8.178468,14.216003],"to":[11.641357,15.460213,15.702074],"rotation":{"angle":0.0,"axis":"y","origin":[7.991197,11.81934,15.158136]},"faces":{"east":{"uv":[12.75,3.75,13.0,5.0],"rotation":0,"texture":"#0","tintindex":0},"south":{"uv":[5.75,8.0,7.0,9.25],"rotation":0,"texture":"#0","tintindex":0},"north":{"uv":[1.25,8.0,2.5,9.25],"rotation":0,"texture":"#0","tintindex":0},"west":{"uv":[4.25,12.75,4.5,14.0],"rotation":0,"texture":"#0","tintindex":0},"up":{"uv":[14.0,8.25,12.75,8.0],"rotation":0,"texture":"#0","tintindex":0},"down":{"uv":[14.0,8.25,12.75,8.5],"rotation":0,"texture":"#0","tintindex":0}}},{"from":[4.41534,8.663769,14.676257],"to":[11.58563,12.601855,17.05397],"rotation":{"angle":22.5,"axis":"x","origin":[8.009773,11.81934,15.158136]},"faces":{"east":{"uv":[13.0,3.75,13.375,4.5],"rotation":0,"texture":"#0","tintindex":0},"south":{"uv":[5.75,9.25,7.0,10.0],"rotation":0,"texture":"#0","tintindex":0},"north":{"uv":[1.25,9.25,2.5,10.0],"rotation":0,"texture":"#0","tintindex":0},"west":{"uv":[5.5,13.0,5.875,13.75],"rotation":0,"texture":"#0","tintindex":0},"up":{"uv":[4.0,12.625,2.75,12.25],"rotation":0,"texture":"#0","tintindex":0},"down":{"uv":[5.25,12.25,4.0,12.625],"rotation":0,"texture":"#0","tintindex":0}}},{"from":[4.41534,11.036825,14.676257],"to":[11.58563,14.974912,17.05397],"rotation":{"angle":-22.5,"axis":"x","origin":[8.009773,11.81934,15.158136]},"faces":{"east":{"uv":[7.75,13.0,8.125,13.75],"rotation":0,"texture":"#0","tintindex":0},"south":{"uv":[3.75,9.5,5.0,10.25],"rotation":0,"texture":"#0","tintindex":0},"north":{"uv":[2.5,9.5,3.75,10.25],"rotation":0,"texture":"#0","tintindex":0},"west":{"uv":[8.25,13.0,8.625,13.75],"rotation":0,"texture":"#0","tintindex":0},"up":{"uv":[13.5,5.375,12.25,5.0],"rotation":0,"texture":"#0","tintindex":0},"down":{"uv":[13.5,5.5,12.25,5.875],"rotation":0,"texture":"#0","tintindex":0}}},{"from":[6.3111014,11.451558,17.987125],"to":[9.681138,13.302459,19.104649],"rotation":{"angle":-22.5,"axis":"x","origin":[8.000485,11.81934,18.213608]},"faces":{"east":{"uv":[13.5,9.25,13.75,9.625],"rotation":0,"texture":"#0","tintindex":0},"south":{"uv":[13.25,2.25,13.875,2.625],"rotation":0,"texture":"#0","tintindex":0},"north":{"uv":[2.25,13.25,2.875,13.625],"rotation":0,"texture":"#0","tintindex":0},"west":{"uv":[9.5,13.5,9.75,13.875],"rotation":0,"texture":"#0","tintindex":0},"up":{"uv":[7.375,4.0,6.75,3.75],"rotation":0,"texture":"#0","tintindex":0},"down":{"uv":[7.625,13.25,7.0,13.5],"rotation":0,"texture":"#0","tintindex":0}}},{"from":[6.3111014,10.336222,17.987125],"to":[9.681138,12.187122,19.104649],"rotation":{"angle":22.5,"axis":"x","origin":[8.000485,11.81934,18.213608]},"faces":{"east":{"uv":[9.75,13.5,10.0,13.875],"rotation":0,"texture":"#0","tintindex":0},"south":{"uv":[6.0,13.25,6.625,13.625],"rotation":0,"texture":"#0","tintindex":0},"north":{"uv":[3.0,13.25,3.625,13.625],"rotation":0,"texture":"#0","tintindex":0},"west":{"uv":[10.0,13.5,10.25,13.875],"rotation":0,"texture":"#0","tintindex":0},"up":{"uv":[14.125,3.5,13.5,3.25],"rotation":0,"texture":"#0","tintindex":0},"down":{"uv":[14.125,3.5,13.5,3.75],"rotation":0,"texture":"#0","tintindex":0}}},{"from":[6.2892747,10.1081295,15.9653],"to":[9.711695,13.53055,18.469257],"rotation":{"angle":0.0,"axis":"y","origin":[7.9961195,11.81934,18.213608]},"faces":{"east":{"uv":[2.5,8.75,3.0,9.375],"rotation":0,"texture":"#0","tintindex":0},"south":{"uv":[7.0,12.5,7.625,13.125],"rotation":0,"texture":"#0","tintindex":0},"north":{"uv":[0.25,12.5,0.875,13.125],"rotation":0,"texture":"#0","tintindex":0},"west":{"uv":[4.5,12.75,5.0,13.375],"rotation":0,"texture":"#0","tintindex":0},"up":{"uv":[6.625,13.25,6.0,12.75],"rotation":0,"texture":"#0","tintindex":0},"down":{"uv":[13.375,8.5,12.75,9.0],"rotation":0,"texture":"#0","tintindex":0}}}],"display":{"head":{"translation":[0.0,-6.4,0.0],"scale":[4.0,4.0,4.0]}}}