{"textures":{"0":"minecraft:modelengine/entity/cannon_tier3"},"elements":[{"from":[5.7430415,7.5305967,7.225168],"to":[10.256958,9.253202,10.535801],"rotation":{"angle":-45.0,"axis":"x","origin":[8.0,8.176574,8.436376]},"faces":{"east":{"uv":[10.5,12.75,11.25,13.125],"rotation":0,"texture":"#0","tintindex":0},"south":{"uv":[12.5,9.25,13.5,9.625],"rotation":0,"texture":"#0","tintindex":0},"north":{"uv":[7.75,12.5,8.75,12.875],"rotation":0,"texture":"#0","tintindex":0},"west":{"uv":[12.75,10.5,13.5,10.875],"rotation":0,"texture":"#0","tintindex":0},"up":{"uv":[8.75,11.0,7.75,10.25],"rotation":0,"texture":"#0","tintindex":0},"down":{"uv":[11.25,8.5,10.25,9.25],"rotation":0,"texture":"#0","tintindex":0}}},{"from":[6.9004173,7.27168,6.987497],"to":[9.099583,9.505684,8.306367],"rotation":{"angle":22.5,"axis":"x","origin":[8.0,9.061575,7.418148]},"faces":{"east":{"uv":[3.75,13.25,4.0,13.75],"rotation":0,"texture":"#0","tintindex":0},"south":{"uv":[13.0,4.5,13.5,5.0],"rotation":0,"texture":"#0","tintindex":0},"north":{"uv":[6.0,11.0,6.5,11.5],"rotation":0,"texture":"#0","tintindex":0},"west":{"uv":[4.0,13.25,4.25,13.75],"rotation":0,"texture":"#0","tintindex":0},"up":{"uv":[1.5,12.75,1.0,12.5],"rotation":0,"texture":"#0","tintindex":0},"down":{"uv":[14.0,3.75,13.5,4.0],"rotation":0,"texture":"#0","tintindex":0}}},{"from":[5.7161255,5.928155,6.818631],"to":[10.2838745,8.081412,9.241046],"rotation":{"angle":0.0,"axis":"y","origin":[8.0,7.0047836,8.029839]},"faces":{"east":{"uv":[12.75,1.75,13.375,2.25],"rotation":0,"texture":"#0","tintindex":0},"south":{"uv":[11.75,2.75,12.75,3.25],"rotation":0,"texture":"#0","tintindex":0},"north":{"uv":[2.5,11.75,3.5,12.25],"rotation":0,"texture":"#0","tintindex":0},"west":{"uv":[2.0,12.75,2.625,13.25],"rotation":0,"texture":"#0","tintindex":0},"up":{"uv":[12.0,11.375,11.0,10.75],"rotation":0,"texture":"#0","tintindex":0},"down":{"uv":[12.25,8.5,11.25,9.125],"rotation":0,"texture":"#0","tintindex":0}}}],"display":{"head":{"translation":[0.0,-6.4,0.0],"scale":[4.0,4.0,4.0]}}}