{"textures":{"0":"minecraft:modelengine/entity/artillery_cannon_tier2"},"elements":[{"from":[5.0400915,15.03576,6.7944784],"to":[6.137251,24.932375,9.232893],"rotation":{"angle":-22.5,"axis":"y","origin":[8.0,23.91418,8.0]},"faces":{"east":{"uv":[3.5,11.125,3.75,12.1875],"rotation":0,"texture":"#0","tintindex":0},"south":{"uv":[4.0,12.875,4.125,13.9375],"rotation":0,"texture":"#0","tintindex":0},"north":{"uv":[9.75,12.625,9.875,13.6875],"rotation":0,"texture":"#0","tintindex":0},"west":{"uv":[3.75,11.125,4.0,12.1875],"rotation":0,"texture":"#0","tintindex":0},"up":{"uv":[4.125,9.375,4.0,9.125],"rotation":0,"texture":"#0","tintindex":0},"down":{"uv":[4.125,9.375,4.0,9.625],"rotation":0,"texture":"#0","tintindex":0}}},{"from":[6.755829,15.03576,5.0400915],"to":[9.232893,24.932375,6.137251],"rotation":{"angle":22.5,"axis":"y","origin":[8.0,23.91418,8.0]},"faces":{"east":{"uv":[1.5,13.0,1.625,14.0625],"rotation":0,"texture":"#0","tintindex":0},"south":{"uv":[4.25,11.125,4.5,12.1875],"rotation":0,"texture":"#0","tintindex":0},"north":{"uv":[4.0,11.125,4.25,12.1875],"rotation":0,"texture":"#0","tintindex":0},"west":{"uv":[7.625,13.0,7.75,14.0625],"rotation":0,"texture":"#0","tintindex":0},"up":{"uv":[6.875,2.375,6.625,2.25],"rotation":0,"texture":"#0","tintindex":0},"down":{"uv":[7.875,2.75,7.625,2.875],"rotation":0,"texture":"#0","tintindex":0}}},{"from":[5.7119436,15.03576,5.7892427],"to":[10.288056,24.932375,10.210757],"rotation":{"angle":0.0,"axis":"y","origin":[8.0,23.91418,8.0]},"faces":{"east":{"uv":[2.25,7.875,2.75,8.9375],"rotation":0,"texture":"#0","tintindex":0},"south":{"uv":[4.625,7.875,5.125,8.9375],"rotation":0,"texture":"#0","tintindex":0},"north":{"uv":[4.125,7.75,4.625,8.8125],"rotation":0,"texture":"#0","tintindex":0},"west":{"uv":[7.125,8.0,7.625,9.0625],"rotation":0,"texture":"#0","tintindex":0},"up":{"uv":[11.625,3.0,11.125,2.5],"rotation":0,"texture":"#0","tintindex":0},"down":{"uv":[11.625,3.5,11.125,4.0],"rotation":0,"texture":"#0","tintindex":0}}},{"from":[6.755829,15.03576,9.862749],"to":[9.232893,24.932375,10.9599085],"rotation":{"angle":-22.5,"axis":"y","origin":[8.0,23.91418,8.0]},"faces":{"east":{"uv":[7.75,13.0,7.875,14.0625],"rotation":0,"texture":"#0","tintindex":0},"south":{"uv":[4.75,11.125,5.0,12.1875],"rotation":0,"texture":"#0","tintindex":0},"north":{"uv":[4.5,11.125,4.75,12.1875],"rotation":0,"texture":"#0","tintindex":0},"west":{"uv":[8.75,13.0,8.875,14.0625],"rotation":0,"texture":"#0","tintindex":0},"up":{"uv":[2.75,9.125,2.5,9.0],"rotation":0,"texture":"#0","tintindex":0},"down":{"uv":[5.125,9.25,4.875,9.375],"rotation":0,"texture":"#0","tintindex":0}}},{"from":[5.0400915,15.03576,6.7671075],"to":[6.137251,24.932375,9.205522],"rotation":{"angle":22.5,"axis":"y","origin":[8.0,23.91418,8.0]},"faces":{"east":{"uv":[5.0,11.125,5.25,12.1875],"rotation":0,"texture":"#0","tintindex":0},"south":{"uv":[10.125,13.0,10.25,14.0625],"rotation":0,"texture":"#0","tintindex":0},"north":{"uv":[8.875,13.0,9.0,14.0625],"rotation":0,"texture":"#0","tintindex":0},"west":{"uv":[5.25,11.125,5.5,12.1875],"rotation":0,"texture":"#0","tintindex":0},"up":{"uv":[5.75,9.625,5.625,9.375],"rotation":0,"texture":"#0","tintindex":0},"down":{"uv":[4.875,9.625,4.75,9.875],"rotation":0,"texture":"#0","tintindex":0}}},{"from":[6.7671075,15.03576,9.862749],"to":[9.244171,24.932375,10.9599085],"rotation":{"angle":22.5,"axis":"y","origin":[8.0,23.91418,8.0]},"faces":{"east":{"uv":[10.25,13.0,10.375,14.0625],"rotation":0,"texture":"#0","tintindex":0},"south":{"uv":[5.75,11.125,6.0,12.1875],"rotation":0,"texture":"#0","tintindex":0},"north":{"uv":[5.5,11.125,5.75,12.1875],"rotation":0,"texture":"#0","tintindex":0},"west":{"uv":[10.375,13.0,10.5,14.0625],"rotation":0,"texture":"#0","tintindex":0},"up":{"uv":[2.5,9.75,2.25,9.625],"rotation":0,"texture":"#0","tintindex":0},"down":{"uv":[1.25,10.75,1.0,10.875],"rotation":0,"texture":"#0","tintindex":0}}},{"from":[6.7671075,15.03576,5.0400915],"to":[9.244171,24.932375,6.137251],"rotation":{"angle":-22.5,"axis":"y","origin":[8.0,23.91418,8.0]},"faces":{"east":{"uv":[10.5,13.0,10.625,14.0625],"rotation":0,"texture":"#0","tintindex":0},"south":{"uv":[6.25,11.125,6.5,12.1875],"rotation":0,"texture":"#0","tintindex":0},"north":{"uv":[6.0,11.125,6.25,12.1875],"rotation":0,"texture":"#0","tintindex":0},"west":{"uv":[10.625,13.0,10.75,14.0625],"rotation":0,"texture":"#0","tintindex":0},"up":{"uv":[11.125,11.375,10.875,11.25],"rotation":0,"texture":"#0","tintindex":0},"down":{"uv":[11.625,2.375,11.375,2.5],"rotation":0,"texture":"#0","tintindex":0}}},{"from":[9.862749,15.03576,6.7944784],"to":[10.9599085,24.932375,9.232893],"rotation":{"angle":22.5,"axis":"y","origin":[8.0,23.91418,8.0]},"faces":{"east":{"uv":[6.5,11.125,6.75,12.1875],"rotation":0,"texture":"#0","tintindex":0},"south":{"uv":[1.75,13.125,1.875,14.1875],"rotation":0,"texture":"#0","tintindex":0},"north":{"uv":[1.625,13.125,1.75,14.1875],"rotation":0,"texture":"#0","tintindex":0},"west":{"uv":[7.125,11.125,7.375,12.1875],"rotation":0,"texture":"#0","tintindex":0},"up":{"uv":[7.25,10.0,7.125,9.75],"rotation":0,"texture":"#0","tintindex":0},"down":{"uv":[3.625,10.375,3.5,10.625],"rotation":0,"texture":"#0","tintindex":0}}},{"from":[9.862749,15.03576,6.7671075],"to":[10.9599085,24.932375,9.205522],"rotation":{"angle":-22.5,"axis":"y","origin":[8.0,23.91418,8.0]},"faces":{"east":{"uv":[7.375,11.125,7.625,12.1875],"rotation":0,"texture":"#0","tintindex":0},"south":{"uv":[2.0,13.125,2.125,14.1875],"rotation":0,"texture":"#0","tintindex":0},"north":{"uv":[1.875,13.125,2.0,14.1875],"rotation":0,"texture":"#0","tintindex":0},"west":{"uv":[7.625,11.125,7.875,12.1875],"rotation":0,"texture":"#0","tintindex":0},"up":{"uv":[0.75,10.75,0.625,10.5],"rotation":0,"texture":"#0","tintindex":0},"down":{"uv":[3.5,11.375,3.375,11.625],"rotation":0,"texture":"#0","tintindex":0}}},{"from":[-2.137601,8.392954,4.1983995],"to":[4.1983995,13.461754,11.8016],"rotation":{"angle":0.0,"axis":"y","origin":[8.0,11.643322,8.0]},"faces":{"east":{"uv":[8.875,8.125,9.6875,8.6875],"rotation":0,"texture":"#0","tintindex":0},"south":{"uv":[5.75,9.125,6.4375,9.6875],"rotation":0,"texture":"#0","tintindex":0},"north":{"uv":[3.25,9.125,3.9375,9.6875],"rotation":0,"texture":"#0","tintindex":0},"west":{"uv":[8.5,8.875,9.3125,9.4375],"rotation":0,"texture":"#0","tintindex":0},"up":{"uv":[8.5625,1.5625,7.875,0.75],"rotation":0,"texture":"#0","tintindex":0},"down":{"uv":[2.1875,7.875,1.5,8.6875],"rotation":0,"texture":"#0","tintindex":0}}},{"from":[11.8016,8.392954,4.1983995],"to":[18.1376,13.461754,11.8016],"rotation":{"angle":0.0,"axis":"y","origin":[8.0,11.643322,8.0]},"faces":{"east":{"uv":[9.3125,8.875,8.5,9.4375],"rotation":0,"texture":"#0","tintindex":0},"south":{"uv":[6.4375,9.125,5.75,9.6875],"rotation":0,"texture":"#0","tintindex":0},"north":{"uv":[3.9375,9.125,3.25,9.6875],"rotation":0,"texture":"#0","tintindex":0},"west":{"uv":[9.6875,8.125,8.875,8.6875],"rotation":0,"texture":"#0","tintindex":0},"up":{"uv":[7.875,1.5625,8.5625,0.75],"rotation":0,"texture":"#0","tintindex":0},"down":{"uv":[1.5,7.875,2.1875,8.6875],"rotation":0,"texture":"#0","tintindex":0}}},{"from":[4.1983995,8.392954,11.8016],"to":[11.8016,13.461754,18.1376],"rotation":{"angle":0.0,"axis":"y","origin":[8.0,10.927354,8.0]},"faces":{"east":{"uv":[3.9375,9.125,3.25,9.6875],"rotation":0,"texture":"#0","tintindex":0},"south":{"uv":[9.3125,8.875,8.5,9.4375],"rotation":0,"texture":"#0","tintindex":0},"north":{"uv":[9.6875,8.125,8.875,8.6875],"rotation":0,"texture":"#0","tintindex":0},"west":{"uv":[6.4375,9.125,5.75,9.6875],"rotation":0,"texture":"#0","tintindex":0},"up":{"uv":[7.875,1.5625,8.5625,0.75],"rotation":90,"texture":"#0","tintindex":0},"down":{"uv":[1.5,7.875,2.1875,8.6875],"rotation":270,"texture":"#0","tintindex":0}}},{"from":[4.1983995,8.392954,-2.137601],"to":[11.8016,13.461754,4.1983995],"rotation":{"angle":0.0,"axis":"y","origin":[8.0,10.927354,8.0]},"faces":{"east":{"uv":[3.25,9.125,3.9375,9.6875],"rotation":0,"texture":"#0","tintindex":0},"south":{"uv":[8.875,8.125,9.6875,8.6875],"rotation":0,"texture":"#0","tintindex":0},"north":{"uv":[8.5,8.875,9.3125,9.4375],"rotation":0,"texture":"#0","tintindex":0},"west":{"uv":[5.75,9.125,6.4375,9.6875],"rotation":0,"texture":"#0","tintindex":0},"up":{"uv":[8.5625,1.5625,7.875,0.75],"rotation":90,"texture":"#0","tintindex":0},"down":{"uv":[2.1875,7.875,1.5,8.6875],"rotation":270,"texture":"#0","tintindex":0}}},{"from":[-2.8207312,8.392954,5.832871],"to":[3.5152693,13.461754,8.367271],"rotation":{"angle":-22.5,"axis":"y","origin":[8.0,11.643322,8.0]},"faces":{"east":{"uv":[9.5,12.625,9.75,13.1875],"rotation":0,"texture":"#0","tintindex":0},"south":{"uv":[9.25,3.625,9.9375,4.1875],"rotation":0,"texture":"#0","tintindex":0},"north":{"uv":[9.25,0.625,9.9375,1.1875],"rotation":0,"texture":"#0","tintindex":0},"west":{"uv":[4.625,12.75,4.875,13.3125],"rotation":0,"texture":"#0","tintindex":0},"up":{"uv":[13.0625,1.25,12.375,1.0],"rotation":0,"texture":"#0","tintindex":0},"down":{"uv":[13.1875,0.5,12.5,0.75],"rotation":0,"texture":"#0","tintindex":0}}},{"from":[-2.8207312,8.392954,7.632729],"to":[3.5152693,13.461754,10.1671295],"rotation":{"angle":22.5,"axis":"y","origin":[8.0,11.643322,8.0]},"faces":{"east":{"uv":[5.375,12.75,5.625,13.3125],"rotation":0,"texture":"#0","tintindex":0},"south":{"uv":[0.75,9.375,1.4375,9.9375],"rotation":0,"texture":"#0","tintindex":0},"north":{"uv":[0.0,9.375,0.6875,9.9375],"rotation":0,"texture":"#0","tintindex":0},"west":{"uv":[4.875,12.75,4.625,13.3125],"rotation":0,"texture":"#0","tintindex":0},"up":{"uv":[3.0625,12.875,2.375,12.625],"rotation":0,"texture":"#0","tintindex":0},"down":{"uv":[13.3125,2.75,12.625,3.0],"rotation":0,"texture":"#0","tintindex":0}}},{"from":[5.832871,8.392954,-2.8207312],"to":[8.367271,13.461754,3.5152693],"rotation":{"angle":22.5,"axis":"y","origin":[8.0,11.643322,8.0]},"faces":{"east":{"uv":[4.875,9.375,5.5625,9.9375],"rotation":0,"texture":"#0","tintindex":0},"south":{"uv":[6.125,12.75,6.375,13.3125],"rotation":0,"texture":"#0","tintindex":0},"north":{"uv":[5.875,12.75,6.125,13.3125],"rotation":0,"texture":"#0","tintindex":0},"west":{"uv":[9.375,8.75,10.0625,9.3125],"rotation":0,"texture":"#0","tintindex":0},"up":{"uv":[7.875,12.9375,7.625,12.25],"rotation":0,"texture":"#0","tintindex":0},"down":{"uv":[10.125,12.375,9.875,13.0625],"rotation":0,"texture":"#0","tintindex":0}}},{"from":[5.832871,8.392954,12.484731],"to":[8.367271,13.461754,18.820732],"rotation":{"angle":-22.5,"axis":"y","origin":[8.0,11.643322,8.0]},"faces":{"east":{"uv":[9.375,9.375,10.0625,9.9375],"rotation":0,"texture":"#0","tintindex":0},"south":{"uv":[6.125,12.75,5.875,13.3125],"rotation":0,"texture":"#0","tintindex":0},"north":{"uv":[6.375,12.75,6.625,13.3125],"rotation":0,"texture":"#0","tintindex":0},"west":{"uv":[7.25,9.5,7.9375,10.0625],"rotation":0,"texture":"#0","tintindex":0},"up":{"uv":[3.375,13.1875,3.125,12.5],"rotation":0,"texture":"#0","tintindex":0},"down":{"uv":[9.25,12.5,9.0,13.1875],"rotation":0,"texture":"#0","tintindex":0}}},{"from":[-2.826376,8.392954,5.861252],"to":[2.495864,13.461754,10.138748],"rotation":{"angle":-45.0,"axis":"y","origin":[8.0,11.643322,8.0]},"faces":{"east":{"uv":[11.25,4.875,11.6875,5.4375],"rotation":0,"texture":"#0","tintindex":0},"south":{"uv":[10.0,5.5,10.5625,6.0625],"rotation":0,"texture":"#0","tintindex":0},"north":{"uv":[5.375,10.0,5.9375,10.5625],"rotation":0,"texture":"#0","tintindex":0},"west":{"uv":[11.25,7.5,11.6875,8.0625],"rotation":0,"texture":"#0","tintindex":0},"up":{"uv":[11.8125,8.5625,11.25,8.125],"rotation":0,"texture":"#0","tintindex":0},"down":{"uv":[11.8125,8.625,11.25,9.0625],"rotation":0,"texture":"#0","tintindex":0}}},{"from":[7.632729,8.392954,-2.8207312],"to":[10.1671295,13.461754,3.5152693],"rotation":{"angle":-22.5,"axis":"y","origin":[8.0,11.643322,8.0]},"faces":{"east":{"uv":[10.0625,8.75,9.375,9.3125],"rotation":0,"texture":"#0","tintindex":0},"south":{"uv":[6.375,12.75,6.125,13.3125],"rotation":0,"texture":"#0","tintindex":0},"north":{"uv":[6.125,12.75,5.875,13.3125],"rotation":0,"texture":"#0","tintindex":0},"west":{"uv":[5.5625,9.375,4.875,9.9375],"rotation":0,"texture":"#0","tintindex":0},"up":{"uv":[7.625,12.9375,7.875,12.25],"rotation":0,"texture":"#0","tintindex":0},"down":{"uv":[9.875,12.375,10.125,13.0625],"rotation":0,"texture":"#0","tintindex":0}}},{"from":[13.504136,8.392954,5.861252],"to":[18.826376,13.461754,10.138748],"rotation":{"angle":45.0,"axis":"y","origin":[8.0,11.643322,8.0]},"faces":{"east":{"uv":[11.6875,7.5,11.25,8.0625],"rotation":0,"texture":"#0","tintindex":0},"south":{"uv":[10.5625,5.5,10.0,6.0625],"rotation":0,"texture":"#0","tintindex":0},"north":{"uv":[5.9375,10.0,5.375,10.5625],"rotation":0,"texture":"#0","tintindex":0},"west":{"uv":[11.6875,4.875,11.25,5.4375],"rotation":0,"texture":"#0","tintindex":0},"up":{"uv":[11.25,8.5625,11.8125,8.125],"rotation":0,"texture":"#0","tintindex":0},"down":{"uv":[11.25,8.625,11.8125,9.0625],"rotation":0,"texture":"#0","tintindex":0}}},{"from":[12.484731,8.392954,5.832871],"to":[18.820732,13.461754,8.367271],"rotation":{"angle":22.5,"axis":"y","origin":[8.0,11.643322,8.0]},"faces":{"east":{"uv":[4.875,12.75,4.625,13.3125],"rotation":0,"texture":"#0","tintindex":0},"south":{"uv":[9.9375,3.625,9.25,4.1875],"rotation":0,"texture":"#0","tintindex":0},"north":{"uv":[9.9375,0.625,9.25,1.1875],"rotation":0,"texture":"#0","tintindex":0},"west":{"uv":[9.75,12.625,9.5,13.1875],"rotation":0,"texture":"#0","tintindex":0},"up":{"uv":[12.375,1.25,13.0625,1.0],"rotation":0,"texture":"#0","tintindex":0},"down":{"uv":[12.5,0.5,13.1875,0.75],"rotation":0,"texture":"#0","tintindex":0}}},{"from":[-2.826376,8.392954,5.861252],"to":[2.495864,13.461754,10.138748],"rotation":{"angle":45.0,"axis":"y","origin":[8.0,11.643322,8.0]},"faces":{"east":{"uv":[11.375,4.25,11.8125,4.8125],"rotation":0,"texture":"#0","tintindex":0},"south":{"uv":[10.0,10.0,10.5625,10.5625],"rotation":0,"texture":"#0","tintindex":0},"north":{"uv":[9.375,10.0,9.9375,10.5625],"rotation":0,"texture":"#0","tintindex":0},"west":{"uv":[11.6875,7.5,11.25,8.0625],"rotation":0,"texture":"#0","tintindex":0},"up":{"uv":[11.9375,6.9375,11.375,6.5],"rotation":0,"texture":"#0","tintindex":0},"down":{"uv":[11.4375,11.375,10.875,11.8125],"rotation":0,"texture":"#0","tintindex":0}}},{"from":[7.632729,8.392954,12.484731],"to":[10.1671295,13.461754,18.820732],"rotation":{"angle":22.5,"axis":"y","origin":[8.0,11.643322,8.0]},"faces":{"east":{"uv":[7.9375,9.5,7.25,10.0625],"rotation":0,"texture":"#0","tintindex":0},"south":{"uv":[5.875,12.75,6.125,13.3125],"rotation":0,"texture":"#0","tintindex":0},"north":{"uv":[6.625,12.75,6.375,13.3125],"rotation":0,"texture":"#0","tintindex":0},"west":{"uv":[10.0625,9.375,9.375,9.9375],"rotation":0,"texture":"#0","tintindex":0},"up":{"uv":[3.125,13.1875,3.375,12.5],"rotation":0,"texture":"#0","tintindex":0},"down":{"uv":[9.0,12.5,9.25,13.1875],"rotation":0,"texture":"#0","tintindex":0}}},{"from":[13.504136,8.392954,5.861252],"to":[18.826376,13.461754,10.138748],"rotation":{"angle":-45.0,"axis":"y","origin":[8.0,11.643322,8.0]},"faces":{"east":{"uv":[11.25,7.5,11.6875,8.0625],"rotation":0,"texture":"#0","tintindex":0},"south":{"uv":[10.5625,10.0,10.0,10.5625],"rotation":0,"texture":"#0","tintindex":0},"north":{"uv":[9.9375,10.0,9.375,10.5625],"rotation":0,"texture":"#0","tintindex":0},"west":{"uv":[11.8125,4.25,11.375,4.8125],"rotation":0,"texture":"#0","tintindex":0},"up":{"uv":[11.375,6.9375,11.9375,6.5],"rotation":0,"texture":"#0","tintindex":0},"down":{"uv":[10.875,11.375,11.4375,11.8125],"rotation":0,"texture":"#0","tintindex":0}}},{"from":[12.484731,8.392954,7.632729],"to":[18.820732,13.461754,10.1671295],"rotation":{"angle":-22.5,"axis":"y","origin":[8.0,11.643322,8.0]},"faces":{"east":{"uv":[4.625,12.75,4.875,13.3125],"rotation":0,"texture":"#0","tintindex":0},"south":{"uv":[1.4375,9.375,0.75,9.9375],"rotation":0,"texture":"#0","tintindex":0},"north":{"uv":[0.6875,9.375,0.0,9.9375],"rotation":0,"texture":"#0","tintindex":0},"west":{"uv":[5.625,12.75,5.375,13.3125],"rotation":0,"texture":"#0","tintindex":0},"up":{"uv":[2.375,12.875,3.0625,12.625],"rotation":0,"texture":"#0","tintindex":0},"down":{"uv":[12.625,2.75,13.3125,3.0],"rotation":0,"texture":"#0","tintindex":0}}},{"from":[-3.4759579,13.075258,5.732927],"to":[2.165616,14.32345,10.267074],"rotation":{"angle":-45.0,"axis":"y","origin":[8.0,11.643322,8.0]},"faces":{"east":{"uv":[4.75,6.25,5.25,6.375],"rotation":0,"texture":"#0","tintindex":0},"south":{"uv":[11.125,13.5,11.75,13.625],"rotation":0,"texture":"#0","tintindex":0},"north":{"uv":[13.5,6.75,14.125,6.875],"rotation":0,"texture":"#0","tintindex":0},"west":{"uv":[4.125,8.875,4.625,9.0],"rotation":0,"texture":"#0","tintindex":0},"up":{"uv":[4.25,10.75,3.625,10.25],"rotation":0,"texture":"#0","tintindex":0},"down":{"uv":[2.5,10.375,1.875,10.875],"rotation":0,"texture":"#0","tintindex":0}}},{"from":[13.834384,13.075258,5.732927],"to":[19.475958,14.32345,10.267074],"rotation":{"angle":45.0,"axis":"y","origin":[8.0,11.643322,8.0]},"faces":{"east":{"uv":[8.875,8.75,9.375,8.875],"rotation":0,"texture":"#0","tintindex":0},"south":{"uv":[12.125,13.5,12.75,13.625],"rotation":0,"texture":"#0","tintindex":0},"north":{"uv":[13.5,11.625,14.125,11.75],"rotation":0,"texture":"#0","tintindex":0},"west":{"uv":[4.25,10.5,4.75,10.625],"rotation":0,"texture":"#0","tintindex":0},"up":{"uv":[3.125,10.875,2.5,10.375],"rotation":0,"texture":"#0","tintindex":0},"down":{"uv":[0.625,10.5,0.0,11.0],"rotation":0,"texture":"#0","tintindex":0}}},{"from":[7.6106925,13.075258,12.753815],"to":[10.297156,14.38681,19.469975],"rotation":{"angle":22.5,"axis":"y","origin":[8.0,11.643322,8.0]},"faces":{"east":{"uv":[7.875,1.625,8.625,1.75],"rotation":0,"texture":"#0","tintindex":0},"south":{"uv":[3.625,10.125,3.9375,10.25],"rotation":0,"texture":"#0","tintindex":0},"north":{"uv":[3.125,7.625,3.4375,7.75],"rotation":0,"texture":"#0","tintindex":0},"west":{"uv":[9.25,4.25,10.0,4.375],"rotation":0,"texture":"#0","tintindex":0},"up":{"uv":[0.3125,12.25,0.0,11.5],"rotation":0,"texture":"#0","tintindex":0},"down":{"uv":[7.0625,11.5,6.75,12.25],"rotation":0,"texture":"#0","tintindex":0}}},{"from":[7.6106925,13.075258,-3.4699745],"to":[10.297156,14.38681,3.2461858],"rotation":{"angle":-22.5,"axis":"y","origin":[8.0,11.643322,8.0]},"faces":{"east":{"uv":[13.125,5.875,13.875,6.0],"rotation":0,"texture":"#0","tintindex":0},"south":{"uv":[10.75,0.875,11.0625,1.0],"rotation":0,"texture":"#0","tintindex":0},"north":{"uv":[1.875,10.25,2.1875,10.375],"rotation":0,"texture":"#0","tintindex":0},"west":{"uv":[13.125,10.875,13.875,11.0],"rotation":0,"texture":"#0","tintindex":0},"up":{"uv":[11.8125,12.125,11.5,11.375],"rotation":0,"texture":"#0","tintindex":0},"down":{"uv":[0.6875,11.625,0.375,12.375],"rotation":0,"texture":"#0","tintindex":0}}},{"from":[5.7028437,13.075258,12.753815],"to":[8.389307,14.38681,19.469975],"rotation":{"angle":-22.5,"axis":"y","origin":[8.0,11.643322,8.0]},"faces":{"east":{"uv":[13.25,3.875,14.0,4.0],"rotation":0,"texture":"#0","tintindex":0},"south":{"uv":[3.125,11.25,3.4375,11.375],"rotation":0,"texture":"#0","tintindex":0},"north":{"uv":[2.125,11.25,2.4375,11.375],"rotation":0,"texture":"#0","tintindex":0},"west":{"uv":[13.25,4.0,14.0,4.125],"rotation":0,"texture":"#0","tintindex":0},"up":{"uv":[11.9375,9.875,11.625,9.125],"rotation":0,"texture":"#0","tintindex":0},"down":{"uv":[10.1875,11.625,9.875,12.375],"rotation":0,"texture":"#0","tintindex":0}}},{"from":[5.7028437,13.075258,-3.4699745],"to":[8.389307,14.38681,3.2461858],"rotation":{"angle":22.5,"axis":"y","origin":[8.0,11.643322,8.0]},"faces":{"east":{"uv":[13.25,4.25,14.0,4.375],"rotation":0,"texture":"#0","tintindex":0},"south":{"uv":[12.625,2.25,12.9375,2.375],"rotation":0,"texture":"#0","tintindex":0},"north":{"uv":[1.5,12.5,1.8125,12.625],"rotation":0,"texture":"#0","tintindex":0},"west":{"uv":[13.25,4.375,14.0,4.5],"rotation":0,"texture":"#0","tintindex":0},"up":{"uv":[11.9375,10.625,11.625,9.875],"rotation":0,"texture":"#0","tintindex":0},"down":{"uv":[11.9375,10.625,11.625,11.375],"rotation":0,"texture":"#0","tintindex":0}}},{"from":[-3.4699745,13.075258,7.6106925],"to":[3.2461858,14.38681,10.297156],"rotation":{"angle":22.5,"axis":"y","origin":[8.0,11.643322,8.0]},"faces":{"east":{"uv":[13.625,5.75,13.9375,5.875],"rotation":0,"texture":"#0","tintindex":0},"south":{"uv":[13.25,6.625,14.0,6.75],"rotation":0,"texture":"#0","tintindex":0},"north":{"uv":[13.25,6.5,14.0,6.625],"rotation":0,"texture":"#0","tintindex":0},"west":{"uv":[6.0,13.625,6.3125,13.75],"rotation":0,"texture":"#0","tintindex":0},"up":{"uv":[12.0,5.8125,11.25,5.5],"rotation":0,"texture":"#0","tintindex":0},"down":{"uv":[12.375,2.375,11.625,2.6875],"rotation":0,"texture":"#0","tintindex":0}}},{"from":[12.753815,13.075258,7.6106925],"to":[19.469975,14.38681,10.297156],"rotation":{"angle":-22.5,"axis":"y","origin":[8.0,11.643322,8.0]},"faces":{"east":{"uv":[13.625,6.125,13.9375,6.25],"rotation":0,"texture":"#0","tintindex":0},"south":{"uv":[13.25,11.375,14.0,11.5],"rotation":0,"texture":"#0","tintindex":0},"north":{"uv":[13.25,7.75,14.0,7.875],"rotation":0,"texture":"#0","tintindex":0},"west":{"uv":[13.625,6.25,13.9375,6.375],"rotation":0,"texture":"#0","tintindex":0},"up":{"uv":[12.375,3.8125,11.625,3.5],"rotation":0,"texture":"#0","tintindex":0},"down":{"uv":[12.375,6.125,11.625,6.4375],"rotation":0,"texture":"#0","tintindex":0}}},{"from":[-3.4699745,13.075258,5.7028437],"to":[3.2461858,14.38681,8.389307],"rotation":{"angle":-22.5,"axis":"y","origin":[8.0,11.643322,8.0]},"faces":{"east":{"uv":[6.375,13.625,6.6875,13.75],"rotation":0,"texture":"#0","tintindex":0},"south":{"uv":[13.25,12.75,14.0,12.875],"rotation":0,"texture":"#0","tintindex":0},"north":{"uv":[13.25,11.5,14.0,11.625],"rotation":0,"texture":"#0","tintindex":0},"west":{"uv":[6.75,13.625,7.0625,13.75],"rotation":0,"texture":"#0","tintindex":0},"up":{"uv":[12.375,7.3125,11.625,7.0],"rotation":0,"texture":"#0","tintindex":0},"down":{"uv":[12.5,0.0,11.75,0.3125],"rotation":0,"texture":"#0","tintindex":0}}},{"from":[12.753815,13.075258,5.7028437],"to":[19.469975,14.38681,8.389307],"rotation":{"angle":22.5,"axis":"y","origin":[8.0,11.643322,8.0]},"faces":{"east":{"uv":[13.625,6.875,13.9375,7.0],"rotation":0,"texture":"#0","tintindex":0},"south":{"uv":[13.375,0.875,14.125,1.0],"rotation":0,"texture":"#0","tintindex":0},"north":{"uv":[13.375,0.75,14.125,0.875],"rotation":0,"texture":"#0","tintindex":0},"west":{"uv":[13.625,7.0,13.9375,7.125],"rotation":0,"texture":"#0","tintindex":0},"up":{"uv":[12.5,0.6875,11.75,0.375],"rotation":0,"texture":"#0","tintindex":0},"down":{"uv":[12.5,4.875,11.75,5.1875],"rotation":0,"texture":"#0","tintindex":0}}},{"from":[-2.7458563,13.075258,3.9703035],"to":[3.9703035,14.418489,12.029696],"rotation":{"angle":0.0,"axis":"y","origin":[8.0,11.643322,8.0]},"faces":{"east":{"uv":[5.75,2.25,6.625,2.375],"rotation":0,"texture":"#0","tintindex":0},"south":{"uv":[13.375,2.125,14.125,2.25],"rotation":0,"texture":"#0","tintindex":0},"north":{"uv":[13.375,2.0,14.125,2.125],"rotation":0,"texture":"#0","tintindex":0},"west":{"uv":[10.5,4.25,11.375,4.375],"rotation":0,"texture":"#0","tintindex":0},"up":{"uv":[7.25,5.75,6.5,4.875],"rotation":0,"texture":"#0","tintindex":0},"down":{"uv":[7.5,5.75,6.75,6.625],"rotation":0,"texture":"#0","tintindex":0}}},{"from":[12.029696,13.075258,3.9703035],"to":[18.745857,14.418489,12.029696],"rotation":{"angle":0.0,"axis":"y","origin":[8.0,11.643322,8.0]},"faces":{"east":{"uv":[12.5,11.0,13.375,11.125],"rotation":0,"texture":"#0","tintindex":0},"south":{"uv":[13.375,2.875,14.125,3.0],"rotation":0,"texture":"#0","tintindex":0},"north":{"uv":[13.375,2.75,14.125,2.875],"rotation":0,"texture":"#0","tintindex":0},"west":{"uv":[12.625,6.75,13.5,6.875],"rotation":0,"texture":"#0","tintindex":0},"up":{"uv":[7.5,7.5,6.75,6.625],"rotation":0,"texture":"#0","tintindex":0},"down":{"uv":[7.625,2.0,6.875,2.875],"rotation":0,"texture":"#0","tintindex":0}}},{"from":[3.9703035,13.075258,-2.7458563],"to":[12.029696,14.418489,18.745857],"rotation":{"angle":0.0,"axis":"y","origin":[8.0,11.643322,8.0]},"faces":{"east":{"uv":[9.25,6.375,11.625,6.5],"rotation":0,"texture":"#0","tintindex":0},"south":{"uv":[12.875,4.125,13.75,4.25],"rotation":0,"texture":"#0","tintindex":0},"north":{"uv":[12.625,11.625,13.5,11.75],"rotation":0,"texture":"#0","tintindex":0},"west":{"uv":[10.0,1.0,12.375,1.125],"rotation":0,"texture":"#0","tintindex":0},"up":{"uv":[0.875,6.375,0.0,4.0],"rotation":0,"texture":"#0","tintindex":0},"down":{"uv":[1.75,4.0,0.875,6.375],"rotation":0,"texture":"#0","tintindex":0}}},{"from":[13.834384,13.075258,5.7329264],"to":[19.475958,14.32345,10.267073],"rotation":{"angle":-45.0,"axis":"y","origin":[8.0,11.643322,8.0]},"faces":{"east":{"uv":[10.625,3.5,11.125,3.625],"rotation":0,"texture":"#0","tintindex":0},"south":{"uv":[13.375,13.5,14.0,13.625],"rotation":0,"texture":"#0","tintindex":0},"north":{"uv":[12.75,13.5,13.375,13.625],"rotation":0,"texture":"#0","tintindex":0},"west":{"uv":[11.125,4.0,11.625,4.125],"rotation":0,"texture":"#0","tintindex":0},"up":{"uv":[11.125,3.0,10.5,2.5],"rotation":0,"texture":"#0","tintindex":0},"down":{"uv":[11.125,3.625,10.5,4.125],"rotation":0,"texture":"#0","tintindex":0}}},{"from":[-3.4759579,13.075258,5.7329264],"to":[2.165616,14.32345,10.267073],"rotation":{"angle":45.0,"axis":"y","origin":[8.0,11.643322,8.0]},"faces":{"east":{"uv":[13.625,3.5,14.125,3.625],"rotation":0,"texture":"#0","tintindex":0},"south":{"uv":[13.625,0.0,14.25,0.125],"rotation":0,"texture":"#0","tintindex":0},"north":{"uv":[0.0,13.625,0.625,13.75],"rotation":0,"texture":"#0","tintindex":0},"west":{"uv":[13.625,3.625,14.125,3.75],"rotation":0,"texture":"#0","tintindex":0},"up":{"uv":[11.125,7.5,10.5,7.0],"rotation":0,"texture":"#0","tintindex":0},"down":{"uv":[11.25,3.0,10.625,3.5],"rotation":0,"texture":"#0","tintindex":0}}},{"from":[-3.4759579,7.2461376,5.732927],"to":[2.165616,8.58937,10.267074],"rotation":{"angle":-45.0,"axis":"y","origin":[8.0,11.643322,8.0]},"faces":{"east":{"uv":[4.5,13.625,5.0,13.75],"rotation":0,"texture":"#0","tintindex":0},"south":{"uv":[13.625,0.25,14.25,0.375],"rotation":0,"texture":"#0","tintindex":0},"north":{"uv":[13.625,0.125,14.25,0.25],"rotation":0,"texture":"#0","tintindex":0},"west":{"uv":[13.625,4.875,14.125,5.0],"rotation":0,"texture":"#0","tintindex":0},"up":{"uv":[4.875,11.125,4.25,10.625],"rotation":0,"texture":"#0","tintindex":0},"down":{"uv":[5.5,10.625,4.875,11.125],"rotation":0,"texture":"#0","tintindex":0}}},{"from":[13.834384,7.2461376,5.732927],"to":[19.475958,8.58937,10.267074],"rotation":{"angle":45.0,"axis":"y","origin":[8.0,11.643322,8.0]},"faces":{"east":{"uv":[5.0,13.625,5.5,13.75],"rotation":0,"texture":"#0","tintindex":0},"south":{"uv":[0.625,13.625,1.25,13.75],"rotation":0,"texture":"#0","tintindex":0},"north":{"uv":[13.625,0.375,14.25,0.5],"rotation":0,"texture":"#0","tintindex":0},"west":{"uv":[13.625,5.0,14.125,5.125],"rotation":0,"texture":"#0","tintindex":0},"up":{"uv":[11.25,5.375,10.625,4.875],"rotation":0,"texture":"#0","tintindex":0},"down":{"uv":[11.25,5.375,10.625,5.875],"rotation":0,"texture":"#0","tintindex":0}}},{"from":[7.6106925,7.2461376,12.753815],"to":[10.297156,8.58937,19.469975],"rotation":{"angle":22.5,"axis":"y","origin":[8.0,11.643322,8.0]},"faces":{"east":{"uv":[4.5,13.375,5.25,13.5],"rotation":0,"texture":"#0","tintindex":0},"south":{"uv":[13.625,7.125,13.9375,7.25],"rotation":0,"texture":"#0","tintindex":0},"north":{"uv":[7.125,13.625,7.4375,13.75],"rotation":0,"texture":"#0","tintindex":0},"west":{"uv":[5.25,13.375,6.0,13.5],"rotation":0,"texture":"#0","tintindex":0},"up":{"uv":[1.8125,12.5,1.5,11.75],"rotation":0,"texture":"#0","tintindex":0},"down":{"uv":[12.0625,7.375,11.75,8.125],"rotation":0,"texture":"#0","tintindex":0}}},{"from":[7.6106925,7.2461376,-3.4699745],"to":[10.297156,8.58937,3.2461858],"rotation":{"angle":-22.5,"axis":"y","origin":[8.0,11.643322,8.0]},"faces":{"east":{"uv":[6.0,13.375,6.75,13.5],"rotation":0,"texture":"#0","tintindex":0},"south":{"uv":[13.625,7.5,13.9375,7.625],"rotation":0,"texture":"#0","tintindex":0},"north":{"uv":[13.625,7.375,13.9375,7.5],"rotation":0,"texture":"#0","tintindex":0},"west":{"uv":[13.375,6.0,14.125,6.125],"rotation":0,"texture":"#0","tintindex":0},"up":{"uv":[1.0625,12.625,0.75,11.875],"rotation":0,"texture":"#0","tintindex":0},"down":{"uv":[1.4375,11.875,1.125,12.625],"rotation":0,"texture":"#0","tintindex":0}}},{"from":[5.7028437,7.2461376,12.753815],"to":[8.389307,8.58937,19.469975],"rotation":{"angle":-22.5,"axis":"y","origin":[8.0,11.643322,8.0]},"faces":{"east":{"uv":[6.75,13.375,7.5,13.5],"rotation":0,"texture":"#0","tintindex":0},"south":{"uv":[7.875,13.625,8.1875,13.75],"rotation":0,"texture":"#0","tintindex":0},"north":{"uv":[13.625,7.625,13.9375,7.75],"rotation":0,"texture":"#0","tintindex":0},"west":{"uv":[13.375,11.0,14.125,11.125],"rotation":0,"texture":"#0","tintindex":0},"up":{"uv":[12.1875,2.0,11.875,1.25],"rotation":0,"texture":"#0","tintindex":0},"down":{"uv":[2.1875,11.875,1.875,12.625],"rotation":0,"texture":"#0","tintindex":0}}},{"from":[5.7028437,7.2461376,-3.4699745],"to":[8.389307,8.58937,3.2461858],"rotation":{"angle":22.5,"axis":"y","origin":[8.0,11.643322,8.0]},"faces":{"east":{"uv":[13.125,13.375,13.875,13.5],"rotation":0,"texture":"#0","tintindex":0},"south":{"uv":[13.625,8.0,13.9375,8.125],"rotation":0,"texture":"#0","tintindex":0},"north":{"uv":[13.625,7.875,13.9375,8.0],"rotation":0,"texture":"#0","tintindex":0},"west":{"uv":[0.5,13.5,1.25,13.625],"rotation":0,"texture":"#0","tintindex":0},"up":{"uv":[2.5625,12.625,2.25,11.875],"rotation":0,"texture":"#0","tintindex":0},"down":{"uv":[2.9375,11.875,2.625,12.625],"rotation":0,"texture":"#0","tintindex":0}}},{"from":[-3.4699745,7.2461376,7.6106925],"to":[3.2461858,8.58937,10.297156],"rotation":{"angle":22.5,"axis":"y","origin":[8.0,11.643322,8.0]},"faces":{"east":{"uv":[13.625,8.125,13.9375,8.25],"rotation":0,"texture":"#0","tintindex":0},"south":{"uv":[13.5,1.375,14.25,1.5],"rotation":0,"texture":"#0","tintindex":0},"north":{"uv":[13.5,1.25,14.25,1.375],"rotation":0,"texture":"#0","tintindex":0},"west":{"uv":[13.625,8.25,13.9375,8.375],"rotation":0,"texture":"#0","tintindex":0},"up":{"uv":[12.625,2.3125,11.875,2.0],"rotation":0,"texture":"#0","tintindex":0},"down":{"uv":[12.625,2.75,11.875,3.0625],"rotation":0,"texture":"#0","tintindex":0}}},{"from":[12.753815,7.2461376,7.6106925],"to":[19.469975,8.58937,10.297156],"rotation":{"angle":-22.5,"axis":"y","origin":[8.0,11.643322,8.0]},"faces":{"east":{"uv":[13.625,8.375,13.9375,8.5],"rotation":0,"texture":"#0","tintindex":0},"south":{"uv":[13.5,1.625,14.25,1.75],"rotation":0,"texture":"#0","tintindex":0},"north":{"uv":[13.5,1.5,14.25,1.625],"rotation":0,"texture":"#0","tintindex":0},"west":{"uv":[13.625,8.5,13.9375,8.625],"rotation":0,"texture":"#0","tintindex":0},"up":{"uv":[12.625,3.4375,11.875,3.125],"rotation":0,"texture":"#0","tintindex":0},"down":{"uv":[12.625,4.25,11.875,4.5625],"rotation":0,"texture":"#0","tintindex":0}}},{"from":[-3.4699745,7.2461376,5.7028437],"to":[3.2461858,8.58937,8.389307],"rotation":{"angle":-22.5,"axis":"y","origin":[8.0,11.643322,8.0]},"faces":{"east":{"uv":[9.0,13.625,9.3125,13.75],"rotation":0,"texture":"#0","tintindex":0},"south":{"uv":[13.5,1.875,14.25,2.0],"rotation":0,"texture":"#0","tintindex":0},"north":{"uv":[13.5,1.75,14.25,1.875],"rotation":0,"texture":"#0","tintindex":0},"west":{"uv":[13.625,9.125,13.9375,9.25],"rotation":0,"texture":"#0","tintindex":0},"up":{"uv":[12.625,8.4375,11.875,8.125],"rotation":0,"texture":"#0","tintindex":0},"down":{"uv":[12.625,8.5,11.875,8.8125],"rotation":0,"texture":"#0","tintindex":0}}},{"from":[12.753815,7.2461376,5.7028437],"to":[19.469975,8.58937,8.389307],"rotation":{"angle":22.5,"axis":"y","origin":[8.0,11.643322,8.0]},"faces":{"east":{"uv":[13.625,9.25,13.9375,9.375],"rotation":0,"texture":"#0","tintindex":0},"south":{"uv":[13.5,4.5,14.25,4.625],"rotation":0,"texture":"#0","tintindex":0},"north":{"uv":[4.5,13.5,5.25,13.625],"rotation":0,"texture":"#0","tintindex":0},"west":{"uv":[9.375,13.625,9.6875,13.75],"rotation":0,"texture":"#0","tintindex":0},"up":{"uv":[11.0,12.1875,10.25,11.875],"rotation":0,"texture":"#0","tintindex":0},"down":{"uv":[12.625,11.375,11.875,11.6875],"rotation":0,"texture":"#0","tintindex":0}}},{"from":[-2.7458563,7.2461376,3.9703035],"to":[3.9703035,8.58937,12.029696],"rotation":{"angle":0.0,"axis":"y","origin":[8.0,11.643322,8.0]},"faces":{"east":{"uv":[12.875,4.75,13.75,4.875],"rotation":0,"texture":"#0","tintindex":0},"south":{"uv":[5.25,13.5,6.0,13.625],"rotation":0,"texture":"#0","tintindex":0},"north":{"uv":[13.5,4.625,14.25,4.75],"rotation":0,"texture":"#0","tintindex":0},"west":{"uv":[13.0,3.75,13.875,3.875],"rotation":0,"texture":"#0","tintindex":0},"up":{"uv":[6.125,7.75,5.375,6.875],"rotation":0,"texture":"#0","tintindex":0},"down":{"uv":[7.75,0.0,7.0,0.875],"rotation":0,"texture":"#0","tintindex":0}}},{"from":[12.029696,7.2461376,3.9703035],"to":[18.745857,8.58937,12.029696],"rotation":{"angle":0.0,"axis":"y","origin":[8.0,11.643322,8.0]},"faces":{"east":{"uv":[13.0,6.375,13.875,6.5],"rotation":0,"texture":"#0","tintindex":0},"south":{"uv":[6.75,13.5,7.5,13.625],"rotation":0,"texture":"#0","tintindex":0},"north":{"uv":[6.0,13.5,6.75,13.625],"rotation":0,"texture":"#0","tintindex":0},"west":{"uv":[13.0,7.25,13.875,7.375],"rotation":0,"texture":"#0","tintindex":0},"up":{"uv":[7.875,1.75,7.125,0.875],"rotation":0,"texture":"#0","tintindex":0},"down":{"uv":[8.0,4.875,7.25,5.75],"rotation":0,"texture":"#0","tintindex":0}}},{"from":[3.9703035,7.2461376,-2.7458563],"to":[12.029696,8.58937,18.745857],"rotation":{"angle":0.0,"axis":"y","origin":[8.0,11.643322,8.0]},"faces":{"east":{"uv":[10.0,1.125,12.375,1.25],"rotation":0,"texture":"#0","tintindex":0},"south":{"uv":[13.125,1.125,14.0,1.25],"rotation":0,"texture":"#0","tintindex":0},"north":{"uv":[13.125,1.0,14.0,1.125],"rotation":0,"texture":"#0","tintindex":0},"west":{"uv":[10.5,4.125,12.875,4.25],"rotation":0,"texture":"#0","tintindex":0},"up":{"uv":[2.625,6.375,1.75,4.0],"rotation":0,"texture":"#0","tintindex":0},"down":{"uv":[3.5,4.0,2.625,6.375],"rotation":0,"texture":"#0","tintindex":0}}},{"from":[13.834384,7.2461376,5.7329264],"to":[19.475958,8.58937,10.267073],"rotation":{"angle":-45.0,"axis":"y","origin":[8.0,11.643322,8.0]},"faces":{"east":{"uv":[13.625,5.125,14.125,5.25],"rotation":0,"texture":"#0","tintindex":0},"south":{"uv":[13.625,2.375,14.25,2.5],"rotation":0,"texture":"#0","tintindex":0},"north":{"uv":[13.625,2.25,14.25,2.375],"rotation":0,"texture":"#0","tintindex":0},"west":{"uv":[13.625,5.25,14.125,5.375],"rotation":0,"texture":"#0","tintindex":0},"up":{"uv":[6.125,11.125,5.5,10.625],"rotation":0,"texture":"#0","tintindex":0},"down":{"uv":[6.75,10.625,6.125,11.125],"rotation":0,"texture":"#0","tintindex":0}}},{"from":[-3.4759579,7.2461376,5.7329264],"to":[2.165616,8.58937,10.267073],"rotation":{"angle":45.0,"axis":"y","origin":[8.0,11.643322,8.0]},"faces":{"east":{"uv":[13.625,5.375,14.125,5.5],"rotation":0,"texture":"#0","tintindex":0},"south":{"uv":[13.625,2.625,14.25,2.75],"rotation":0,"texture":"#0","tintindex":0},"north":{"uv":[13.625,2.5,14.25,2.625],"rotation":0,"texture":"#0","tintindex":0},"west":{"uv":[5.5,13.625,6.0,13.75],"rotation":0,"texture":"#0","tintindex":0},"up":{"uv":[9.75,11.125,9.125,10.625],"rotation":0,"texture":"#0","tintindex":0},"down":{"uv":[10.375,10.625,9.75,11.125],"rotation":0,"texture":"#0","tintindex":0}}},{"from":[5.237504,14.418489,-2.7458563],"to":[10.762496,16.347862,18.745857],"rotation":{"angle":0.0,"axis":"y","origin":[8.0,11.643322,8.0]},"faces":{"east":{"uv":[9.0,4.375,11.375,4.5625],"rotation":0,"texture":"#0","tintindex":0},"south":{"uv":[13.0,3.5,13.625,3.6875],"rotation":0,"texture":"#0","tintindex":0},"north":{"uv":[13.0,2.5,13.625,2.6875],"rotation":0,"texture":"#0","tintindex":0},"west":{"uv":[9.0,4.625,11.375,4.8125],"rotation":0,"texture":"#0","tintindex":0},"up":{"uv":[5.125,2.375,4.5,0.0],"rotation":0,"texture":"#0","tintindex":0},"down":{"uv":[5.75,0.0,5.125,2.375],"rotation":0,"texture":"#0","tintindex":0}}},{"from":[18.051636,7.265248,5.300864],"to":[21.485746,9.704608,10.699136],"rotation":{"angle":0.0,"axis":"y","origin":[8.0,11.643322,8.0]},"faces":{"east":{"uv":[1.625,12.875,2.1875,13.125],"rotation":0,"texture":"#0","tintindex":0},"south":{"uv":[13.5,8.625,13.875,8.875],"rotation":0,"texture":"#0","tintindex":0},"north":{"uv":[8.25,13.5,8.625,13.75],"rotation":0,"texture":"#0","tintindex":0},"west":{"uv":[12.875,1.75,13.4375,2.0],"rotation":0,"texture":"#0","tintindex":0},"up":{"uv":[9.875,12.5625,9.5,12.0],"rotation":0,"texture":"#0","tintindex":0},"down":{"uv":[0.375,12.25,0.0,12.8125],"rotation":0,"texture":"#0","tintindex":0}}},{"from":[16.02974,4.691412,5.269184],"to":[19.717293,11.851092,10.730816],"rotation":{"angle":22.5,"axis":"z","origin":[8.0,11.643322,8.0]},"faces":{"east":{"uv":[8.25,8.0,8.875,8.8125],"rotation":0,"texture":"#0","tintindex":0},"south":{"uv":[10.625,10.0,11.0,10.8125],"rotation":0,"texture":"#0","tintindex":0},"north":{"uv":[6.75,10.625,7.125,11.4375],"rotation":0,"texture":"#0","tintindex":0},"west":{"uv":[8.5,2.75,9.125,3.5625],"rotation":0,"texture":"#0","tintindex":0},"up":{"uv":[6.125,9.125,5.75,8.5],"rotation":0,"texture":"#0","tintindex":0},"down":{"uv":[3.375,11.875,3.0,12.5],"rotation":0,"texture":"#0","tintindex":0}}},{"from":[-5.4857464,7.265248,5.300864],"to":[-2.0516348,9.704608,10.699136],"rotation":{"angle":0.0,"axis":"y","origin":[8.0,11.643322,8.0]},"faces":{"east":{"uv":[13.4375,1.75,12.875,2.0],"rotation":0,"texture":"#0","tintindex":0},"south":{"uv":[13.875,8.625,13.5,8.875],"rotation":0,"texture":"#0","tintindex":0},"north":{"uv":[8.625,13.5,8.25,13.75],"rotation":0,"texture":"#0","tintindex":0},"west":{"uv":[2.1875,12.875,1.625,13.125],"rotation":0,"texture":"#0","tintindex":0},"up":{"uv":[9.5,12.5625,9.875,12.0],"rotation":0,"texture":"#0","tintindex":0},"down":{"uv":[0.0,12.25,0.375,12.8125],"rotation":0,"texture":"#0","tintindex":0}}},{"from":[-3.7172918,4.691412,5.269184],"to":[-0.029740334,11.851092,10.730816],"rotation":{"angle":-22.5,"axis":"z","origin":[8.0,11.643322,8.0]},"faces":{"east":{"uv":[9.125,2.75,8.5,3.5625],"rotation":0,"texture":"#0","tintindex":0},"south":{"uv":[11.0,10.0,10.625,10.8125],"rotation":0,"texture":"#0","tintindex":0},"north":{"uv":[7.125,10.625,6.75,11.4375],"rotation":0,"texture":"#0","tintindex":0},"west":{"uv":[8.875,8.0,8.25,8.8125],"rotation":0,"texture":"#0","tintindex":0},"up":{"uv":[5.75,9.125,6.125,8.5],"rotation":0,"texture":"#0","tintindex":0},"down":{"uv":[3.0,11.875,3.375,12.5],"rotation":0,"texture":"#0","tintindex":0}}},{"from":[5.269184,4.5964384,16.507206],"to":[10.730816,11.756119,20.194757],"rotation":{"angle":-22.5,"axis":"x","origin":[8.0,10.395647,8.0]},"faces":{"east":{"uv":[6.75,10.625,7.125,11.4375],"rotation":0,"texture":"#0","tintindex":0},"south":{"uv":[8.25,8.0,8.875,8.8125],"rotation":0,"texture":"#0","tintindex":0},"north":{"uv":[8.5,2.75,9.125,3.5625],"rotation":0,"texture":"#0","tintindex":0},"west":{"uv":[10.625,10.0,11.0,10.8125],"rotation":0,"texture":"#0","tintindex":0},"up":{"uv":[6.125,9.125,5.75,8.5],"rotation":90,"texture":"#0","tintindex":0},"down":{"uv":[3.375,11.875,3.0,12.5],"rotation":270,"texture":"#0","tintindex":0}}},{"from":[5.300864,7.265248,18.051636],"to":[10.699136,9.704608,21.485746],"rotation":{"angle":0.0,"axis":"y","origin":[8.0,10.395647,8.0]},"faces":{"east":{"uv":[8.25,13.5,8.625,13.75],"rotation":0,"texture":"#0","tintindex":0},"south":{"uv":[1.625,12.875,2.1875,13.125],"rotation":0,"texture":"#0","tintindex":0},"north":{"uv":[12.875,1.75,13.4375,2.0],"rotation":0,"texture":"#0","tintindex":0},"west":{"uv":[13.5,8.625,13.875,8.875],"rotation":0,"texture":"#0","tintindex":0},"up":{"uv":[9.875,12.5625,9.5,12.0],"rotation":90,"texture":"#0","tintindex":0},"down":{"uv":[0.375,12.25,0.0,12.8125],"rotation":270,"texture":"#0","tintindex":0}}},{"from":[5.269184,4.5964384,-4.1947575],"to":[10.730816,11.756119,-0.507205],"rotation":{"angle":22.5,"axis":"x","origin":[8.0,10.395647,8.0]},"faces":{"east":{"uv":[7.125,10.625,6.75,11.4375],"rotation":0,"texture":"#0","tintindex":0},"south":{"uv":[9.125,2.75,8.5,3.5625],"rotation":0,"texture":"#0","tintindex":0},"north":{"uv":[8.875,8.0,8.25,8.8125],"rotation":0,"texture":"#0","tintindex":0},"west":{"uv":[11.0,10.0,10.625,10.8125],"rotation":0,"texture":"#0","tintindex":0},"up":{"uv":[5.75,9.125,6.125,8.5],"rotation":90,"texture":"#0","tintindex":0},"down":{"uv":[3.0,11.875,3.375,12.5],"rotation":270,"texture":"#0","tintindex":0}}},{"from":[5.300864,7.265248,-5.4857464],"to":[10.699136,9.704608,-2.0516348],"rotation":{"angle":0.0,"axis":"y","origin":[8.0,10.395647,8.0]},"faces":{"east":{"uv":[8.625,13.5,8.25,13.75],"rotation":0,"texture":"#0","tintindex":0},"south":{"uv":[13.4375,1.75,12.875,2.0],"rotation":0,"texture":"#0","tintindex":0},"north":{"uv":[2.1875,12.875,1.625,13.125],"rotation":0,"texture":"#0","tintindex":0},"west":{"uv":[13.875,8.625,13.5,8.875],"rotation":0,"texture":"#0","tintindex":0},"up":{"uv":[9.5,12.5625,9.875,12.0],"rotation":90,"texture":"#0","tintindex":0},"down":{"uv":[0.0,12.25,0.375,12.8125],"rotation":270,"texture":"#0","tintindex":0}}},{"from":[-2.7458563,14.418489,5.237504],"to":[18.745857,16.31929,10.762496],"rotation":{"angle":0.0,"axis":"y","origin":[8.0,11.643322,8.0]},"faces":{"east":{"uv":[13.0,6.125,13.625,6.3125],"rotation":0,"texture":"#0","tintindex":0},"south":{"uv":[9.0,6.75,11.375,6.9375],"rotation":0,"texture":"#0","tintindex":0},"north":{"uv":[9.0,6.5,11.375,6.6875],"rotation":0,"texture":"#0","tintindex":0},"west":{"uv":[13.0,7.0,13.625,7.1875],"rotation":0,"texture":"#0","tintindex":0},"up":{"uv":[6.875,3.0,4.5,2.375],"rotation":0,"texture":"#0","tintindex":0},"down":{"uv":[6.875,3.0,4.5,3.625],"rotation":0,"texture":"#0","tintindex":0}}}],"display":{"head":{"translation":[0.0,-6.4,0.0],"scale":[4.0,4.0,4.0]}}}