{"textures":{"0":"minecraft:modelengine/entity/artillery_cannon_tier2"},"elements":[{"from":[7.997842,-0.8251438,6.3099923],"to":[7.997842,16.825144,24.595707],"rotation":{"angle":-22.5,"axis":"y","origin":[8.0,8.0,8.0]},"faces":{"east":{"uv":[0.0,0.0,2.25,1.9375],"rotation":0,"texture":"#0","tintindex":0},"south":{"uv":[0.0,0.0,0.0,1.9375],"rotation":0,"texture":"#0","tintindex":0},"north":{"uv":[0.0,0.0,0.0,1.9375],"rotation":0,"texture":"#0","tintindex":0},"west":{"uv":[2.25,0.0,0.0,1.9375],"rotation":0,"texture":"#0","tintindex":0},"up":{"uv":[0.0,2.25,0.0,0.0],"rotation":0,"texture":"#0","tintindex":0},"down":{"uv":[0.0,0.0,0.0,2.25],"rotation":0,"texture":"#0","tintindex":0}}}],"display":{"head":{"translation":[0.0,-6.4,0.0],"scale":[4.0,4.0,4.0]}}}