{"textures":{"0":"minecraft:modelengine/entity/artillery_cannon_tier2"},"elements":[{"from":[7.1130586,6.2798467,6.3542857],"to":[13.926316,9.7358465,9.645715],"rotation":{"angle":22.5,"axis":"z","origin":[7.620394,7.8646255,8.0]},"faces":{"east":{"uv":[3.125,7.25,3.5,7.625],"rotation":0,"texture":"#0","tintindex":0},"south":{"uv":[3.5,10.75,4.25,11.125],"rotation":0,"texture":"#0","tintindex":0},"north":{"uv":[4.5,3.625,5.25,4.0],"rotation":0,"texture":"#0","tintindex":0},"west":{"uv":[2.75,8.75,3.125,9.125],"rotation":0,"texture":"#0","tintindex":0},"up":{"uv":[7.875,11.125,7.125,10.75],"rotation":0,"texture":"#0","tintindex":0},"down":{"uv":[8.625,10.75,7.875,11.125],"rotation":0,"texture":"#0","tintindex":0}}},{"from":[12.58893,4.1975207,6.56],"to":[17.756474,7.118664,9.440001],"rotation":{"angle":45.0,"axis":"z","origin":[7.620394,7.8646255,8.0]},"faces":{"east":{"uv":[9.375,13.25,9.6875,13.5625],"rotation":0,"texture":"#0","tintindex":0},"south":{"uv":[12.375,3.5,12.9375,3.8125],"rotation":0,"texture":"#0","tintindex":0},"north":{"uv":[12.375,2.375,12.9375,2.6875],"rotation":0,"texture":"#0","tintindex":0},"west":{"uv":[13.25,12.0,13.5625,12.3125],"rotation":0,"texture":"#0","tintindex":0},"up":{"uv":[12.9375,6.4375,12.375,6.125],"rotation":0,"texture":"#0","tintindex":0},"down":{"uv":[12.9375,7.0,12.375,7.3125],"rotation":0,"texture":"#0","tintindex":0}}},{"from":[12.219965,15.674444,6.765714],"to":[14.688537,21.1277,9.234285],"rotation":{"angle":-22.5,"axis":"z","origin":[7.620394,7.8646255,8.0]},"faces":{"east":{"uv":[11.0,12.875,11.25,13.4375],"rotation":0,"texture":"#0","tintindex":0},"south":{"uv":[11.25,12.875,11.5,13.4375],"rotation":0,"texture":"#0","tintindex":0},"north":{"uv":[10.75,12.875,11.0,13.4375],"rotation":0,"texture":"#0","tintindex":0},"west":{"uv":[11.5,12.875,11.75,13.4375],"rotation":0,"texture":"#0","tintindex":0},"up":{"uv":[5.125,9.25,4.875,9.0],"rotation":0,"texture":"#0","tintindex":0},"down":{"uv":[1.75,9.375,1.5,9.625],"rotation":0,"texture":"#0","tintindex":0}}},{"from":[16.949665,15.447937,6.56],"to":[22.117208,18.369081,9.440001],"rotation":{"angle":0.0,"axis":"y","origin":[7.620394,7.8646255,8.0]},"faces":{"east":{"uv":[13.25,12.375,13.5625,12.6875],"rotation":0,"texture":"#0","tintindex":0},"south":{"uv":[12.5,9.125,13.0625,9.4375],"rotation":0,"texture":"#0","tintindex":0},"north":{"uv":[12.5,4.875,13.0625,5.1875],"rotation":0,"texture":"#0","tintindex":0},"west":{"uv":[2.125,13.375,2.4375,13.6875],"rotation":0,"texture":"#0","tintindex":0},"up":{"uv":[13.0625,9.8125,12.5,9.5],"rotation":0,"texture":"#0","tintindex":0},"down":{"uv":[13.0625,9.875,12.5,10.1875],"rotation":0,"texture":"#0","tintindex":0}}},{"from":[16.922466,20.449865,6.765714],"to":[22.295723,22.918438,9.234285],"rotation":{"angle":-22.5,"axis":"z","origin":[7.620394,7.8646255,8.0]},"faces":{"east":{"uv":[1.25,10.0,1.5,10.25],"rotation":0,"texture":"#0","tintindex":0},"south":{"uv":[12.875,8.625,13.4375,8.875],"rotation":0,"texture":"#0","tintindex":0},"north":{"uv":[12.875,4.5,13.4375,4.75],"rotation":0,"texture":"#0","tintindex":0},"west":{"uv":[9.125,10.125,9.375,10.375],"rotation":0,"texture":"#0","tintindex":0},"up":{"uv":[13.4375,9.125,12.875,8.875],"rotation":0,"texture":"#0","tintindex":0},"down":{"uv":[12.3125,12.875,11.75,13.125],"rotation":0,"texture":"#0","tintindex":0}}},{"from":[15.588976,25.341726,7.1771426],"to":[20.75652,27.028585,8.822857],"rotation":{"angle":-45.0,"axis":"z","origin":[7.620394,7.8646255,8.0]},"faces":{"east":{"uv":[9.875,13.125,10.0625,13.3125],"rotation":0,"texture":"#0","tintindex":0},"south":{"uv":[13.125,11.75,13.6875,11.9375],"rotation":0,"texture":"#0","tintindex":0},"north":{"uv":[11.75,13.125,12.3125,13.3125],"rotation":0,"texture":"#0","tintindex":0},"west":{"uv":[9.875,13.375,10.0625,13.5625],"rotation":0,"texture":"#0","tintindex":0},"up":{"uv":[13.6875,13.0625,13.125,12.875],"rotation":0,"texture":"#0","tintindex":0},"down":{"uv":[13.6875,13.125,13.125,13.3125],"rotation":0,"texture":"#0","tintindex":0}}}],"display":{"head":{"translation":[0.0,-6.4,0.0],"scale":[4.0,4.0,4.0]}}}