{"textures":{"0":"minecraft:modelengine/entity/artillery_cannon_tier2"},"elements":[{"from":[2.0736837,6.2798467,6.3542857],"to":[8.886942,9.7358465,9.645715],"rotation":{"angle":-22.5,"axis":"z","origin":[8.379605,7.8646255,8.0]},"faces":{"east":{"uv":[7.25,9.125,7.625,9.5],"rotation":0,"texture":"#0","tintindex":0},"south":{"uv":[1.0,10.875,1.75,11.25],"rotation":0,"texture":"#0","tintindex":0},"north":{"uv":[10.75,9.375,11.5,9.75],"rotation":0,"texture":"#0","tintindex":0},"west":{"uv":[3.625,9.75,4.0,10.125],"rotation":0,"texture":"#0","tintindex":0},"up":{"uv":[2.5,11.25,1.75,10.875],"rotation":0,"texture":"#0","tintindex":0},"down":{"uv":[11.125,10.875,10.375,11.25],"rotation":0,"texture":"#0","tintindex":0}}},{"from":[-1.7564735,4.1975207,6.56],"to":[3.4110694,7.118664,9.440001],"rotation":{"angle":-45.0,"axis":"z","origin":[8.379605,7.8646255,8.0]},"faces":{"east":{"uv":[2.5,13.375,2.8125,13.6875],"rotation":0,"texture":"#0","tintindex":0},"south":{"uv":[12.5,10.625,13.0625,10.9375],"rotation":0,"texture":"#0","tintindex":0},"north":{"uv":[12.5,10.25,13.0625,10.5625],"rotation":0,"texture":"#0","tintindex":0},"west":{"uv":[3.125,13.375,3.4375,13.6875],"rotation":0,"texture":"#0","tintindex":0},"up":{"uv":[11.3125,12.8125,10.75,12.5],"rotation":0,"texture":"#0","tintindex":0},"down":{"uv":[11.9375,12.5,11.375,12.8125],"rotation":0,"texture":"#0","tintindex":0}}},{"from":[1.3114634,15.674444,6.765714],"to":[3.780035,21.1277,9.234285],"rotation":{"angle":22.5,"axis":"z","origin":[8.379605,7.8646255,8.0]},"faces":{"east":{"uv":[12.625,12.875,12.875,13.4375],"rotation":0,"texture":"#0","tintindex":0},"south":{"uv":[12.875,12.875,13.125,13.4375],"rotation":0,"texture":"#0","tintindex":0},"north":{"uv":[12.375,12.875,12.625,13.4375],"rotation":0,"texture":"#0","tintindex":0},"west":{"uv":[0.25,13.0,0.5,13.5625],"rotation":0,"texture":"#0","tintindex":0},"up":{"uv":[11.0,10.0,10.75,9.75],"rotation":0,"texture":"#0","tintindex":0},"down":{"uv":[1.0,11.625,0.75,11.875],"rotation":0,"texture":"#0","tintindex":0}}},{"from":[-6.1172085,15.447937,6.56],"to":[-0.949666,18.369081,9.440001],"rotation":{"angle":0.0,"axis":"y","origin":[8.379605,7.8646255,8.0]},"faces":{"east":{"uv":[3.5,13.375,3.8125,13.6875],"rotation":0,"texture":"#0","tintindex":0},"south":{"uv":[12.0,12.5,12.5625,12.8125],"rotation":0,"texture":"#0","tintindex":0},"north":{"uv":[12.5,11.75,13.0625,12.0625],"rotation":0,"texture":"#0","tintindex":0},"west":{"uv":[4.125,13.375,4.4375,13.6875],"rotation":0,"texture":"#0","tintindex":0},"up":{"uv":[0.9375,12.9375,0.375,12.625],"rotation":0,"texture":"#0","tintindex":0},"down":{"uv":[1.5625,12.625,1.0,12.9375],"rotation":0,"texture":"#0","tintindex":0}}},{"from":[-6.295724,20.449865,6.765714],"to":[-0.9224663,22.918438,9.234285],"rotation":{"angle":22.5,"axis":"z","origin":[8.379605,7.8646255,8.0]},"faces":{"east":{"uv":[11.625,2.75,11.875,3.0],"rotation":0,"texture":"#0","tintindex":0},"south":{"uv":[13.0,0.25,13.5625,0.5],"rotation":0,"texture":"#0","tintindex":0},"north":{"uv":[13.0,0.0,13.5625,0.25],"rotation":0,"texture":"#0","tintindex":0},"west":{"uv":[11.75,5.25,12.0,5.5],"rotation":0,"texture":"#0","tintindex":0},"up":{"uv":[1.0625,13.25,0.5,13.0],"rotation":0,"texture":"#0","tintindex":0},"down":{"uv":[13.5625,2.25,13.0,2.5],"rotation":0,"texture":"#0","tintindex":0}}},{"from":[-4.7565193,25.341726,7.1771426],"to":[0.41102362,27.028585,8.822857],"rotation":{"angle":45.0,"axis":"z","origin":[8.379605,7.8646255,8.0]},"faces":{"east":{"uv":[1.25,13.5,1.4375,13.6875],"rotation":0,"texture":"#0","tintindex":0},"south":{"uv":[13.25,0.5,13.8125,0.6875],"rotation":0,"texture":"#0","tintindex":0},"north":{"uv":[0.5,13.25,1.0625,13.4375],"rotation":0,"texture":"#0","tintindex":0},"west":{"uv":[2.875,13.625,3.0625,13.8125],"rotation":0,"texture":"#0","tintindex":0},"up":{"uv":[13.8125,3.1875,13.25,3.0],"rotation":0,"texture":"#0","tintindex":0},"down":{"uv":[13.8125,3.25,13.25,3.4375],"rotation":0,"texture":"#0","tintindex":0}}}],"display":{"head":{"translation":[0.0,-6.4,0.0],"scale":[4.0,4.0,4.0]}}}