{"textures":{"0":"minecraft:modelengine/entity/artillery_cannon_tier5"},"elements":[{"from":[5.0400915,15.03576,6.7944784],"to":[6.137251,24.932375,9.232893],"rotation":{"angle":-22.5,"axis":"y","origin":[8.0,23.91418,8.0]},"faces":{"east":{"uv":[12.875,11.125,12.9375,12.1875],"rotation":0,"texture":"#0","tintindex":0},"south":{"uv":[13.0,12.875,13.03125,13.9375],"rotation":0,"texture":"#0","tintindex":0},"north":{"uv":[14.4375,12.625,14.46875,13.6875],"rotation":0,"texture":"#0","tintindex":0},"west":{"uv":[12.9375,11.125,13.0,12.1875],"rotation":0,"texture":"#0","tintindex":0},"up":{"uv":[13.03125,9.375,13.0,9.125],"rotation":0,"texture":"#0","tintindex":0},"down":{"uv":[13.03125,9.375,13.0,9.625],"rotation":0,"texture":"#0","tintindex":0}}},{"from":[6.755829,15.03576,5.0400915],"to":[9.232893,24.932375,6.137251],"rotation":{"angle":22.5,"axis":"y","origin":[8.0,23.91418,8.0]},"faces":{"east":{"uv":[12.375,13.0,12.40625,14.0625],"rotation":0,"texture":"#0","tintindex":0},"south":{"uv":[13.0625,11.125,13.125,12.1875],"rotation":0,"texture":"#0","tintindex":0},"north":{"uv":[13.0,11.125,13.0625,12.1875],"rotation":0,"texture":"#0","tintindex":0},"west":{"uv":[13.90625,13.0,13.9375,14.0625],"rotation":0,"texture":"#0","tintindex":0},"up":{"uv":[13.71875,2.375,13.65625,2.25],"rotation":0,"texture":"#0","tintindex":0},"down":{"uv":[13.96875,2.75,13.90625,2.875],"rotation":0,"texture":"#0","tintindex":0}}},{"from":[5.7119436,15.03576,5.7892427],"to":[10.288056,24.932375,10.210757],"rotation":{"angle":0.0,"axis":"y","origin":[8.0,23.91418,8.0]},"faces":{"east":{"uv":[12.5625,7.875,12.6875,8.9375],"rotation":0,"texture":"#0","tintindex":0},"south":{"uv":[13.15625,7.875,13.28125,8.9375],"rotation":0,"texture":"#0","tintindex":0},"north":{"uv":[13.03125,7.75,13.15625,8.8125],"rotation":0,"texture":"#0","tintindex":0},"west":{"uv":[13.78125,8.0,13.90625,9.0625],"rotation":0,"texture":"#0","tintindex":0},"up":{"uv":[14.90625,3.0,14.78125,2.5],"rotation":0,"texture":"#0","tintindex":0},"down":{"uv":[14.90625,3.5,14.78125,4.0],"rotation":0,"texture":"#0","tintindex":0}}},{"from":[6.755829,15.03576,9.862749],"to":[9.232893,24.932375,10.9599085],"rotation":{"angle":-22.5,"axis":"y","origin":[8.0,23.91418,8.0]},"faces":{"east":{"uv":[13.9375,13.0,13.96875,14.0625],"rotation":0,"texture":"#0","tintindex":0},"south":{"uv":[13.1875,11.125,13.25,12.1875],"rotation":0,"texture":"#0","tintindex":0},"north":{"uv":[13.125,11.125,13.1875,12.1875],"rotation":0,"texture":"#0","tintindex":0},"west":{"uv":[14.1875,13.0,14.21875,14.0625],"rotation":0,"texture":"#0","tintindex":0},"up":{"uv":[12.6875,9.125,12.625,9.0],"rotation":0,"texture":"#0","tintindex":0},"down":{"uv":[13.28125,9.25,13.21875,9.375],"rotation":0,"texture":"#0","tintindex":0}}},{"from":[5.0400915,15.03576,6.7671075],"to":[6.137251,24.932375,9.205522],"rotation":{"angle":22.5,"axis":"y","origin":[8.0,23.91418,8.0]},"faces":{"east":{"uv":[13.25,11.125,13.3125,12.1875],"rotation":0,"texture":"#0","tintindex":0},"south":{"uv":[14.53125,13.0,14.5625,14.0625],"rotation":0,"texture":"#0","tintindex":0},"north":{"uv":[14.21875,13.0,14.25,14.0625],"rotation":0,"texture":"#0","tintindex":0},"west":{"uv":[13.3125,11.125,13.375,12.1875],"rotation":0,"texture":"#0","tintindex":0},"up":{"uv":[13.4375,9.625,13.40625,9.375],"rotation":0,"texture":"#0","tintindex":0},"down":{"uv":[13.21875,9.625,13.1875,9.875],"rotation":0,"texture":"#0","tintindex":0}}},{"from":[6.7671075,15.03576,9.862749],"to":[9.244171,24.932375,10.9599085],"rotation":{"angle":22.5,"axis":"y","origin":[8.0,23.91418,8.0]},"faces":{"east":{"uv":[14.5625,13.0,14.59375,14.0625],"rotation":0,"texture":"#0","tintindex":0},"south":{"uv":[13.4375,11.125,13.5,12.1875],"rotation":0,"texture":"#0","tintindex":0},"north":{"uv":[13.375,11.125,13.4375,12.1875],"rotation":0,"texture":"#0","tintindex":0},"west":{"uv":[14.59375,13.0,14.625,14.0625],"rotation":0,"texture":"#0","tintindex":0},"up":{"uv":[12.625,9.75,12.5625,9.625],"rotation":0,"texture":"#0","tintindex":0},"down":{"uv":[12.3125,10.75,12.25,10.875],"rotation":0,"texture":"#0","tintindex":0}}},{"from":[6.7671075,15.03576,5.0400915],"to":[9.244171,24.932375,6.137251],"rotation":{"angle":-22.5,"axis":"y","origin":[8.0,23.91418,8.0]},"faces":{"east":{"uv":[14.625,13.0,14.65625,14.0625],"rotation":0,"texture":"#0","tintindex":0},"south":{"uv":[13.5625,11.125,13.625,12.1875],"rotation":0,"texture":"#0","tintindex":0},"north":{"uv":[13.5,11.125,13.5625,12.1875],"rotation":0,"texture":"#0","tintindex":0},"west":{"uv":[14.65625,13.0,14.6875,14.0625],"rotation":0,"texture":"#0","tintindex":0},"up":{"uv":[14.78125,11.375,14.71875,11.25],"rotation":0,"texture":"#0","tintindex":0},"down":{"uv":[14.90625,2.375,14.84375,2.5],"rotation":0,"texture":"#0","tintindex":0}}},{"from":[9.862749,15.03576,6.7944784],"to":[10.9599085,24.932375,9.232893],"rotation":{"angle":22.5,"axis":"y","origin":[8.0,23.91418,8.0]},"faces":{"east":{"uv":[13.625,11.125,13.6875,12.1875],"rotation":0,"texture":"#0","tintindex":0},"south":{"uv":[12.4375,13.125,12.46875,14.1875],"rotation":0,"texture":"#0","tintindex":0},"north":{"uv":[12.40625,13.125,12.4375,14.1875],"rotation":0,"texture":"#0","tintindex":0},"west":{"uv":[13.78125,11.125,13.84375,12.1875],"rotation":0,"texture":"#0","tintindex":0},"up":{"uv":[13.8125,10.0,13.78125,9.75],"rotation":0,"texture":"#0","tintindex":0},"down":{"uv":[12.90625,10.375,12.875,10.625],"rotation":0,"texture":"#0","tintindex":0}}},{"from":[9.862749,15.03576,6.7671075],"to":[10.9599085,24.932375,9.205522],"rotation":{"angle":-22.5,"axis":"y","origin":[8.0,23.91418,8.0]},"faces":{"east":{"uv":[13.84375,11.125,13.90625,12.1875],"rotation":0,"texture":"#0","tintindex":0},"south":{"uv":[12.5,13.125,12.53125,14.1875],"rotation":0,"texture":"#0","tintindex":0},"north":{"uv":[12.46875,13.125,12.5,14.1875],"rotation":0,"texture":"#0","tintindex":0},"west":{"uv":[13.90625,11.125,13.96875,12.1875],"rotation":0,"texture":"#0","tintindex":0},"up":{"uv":[12.1875,10.75,12.15625,10.5],"rotation":0,"texture":"#0","tintindex":0},"down":{"uv":[12.875,11.375,12.84375,11.625],"rotation":0,"texture":"#0","tintindex":0}}},{"from":[-2.137601,8.392954,4.1983995],"to":[4.1983995,13.461754,11.8016],"rotation":{"angle":0.0,"axis":"y","origin":[8.0,11.643322,8.0]},"faces":{"east":{"uv":[14.21875,8.125,14.421875,8.6875],"rotation":0,"texture":"#0","tintindex":0},"south":{"uv":[13.4375,9.125,13.609375,9.6875],"rotation":0,"texture":"#0","tintindex":0},"north":{"uv":[12.8125,9.125,12.984375,9.6875],"rotation":0,"texture":"#0","tintindex":0},"west":{"uv":[14.125,8.875,14.328125,9.4375],"rotation":0,"texture":"#0","tintindex":0},"up":{"uv":[14.140625,1.5625,13.96875,0.75],"rotation":0,"texture":"#0","tintindex":0},"down":{"uv":[12.546875,7.875,12.375,8.6875],"rotation":0,"texture":"#0","tintindex":0}}},{"from":[11.8016,8.392954,4.1983995],"to":[18.1376,13.461754,11.8016],"rotation":{"angle":0.0,"axis":"y","origin":[8.0,11.643322,8.0]},"faces":{"east":{"uv":[14.328125,8.875,14.125,9.4375],"rotation":0,"texture":"#0","tintindex":0},"south":{"uv":[13.609375,9.125,13.4375,9.6875],"rotation":0,"texture":"#0","tintindex":0},"north":{"uv":[12.984375,9.125,12.8125,9.6875],"rotation":0,"texture":"#0","tintindex":0},"west":{"uv":[14.421875,8.125,14.21875,8.6875],"rotation":0,"texture":"#0","tintindex":0},"up":{"uv":[13.96875,1.5625,14.140625,0.75],"rotation":0,"texture":"#0","tintindex":0},"down":{"uv":[12.375,7.875,12.546875,8.6875],"rotation":0,"texture":"#0","tintindex":0}}},{"from":[4.1983995,8.392954,11.8016],"to":[11.8016,13.461754,18.1376],"rotation":{"angle":0.0,"axis":"y","origin":[8.0,10.927354,8.0]},"faces":{"east":{"uv":[12.984375,9.125,12.8125,9.6875],"rotation":0,"texture":"#0","tintindex":0},"south":{"uv":[14.328125,8.875,14.125,9.4375],"rotation":0,"texture":"#0","tintindex":0},"north":{"uv":[14.421875,8.125,14.21875,8.6875],"rotation":0,"texture":"#0","tintindex":0},"west":{"uv":[13.609375,9.125,13.4375,9.6875],"rotation":0,"texture":"#0","tintindex":0},"up":{"uv":[13.96875,1.5625,14.140625,0.75],"rotation":90,"texture":"#0","tintindex":0},"down":{"uv":[12.375,7.875,12.546875,8.6875],"rotation":270,"texture":"#0","tintindex":0}}},{"from":[4.1983995,8.392954,-2.137601],"to":[11.8016,13.461754,4.1983995],"rotation":{"angle":0.0,"axis":"y","origin":[8.0,10.927354,8.0]},"faces":{"east":{"uv":[12.8125,9.125,12.984375,9.6875],"rotation":0,"texture":"#0","tintindex":0},"south":{"uv":[14.21875,8.125,14.421875,8.6875],"rotation":0,"texture":"#0","tintindex":0},"north":{"uv":[14.125,8.875,14.328125,9.4375],"rotation":0,"texture":"#0","tintindex":0},"west":{"uv":[13.4375,9.125,13.609375,9.6875],"rotation":0,"texture":"#0","tintindex":0},"up":{"uv":[14.140625,1.5625,13.96875,0.75],"rotation":90,"texture":"#0","tintindex":0},"down":{"uv":[12.546875,7.875,12.375,8.6875],"rotation":270,"texture":"#0","tintindex":0}}},{"from":[-2.8207312,8.392954,5.832871],"to":[3.5152693,13.461754,8.367271],"rotation":{"angle":-22.5,"axis":"y","origin":[8.0,11.643322,8.0]},"faces":{"east":{"uv":[14.375,12.625,14.4375,13.1875],"rotation":0,"texture":"#0","tintindex":0},"south":{"uv":[14.3125,3.625,14.484375,4.1875],"rotation":0,"texture":"#0","tintindex":0},"north":{"uv":[14.3125,0.625,14.484375,1.1875],"rotation":0,"texture":"#0","tintindex":0},"west":{"uv":[13.15625,12.75,13.21875,13.3125],"rotation":0,"texture":"#0","tintindex":0},"up":{"uv":[15.265625,1.25,15.09375,1.0],"rotation":0,"texture":"#0","tintindex":0},"down":{"uv":[15.296875,0.5,15.125,0.75],"rotation":0,"texture":"#0","tintindex":0}}},{"from":[-2.8207312,8.392954,7.632729],"to":[3.5152693,13.461754,10.1671295],"rotation":{"angle":22.5,"axis":"y","origin":[8.0,11.643322,8.0]},"faces":{"east":{"uv":[13.34375,12.75,13.40625,13.3125],"rotation":0,"texture":"#0","tintindex":0},"south":{"uv":[12.1875,9.375,12.359375,9.9375],"rotation":0,"texture":"#0","tintindex":0},"north":{"uv":[12.0,9.375,12.171875,9.9375],"rotation":0,"texture":"#0","tintindex":0},"west":{"uv":[13.21875,12.75,13.15625,13.3125],"rotation":0,"texture":"#0","tintindex":0},"up":{"uv":[12.765625,12.875,12.59375,12.625],"rotation":0,"texture":"#0","tintindex":0},"down":{"uv":[15.328125,2.75,15.15625,3.0],"rotation":0,"texture":"#0","tintindex":0}}},{"from":[5.832871,8.392954,-2.8207312],"to":[8.367271,13.461754,3.5152693],"rotation":{"angle":22.5,"axis":"y","origin":[8.0,11.643322,8.0]},"faces":{"east":{"uv":[13.21875,9.375,13.390625,9.9375],"rotation":0,"texture":"#0","tintindex":0},"south":{"uv":[13.53125,12.75,13.59375,13.3125],"rotation":0,"texture":"#0","tintindex":0},"north":{"uv":[13.46875,12.75,13.53125,13.3125],"rotation":0,"texture":"#0","tintindex":0},"west":{"uv":[14.34375,8.75,14.515625,9.3125],"rotation":0,"texture":"#0","tintindex":0},"up":{"uv":[13.96875,12.9375,13.90625,12.25],"rotation":0,"texture":"#0","tintindex":0},"down":{"uv":[14.53125,12.375,14.46875,13.0625],"rotation":0,"texture":"#0","tintindex":0}}},{"from":[5.832871,8.392954,12.484731],"to":[8.367271,13.461754,18.820732],"rotation":{"angle":-22.5,"axis":"y","origin":[8.0,11.643322,8.0]},"faces":{"east":{"uv":[14.34375,9.375,14.515625,9.9375],"rotation":0,"texture":"#0","tintindex":0},"south":{"uv":[13.53125,12.75,13.46875,13.3125],"rotation":0,"texture":"#0","tintindex":0},"north":{"uv":[13.59375,12.75,13.65625,13.3125],"rotation":0,"texture":"#0","tintindex":0},"west":{"uv":[13.8125,9.5,13.984375,10.0625],"rotation":0,"texture":"#0","tintindex":0},"up":{"uv":[12.84375,13.1875,12.78125,12.5],"rotation":0,"texture":"#0","tintindex":0},"down":{"uv":[14.3125,12.5,14.25,13.1875],"rotation":0,"texture":"#0","tintindex":0}}},{"from":[-2.826376,8.392954,5.861252],"to":[2.495864,13.461754,10.138748],"rotation":{"angle":-45.0,"axis":"y","origin":[8.0,11.643322,8.0]},"faces":{"east":{"uv":[14.8125,4.875,14.921875,5.4375],"rotation":0,"texture":"#0","tintindex":0},"south":{"uv":[14.5,5.5,14.640625,6.0625],"rotation":0,"texture":"#0","tintindex":0},"north":{"uv":[13.34375,10.0,13.484375,10.5625],"rotation":0,"texture":"#0","tintindex":0},"west":{"uv":[14.8125,7.5,14.921875,8.0625],"rotation":0,"texture":"#0","tintindex":0},"up":{"uv":[14.953125,8.5625,14.8125,8.125],"rotation":0,"texture":"#0","tintindex":0},"down":{"uv":[14.953125,8.625,14.8125,9.0625],"rotation":0,"texture":"#0","tintindex":0}}},{"from":[7.632729,8.392954,-2.8207312],"to":[10.1671295,13.461754,3.5152693],"rotation":{"angle":-22.5,"axis":"y","origin":[8.0,11.643322,8.0]},"faces":{"east":{"uv":[14.515625,8.75,14.34375,9.3125],"rotation":0,"texture":"#0","tintindex":0},"south":{"uv":[13.59375,12.75,13.53125,13.3125],"rotation":0,"texture":"#0","tintindex":0},"north":{"uv":[13.53125,12.75,13.46875,13.3125],"rotation":0,"texture":"#0","tintindex":0},"west":{"uv":[13.390625,9.375,13.21875,9.9375],"rotation":0,"texture":"#0","tintindex":0},"up":{"uv":[13.90625,12.9375,13.96875,12.25],"rotation":0,"texture":"#0","tintindex":0},"down":{"uv":[14.46875,12.375,14.53125,13.0625],"rotation":0,"texture":"#0","tintindex":0}}},{"from":[13.504136,8.392954,5.861252],"to":[18.826376,13.461754,10.138748],"rotation":{"angle":45.0,"axis":"y","origin":[8.0,11.643322,8.0]},"faces":{"east":{"uv":[14.921875,7.5,14.8125,8.0625],"rotation":0,"texture":"#0","tintindex":0},"south":{"uv":[14.640625,5.5,14.5,6.0625],"rotation":0,"texture":"#0","tintindex":0},"north":{"uv":[13.484375,10.0,13.34375,10.5625],"rotation":0,"texture":"#0","tintindex":0},"west":{"uv":[14.921875,4.875,14.8125,5.4375],"rotation":0,"texture":"#0","tintindex":0},"up":{"uv":[14.8125,8.5625,14.953125,8.125],"rotation":0,"texture":"#0","tintindex":0},"down":{"uv":[14.8125,8.625,14.953125,9.0625],"rotation":0,"texture":"#0","tintindex":0}}},{"from":[12.484731,8.392954,5.832871],"to":[18.820732,13.461754,8.367271],"rotation":{"angle":22.5,"axis":"y","origin":[8.0,11.643322,8.0]},"faces":{"east":{"uv":[13.21875,12.75,13.15625,13.3125],"rotation":0,"texture":"#0","tintindex":0},"south":{"uv":[14.484375,3.625,14.3125,4.1875],"rotation":0,"texture":"#0","tintindex":0},"north":{"uv":[14.484375,0.625,14.3125,1.1875],"rotation":0,"texture":"#0","tintindex":0},"west":{"uv":[14.4375,12.625,14.375,13.1875],"rotation":0,"texture":"#0","tintindex":0},"up":{"uv":[15.09375,1.25,15.265625,1.0],"rotation":0,"texture":"#0","tintindex":0},"down":{"uv":[15.125,0.5,15.296875,0.75],"rotation":0,"texture":"#0","tintindex":0}}},{"from":[-2.826376,8.392954,5.861252],"to":[2.495864,13.461754,10.138748],"rotation":{"angle":45.0,"axis":"y","origin":[8.0,11.643322,8.0]},"faces":{"east":{"uv":[14.84375,4.25,14.953125,4.8125],"rotation":0,"texture":"#0","tintindex":0},"south":{"uv":[14.5,10.0,14.640625,10.5625],"rotation":0,"texture":"#0","tintindex":0},"north":{"uv":[14.34375,10.0,14.484375,10.5625],"rotation":0,"texture":"#0","tintindex":0},"west":{"uv":[14.921875,7.5,14.8125,8.0625],"rotation":0,"texture":"#0","tintindex":0},"up":{"uv":[14.984375,6.9375,14.84375,6.5],"rotation":0,"texture":"#0","tintindex":0},"down":{"uv":[14.859375,11.375,14.71875,11.8125],"rotation":0,"texture":"#0","tintindex":0}}},{"from":[7.632729,8.392954,12.484731],"to":[10.1671295,13.461754,18.820732],"rotation":{"angle":22.5,"axis":"y","origin":[8.0,11.643322,8.0]},"faces":{"east":{"uv":[13.984375,9.5,13.8125,10.0625],"rotation":0,"texture":"#0","tintindex":0},"south":{"uv":[13.46875,12.75,13.53125,13.3125],"rotation":0,"texture":"#0","tintindex":0},"north":{"uv":[13.65625,12.75,13.59375,13.3125],"rotation":0,"texture":"#0","tintindex":0},"west":{"uv":[14.515625,9.375,14.34375,9.9375],"rotation":0,"texture":"#0","tintindex":0},"up":{"uv":[12.78125,13.1875,12.84375,12.5],"rotation":0,"texture":"#0","tintindex":0},"down":{"uv":[14.25,12.5,14.3125,13.1875],"rotation":0,"texture":"#0","tintindex":0}}},{"from":[13.504136,8.392954,5.861252],"to":[18.826376,13.461754,10.138748],"rotation":{"angle":-45.0,"axis":"y","origin":[8.0,11.643322,8.0]},"faces":{"east":{"uv":[14.8125,7.5,14.921875,8.0625],"rotation":0,"texture":"#0","tintindex":0},"south":{"uv":[14.640625,10.0,14.5,10.5625],"rotation":0,"texture":"#0","tintindex":0},"north":{"uv":[14.484375,10.0,14.34375,10.5625],"rotation":0,"texture":"#0","tintindex":0},"west":{"uv":[14.953125,4.25,14.84375,4.8125],"rotation":0,"texture":"#0","tintindex":0},"up":{"uv":[14.84375,6.9375,14.984375,6.5],"rotation":0,"texture":"#0","tintindex":0},"down":{"uv":[14.71875,11.375,14.859375,11.8125],"rotation":0,"texture":"#0","tintindex":0}}},{"from":[12.484731,8.392954,7.632729],"to":[18.820732,13.461754,10.1671295],"rotation":{"angle":-22.5,"axis":"y","origin":[8.0,11.643322,8.0]},"faces":{"east":{"uv":[13.15625,12.75,13.21875,13.3125],"rotation":0,"texture":"#0","tintindex":0},"south":{"uv":[12.359375,9.375,12.1875,9.9375],"rotation":0,"texture":"#0","tintindex":0},"north":{"uv":[12.171875,9.375,12.0,9.9375],"rotation":0,"texture":"#0","tintindex":0},"west":{"uv":[13.40625,12.75,13.34375,13.3125],"rotation":0,"texture":"#0","tintindex":0},"up":{"uv":[12.59375,12.875,12.765625,12.625],"rotation":0,"texture":"#0","tintindex":0},"down":{"uv":[15.15625,2.75,15.328125,3.0],"rotation":0,"texture":"#0","tintindex":0}}},{"from":[-3.4759579,13.075258,5.732927],"to":[2.165616,14.32345,10.267074],"rotation":{"angle":-45.0,"axis":"y","origin":[8.0,11.643322,8.0]},"faces":{"east":{"uv":[13.1875,6.25,13.3125,6.375],"rotation":0,"texture":"#0","tintindex":0},"south":{"uv":[14.78125,13.5,14.9375,13.625],"rotation":0,"texture":"#0","tintindex":0},"north":{"uv":[15.375,6.75,15.53125,6.875],"rotation":0,"texture":"#0","tintindex":0},"west":{"uv":[13.03125,8.875,13.15625,9.0],"rotation":0,"texture":"#0","tintindex":0},"up":{"uv":[13.0625,10.75,12.90625,10.25],"rotation":0,"texture":"#0","tintindex":0},"down":{"uv":[12.625,10.375,12.46875,10.875],"rotation":0,"texture":"#0","tintindex":0}}},{"from":[13.834384,13.075258,5.732927],"to":[19.475958,14.32345,10.267074],"rotation":{"angle":45.0,"axis":"y","origin":[8.0,11.643322,8.0]},"faces":{"east":{"uv":[14.21875,8.75,14.34375,8.875],"rotation":0,"texture":"#0","tintindex":0},"south":{"uv":[15.03125,13.5,15.1875,13.625],"rotation":0,"texture":"#0","tintindex":0},"north":{"uv":[15.375,11.625,15.53125,11.75],"rotation":0,"texture":"#0","tintindex":0},"west":{"uv":[13.0625,10.5,13.1875,10.625],"rotation":0,"texture":"#0","tintindex":0},"up":{"uv":[12.78125,10.875,12.625,10.375],"rotation":0,"texture":"#0","tintindex":0},"down":{"uv":[12.15625,10.5,12.0,11.0],"rotation":0,"texture":"#0","tintindex":0}}},{"from":[7.6106925,13.075258,12.753815],"to":[10.297156,14.38681,19.469975],"rotation":{"angle":22.5,"axis":"y","origin":[8.0,11.643322,8.0]},"faces":{"east":{"uv":[13.96875,1.625,14.15625,1.75],"rotation":0,"texture":"#0","tintindex":0},"south":{"uv":[12.90625,10.125,12.984375,10.25],"rotation":0,"texture":"#0","tintindex":0},"north":{"uv":[12.78125,7.625,12.859375,7.75],"rotation":0,"texture":"#0","tintindex":0},"west":{"uv":[14.3125,4.25,14.5,4.375],"rotation":0,"texture":"#0","tintindex":0},"up":{"uv":[12.078125,12.25,12.0,11.5],"rotation":0,"texture":"#0","tintindex":0},"down":{"uv":[13.765625,11.5,13.6875,12.25],"rotation":0,"texture":"#0","tintindex":0}}},{"from":[7.6106925,13.075258,-3.4699745],"to":[10.297156,14.38681,3.2461858],"rotation":{"angle":-22.5,"axis":"y","origin":[8.0,11.643322,8.0]},"faces":{"east":{"uv":[15.28125,5.875,15.46875,6.0],"rotation":0,"texture":"#0","tintindex":0},"south":{"uv":[14.6875,0.875,14.765625,1.0],"rotation":0,"texture":"#0","tintindex":0},"north":{"uv":[12.46875,10.25,12.546875,10.375],"rotation":0,"texture":"#0","tintindex":0},"west":{"uv":[15.28125,10.875,15.46875,11.0],"rotation":0,"texture":"#0","tintindex":0},"up":{"uv":[14.953125,12.125,14.875,11.375],"rotation":0,"texture":"#0","tintindex":0},"down":{"uv":[12.171875,11.625,12.09375,12.375],"rotation":0,"texture":"#0","tintindex":0}}},{"from":[5.7028437,13.075258,12.753815],"to":[8.389307,14.38681,19.469975],"rotation":{"angle":-22.5,"axis":"y","origin":[8.0,11.643322,8.0]},"faces":{"east":{"uv":[15.3125,3.875,15.5,4.0],"rotation":0,"texture":"#0","tintindex":0},"south":{"uv":[12.78125,11.25,12.859375,11.375],"rotation":0,"texture":"#0","tintindex":0},"north":{"uv":[12.53125,11.25,12.609375,11.375],"rotation":0,"texture":"#0","tintindex":0},"west":{"uv":[15.3125,4.0,15.5,4.125],"rotation":0,"texture":"#0","tintindex":0},"up":{"uv":[14.984375,9.875,14.90625,9.125],"rotation":0,"texture":"#0","tintindex":0},"down":{"uv":[14.546875,11.625,14.46875,12.375],"rotation":0,"texture":"#0","tintindex":0}}},{"from":[5.7028437,13.075258,-3.4699745],"to":[8.389307,14.38681,3.2461858],"rotation":{"angle":22.5,"axis":"y","origin":[8.0,11.643322,8.0]},"faces":{"east":{"uv":[15.3125,4.25,15.5,4.375],"rotation":0,"texture":"#0","tintindex":0},"south":{"uv":[15.15625,2.25,15.234375,2.375],"rotation":0,"texture":"#0","tintindex":0},"north":{"uv":[12.375,12.5,12.453125,12.625],"rotation":0,"texture":"#0","tintindex":0},"west":{"uv":[15.3125,4.375,15.5,4.5],"rotation":0,"texture":"#0","tintindex":0},"up":{"uv":[14.984375,10.625,14.90625,9.875],"rotation":0,"texture":"#0","tintindex":0},"down":{"uv":[14.984375,10.625,14.90625,11.375],"rotation":0,"texture":"#0","tintindex":0}}},{"from":[-3.4699745,13.075258,7.6106925],"to":[3.2461858,14.38681,10.297156],"rotation":{"angle":22.5,"axis":"y","origin":[8.0,11.643322,8.0]},"faces":{"east":{"uv":[15.40625,5.75,15.484375,5.875],"rotation":0,"texture":"#0","tintindex":0},"south":{"uv":[15.3125,6.625,15.5,6.75],"rotation":0,"texture":"#0","tintindex":0},"north":{"uv":[15.3125,6.5,15.5,6.625],"rotation":0,"texture":"#0","tintindex":0},"west":{"uv":[13.5,13.625,13.578125,13.75],"rotation":0,"texture":"#0","tintindex":0},"up":{"uv":[15.0,5.8125,14.8125,5.5],"rotation":0,"texture":"#0","tintindex":0},"down":{"uv":[15.09375,2.375,14.90625,2.6875],"rotation":0,"texture":"#0","tintindex":0}}},{"from":[12.753815,13.075258,7.6106925],"to":[19.469975,14.38681,10.297156],"rotation":{"angle":-22.5,"axis":"y","origin":[8.0,11.643322,8.0]},"faces":{"east":{"uv":[15.40625,6.125,15.484375,6.25],"rotation":0,"texture":"#0","tintindex":0},"south":{"uv":[15.3125,11.375,15.5,11.5],"rotation":0,"texture":"#0","tintindex":0},"north":{"uv":[15.3125,7.75,15.5,7.875],"rotation":0,"texture":"#0","tintindex":0},"west":{"uv":[15.40625,6.25,15.484375,6.375],"rotation":0,"texture":"#0","tintindex":0},"up":{"uv":[15.09375,3.8125,14.90625,3.5],"rotation":0,"texture":"#0","tintindex":0},"down":{"uv":[15.09375,6.125,14.90625,6.4375],"rotation":0,"texture":"#0","tintindex":0}}},{"from":[-3.4699745,13.075258,5.7028437],"to":[3.2461858,14.38681,8.389307],"rotation":{"angle":-22.5,"axis":"y","origin":[8.0,11.643322,8.0]},"faces":{"east":{"uv":[13.59375,13.625,13.671875,13.75],"rotation":0,"texture":"#0","tintindex":0},"south":{"uv":[15.3125,12.75,15.5,12.875],"rotation":0,"texture":"#0","tintindex":0},"north":{"uv":[15.3125,11.5,15.5,11.625],"rotation":0,"texture":"#0","tintindex":0},"west":{"uv":[13.6875,13.625,13.765625,13.75],"rotation":0,"texture":"#0","tintindex":0},"up":{"uv":[15.09375,7.3125,14.90625,7.0],"rotation":0,"texture":"#0","tintindex":0},"down":{"uv":[15.125,0.0,14.9375,0.3125],"rotation":0,"texture":"#0","tintindex":0}}},{"from":[12.753815,13.075258,5.7028437],"to":[19.469975,14.38681,8.389307],"rotation":{"angle":22.5,"axis":"y","origin":[8.0,11.643322,8.0]},"faces":{"east":{"uv":[15.40625,6.875,15.484375,7.0],"rotation":0,"texture":"#0","tintindex":0},"south":{"uv":[15.34375,0.875,15.53125,1.0],"rotation":0,"texture":"#0","tintindex":0},"north":{"uv":[15.34375,0.75,15.53125,0.875],"rotation":0,"texture":"#0","tintindex":0},"west":{"uv":[15.40625,7.0,15.484375,7.125],"rotation":0,"texture":"#0","tintindex":0},"up":{"uv":[15.125,0.6875,14.9375,0.375],"rotation":0,"texture":"#0","tintindex":0},"down":{"uv":[15.125,4.875,14.9375,5.1875],"rotation":0,"texture":"#0","tintindex":0}}},{"from":[-2.7458563,13.075258,3.9703035],"to":[3.9703035,14.418489,12.029696],"rotation":{"angle":0.0,"axis":"y","origin":[8.0,11.643322,8.0]},"faces":{"east":{"uv":[13.4375,2.25,13.65625,2.375],"rotation":0,"texture":"#0","tintindex":0},"south":{"uv":[15.34375,2.125,15.53125,2.25],"rotation":0,"texture":"#0","tintindex":0},"north":{"uv":[15.34375,2.0,15.53125,2.125],"rotation":0,"texture":"#0","tintindex":0},"west":{"uv":[14.625,4.25,14.84375,4.375],"rotation":0,"texture":"#0","tintindex":0},"up":{"uv":[13.8125,5.75,13.625,4.875],"rotation":0,"texture":"#0","tintindex":0},"down":{"uv":[13.875,5.75,13.6875,6.625],"rotation":0,"texture":"#0","tintindex":0}}},{"from":[12.029696,13.075258,3.9703035],"to":[18.745857,14.418489,12.029696],"rotation":{"angle":0.0,"axis":"y","origin":[8.0,11.643322,8.0]},"faces":{"east":{"uv":[15.125,11.0,15.34375,11.125],"rotation":0,"texture":"#0","tintindex":0},"south":{"uv":[15.34375,2.875,15.53125,3.0],"rotation":0,"texture":"#0","tintindex":0},"north":{"uv":[15.34375,2.75,15.53125,2.875],"rotation":0,"texture":"#0","tintindex":0},"west":{"uv":[15.15625,6.75,15.375,6.875],"rotation":0,"texture":"#0","tintindex":0},"up":{"uv":[13.875,7.5,13.6875,6.625],"rotation":0,"texture":"#0","tintindex":0},"down":{"uv":[13.90625,2.0,13.71875,2.875],"rotation":0,"texture":"#0","tintindex":0}}},{"from":[3.9703035,13.075258,-2.7458563],"to":[12.029696,14.418489,18.745857],"rotation":{"angle":0.0,"axis":"y","origin":[8.0,11.643322,8.0]},"faces":{"east":{"uv":[14.3125,6.375,14.90625,6.5],"rotation":0,"texture":"#0","tintindex":0},"south":{"uv":[15.21875,4.125,15.4375,4.25],"rotation":0,"texture":"#0","tintindex":0},"north":{"uv":[15.15625,11.625,15.375,11.75],"rotation":0,"texture":"#0","tintindex":0},"west":{"uv":[14.5,1.0,15.09375,1.125],"rotation":0,"texture":"#0","tintindex":0},"up":{"uv":[12.21875,6.375,12.0,4.0],"rotation":0,"texture":"#0","tintindex":0},"down":{"uv":[12.4375,4.0,12.21875,6.375],"rotation":0,"texture":"#0","tintindex":0}}},{"from":[13.834384,13.075258,5.7329264],"to":[19.475958,14.32345,10.267073],"rotation":{"angle":-45.0,"axis":"y","origin":[8.0,11.643322,8.0]},"faces":{"east":{"uv":[14.65625,3.5,14.78125,3.625],"rotation":0,"texture":"#0","tintindex":0},"south":{"uv":[15.34375,13.5,15.5,13.625],"rotation":0,"texture":"#0","tintindex":0},"north":{"uv":[15.1875,13.5,15.34375,13.625],"rotation":0,"texture":"#0","tintindex":0},"west":{"uv":[14.78125,4.0,14.90625,4.125],"rotation":0,"texture":"#0","tintindex":0},"up":{"uv":[14.78125,3.0,14.625,2.5],"rotation":0,"texture":"#0","tintindex":0},"down":{"uv":[14.78125,3.625,14.625,4.125],"rotation":0,"texture":"#0","tintindex":0}}},{"from":[-3.4759579,13.075258,5.7329264],"to":[2.165616,14.32345,10.267073],"rotation":{"angle":45.0,"axis":"y","origin":[8.0,11.643322,8.0]},"faces":{"east":{"uv":[15.40625,3.5,15.53125,3.625],"rotation":0,"texture":"#0","tintindex":0},"south":{"uv":[15.40625,0.0,15.5625,0.125],"rotation":0,"texture":"#0","tintindex":0},"north":{"uv":[12.0,13.625,12.15625,13.75],"rotation":0,"texture":"#0","tintindex":0},"west":{"uv":[15.40625,3.625,15.53125,3.75],"rotation":0,"texture":"#0","tintindex":0},"up":{"uv":[14.78125,7.5,14.625,7.0],"rotation":0,"texture":"#0","tintindex":0},"down":{"uv":[14.8125,3.0,14.65625,3.5],"rotation":0,"texture":"#0","tintindex":0}}},{"from":[-3.4759579,7.2461376,5.732927],"to":[2.165616,8.58937,10.267074],"rotation":{"angle":-45.0,"axis":"y","origin":[8.0,11.643322,8.0]},"faces":{"east":{"uv":[13.125,13.625,13.25,13.75],"rotation":0,"texture":"#0","tintindex":0},"south":{"uv":[15.40625,0.25,15.5625,0.375],"rotation":0,"texture":"#0","tintindex":0},"north":{"uv":[15.40625,0.125,15.5625,0.25],"rotation":0,"texture":"#0","tintindex":0},"west":{"uv":[15.40625,4.875,15.53125,5.0],"rotation":0,"texture":"#0","tintindex":0},"up":{"uv":[13.21875,11.125,13.0625,10.625],"rotation":0,"texture":"#0","tintindex":0},"down":{"uv":[13.375,10.625,13.21875,11.125],"rotation":0,"texture":"#0","tintindex":0}}},{"from":[13.834384,7.2461376,5.732927],"to":[19.475958,8.58937,10.267074],"rotation":{"angle":45.0,"axis":"y","origin":[8.0,11.643322,8.0]},"faces":{"east":{"uv":[13.25,13.625,13.375,13.75],"rotation":0,"texture":"#0","tintindex":0},"south":{"uv":[12.15625,13.625,12.3125,13.75],"rotation":0,"texture":"#0","tintindex":0},"north":{"uv":[15.40625,0.375,15.5625,0.5],"rotation":0,"texture":"#0","tintindex":0},"west":{"uv":[15.40625,5.0,15.53125,5.125],"rotation":0,"texture":"#0","tintindex":0},"up":{"uv":[14.8125,5.375,14.65625,4.875],"rotation":0,"texture":"#0","tintindex":0},"down":{"uv":[14.8125,5.375,14.65625,5.875],"rotation":0,"texture":"#0","tintindex":0}}},{"from":[7.6106925,7.2461376,12.753815],"to":[10.297156,8.58937,19.469975],"rotation":{"angle":22.5,"axis":"y","origin":[8.0,11.643322,8.0]},"faces":{"east":{"uv":[13.125,13.375,13.3125,13.5],"rotation":0,"texture":"#0","tintindex":0},"south":{"uv":[15.40625,7.125,15.484375,7.25],"rotation":0,"texture":"#0","tintindex":0},"north":{"uv":[13.78125,13.625,13.859375,13.75],"rotation":0,"texture":"#0","tintindex":0},"west":{"uv":[13.3125,13.375,13.5,13.5],"rotation":0,"texture":"#0","tintindex":0},"up":{"uv":[12.453125,12.5,12.375,11.75],"rotation":0,"texture":"#0","tintindex":0},"down":{"uv":[15.015625,7.375,14.9375,8.125],"rotation":0,"texture":"#0","tintindex":0}}},{"from":[7.6106925,7.2461376,-3.4699745],"to":[10.297156,8.58937,3.2461858],"rotation":{"angle":-22.5,"axis":"y","origin":[8.0,11.643322,8.0]},"faces":{"east":{"uv":[13.5,13.375,13.6875,13.5],"rotation":0,"texture":"#0","tintindex":0},"south":{"uv":[15.40625,7.5,15.484375,7.625],"rotation":0,"texture":"#0","tintindex":0},"north":{"uv":[15.40625,7.375,15.484375,7.5],"rotation":0,"texture":"#0","tintindex":0},"west":{"uv":[15.34375,6.0,15.53125,6.125],"rotation":0,"texture":"#0","tintindex":0},"up":{"uv":[12.265625,12.625,12.1875,11.875],"rotation":0,"texture":"#0","tintindex":0},"down":{"uv":[12.359375,11.875,12.28125,12.625],"rotation":0,"texture":"#0","tintindex":0}}},{"from":[5.7028437,7.2461376,12.753815],"to":[8.389307,8.58937,19.469975],"rotation":{"angle":-22.5,"axis":"y","origin":[8.0,11.643322,8.0]},"faces":{"east":{"uv":[13.6875,13.375,13.875,13.5],"rotation":0,"texture":"#0","tintindex":0},"south":{"uv":[13.96875,13.625,14.046875,13.75],"rotation":0,"texture":"#0","tintindex":0},"north":{"uv":[15.40625,7.625,15.484375,7.75],"rotation":0,"texture":"#0","tintindex":0},"west":{"uv":[15.34375,11.0,15.53125,11.125],"rotation":0,"texture":"#0","tintindex":0},"up":{"uv":[15.046875,2.0,14.96875,1.25],"rotation":0,"texture":"#0","tintindex":0},"down":{"uv":[12.546875,11.875,12.46875,12.625],"rotation":0,"texture":"#0","tintindex":0}}},{"from":[5.7028437,7.2461376,-3.4699745],"to":[8.389307,8.58937,3.2461858],"rotation":{"angle":22.5,"axis":"y","origin":[8.0,11.643322,8.0]},"faces":{"east":{"uv":[15.28125,13.375,15.46875,13.5],"rotation":0,"texture":"#0","tintindex":0},"south":{"uv":[15.40625,8.0,15.484375,8.125],"rotation":0,"texture":"#0","tintindex":0},"north":{"uv":[15.40625,7.875,15.484375,8.0],"rotation":0,"texture":"#0","tintindex":0},"west":{"uv":[12.125,13.5,12.3125,13.625],"rotation":0,"texture":"#0","tintindex":0},"up":{"uv":[12.640625,12.625,12.5625,11.875],"rotation":0,"texture":"#0","tintindex":0},"down":{"uv":[12.734375,11.875,12.65625,12.625],"rotation":0,"texture":"#0","tintindex":0}}},{"from":[-3.4699745,7.2461376,7.6106925],"to":[3.2461858,8.58937,10.297156],"rotation":{"angle":22.5,"axis":"y","origin":[8.0,11.643322,8.0]},"faces":{"east":{"uv":[15.40625,8.125,15.484375,8.25],"rotation":0,"texture":"#0","tintindex":0},"south":{"uv":[15.375,1.375,15.5625,1.5],"rotation":0,"texture":"#0","tintindex":0},"north":{"uv":[15.375,1.25,15.5625,1.375],"rotation":0,"texture":"#0","tintindex":0},"west":{"uv":[15.40625,8.25,15.484375,8.375],"rotation":0,"texture":"#0","tintindex":0},"up":{"uv":[15.15625,2.3125,14.96875,2.0],"rotation":0,"texture":"#0","tintindex":0},"down":{"uv":[15.15625,2.75,14.96875,3.0625],"rotation":0,"texture":"#0","tintindex":0}}},{"from":[12.753815,7.2461376,7.6106925],"to":[19.469975,8.58937,10.297156],"rotation":{"angle":-22.5,"axis":"y","origin":[8.0,11.643322,8.0]},"faces":{"east":{"uv":[15.40625,8.375,15.484375,8.5],"rotation":0,"texture":"#0","tintindex":0},"south":{"uv":[15.375,1.625,15.5625,1.75],"rotation":0,"texture":"#0","tintindex":0},"north":{"uv":[15.375,1.5,15.5625,1.625],"rotation":0,"texture":"#0","tintindex":0},"west":{"uv":[15.40625,8.5,15.484375,8.625],"rotation":0,"texture":"#0","tintindex":0},"up":{"uv":[15.15625,3.4375,14.96875,3.125],"rotation":0,"texture":"#0","tintindex":0},"down":{"uv":[15.15625,4.25,14.96875,4.5625],"rotation":0,"texture":"#0","tintindex":0}}},{"from":[-3.4699745,7.2461376,5.7028437],"to":[3.2461858,8.58937,8.389307],"rotation":{"angle":-22.5,"axis":"y","origin":[8.0,11.643322,8.0]},"faces":{"east":{"uv":[14.25,13.625,14.328125,13.75],"rotation":0,"texture":"#0","tintindex":0},"south":{"uv":[15.375,1.875,15.5625,2.0],"rotation":0,"texture":"#0","tintindex":0},"north":{"uv":[15.375,1.75,15.5625,1.875],"rotation":0,"texture":"#0","tintindex":0},"west":{"uv":[15.40625,9.125,15.484375,9.25],"rotation":0,"texture":"#0","tintindex":0},"up":{"uv":[15.15625,8.4375,14.96875,8.125],"rotation":0,"texture":"#0","tintindex":0},"down":{"uv":[15.15625,8.5,14.96875,8.8125],"rotation":0,"texture":"#0","tintindex":0}}},{"from":[12.753815,7.2461376,5.7028437],"to":[19.469975,8.58937,8.389307],"rotation":{"angle":22.5,"axis":"y","origin":[8.0,11.643322,8.0]},"faces":{"east":{"uv":[15.40625,9.25,15.484375,9.375],"rotation":0,"texture":"#0","tintindex":0},"south":{"uv":[15.375,4.5,15.5625,4.625],"rotation":0,"texture":"#0","tintindex":0},"north":{"uv":[13.125,13.5,13.3125,13.625],"rotation":0,"texture":"#0","tintindex":0},"west":{"uv":[14.34375,13.625,14.421875,13.75],"rotation":0,"texture":"#0","tintindex":0},"up":{"uv":[14.75,12.1875,14.5625,11.875],"rotation":0,"texture":"#0","tintindex":0},"down":{"uv":[15.15625,11.375,14.96875,11.6875],"rotation":0,"texture":"#0","tintindex":0}}},{"from":[-2.7458563,7.2461376,3.9703035],"to":[3.9703035,8.58937,12.029696],"rotation":{"angle":0.0,"axis":"y","origin":[8.0,11.643322,8.0]},"faces":{"east":{"uv":[15.21875,4.75,15.4375,4.875],"rotation":0,"texture":"#0","tintindex":0},"south":{"uv":[13.3125,13.5,13.5,13.625],"rotation":0,"texture":"#0","tintindex":0},"north":{"uv":[15.375,4.625,15.5625,4.75],"rotation":0,"texture":"#0","tintindex":0},"west":{"uv":[15.25,3.75,15.46875,3.875],"rotation":0,"texture":"#0","tintindex":0},"up":{"uv":[13.53125,7.75,13.34375,6.875],"rotation":0,"texture":"#0","tintindex":0},"down":{"uv":[13.9375,0.0,13.75,0.875],"rotation":0,"texture":"#0","tintindex":0}}},{"from":[12.029696,7.2461376,3.9703035],"to":[18.745857,8.58937,12.029696],"rotation":{"angle":0.0,"axis":"y","origin":[8.0,11.643322,8.0]},"faces":{"east":{"uv":[15.25,6.375,15.46875,6.5],"rotation":0,"texture":"#0","tintindex":0},"south":{"uv":[13.6875,13.5,13.875,13.625],"rotation":0,"texture":"#0","tintindex":0},"north":{"uv":[13.5,13.5,13.6875,13.625],"rotation":0,"texture":"#0","tintindex":0},"west":{"uv":[15.25,7.25,15.46875,7.375],"rotation":0,"texture":"#0","tintindex":0},"up":{"uv":[13.96875,1.75,13.78125,0.875],"rotation":0,"texture":"#0","tintindex":0},"down":{"uv":[14.0,4.875,13.8125,5.75],"rotation":0,"texture":"#0","tintindex":0}}},{"from":[3.9703035,7.2461376,-2.7458563],"to":[12.029696,8.58937,18.745857],"rotation":{"angle":0.0,"axis":"y","origin":[8.0,11.643322,8.0]},"faces":{"east":{"uv":[14.5,1.125,15.09375,1.25],"rotation":0,"texture":"#0","tintindex":0},"south":{"uv":[15.28125,1.125,15.5,1.25],"rotation":0,"texture":"#0","tintindex":0},"north":{"uv":[15.28125,1.0,15.5,1.125],"rotation":0,"texture":"#0","tintindex":0},"west":{"uv":[14.625,4.125,15.21875,4.25],"rotation":0,"texture":"#0","tintindex":0},"up":{"uv":[12.65625,6.375,12.4375,4.0],"rotation":0,"texture":"#0","tintindex":0},"down":{"uv":[12.875,4.0,12.65625,6.375],"rotation":0,"texture":"#0","tintindex":0}}},{"from":[13.834384,7.2461376,5.7329264],"to":[19.475958,8.58937,10.267073],"rotation":{"angle":-45.0,"axis":"y","origin":[8.0,11.643322,8.0]},"faces":{"east":{"uv":[15.40625,5.125,15.53125,5.25],"rotation":0,"texture":"#0","tintindex":0},"south":{"uv":[15.40625,2.375,15.5625,2.5],"rotation":0,"texture":"#0","tintindex":0},"north":{"uv":[15.40625,2.25,15.5625,2.375],"rotation":0,"texture":"#0","tintindex":0},"west":{"uv":[15.40625,5.25,15.53125,5.375],"rotation":0,"texture":"#0","tintindex":0},"up":{"uv":[13.53125,11.125,13.375,10.625],"rotation":0,"texture":"#0","tintindex":0},"down":{"uv":[13.6875,10.625,13.53125,11.125],"rotation":0,"texture":"#0","tintindex":0}}},{"from":[-3.4759579,7.2461376,5.7329264],"to":[2.165616,8.58937,10.267073],"rotation":{"angle":45.0,"axis":"y","origin":[8.0,11.643322,8.0]},"faces":{"east":{"uv":[15.40625,5.375,15.53125,5.5],"rotation":0,"texture":"#0","tintindex":0},"south":{"uv":[15.40625,2.625,15.5625,2.75],"rotation":0,"texture":"#0","tintindex":0},"north":{"uv":[15.40625,2.5,15.5625,2.625],"rotation":0,"texture":"#0","tintindex":0},"west":{"uv":[13.375,13.625,13.5,13.75],"rotation":0,"texture":"#0","tintindex":0},"up":{"uv":[14.4375,11.125,14.28125,10.625],"rotation":0,"texture":"#0","tintindex":0},"down":{"uv":[14.59375,10.625,14.4375,11.125],"rotation":0,"texture":"#0","tintindex":0}}},{"from":[18.051636,7.265248,5.300864],"to":[21.485746,9.704608,10.699136],"rotation":{"angle":0.0,"axis":"y","origin":[8.0,11.643322,8.0]},"faces":{"east":{"uv":[12.40625,12.875,12.546875,13.125],"rotation":0,"texture":"#0","tintindex":0},"south":{"uv":[15.375,8.625,15.46875,8.875],"rotation":0,"texture":"#0","tintindex":0},"north":{"uv":[14.0625,13.5,14.15625,13.75],"rotation":0,"texture":"#0","tintindex":0},"west":{"uv":[15.21875,1.75,15.359375,2.0],"rotation":0,"texture":"#0","tintindex":0},"up":{"uv":[14.46875,12.5625,14.375,12.0],"rotation":0,"texture":"#0","tintindex":0},"down":{"uv":[12.09375,12.25,12.0,12.8125],"rotation":0,"texture":"#0","tintindex":0}}},{"from":[-5.4857464,7.265248,5.300864],"to":[-2.0516348,9.704608,10.699136],"rotation":{"angle":0.0,"axis":"y","origin":[8.0,11.643322,8.0]},"faces":{"east":{"uv":[15.359375,1.75,15.21875,2.0],"rotation":0,"texture":"#0","tintindex":0},"south":{"uv":[15.46875,8.625,15.375,8.875],"rotation":0,"texture":"#0","tintindex":0},"north":{"uv":[14.15625,13.5,14.0625,13.75],"rotation":0,"texture":"#0","tintindex":0},"west":{"uv":[12.546875,12.875,12.40625,13.125],"rotation":0,"texture":"#0","tintindex":0},"up":{"uv":[14.375,12.5625,14.46875,12.0],"rotation":0,"texture":"#0","tintindex":0},"down":{"uv":[12.0,12.25,12.09375,12.8125],"rotation":0,"texture":"#0","tintindex":0}}},{"from":[5.300864,7.265248,18.051636],"to":[10.699136,9.704608,21.485746],"rotation":{"angle":0.0,"axis":"y","origin":[8.0,10.395647,8.0]},"faces":{"east":{"uv":[14.0625,13.5,14.15625,13.75],"rotation":0,"texture":"#0","tintindex":0},"south":{"uv":[12.40625,12.875,12.546875,13.125],"rotation":0,"texture":"#0","tintindex":0},"north":{"uv":[15.21875,1.75,15.359375,2.0],"rotation":0,"texture":"#0","tintindex":0},"west":{"uv":[15.375,8.625,15.46875,8.875],"rotation":0,"texture":"#0","tintindex":0},"up":{"uv":[14.46875,12.5625,14.375,12.0],"rotation":90,"texture":"#0","tintindex":0},"down":{"uv":[12.09375,12.25,12.0,12.8125],"rotation":270,"texture":"#0","tintindex":0}}},{"from":[11.321979,4.7412634,5.269184],"to":[19.466675,13.729515,10.730816],"rotation":{"angle":22.5,"axis":"z","origin":[8.0,12.29822,8.0]},"faces":{"east":{"uv":[0.0,6.0,0.625,8.0],"rotation":0,"texture":"#0","tintindex":0},"south":{"uv":[1.75,2.0,2.625,4.0],"rotation":0,"texture":"#0","tintindex":0},"north":{"uv":[1.75,0.0,2.625,2.0],"rotation":0,"texture":"#0","tintindex":0},"west":{"uv":[0.625,6.0,1.25,8.0],"rotation":0,"texture":"#0","tintindex":0},"up":{"uv":[4.125,3.75,3.25,2.5],"rotation":0,"texture":"#0","tintindex":0},"down":{"uv":[4.625,3.75,3.75,5.0],"rotation":0,"texture":"#0","tintindex":0}}},{"from":[-3.4666739,4.7412634,5.269184],"to":[4.6780214,13.729515,10.730816],"rotation":{"angle":-22.5,"axis":"z","origin":[8.0,12.29822,8.0]},"faces":{"east":{"uv":[1.25,6.0,0.625,8.0],"rotation":0,"texture":"#0","tintindex":0},"south":{"uv":[2.625,2.0,1.75,4.0],"rotation":0,"texture":"#0","tintindex":0},"north":{"uv":[2.625,0.0,1.75,2.0],"rotation":0,"texture":"#0","tintindex":0},"west":{"uv":[0.625,6.0,0.0,8.0],"rotation":0,"texture":"#0","tintindex":0},"up":{"uv":[3.25,3.75,4.125,2.5],"rotation":0,"texture":"#0","tintindex":0},"down":{"uv":[3.75,3.75,4.625,5.0],"rotation":0,"texture":"#0","tintindex":0}}},{"from":[5.269184,4.7412634,-3.4666739],"to":[10.730816,13.729515,4.6780214],"rotation":{"angle":22.5,"axis":"x","origin":[8.0,12.29822,8.0]},"faces":{"east":{"uv":[2.625,0.0,1.75,2.0],"rotation":0,"texture":"#0","tintindex":0},"south":{"uv":[1.25,6.0,0.625,8.0],"rotation":0,"texture":"#0","tintindex":0},"north":{"uv":[0.625,6.0,0.0,8.0],"rotation":0,"texture":"#0","tintindex":0},"west":{"uv":[2.625,2.0,1.75,4.0],"rotation":0,"texture":"#0","tintindex":0},"up":{"uv":[3.25,3.75,4.125,2.5],"rotation":90,"texture":"#0","tintindex":0},"down":{"uv":[3.75,3.75,4.625,5.0],"rotation":270,"texture":"#0","tintindex":0}}},{"from":[5.269184,4.7412634,11.321979],"to":[10.730816,13.729515,19.466675],"rotation":{"angle":-22.5,"axis":"x","origin":[8.0,12.29822,8.0]},"faces":{"east":{"uv":[1.75,0.0,2.625,2.0],"rotation":0,"texture":"#0","tintindex":0},"south":{"uv":[0.0,6.0,0.625,8.0],"rotation":0,"texture":"#0","tintindex":0},"north":{"uv":[0.625,6.0,1.25,8.0],"rotation":0,"texture":"#0","tintindex":0},"west":{"uv":[1.75,2.0,2.625,4.0],"rotation":0,"texture":"#0","tintindex":0},"up":{"uv":[4.125,3.75,3.25,2.5],"rotation":90,"texture":"#0","tintindex":0},"down":{"uv":[4.625,3.75,3.75,5.0],"rotation":270,"texture":"#0","tintindex":0}}},{"from":[5.300864,7.265248,-5.4857464],"to":[10.699136,9.704608,-2.0516348],"rotation":{"angle":0.0,"axis":"y","origin":[8.0,10.395647,8.0]},"faces":{"east":{"uv":[14.15625,13.5,14.0625,13.75],"rotation":0,"texture":"#0","tintindex":0},"south":{"uv":[15.359375,1.75,15.21875,2.0],"rotation":0,"texture":"#0","tintindex":0},"north":{"uv":[12.546875,12.875,12.40625,13.125],"rotation":0,"texture":"#0","tintindex":0},"west":{"uv":[15.46875,8.625,15.375,8.875],"rotation":0,"texture":"#0","tintindex":0},"up":{"uv":[14.375,12.5625,14.46875,12.0],"rotation":90,"texture":"#0","tintindex":0},"down":{"uv":[12.0,12.25,12.09375,12.8125],"rotation":270,"texture":"#0","tintindex":0}}},{"from":[4.5714283,14.200122,4.5714283],"to":[11.428572,15.914408,11.428572],"rotation":{"angle":0.0,"axis":"y","origin":[8.0,7.228693,8.0]},"faces":{"east":{"uv":[3.875,7.25,4.625,7.625],"rotation":0,"texture":"#0","tintindex":0},"south":{"uv":[3.875,7.75,4.625,8.125],"rotation":0,"texture":"#0","tintindex":0},"north":{"uv":[3.875,6.75,4.625,7.125],"rotation":0,"texture":"#0","tintindex":0},"west":{"uv":[0.0,8.0,0.75,8.375],"rotation":0,"texture":"#0","tintindex":0},"up":{"uv":[3.75,5.5,3.0,4.0],"rotation":0,"texture":"#0","tintindex":0},"down":{"uv":[3.25,6.0,2.5,7.5],"rotation":0,"texture":"#0","tintindex":0}}}],"display":{"head":{"translation":[0.0,-6.4,0.0],"scale":[4.0,4.0,4.0]}}}