{"textures":{"0":"minecraft:modelengine/entity/artillery_cannon_tier5"},"elements":[{"from":[5.6219425,5.4491425,4.142857],"to":[10.3780575,10.550858,5.1714287],"rotation":{"angle":0.0,"axis":"y","origin":[8.0,8.0,16.547428]},"faces":{"east":{"uv":[13.75,0.875,13.78125,1.4375],"rotation":0,"texture":"#0","tintindex":0},"south":{"uv":[14.6875,8.75,14.8125,9.3125],"rotation":0,"texture":"#0","tintindex":0},"north":{"uv":[14.15625,10.75,14.28125,11.3125],"rotation":0,"texture":"#0","tintindex":0},"west":{"uv":[14.125,0.0,14.15625,0.5625],"rotation":0,"texture":"#0","tintindex":0},"up":{"uv":[15.53125,5.625,15.40625,5.5],"rotation":0,"texture":"#0","tintindex":0},"down":{"uv":[15.53125,5.625,15.40625,5.75],"rotation":0,"texture":"#0","tintindex":0}}},{"from":[5.8276567,5.6548567,5.1714287],"to":[10.172343,10.345143,9.285714],"rotation":{"angle":0.0,"axis":"y","origin":[8.0,8.0,16.547428]},"faces":{"east":{"uv":[14.25,12.0,14.359375,12.5],"rotation":0,"texture":"#0","tintindex":0},"south":{"uv":[14.46875,11.125,14.59375,11.625],"rotation":0,"texture":"#0","tintindex":0},"north":{"uv":[14.78125,7.0,14.90625,7.5],"rotation":0,"texture":"#0","tintindex":0},"west":{"uv":[15.0,9.125,15.109375,9.625],"rotation":0,"texture":"#0","tintindex":0},"up":{"uv":[15.125,10.0625,15.0,9.625],"rotation":0,"texture":"#0","tintindex":0},"down":{"uv":[15.125,10.125,15.0,10.5625],"rotation":0,"texture":"#0","tintindex":0}}}],"display":{"head":{"translation":[0.0,-6.4,0.0],"scale":[4.0,4.0,4.0]}}}