{"textures":{"0":"minecraft:modelengine/entity/artillery_cannon_tier5"},"elements":[{"from":[8.002158,-0.8251438,6.3099923],"to":[8.002158,16.825144,24.595707],"rotation":{"angle":22.5,"axis":"y","origin":[8.0,8.0,8.0]},"faces":{"east":{"uv":[12.0,0.0,12.5625,1.9375],"rotation":0,"texture":"#0","tintindex":0},"south":{"uv":[12.0,0.0,12.0,1.9375],"rotation":0,"texture":"#0","tintindex":0},"north":{"uv":[12.0,0.0,12.0,1.9375],"rotation":0,"texture":"#0","tintindex":0},"west":{"uv":[12.5625,0.0,12.0,1.9375],"rotation":0,"texture":"#0","tintindex":0},"up":{"uv":[12.0,2.25,12.0,0.0],"rotation":0,"texture":"#0","tintindex":0},"down":{"uv":[12.0,0.0,12.0,2.25],"rotation":0,"texture":"#0","tintindex":0}}}],"display":{"head":{"translation":[0.0,-6.4,0.0],"scale":[4.0,4.0,4.0]}}}