{"textures":{"0":"minecraft:modelengine/entity/artillery_cannon_tier5"},"elements":[{"from":[4.502528,9.310057,4.3009386],"to":[11.497472,13.562187,11.295882],"rotation":{"angle":0.0,"axis":"y","origin":[8.0,10.44965,7.7984104]},"faces":{"east":{"uv":[12.0,10.0,12.1875,10.4375],"rotation":0,"texture":"#0","tintindex":0},"south":{"uv":[14.5,0.0,14.6875,0.4375],"rotation":0,"texture":"#0","tintindex":0},"north":{"uv":[14.46875,3.125,14.65625,3.5625],"rotation":0,"texture":"#0","tintindex":0},"west":{"uv":[14.5,0.5,14.6875,0.9375],"rotation":0,"texture":"#0","tintindex":0},"up":{"uv":[14.125,0.75,13.9375,0.0],"rotation":0,"texture":"#0","tintindex":0},"down":{"uv":[13.53125,7.75,13.34375,8.5],"rotation":0,"texture":"#0","tintindex":0}}},{"from":[4.5316734,7.1707497,4.5195103],"to":[11.468327,12.116922,9.465683],"rotation":{"angle":-45.0,"axis":"x","origin":[8.0,10.44965,7.7984104]},"faces":{"east":{"uv":[13.8125,10.125,13.953125,10.6875],"rotation":0,"texture":"#0","tintindex":0},"south":{"uv":[13.03125,9.0,13.21875,9.5625],"rotation":0,"texture":"#0","tintindex":0},"north":{"uv":[12.4375,9.0,12.625,9.5625],"rotation":0,"texture":"#0","tintindex":0},"west":{"uv":[13.96875,10.125,14.109375,10.6875],"rotation":0,"texture":"#0","tintindex":0},"up":{"uv":[14.46875,2.3125,14.28125,1.75],"rotation":0,"texture":"#0","tintindex":0},"down":{"uv":[14.46875,2.375,14.28125,2.9375],"rotation":0,"texture":"#0","tintindex":0}}},{"from":[5.0048,13.470793,9.465292],"to":[10.9952,20.835365,11.933864],"rotation":{"angle":0.0,"axis":"y","origin":[8.0,14.684507,3.8529868]},"faces":{"east":{"uv":[13.03125,12.25,13.09375,13.0625],"rotation":0,"texture":"#0","tintindex":0},"south":{"uv":[14.15625,4.875,14.3125,5.6875],"rotation":0,"texture":"#0","tintindex":0},"north":{"uv":[14.15625,0.875,14.3125,1.6875],"rotation":0,"texture":"#0","tintindex":0},"west":{"uv":[13.09375,12.25,13.15625,13.0625],"rotation":0,"texture":"#0","tintindex":0},"up":{"uv":[15.3125,3.25,15.15625,3.0],"rotation":0,"texture":"#0","tintindex":0},"down":{"uv":[15.3125,3.25,15.15625,3.5],"rotation":0,"texture":"#0","tintindex":0}}},{"from":[7.9693193,13.483958,-2.6178255],"to":[13.922279,15.885056,11.160095],"rotation":{"angle":22.5,"axis":"y","origin":[8.0,14.684507,3.8529868]},"faces":{"east":{"uv":[14.25,7.0,14.625,7.25],"rotation":0,"texture":"#0","tintindex":0},"south":{"uv":[15.15625,4.25,15.3125,4.5],"rotation":0,"texture":"#0","tintindex":0},"north":{"uv":[15.15625,3.875,15.3125,4.125],"rotation":0,"texture":"#0","tintindex":0},"west":{"uv":[14.25,7.25,14.625,7.5],"rotation":0,"texture":"#0","tintindex":0},"up":{"uv":[13.46875,6.375,13.3125,4.875],"rotation":0,"texture":"#0","tintindex":0},"down":{"uv":[13.59375,0.0,13.4375,1.5],"rotation":0,"texture":"#0","tintindex":0}}},{"from":[2.0777202,13.483958,-2.6178255],"to":[8.030681,15.885056,11.160095],"rotation":{"angle":-22.5,"axis":"y","origin":[8.0,14.684507,3.8529868]},"faces":{"east":{"uv":[14.3125,1.25,14.6875,1.5],"rotation":0,"texture":"#0","tintindex":0},"south":{"uv":[15.15625,7.375,15.3125,7.625],"rotation":0,"texture":"#0","tintindex":0},"north":{"uv":[15.15625,6.5,15.3125,6.75],"rotation":0,"texture":"#0","tintindex":0},"west":{"uv":[14.3125,1.5,14.6875,1.75],"rotation":0,"texture":"#0","tintindex":0},"up":{"uv":[13.625,6.375,13.46875,4.875],"rotation":0,"texture":"#0","tintindex":0},"down":{"uv":[13.03125,6.25,12.875,7.75],"rotation":0,"texture":"#0","tintindex":0}}},{"from":[9.026686,13.491364,-8.538847],"to":[13.262538,15.877649,-4.3029947],"rotation":{"angle":45.0,"axis":"y","origin":[12.021885,14.684507,-1.6103897]},"faces":{"east":{"uv":[12.4375,8.75,12.546875,9.0],"rotation":0,"texture":"#0","tintindex":0},"south":{"uv":[13.0625,10.25,13.171875,10.5],"rotation":0,"texture":"#0","tintindex":0},"north":{"uv":[13.78125,1.75,13.890625,2.0],"rotation":0,"texture":"#0","tintindex":0},"west":{"uv":[12.53125,13.125,12.640625,13.375],"rotation":0,"texture":"#0","tintindex":0},"up":{"uv":[13.265625,12.6875,13.15625,12.25],"rotation":0,"texture":"#0","tintindex":0},"down":{"uv":[13.390625,12.25,13.28125,12.6875],"rotation":0,"texture":"#0","tintindex":0}}},{"from":[2.0777202,15.885056,-2.6178255],"to":[2.0777202,18.024485,6.222952],"rotation":{"angle":-22.5,"axis":"y","origin":[8.0,14.684507,3.8529868]},"faces":{"east":{"uv":[14.90625,3.875,15.140625,4.125],"rotation":0,"texture":"#0","tintindex":0},"south":{"uv":[12.0,0.0,12.0,0.25],"rotation":0,"texture":"#0","tintindex":0},"north":{"uv":[12.0,0.0,12.0,0.25],"rotation":0,"texture":"#0","tintindex":0},"west":{"uv":[14.9375,0.75,15.171875,1.0],"rotation":0,"texture":"#0","tintindex":0},"up":{"uv":[12.0,0.9375,12.0,0.0],"rotation":0,"texture":"#0","tintindex":0},"down":{"uv":[12.0,0.0,12.0,0.9375],"rotation":0,"texture":"#0","tintindex":0}}},{"from":[9.026686,15.877649,-8.538847],"to":[13.262538,18.017078,-8.538847],"rotation":{"angle":45.0,"axis":"y","origin":[12.021885,14.684507,-1.6103897]},"faces":{"east":{"uv":[12.0,0.0,12.0,0.25],"rotation":0,"texture":"#0","tintindex":0},"south":{"uv":[13.03125,13.125,13.140625,13.375],"rotation":0,"texture":"#0","tintindex":0},"north":{"uv":[12.84375,13.125,12.953125,13.375],"rotation":0,"texture":"#0","tintindex":0},"west":{"uv":[12.0,0.0,12.0,0.25],"rotation":0,"texture":"#0","tintindex":0},"up":{"uv":[12.109375,0.0,12.0,0.0],"rotation":0,"texture":"#0","tintindex":0},"down":{"uv":[12.109375,0.0,12.0,0.0],"rotation":0,"texture":"#0","tintindex":0}}},{"from":[13.922279,15.885056,-2.6178255],"to":[13.922279,18.024485,6.222952],"rotation":{"angle":22.5,"axis":"y","origin":[8.0,14.684507,3.8529868]},"faces":{"east":{"uv":[14.96875,4.625,15.203125,4.875],"rotation":0,"texture":"#0","tintindex":0},"south":{"uv":[12.0,0.0,12.0,0.25],"rotation":0,"texture":"#0","tintindex":0},"north":{"uv":[12.0,0.0,12.0,0.25],"rotation":0,"texture":"#0","tintindex":0},"west":{"uv":[14.96875,8.875,15.203125,9.125],"rotation":0,"texture":"#0","tintindex":0},"up":{"uv":[12.0,0.9375,12.0,0.0],"rotation":0,"texture":"#0","tintindex":0},"down":{"uv":[12.0,0.0,12.0,0.9375],"rotation":0,"texture":"#0","tintindex":0}}},{"from":[2.737462,15.877649,-8.538847],"to":[6.973315,18.017078,-8.538847],"rotation":{"angle":-45.0,"axis":"y","origin":[3.9781146,14.684507,-1.6103897]},"faces":{"east":{"uv":[12.0,0.0,12.0,0.25],"rotation":0,"texture":"#0","tintindex":0},"south":{"uv":[15.28125,5.125,15.390625,5.375],"rotation":0,"texture":"#0","tintindex":0},"north":{"uv":[15.28125,4.875,15.390625,5.125],"rotation":0,"texture":"#0","tintindex":0},"west":{"uv":[12.0,0.0,12.0,0.25],"rotation":0,"texture":"#0","tintindex":0},"up":{"uv":[12.109375,0.0,12.0,0.0],"rotation":0,"texture":"#0","tintindex":0},"down":{"uv":[12.109375,0.0,12.0,0.0],"rotation":0,"texture":"#0","tintindex":0}}},{"from":[13.922279,11.359341,-2.6178255],"to":[13.922279,13.49877,7.704095],"rotation":{"angle":22.5,"axis":"y","origin":[8.0,10.1587925,3.8529868]},"faces":{"east":{"uv":[13.4375,2.0,13.71875,2.25],"rotation":0,"texture":"#0","tintindex":0},"south":{"uv":[12.0,0.0,12.0,0.25],"rotation":0,"texture":"#0","tintindex":0},"north":{"uv":[12.0,0.0,12.0,0.25],"rotation":0,"texture":"#0","tintindex":0},"west":{"uv":[13.71875,2.0,13.4375,2.25],"rotation":0,"texture":"#0","tintindex":0},"up":{"uv":[12.0,1.125,12.0,0.0],"rotation":0,"texture":"#0","tintindex":0},"down":{"uv":[12.0,0.0,12.0,1.125],"rotation":0,"texture":"#0","tintindex":0}}},{"from":[2.737462,11.351935,-8.538847],"to":[6.973315,13.491364,-8.538847],"rotation":{"angle":-45.0,"axis":"y","origin":[3.9781146,10.1587925,-1.6103897]},"faces":{"east":{"uv":[12.0,0.0,12.0,0.25],"rotation":0,"texture":"#0","tintindex":0},"south":{"uv":[15.390625,7.875,15.28125,8.125],"rotation":0,"texture":"#0","tintindex":0},"north":{"uv":[15.28125,7.875,15.390625,8.125],"rotation":0,"texture":"#0","tintindex":0},"west":{"uv":[12.0,0.0,12.0,0.25],"rotation":0,"texture":"#0","tintindex":0},"up":{"uv":[12.109375,0.0,12.0,0.0],"rotation":0,"texture":"#0","tintindex":0},"down":{"uv":[12.109375,0.0,12.0,0.0],"rotation":0,"texture":"#0","tintindex":0}}},{"from":[9.026686,11.351935,-8.538847],"to":[13.262538,13.491364,-8.538847],"rotation":{"angle":45.0,"axis":"y","origin":[12.021885,10.1587925,-1.6103897]},"faces":{"east":{"uv":[12.0,0.0,12.0,0.25],"rotation":0,"texture":"#0","tintindex":0},"south":{"uv":[15.28125,7.875,15.390625,8.125],"rotation":0,"texture":"#0","tintindex":0},"north":{"uv":[15.390625,7.875,15.28125,8.125],"rotation":0,"texture":"#0","tintindex":0},"west":{"uv":[12.0,0.0,12.0,0.25],"rotation":0,"texture":"#0","tintindex":0},"up":{"uv":[12.0,0.0,12.109375,0.0],"rotation":0,"texture":"#0","tintindex":0},"down":{"uv":[12.0,0.0,12.109375,0.0],"rotation":0,"texture":"#0","tintindex":0}}},{"from":[2.0777202,11.359341,-2.6178255],"to":[2.0777202,13.49877,7.704095],"rotation":{"angle":-22.5,"axis":"y","origin":[8.0,10.1587925,3.8529868]},"faces":{"east":{"uv":[13.4375,2.0,13.71875,2.25],"rotation":0,"texture":"#0","tintindex":0},"south":{"uv":[12.0,0.0,12.0,0.25],"rotation":0,"texture":"#0","tintindex":0},"north":{"uv":[12.0,0.0,12.0,0.25],"rotation":0,"texture":"#0","tintindex":0},"west":{"uv":[13.71875,2.0,13.4375,2.25],"rotation":0,"texture":"#0","tintindex":0},"up":{"uv":[12.0,1.125,12.0,0.0],"rotation":0,"texture":"#0","tintindex":0},"down":{"uv":[12.0,0.0,12.0,1.125],"rotation":0,"texture":"#0","tintindex":0}}},{"from":[7.977959,15.885056,11.160095],"to":[13.923102,20.822199,11.160095],"rotation":{"angle":22.5,"axis":"y","origin":[8.0,14.684507,3.8529868]},"faces":{"east":{"uv":[12.0,0.0,12.0,0.5625],"rotation":0,"texture":"#0","tintindex":0},"south":{"uv":[14.1875,9.5,14.34375,10.0625],"rotation":0,"texture":"#0","tintindex":0},"north":{"uv":[14.34375,9.5,14.1875,10.0625],"rotation":0,"texture":"#0","tintindex":0},"west":{"uv":[12.0,0.0,12.0,0.5625],"rotation":0,"texture":"#0","tintindex":0},"up":{"uv":[12.15625,0.0,12.0,0.0],"rotation":0,"texture":"#0","tintindex":0},"down":{"uv":[12.15625,0.0,12.0,0.0],"rotation":0,"texture":"#0","tintindex":0}}},{"from":[2.0768976,15.885056,11.160095],"to":[8.02204,20.822199,11.160095],"rotation":{"angle":-22.5,"axis":"y","origin":[8.0,14.684507,3.8529868]},"faces":{"east":{"uv":[12.0,0.0,12.0,0.5625],"rotation":0,"texture":"#0","tintindex":0},"south":{"uv":[14.34375,9.5,14.1875,10.0625],"rotation":0,"texture":"#0","tintindex":0},"north":{"uv":[14.1875,9.5,14.34375,10.0625],"rotation":0,"texture":"#0","tintindex":0},"west":{"uv":[12.0,0.0,12.0,0.5625],"rotation":0,"texture":"#0","tintindex":0},"up":{"uv":[12.0,0.0,12.15625,0.0],"rotation":0,"texture":"#0","tintindex":0},"down":{"uv":[12.0,0.0,12.15625,0.0],"rotation":0,"texture":"#0","tintindex":0}}},{"from":[2.0768976,15.885056,6.222952],"to":[2.0768976,20.822199,11.160095],"rotation":{"angle":-22.5,"axis":"y","origin":[8.0,14.684507,3.8529868]},"faces":{"east":{"uv":[12.453125,10.25,12.3125,10.8125],"rotation":0,"texture":"#0","tintindex":0},"south":{"uv":[12.0,0.0,12.0,0.5625],"rotation":0,"texture":"#0","tintindex":0},"north":{"uv":[12.0,0.0,12.0,0.5625],"rotation":0,"texture":"#0","tintindex":0},"west":{"uv":[12.3125,10.25,12.453125,10.8125],"rotation":0,"texture":"#0","tintindex":0},"up":{"uv":[12.0,0.5625,12.0,0.0],"rotation":0,"texture":"#0","tintindex":0},"down":{"uv":[12.0,0.0,12.0,0.5625],"rotation":0,"texture":"#0","tintindex":0}}},{"from":[13.923102,15.885056,6.222952],"to":[13.923102,20.822199,11.160095],"rotation":{"angle":22.5,"axis":"y","origin":[8.0,14.684507,3.8529868]},"faces":{"east":{"uv":[12.453125,10.25,12.3125,10.8125],"rotation":0,"texture":"#0","tintindex":0},"south":{"uv":[12.0,0.0,12.0,0.5625],"rotation":0,"texture":"#0","tintindex":0},"north":{"uv":[12.0,0.0,12.0,0.5625],"rotation":0,"texture":"#0","tintindex":0},"west":{"uv":[12.3125,10.25,12.453125,10.8125],"rotation":0,"texture":"#0","tintindex":0},"up":{"uv":[12.0,0.5625,12.0,0.0],"rotation":0,"texture":"#0","tintindex":0},"down":{"uv":[12.0,0.0,12.0,0.5625],"rotation":0,"texture":"#0","tintindex":0}}},{"from":[15.331657,17.420507,6.963806],"to":[16.6112,19.847935,9.136149],"rotation":{"angle":0.0,"axis":"y","origin":[13.266286,18.63422,3.8529868]},"faces":{"east":{"uv":[14.15625,7.5,14.21875,7.75],"rotation":0,"texture":"#0","tintindex":0},"south":{"uv":[14.875,9.375,14.90625,9.625],"rotation":0,"texture":"#0","tintindex":0},"north":{"uv":[14.875,6.125,14.90625,6.375],"rotation":0,"texture":"#0","tintindex":0},"west":{"uv":[14.15625,7.75,14.21875,8.0],"rotation":0,"texture":"#0","tintindex":0},"up":{"uv":[12.875,11.875,12.84375,11.625],"rotation":0,"texture":"#0","tintindex":0},"down":{"uv":[14.59375,11.625,14.5625,11.875],"rotation":0,"texture":"#0","tintindex":0}}},{"from":[15.331657,19.800556,7.569446],"to":[16.59063,20.355984,8.75436],"rotation":{"angle":22.5,"axis":"x","origin":[15.9611435,19.14227,7.668189]},"faces":{"east":{"uv":[12.96875,13.625,13.0,13.6875],"rotation":0,"texture":"#0","tintindex":0},"south":{"uv":[13.875,13.625,13.90625,13.6875],"rotation":0,"texture":"#0","tintindex":0},"north":{"uv":[14.15625,13.5,14.1875,13.5625],"rotation":0,"texture":"#0","tintindex":0},"west":{"uv":[14.15625,13.625,14.1875,13.6875],"rotation":0,"texture":"#0","tintindex":0},"up":{"uv":[14.15625,0.75,14.125,0.625],"rotation":0,"texture":"#0","tintindex":0},"down":{"uv":[13.4375,9.625,13.40625,9.75],"rotation":0,"texture":"#0","tintindex":0}}},{"from":[15.331657,19.800556,7.345595],"to":[16.59063,20.355984,8.509937],"rotation":{"angle":-22.5,"axis":"x","origin":[15.9611435,19.14227,8.4317665]},"faces":{"east":{"uv":[15.40625,9.5,15.4375,9.5625],"rotation":0,"texture":"#0","tintindex":0},"south":{"uv":[15.40625,9.625,15.4375,9.6875],"rotation":0,"texture":"#0","tintindex":0},"north":{"uv":[15.40625,9.375,15.4375,9.4375],"rotation":0,"texture":"#0","tintindex":0},"west":{"uv":[15.40625,9.75,15.4375,9.8125],"rotation":0,"texture":"#0","tintindex":0},"up":{"uv":[13.21875,10.0,13.1875,9.875],"rotation":0,"texture":"#0","tintindex":0},"down":{"uv":[14.65625,3.0,14.625,3.125],"rotation":0,"texture":"#0","tintindex":0}}},{"from":[15.331657,16.912458,7.345595],"to":[16.59063,17.467888,8.509937],"rotation":{"angle":22.5,"axis":"x","origin":[15.9611435,18.126173,8.4317665]},"faces":{"east":{"uv":[15.40625,10.25,15.4375,10.3125],"rotation":0,"texture":"#0","tintindex":0},"south":{"uv":[15.40625,10.375,15.4375,10.4375],"rotation":0,"texture":"#0","tintindex":0},"north":{"uv":[15.40625,10.125,15.4375,10.1875],"rotation":0,"texture":"#0","tintindex":0},"west":{"uv":[15.40625,10.5,15.4375,10.5625],"rotation":0,"texture":"#0","tintindex":0},"up":{"uv":[14.78125,10.875,14.75,10.75],"rotation":0,"texture":"#0","tintindex":0},"down":{"uv":[12.125,11.5,12.09375,11.625],"rotation":0,"texture":"#0","tintindex":0}}},{"from":[15.331657,16.912458,7.569446],"to":[16.59063,17.467888,8.75436],"rotation":{"angle":-22.5,"axis":"x","origin":[15.9611435,18.126173,7.668189]},"faces":{"east":{"uv":[15.40625,9.875,15.4375,9.9375],"rotation":0,"texture":"#0","tintindex":0},"south":{"uv":[14.5,13.625,14.53125,13.6875],"rotation":0,"texture":"#0","tintindex":0},"north":{"uv":[14.46875,13.625,14.5,13.6875],"rotation":0,"texture":"#0","tintindex":0},"west":{"uv":[15.40625,10.0,15.4375,10.0625],"rotation":0,"texture":"#0","tintindex":0},"up":{"uv":[12.90625,10.75,12.875,10.625],"rotation":0,"texture":"#0","tintindex":0},"down":{"uv":[13.8125,10.625,13.78125,10.75],"rotation":0,"texture":"#0","tintindex":0}}},{"from":[15.331657,17.955587,8.963251],"to":[16.59063,19.263931,9.51868],"rotation":{"angle":22.5,"axis":"x","origin":[15.9611435,18.63422,7.983512]},"faces":{"east":{"uv":[14.8125,13.625,14.828125,13.75],"rotation":0,"texture":"#0","tintindex":0},"south":{"uv":[12.46875,11.75,12.5,11.875],"rotation":0,"texture":"#0","tintindex":0},"north":{"uv":[14.90625,7.375,14.9375,7.5],"rotation":0,"texture":"#0","tintindex":0},"west":{"uv":[15.40625,11.25,15.421875,11.375],"rotation":0,"texture":"#0","tintindex":0},"up":{"uv":[14.875,13.6875,14.84375,13.625],"rotation":0,"texture":"#0","tintindex":0},"down":{"uv":[14.90625,13.625,14.875,13.6875],"rotation":0,"texture":"#0","tintindex":0}}},{"from":[15.331657,17.99272,8.966887],"to":[16.59063,19.301064,9.522316],"rotation":{"angle":-22.5,"axis":"x","origin":[15.9611435,18.63422,7.983512]},"faces":{"east":{"uv":[15.40625,10.625,15.421875,10.75],"rotation":0,"texture":"#0","tintindex":0},"south":{"uv":[14.875,9.625,14.90625,9.75],"rotation":0,"texture":"#0","tintindex":0},"north":{"uv":[12.125,11.5,12.15625,11.625],"rotation":0,"texture":"#0","tintindex":0},"west":{"uv":[15.40625,10.75,15.421875,10.875],"rotation":0,"texture":"#0","tintindex":0},"up":{"uv":[14.8125,13.6875,14.78125,13.625],"rotation":0,"texture":"#0","tintindex":0},"down":{"uv":[15.4375,11.125,15.40625,11.1875],"rotation":0,"texture":"#0","tintindex":0}}},{"from":[15.331657,17.99272,6.588791],"to":[16.59063,19.301064,7.1442194],"rotation":{"angle":22.5,"axis":"x","origin":[15.9611435,18.63422,8.127595]},"faces":{"east":{"uv":[15.40625,12.0,15.421875,12.125],"rotation":0,"texture":"#0","tintindex":0},"south":{"uv":[12.84375,12.125,12.875,12.25],"rotation":0,"texture":"#0","tintindex":0},"north":{"uv":[14.96875,5.875,15.0,6.0],"rotation":0,"texture":"#0","tintindex":0},"west":{"uv":[15.03125,13.625,15.046875,13.75],"rotation":0,"texture":"#0","tintindex":0},"up":{"uv":[15.4375,12.1875,15.40625,12.125],"rotation":0,"texture":"#0","tintindex":0},"down":{"uv":[15.09375,13.625,15.0625,13.6875],"rotation":0,"texture":"#0","tintindex":0}}},{"from":[15.331657,17.955587,6.5924273],"to":[16.59063,19.263931,7.1478558],"rotation":{"angle":-22.5,"axis":"x","origin":[15.9611435,18.63422,8.127595]},"faces":{"east":{"uv":[14.90625,13.625,14.921875,13.75],"rotation":0,"texture":"#0","tintindex":0},"south":{"uv":[14.9375,5.875,14.96875,6.0],"rotation":0,"texture":"#0","tintindex":0},"north":{"uv":[12.5,11.75,12.53125,11.875],"rotation":0,"texture":"#0","tintindex":0},"west":{"uv":[14.9375,13.625,14.953125,13.75],"rotation":0,"texture":"#0","tintindex":0},"up":{"uv":[15.0,13.6875,14.96875,13.625],"rotation":0,"texture":"#0","tintindex":0},"down":{"uv":[15.03125,13.625,15.0,13.6875],"rotation":0,"texture":"#0","tintindex":0}}},{"from":[-0.61120033,17.420507,6.963806],"to":[0.6683421,19.847935,9.136149],"rotation":{"angle":0.0,"axis":"y","origin":[2.733714,18.63422,3.8529868]},"faces":{"east":{"uv":[14.28125,10.375,14.34375,10.625],"rotation":0,"texture":"#0","tintindex":0},"south":{"uv":[14.84375,11.875,14.875,12.125],"rotation":0,"texture":"#0","tintindex":0},"north":{"uv":[12.84375,11.875,12.875,12.125],"rotation":0,"texture":"#0","tintindex":0},"west":{"uv":[14.59375,10.625,14.65625,10.875],"rotation":0,"texture":"#0","tintindex":0},"up":{"uv":[14.5625,12.625,14.53125,12.375],"rotation":0,"texture":"#0","tintindex":0},"down":{"uv":[13.0,13.125,12.96875,13.375],"rotation":0,"texture":"#0","tintindex":0}}},{"from":[-0.5906286,19.800556,7.569446],"to":[0.6683426,20.355984,8.75436],"rotation":{"angle":22.5,"axis":"x","origin":[0.038856506,19.14227,7.668189]},"faces":{"east":{"uv":[12.59375,13.75,12.625,13.8125],"rotation":0,"texture":"#0","tintindex":0},"south":{"uv":[12.625,13.75,12.65625,13.8125],"rotation":0,"texture":"#0","tintindex":0},"north":{"uv":[12.5625,13.75,12.59375,13.8125],"rotation":0,"texture":"#0","tintindex":0},"west":{"uv":[12.65625,13.75,12.6875,13.8125],"rotation":0,"texture":"#0","tintindex":0},"up":{"uv":[13.0,13.625,12.96875,13.5],"rotation":0,"texture":"#0","tintindex":0},"down":{"uv":[13.90625,13.5,13.875,13.625],"rotation":0,"texture":"#0","tintindex":0}}},{"from":[-0.5906286,19.800556,7.345595],"to":[0.6683426,20.355984,8.509937],"rotation":{"angle":-22.5,"axis":"x","origin":[0.038856506,19.14227,8.4317665]},"faces":{"east":{"uv":[12.3125,13.75,12.34375,13.8125],"rotation":0,"texture":"#0","tintindex":0},"south":{"uv":[12.34375,13.75,12.375,13.8125],"rotation":0,"texture":"#0","tintindex":0},"north":{"uv":[12.28125,13.75,12.3125,13.8125],"rotation":0,"texture":"#0","tintindex":0},"west":{"uv":[12.53125,13.75,12.5625,13.8125],"rotation":0,"texture":"#0","tintindex":0},"up":{"uv":[15.0625,13.5,15.03125,13.375],"rotation":0,"texture":"#0","tintindex":0},"down":{"uv":[15.09375,13.375,15.0625,13.5],"rotation":0,"texture":"#0","tintindex":0}}},{"from":[-0.5906286,17.99272,6.588791],"to":[0.6683426,19.301064,7.1442194],"rotation":{"angle":22.5,"axis":"x","origin":[0.038856506,18.63422,8.127595]},"faces":{"east":{"uv":[12.15625,13.75,12.171875,13.875],"rotation":0,"texture":"#0","tintindex":0},"south":{"uv":[14.0625,13.375,14.09375,13.5],"rotation":0,"texture":"#0","tintindex":0},"north":{"uv":[13.875,13.375,13.90625,13.5],"rotation":0,"texture":"#0","tintindex":0},"west":{"uv":[12.1875,13.75,12.203125,13.875],"rotation":0,"texture":"#0","tintindex":0},"up":{"uv":[12.25,13.8125,12.21875,13.75],"rotation":0,"texture":"#0","tintindex":0},"down":{"uv":[12.28125,13.75,12.25,13.8125],"rotation":0,"texture":"#0","tintindex":0}}},{"from":[-0.5906286,17.955587,6.5924273],"to":[0.6683426,19.263931,7.1478558],"rotation":{"angle":-22.5,"axis":"x","origin":[0.038856506,18.63422,8.127595]},"faces":{"east":{"uv":[12.03125,13.75,12.046875,13.875],"rotation":0,"texture":"#0","tintindex":0},"south":{"uv":[12.96875,13.375,13.0,13.5],"rotation":0,"texture":"#0","tintindex":0},"north":{"uv":[12.8125,13.25,12.84375,13.375],"rotation":0,"texture":"#0","tintindex":0},"west":{"uv":[12.0625,13.75,12.078125,13.875],"rotation":0,"texture":"#0","tintindex":0},"up":{"uv":[12.125,13.8125,12.09375,13.75],"rotation":0,"texture":"#0","tintindex":0},"down":{"uv":[12.15625,13.75,12.125,13.8125],"rotation":0,"texture":"#0","tintindex":0}}},{"from":[-0.5906286,16.912458,7.345595],"to":[0.6683426,17.467888,8.509937],"rotation":{"angle":22.5,"axis":"x","origin":[0.038856506,18.126173,8.4317665]},"faces":{"east":{"uv":[15.375,13.625,15.40625,13.6875],"rotation":0,"texture":"#0","tintindex":0},"south":{"uv":[15.40625,13.625,15.4375,13.6875],"rotation":0,"texture":"#0","tintindex":0},"north":{"uv":[15.34375,13.625,15.375,13.6875],"rotation":0,"texture":"#0","tintindex":0},"west":{"uv":[12.0,13.75,12.03125,13.8125],"rotation":0,"texture":"#0","tintindex":0},"up":{"uv":[15.3125,12.125,15.28125,12.0],"rotation":0,"texture":"#0","tintindex":0},"down":{"uv":[12.8125,13.25,12.78125,13.375],"rotation":0,"texture":"#0","tintindex":0}}},{"from":[-0.5906286,16.912458,7.569446],"to":[0.6683426,17.467888,8.75436],"rotation":{"angle":-22.5,"axis":"x","origin":[0.038856506,18.126173,7.668189]},"faces":{"east":{"uv":[15.25,13.625,15.28125,13.6875],"rotation":0,"texture":"#0","tintindex":0},"south":{"uv":[15.28125,13.625,15.3125,13.6875],"rotation":0,"texture":"#0","tintindex":0},"north":{"uv":[15.21875,13.625,15.25,13.6875],"rotation":0,"texture":"#0","tintindex":0},"west":{"uv":[15.3125,13.625,15.34375,13.6875],"rotation":0,"texture":"#0","tintindex":0},"up":{"uv":[15.21875,4.625,15.1875,4.5],"rotation":0,"texture":"#0","tintindex":0},"down":{"uv":[12.09375,12.875,12.0625,13.0],"rotation":0,"texture":"#0","tintindex":0}}},{"from":[-0.5906286,17.955587,8.963251],"to":[0.6683426,19.263931,9.51868],"rotation":{"angle":22.5,"axis":"x","origin":[0.038856506,18.63422,7.983512]},"faces":{"east":{"uv":[15.40625,12.5,15.421875,12.625],"rotation":0,"texture":"#0","tintindex":0},"south":{"uv":[14.53125,12.625,14.5625,12.75],"rotation":0,"texture":"#0","tintindex":0},"north":{"uv":[14.03125,12.625,14.0625,12.75],"rotation":0,"texture":"#0","tintindex":0},"west":{"uv":[15.15625,13.625,15.171875,13.75],"rotation":0,"texture":"#0","tintindex":0},"up":{"uv":[15.4375,12.6875,15.40625,12.625],"rotation":0,"texture":"#0","tintindex":0},"down":{"uv":[15.21875,13.625,15.1875,13.6875],"rotation":0,"texture":"#0","tintindex":0}}},{"from":[-0.5906286,17.99272,8.966887],"to":[0.6683426,19.301064,9.522316],"rotation":{"angle":-22.5,"axis":"x","origin":[0.038856506,18.63422,7.983512]},"faces":{"east":{"uv":[15.40625,12.25,15.421875,12.375],"rotation":0,"texture":"#0","tintindex":0},"south":{"uv":[15.15625,4.5,15.1875,4.625],"rotation":0,"texture":"#0","tintindex":0},"north":{"uv":[12.75,12.5,12.78125,12.625],"rotation":0,"texture":"#0","tintindex":0},"west":{"uv":[15.09375,13.625,15.109375,13.75],"rotation":0,"texture":"#0","tintindex":0},"up":{"uv":[15.4375,12.4375,15.40625,12.375],"rotation":0,"texture":"#0","tintindex":0},"down":{"uv":[15.15625,13.625,15.125,13.6875],"rotation":0,"texture":"#0","tintindex":0}}},{"from":[0.6683421,18.037651,7.3752346],"to":[15.331657,19.436508,8.724721],"rotation":{"angle":0.0,"axis":"y","origin":[13.266286,18.63422,3.8529868]},"faces":{"east":{"uv":[13.9375,0.75,13.96875,0.875],"rotation":0,"texture":"#0","tintindex":0},"south":{"uv":[15.0,6.875,15.40625,7.0],"rotation":0,"texture":"#0","tintindex":0},"north":{"uv":[14.9375,6.0,15.34375,6.125],"rotation":0,"texture":"#0","tintindex":0},"west":{"uv":[13.15625,7.75,13.1875,7.875],"rotation":0,"texture":"#0","tintindex":0},"up":{"uv":[15.40625,11.25,15.0,11.125],"rotation":0,"texture":"#0","tintindex":0},"down":{"uv":[15.40625,11.25,15.0,11.375],"rotation":0,"texture":"#0","tintindex":0}}},{"from":[5.0048,13.470793,-4.3916225],"to":[10.9952,15.898222,9.465292],"rotation":{"angle":0.0,"axis":"y","origin":[8.0,14.684507,3.8529868]},"faces":{"east":{"uv":[14.3125,6.125,14.6875,6.375],"rotation":0,"texture":"#0","tintindex":0},"south":{"uv":[15.15625,11.375,15.3125,11.625],"rotation":0,"texture":"#0","tintindex":0},"north":{"uv":[15.15625,7.625,15.3125,7.875],"rotation":0,"texture":"#0","tintindex":0},"west":{"uv":[13.40625,9.75,13.78125,10.0],"rotation":0,"texture":"#0","tintindex":0},"up":{"uv":[13.1875,7.75,13.03125,6.25],"rotation":0,"texture":"#0","tintindex":0},"down":{"uv":[12.15625,6.375,12.0,7.875],"rotation":0,"texture":"#0","tintindex":0}}},{"from":[6.650514,13.470793,11.933864],"to":[9.349485,20.423935,16.04815],"rotation":{"angle":0.0,"axis":"y","origin":[8.0,14.684507,3.8529868]},"faces":{"east":{"uv":[12.1875,10.0,12.296875,10.75],"rotation":0,"texture":"#0","tintindex":0},"south":{"uv":[14.15625,12.0,14.234375,12.75],"rotation":0,"texture":"#0","tintindex":0},"north":{"uv":[14.0625,12.0,14.140625,12.75],"rotation":0,"texture":"#0","tintindex":0},"west":{"uv":[14.5,3.625,14.609375,4.375],"rotation":0,"texture":"#0","tintindex":0},"up":{"uv":[12.359375,13.4375,12.28125,13.0],"rotation":0,"texture":"#0","tintindex":0},"down":{"uv":[14.171875,13.0,14.09375,13.4375],"rotation":0,"texture":"#0","tintindex":0}}},{"from":[3.6299086,9.742909,7.1739564],"to":[12.370091,15.975087,13.406134],"rotation":{"angle":-45.0,"axis":"x","origin":[8.0,10.367364,7.7984104]},"faces":{"east":{"uv":[14.125,3.625,14.296875,4.3125],"rotation":0,"texture":"#0","tintindex":0},"south":{"uv":[13.875,3.625,14.109375,4.3125],"rotation":0,"texture":"#0","tintindex":0},"north":{"uv":[13.71875,2.875,13.953125,3.5625],"rotation":0,"texture":"#0","tintindex":0},"west":{"uv":[14.125,5.75,14.296875,6.4375],"rotation":0,"texture":"#0","tintindex":0},"up":{"uv":[14.109375,6.4375,13.875,5.75],"rotation":0,"texture":"#0","tintindex":0},"down":{"uv":[13.765625,7.5,13.53125,8.1875],"rotation":0,"texture":"#0","tintindex":0}}},{"from":[6.127489,13.513992,10.2259245],"to":[9.049654,20.771593,13.148088],"rotation":{"angle":45.0,"axis":"y","origin":[8.0,16.947365,11.2755785]},"faces":{"east":{"uv":[14.0625,11.125,14.140625,11.9375],"rotation":0,"texture":"#0","tintindex":0},"south":{"uv":[14.28125,11.125,14.359375,11.9375],"rotation":0,"texture":"#0","tintindex":0},"north":{"uv":[13.96875,11.125,14.046875,11.9375],"rotation":0,"texture":"#0","tintindex":0},"west":{"uv":[14.375,11.125,14.453125,11.9375],"rotation":0,"texture":"#0","tintindex":0},"up":{"uv":[15.390625,7.6875,15.3125,7.375],"rotation":0,"texture":"#0","tintindex":0},"down":{"uv":[14.328125,13.25,14.25,13.5625],"rotation":0,"texture":"#0","tintindex":0}}},{"from":[6.262438,13.51605,14.657658],"to":[8.170898,20.36222,16.56612],"rotation":{"angle":45.0,"axis":"y","origin":[8.134949,16.599707,14.884455]},"faces":{"east":{"uv":[12.71875,12.875,12.765625,13.625],"rotation":0,"texture":"#0","tintindex":0},"south":{"uv":[15.21875,5.25,15.265625,6.0],"rotation":0,"texture":"#0","tintindex":0},"north":{"uv":[12.0,12.875,12.046875,13.625],"rotation":0,"texture":"#0","tintindex":0},"west":{"uv":[15.21875,7.875,15.265625,8.625],"rotation":0,"texture":"#0","tintindex":0},"up":{"uv":[14.734375,12.4375,14.6875,12.25],"rotation":0,"texture":"#0","tintindex":0},"down":{"uv":[12.703125,13.125,12.65625,13.3125],"rotation":0,"texture":"#0","tintindex":0}}}],"display":{"head":{"translation":[0.0,-6.4,0.0],"scale":[4.0,4.0,4.0]}}}