{"textures":{"0":"minecraft:modelengine/entity/artillery_cannon_tier5"},"elements":[{"from":[7.1130586,6.2798467,6.3542857],"to":[13.926316,9.7358465,9.645715],"rotation":{"angle":22.5,"axis":"z","origin":[7.620394,7.8646255,8.0]},"faces":{"east":{"uv":[12.78125,7.25,12.875,7.625],"rotation":0,"texture":"#0","tintindex":0},"south":{"uv":[12.875,10.75,13.0625,11.125],"rotation":0,"texture":"#0","tintindex":0},"north":{"uv":[13.125,3.625,13.3125,4.0],"rotation":0,"texture":"#0","tintindex":0},"west":{"uv":[12.6875,8.75,12.78125,9.125],"rotation":0,"texture":"#0","tintindex":0},"up":{"uv":[13.96875,11.125,13.78125,10.75],"rotation":0,"texture":"#0","tintindex":0},"down":{"uv":[14.15625,10.75,13.96875,11.125],"rotation":0,"texture":"#0","tintindex":0}}},{"from":[12.58893,4.1975207,6.56],"to":[17.756474,7.118664,9.440001],"rotation":{"angle":45.0,"axis":"z","origin":[7.620394,7.8646255,8.0]},"faces":{"east":{"uv":[14.34375,13.25,14.421875,13.5625],"rotation":0,"texture":"#0","tintindex":0},"south":{"uv":[15.09375,3.5,15.234375,3.8125],"rotation":0,"texture":"#0","tintindex":0},"north":{"uv":[15.09375,2.375,15.234375,2.6875],"rotation":0,"texture":"#0","tintindex":0},"west":{"uv":[15.3125,12.0,15.390625,12.3125],"rotation":0,"texture":"#0","tintindex":0},"up":{"uv":[15.234375,6.4375,15.09375,6.125],"rotation":0,"texture":"#0","tintindex":0},"down":{"uv":[15.234375,7.0,15.09375,7.3125],"rotation":0,"texture":"#0","tintindex":0}}},{"from":[12.219965,15.674444,6.765714],"to":[14.688537,21.1277,9.234285],"rotation":{"angle":-22.5,"axis":"z","origin":[7.620394,7.8646255,8.0]},"faces":{"east":{"uv":[14.75,12.875,14.8125,13.4375],"rotation":0,"texture":"#0","tintindex":0},"south":{"uv":[14.8125,12.875,14.875,13.4375],"rotation":0,"texture":"#0","tintindex":0},"north":{"uv":[14.6875,12.875,14.75,13.4375],"rotation":0,"texture":"#0","tintindex":0},"west":{"uv":[14.875,12.875,14.9375,13.4375],"rotation":0,"texture":"#0","tintindex":0},"up":{"uv":[13.28125,9.25,13.21875,9.0],"rotation":0,"texture":"#0","tintindex":0},"down":{"uv":[12.4375,9.375,12.375,9.625],"rotation":0,"texture":"#0","tintindex":0}}},{"from":[16.949665,15.447937,6.56],"to":[22.117208,18.369081,9.440001],"rotation":{"angle":0.0,"axis":"y","origin":[7.620394,7.8646255,8.0]},"faces":{"east":{"uv":[15.3125,12.375,15.390625,12.6875],"rotation":0,"texture":"#0","tintindex":0},"south":{"uv":[15.125,9.125,15.265625,9.4375],"rotation":0,"texture":"#0","tintindex":0},"north":{"uv":[15.125,4.875,15.265625,5.1875],"rotation":0,"texture":"#0","tintindex":0},"west":{"uv":[12.53125,13.375,12.609375,13.6875],"rotation":0,"texture":"#0","tintindex":0},"up":{"uv":[15.265625,9.8125,15.125,9.5],"rotation":0,"texture":"#0","tintindex":0},"down":{"uv":[15.265625,9.875,15.125,10.1875],"rotation":0,"texture":"#0","tintindex":0}}},{"from":[16.922466,20.449865,6.765714],"to":[22.295723,22.918438,9.234285],"rotation":{"angle":-22.5,"axis":"z","origin":[7.620394,7.8646255,8.0]},"faces":{"east":{"uv":[12.3125,10.0,12.375,10.25],"rotation":0,"texture":"#0","tintindex":0},"south":{"uv":[15.21875,8.625,15.359375,8.875],"rotation":0,"texture":"#0","tintindex":0},"north":{"uv":[15.21875,4.5,15.359375,4.75],"rotation":0,"texture":"#0","tintindex":0},"west":{"uv":[14.28125,10.125,14.34375,10.375],"rotation":0,"texture":"#0","tintindex":0},"up":{"uv":[15.359375,9.125,15.21875,8.875],"rotation":0,"texture":"#0","tintindex":0},"down":{"uv":[15.078125,12.875,14.9375,13.125],"rotation":0,"texture":"#0","tintindex":0}}},{"from":[15.588976,25.341726,7.1771426],"to":[20.75652,27.028585,8.822857],"rotation":{"angle":-45.0,"axis":"z","origin":[7.620394,7.8646255,8.0]},"faces":{"east":{"uv":[14.46875,13.125,14.515625,13.3125],"rotation":0,"texture":"#0","tintindex":0},"south":{"uv":[15.28125,11.75,15.421875,11.9375],"rotation":0,"texture":"#0","tintindex":0},"north":{"uv":[14.9375,13.125,15.078125,13.3125],"rotation":0,"texture":"#0","tintindex":0},"west":{"uv":[14.46875,13.375,14.515625,13.5625],"rotation":0,"texture":"#0","tintindex":0},"up":{"uv":[15.421875,13.0625,15.28125,12.875],"rotation":0,"texture":"#0","tintindex":0},"down":{"uv":[15.421875,13.125,15.28125,13.3125],"rotation":0,"texture":"#0","tintindex":0}}},{"from":[17.406809,18.819366,6.845714],"to":[22.574352,21.16908,9.154285],"rotation":{"angle":22.5,"axis":"z","origin":[24.242165,18.504461,8.0]},"faces":{"east":{"uv":[15.3125,12.375,15.390625,12.6875],"rotation":0,"texture":"#0","tintindex":0},"south":{"uv":[15.125,9.125,15.265625,9.4375],"rotation":0,"texture":"#0","tintindex":0},"north":{"uv":[15.125,4.875,15.265625,5.1875],"rotation":0,"texture":"#0","tintindex":0},"west":{"uv":[12.53125,13.375,12.609375,13.6875],"rotation":0,"texture":"#0","tintindex":0},"up":{"uv":[15.265625,9.8125,15.125,9.5],"rotation":0,"texture":"#0","tintindex":0},"down":{"uv":[15.265625,9.875,15.125,10.1875],"rotation":0,"texture":"#0","tintindex":0}}},{"from":[21.391567,18.188633,7.051429],"to":[26.764826,20.085777,8.948571],"rotation":{"angle":0.0,"axis":"y","origin":[24.242165,18.504461,8.0]},"faces":{"east":{"uv":[12.3125,10.0,12.375,10.25],"rotation":0,"texture":"#0","tintindex":0},"south":{"uv":[15.21875,8.625,15.359375,8.875],"rotation":0,"texture":"#0","tintindex":0},"north":{"uv":[15.21875,4.5,15.359375,4.75],"rotation":0,"texture":"#0","tintindex":0},"west":{"uv":[14.28125,10.125,14.34375,10.375],"rotation":0,"texture":"#0","tintindex":0},"up":{"uv":[15.359375,9.125,15.21875,8.875],"rotation":0,"texture":"#0","tintindex":0},"down":{"uv":[15.078125,12.875,14.9375,13.125],"rotation":0,"texture":"#0","tintindex":0}}},{"from":[25.92017,19.411905,7.4628572],"to":[31.087713,20.527334,8.537143],"rotation":{"angle":-22.5,"axis":"z","origin":[24.242165,18.504461,8.0]},"faces":{"east":{"uv":[14.46875,13.125,14.515625,13.3125],"rotation":0,"texture":"#0","tintindex":0},"south":{"uv":[15.28125,11.75,15.421875,11.9375],"rotation":0,"texture":"#0","tintindex":0},"north":{"uv":[14.9375,13.125,15.078125,13.3125],"rotation":0,"texture":"#0","tintindex":0},"west":{"uv":[14.46875,13.375,14.515625,13.5625],"rotation":0,"texture":"#0","tintindex":0},"up":{"uv":[15.421875,13.0625,15.28125,12.875],"rotation":0,"texture":"#0","tintindex":0},"down":{"uv":[15.421875,13.125,15.28125,13.3125],"rotation":0,"texture":"#0","tintindex":0}}},{"from":[16.705996,21.42794,6.9149714],"to":[21.563486,23.636671,9.085029],"rotation":{"angle":45.0,"axis":"z","origin":[23.195164,21.28628,8.0]},"faces":{"east":{"uv":[15.3125,12.375,15.390625,12.6875],"rotation":0,"texture":"#0","tintindex":0},"south":{"uv":[15.125,9.125,15.265625,9.4375],"rotation":0,"texture":"#0","tintindex":0},"north":{"uv":[15.125,4.875,15.265625,5.1875],"rotation":0,"texture":"#0","tintindex":0},"west":{"uv":[12.53125,13.375,12.609375,13.6875],"rotation":0,"texture":"#0","tintindex":0},"up":{"uv":[15.265625,9.8125,15.125,9.5],"rotation":0,"texture":"#0","tintindex":0},"down":{"uv":[15.265625,9.875,15.125,10.1875],"rotation":0,"texture":"#0","tintindex":0}}},{"from":[20.515602,20.822334,7.1083426],"to":[25.566463,22.605648,8.891657],"rotation":{"angle":22.5,"axis":"z","origin":[23.195164,21.28628,8.0]},"faces":{"east":{"uv":[12.3125,10.0,12.375,10.25],"rotation":0,"texture":"#0","tintindex":0},"south":{"uv":[15.21875,8.625,15.359375,8.875],"rotation":0,"texture":"#0","tintindex":0},"north":{"uv":[15.21875,4.5,15.359375,4.75],"rotation":0,"texture":"#0","tintindex":0},"west":{"uv":[14.28125,10.125,14.34375,10.375],"rotation":0,"texture":"#0","tintindex":0},"up":{"uv":[15.359375,9.125,15.21875,8.875],"rotation":0,"texture":"#0","tintindex":0},"down":{"uv":[15.078125,12.875,14.9375,13.125],"rotation":0,"texture":"#0","tintindex":0}}},{"from":[24.836422,21.984928,7.4950857],"to":[29.693913,23.033428,8.504914],"rotation":{"angle":0.0,"axis":"y","origin":[23.195164,21.28628,8.0]},"faces":{"east":{"uv":[14.46875,13.125,14.515625,13.3125],"rotation":0,"texture":"#0","tintindex":0},"south":{"uv":[15.28125,11.75,15.421875,11.9375],"rotation":0,"texture":"#0","tintindex":0},"north":{"uv":[14.9375,13.125,15.078125,13.3125],"rotation":0,"texture":"#0","tintindex":0},"west":{"uv":[14.46875,13.375,14.515625,13.5625],"rotation":0,"texture":"#0","tintindex":0},"up":{"uv":[15.421875,13.0625,15.28125,12.875],"rotation":0,"texture":"#0","tintindex":0},"down":{"uv":[15.421875,13.125,15.28125,13.3125],"rotation":0,"texture":"#0","tintindex":0}}}],"display":{"head":{"translation":[0.0,-6.4,0.0],"scale":[4.0,4.0,4.0]}}}