{"textures":{"0":"minecraft:modelengine/entity/artillery_cannon_tier5"},"elements":[{"from":[-13.6939125,21.984928,7.4950857],"to":[-8.836422,23.033428,8.504914],"rotation":{"angle":0.0,"axis":"y","origin":[-7.1951637,21.28628,8.0]},"faces":{"east":{"uv":[14.515625,13.375,14.46875,13.5625],"rotation":0,"texture":"#0","tintindex":0},"south":{"uv":[15.421875,11.75,15.28125,11.9375],"rotation":0,"texture":"#0","tintindex":0},"north":{"uv":[15.078125,13.125,14.9375,13.3125],"rotation":0,"texture":"#0","tintindex":0},"west":{"uv":[14.515625,13.125,14.46875,13.3125],"rotation":0,"texture":"#0","tintindex":0},"up":{"uv":[15.28125,13.0625,15.421875,12.875],"rotation":0,"texture":"#0","tintindex":0},"down":{"uv":[15.28125,13.125,15.421875,13.3125],"rotation":0,"texture":"#0","tintindex":0}}},{"from":[-9.566463,20.822334,7.1083426],"to":[-4.515603,22.605648,8.891657],"rotation":{"angle":-22.5,"axis":"z","origin":[-7.1951637,21.28628,8.0]},"faces":{"east":{"uv":[14.34375,10.125,14.28125,10.375],"rotation":0,"texture":"#0","tintindex":0},"south":{"uv":[15.359375,8.625,15.21875,8.875],"rotation":0,"texture":"#0","tintindex":0},"north":{"uv":[15.359375,4.5,15.21875,4.75],"rotation":0,"texture":"#0","tintindex":0},"west":{"uv":[12.375,10.0,12.3125,10.25],"rotation":0,"texture":"#0","tintindex":0},"up":{"uv":[15.21875,9.125,15.359375,8.875],"rotation":0,"texture":"#0","tintindex":0},"down":{"uv":[14.9375,12.875,15.078125,13.125],"rotation":0,"texture":"#0","tintindex":0}}},{"from":[-5.563486,21.42794,6.9149714],"to":[-0.70599556,23.636671,9.085029],"rotation":{"angle":-45.0,"axis":"z","origin":[-7.1951637,21.28628,8.0]},"faces":{"east":{"uv":[12.609375,13.375,12.53125,13.6875],"rotation":0,"texture":"#0","tintindex":0},"south":{"uv":[15.265625,9.125,15.125,9.4375],"rotation":0,"texture":"#0","tintindex":0},"north":{"uv":[15.265625,4.875,15.125,5.1875],"rotation":0,"texture":"#0","tintindex":0},"west":{"uv":[15.390625,12.375,15.3125,12.6875],"rotation":0,"texture":"#0","tintindex":0},"up":{"uv":[15.125,9.8125,15.265625,9.5],"rotation":0,"texture":"#0","tintindex":0},"down":{"uv":[15.125,9.875,15.265625,10.1875],"rotation":0,"texture":"#0","tintindex":0}}},{"from":[2.0736837,6.2798467,6.3542857],"to":[8.886942,9.7358465,9.645715],"rotation":{"angle":-22.5,"axis":"z","origin":[8.379605,7.8646255,8.0]},"faces":{"east":{"uv":[13.8125,9.125,13.90625,9.5],"rotation":0,"texture":"#0","tintindex":0},"south":{"uv":[12.25,10.875,12.4375,11.25],"rotation":0,"texture":"#0","tintindex":0},"north":{"uv":[14.6875,9.375,14.875,9.75],"rotation":0,"texture":"#0","tintindex":0},"west":{"uv":[12.90625,9.75,13.0,10.125],"rotation":0,"texture":"#0","tintindex":0},"up":{"uv":[12.625,11.25,12.4375,10.875],"rotation":0,"texture":"#0","tintindex":0},"down":{"uv":[14.78125,10.875,14.59375,11.25],"rotation":0,"texture":"#0","tintindex":0}}},{"from":[-1.7564735,4.1975207,6.56],"to":[3.4110694,7.118664,9.440001],"rotation":{"angle":-45.0,"axis":"z","origin":[8.379605,7.8646255,8.0]},"faces":{"east":{"uv":[12.625,13.375,12.703125,13.6875],"rotation":0,"texture":"#0","tintindex":0},"south":{"uv":[15.125,10.625,15.265625,10.9375],"rotation":0,"texture":"#0","tintindex":0},"north":{"uv":[15.125,10.25,15.265625,10.5625],"rotation":0,"texture":"#0","tintindex":0},"west":{"uv":[12.78125,13.375,12.859375,13.6875],"rotation":0,"texture":"#0","tintindex":0},"up":{"uv":[14.828125,12.8125,14.6875,12.5],"rotation":0,"texture":"#0","tintindex":0},"down":{"uv":[14.984375,12.5,14.84375,12.8125],"rotation":0,"texture":"#0","tintindex":0}}},{"from":[-6.5743513,18.819366,6.845714],"to":[-1.4068089,21.16908,9.154285],"rotation":{"angle":-22.5,"axis":"z","origin":[-8.242165,18.504461,8.0]},"faces":{"east":{"uv":[12.609375,13.375,12.53125,13.6875],"rotation":0,"texture":"#0","tintindex":0},"south":{"uv":[15.265625,9.125,15.125,9.4375],"rotation":0,"texture":"#0","tintindex":0},"north":{"uv":[15.265625,4.875,15.125,5.1875],"rotation":0,"texture":"#0","tintindex":0},"west":{"uv":[15.390625,12.375,15.3125,12.6875],"rotation":0,"texture":"#0","tintindex":0},"up":{"uv":[15.125,9.8125,15.265625,9.5],"rotation":0,"texture":"#0","tintindex":0},"down":{"uv":[15.125,9.875,15.265625,10.1875],"rotation":0,"texture":"#0","tintindex":0}}},{"from":[-10.764826,18.188633,7.051429],"to":[-5.391567,20.085777,8.948571],"rotation":{"angle":0.0,"axis":"y","origin":[-8.242165,18.504461,8.0]},"faces":{"east":{"uv":[14.34375,10.125,14.28125,10.375],"rotation":0,"texture":"#0","tintindex":0},"south":{"uv":[15.359375,8.625,15.21875,8.875],"rotation":0,"texture":"#0","tintindex":0},"north":{"uv":[15.359375,4.5,15.21875,4.75],"rotation":0,"texture":"#0","tintindex":0},"west":{"uv":[12.375,10.0,12.3125,10.25],"rotation":0,"texture":"#0","tintindex":0},"up":{"uv":[15.21875,9.125,15.359375,8.875],"rotation":0,"texture":"#0","tintindex":0},"down":{"uv":[14.9375,12.875,15.078125,13.125],"rotation":0,"texture":"#0","tintindex":0}}},{"from":[-15.087713,19.411905,7.4628572],"to":[-9.92017,20.527334,8.537143],"rotation":{"angle":22.5,"axis":"z","origin":[-8.242165,18.504461,8.0]},"faces":{"east":{"uv":[14.515625,13.375,14.46875,13.5625],"rotation":0,"texture":"#0","tintindex":0},"south":{"uv":[15.421875,11.75,15.28125,11.9375],"rotation":0,"texture":"#0","tintindex":0},"north":{"uv":[15.078125,13.125,14.9375,13.3125],"rotation":0,"texture":"#0","tintindex":0},"west":{"uv":[14.515625,13.125,14.46875,13.3125],"rotation":0,"texture":"#0","tintindex":0},"up":{"uv":[15.28125,13.0625,15.421875,12.875],"rotation":0,"texture":"#0","tintindex":0},"down":{"uv":[15.28125,13.125,15.421875,13.3125],"rotation":0,"texture":"#0","tintindex":0}}},{"from":[1.3114634,15.674444,6.765714],"to":[3.780035,21.1277,9.234285],"rotation":{"angle":22.5,"axis":"z","origin":[8.379605,7.8646255,8.0]},"faces":{"east":{"uv":[15.15625,12.875,15.21875,13.4375],"rotation":0,"texture":"#0","tintindex":0},"south":{"uv":[15.21875,12.875,15.28125,13.4375],"rotation":0,"texture":"#0","tintindex":0},"north":{"uv":[15.09375,12.875,15.15625,13.4375],"rotation":0,"texture":"#0","tintindex":0},"west":{"uv":[12.0625,13.0,12.125,13.5625],"rotation":0,"texture":"#0","tintindex":0},"up":{"uv":[14.75,10.0,14.6875,9.75],"rotation":0,"texture":"#0","tintindex":0},"down":{"uv":[12.25,11.625,12.1875,11.875],"rotation":0,"texture":"#0","tintindex":0}}},{"from":[-6.1172085,15.447937,6.56],"to":[-0.949666,18.369081,9.440001],"rotation":{"angle":0.0,"axis":"y","origin":[8.379605,7.8646255,8.0]},"faces":{"east":{"uv":[12.875,13.375,12.953125,13.6875],"rotation":0,"texture":"#0","tintindex":0},"south":{"uv":[15.0,12.5,15.140625,12.8125],"rotation":0,"texture":"#0","tintindex":0},"north":{"uv":[15.125,11.75,15.265625,12.0625],"rotation":0,"texture":"#0","tintindex":0},"west":{"uv":[13.03125,13.375,13.109375,13.6875],"rotation":0,"texture":"#0","tintindex":0},"up":{"uv":[12.234375,12.9375,12.09375,12.625],"rotation":0,"texture":"#0","tintindex":0},"down":{"uv":[12.390625,12.625,12.25,12.9375],"rotation":0,"texture":"#0","tintindex":0}}},{"from":[-6.295724,20.449865,6.765714],"to":[-0.9224663,22.918438,9.234285],"rotation":{"angle":22.5,"axis":"z","origin":[8.379605,7.8646255,8.0]},"faces":{"east":{"uv":[14.90625,2.75,14.96875,3.0],"rotation":0,"texture":"#0","tintindex":0},"south":{"uv":[15.25,0.25,15.390625,0.5],"rotation":0,"texture":"#0","tintindex":0},"north":{"uv":[15.25,0.0,15.390625,0.25],"rotation":0,"texture":"#0","tintindex":0},"west":{"uv":[14.9375,5.25,15.0,5.5],"rotation":0,"texture":"#0","tintindex":0},"up":{"uv":[12.265625,13.25,12.125,13.0],"rotation":0,"texture":"#0","tintindex":0},"down":{"uv":[15.390625,2.25,15.25,2.5],"rotation":0,"texture":"#0","tintindex":0}}},{"from":[-4.7565193,25.341726,7.1771426],"to":[0.41102362,27.028585,8.822857],"rotation":{"angle":45.0,"axis":"z","origin":[8.379605,7.8646255,8.0]},"faces":{"east":{"uv":[12.3125,13.5,12.359375,13.6875],"rotation":0,"texture":"#0","tintindex":0},"south":{"uv":[15.3125,0.5,15.453125,0.6875],"rotation":0,"texture":"#0","tintindex":0},"north":{"uv":[12.125,13.25,12.265625,13.4375],"rotation":0,"texture":"#0","tintindex":0},"west":{"uv":[12.71875,13.625,12.765625,13.8125],"rotation":0,"texture":"#0","tintindex":0},"up":{"uv":[15.453125,3.1875,15.3125,3.0],"rotation":0,"texture":"#0","tintindex":0},"down":{"uv":[15.453125,3.25,15.3125,3.4375],"rotation":0,"texture":"#0","tintindex":0}}}],"display":{"head":{"translation":[0.0,-6.4,0.0],"scale":[4.0,4.0,4.0]}}}