{"textures":{"0":"minecraft:modelengine/entity/claw_tier2"},"elements":[{"from":[13.947729,-6.6235094,22.131805],"to":[17.546356,22.645336,30.288696],"rotation":{"angle":45.0,"axis":"y","origin":[15.747043,8.010914,26.21025]},"faces":{"east":{"uv":[4.25,5.0,4.6875,6.5],"rotation":0,"texture":"#0","tintindex":0},"south":{"uv":[0.0,7.75,0.1875,9.25],"rotation":0,"texture":"#0","tintindex":0},"north":{"uv":[2.625,7.625,2.8125,9.125],"rotation":0,"texture":"#0","tintindex":0},"west":{"uv":[1.25,5.125,1.6875,6.625],"rotation":0,"texture":"#0","tintindex":0},"up":{"uv":[11.3125,5.5625,11.125,5.125],"rotation":0,"texture":"#0","tintindex":0},"down":{"uv":[7.0625,11.125,6.875,11.5625],"rotation":0,"texture":"#0","tintindex":0}}},{"from":[1.1798558,8.730639,0.8033714],"to":[9.65545,20.606113,5.601542],"rotation":{"angle":0.0,"axis":"y","origin":[5.4176526,14.668377,3.2024565]},"faces":{"east":{"uv":[10.125,0.625,10.375,1.25],"rotation":0,"texture":"#0","tintindex":0},"south":{"uv":[2.875,9.0,3.3125,9.625],"rotation":0,"texture":"#0","tintindex":0},"north":{"uv":[9.0,2.5,9.4375,3.125],"rotation":0,"texture":"#0","tintindex":0},"west":{"uv":[2.75,10.125,3.0,10.75],"rotation":0,"texture":"#0","tintindex":0},"up":{"uv":[11.4375,6.125,11.0,5.875],"rotation":0,"texture":"#0","tintindex":0},"down":{"uv":[11.4375,6.375,11.0,6.625],"rotation":0,"texture":"#0","tintindex":0}}},{"from":[-6.577777,8.670663,4.016687],"to":[17.413082,20.666092,28.007545],"rotation":{"angle":0.0,"axis":"y","origin":[5.4176526,14.668377,16.012115]},"faces":{"east":{"uv":[3.75,4.375,5.0,5.0],"rotation":0,"texture":"#0","tintindex":0},"south":{"uv":[0.0,4.75,1.25,5.375],"rotation":0,"texture":"#0","tintindex":0},"north":{"uv":[3.75,3.75,5.0,4.375],"rotation":0,"texture":"#0","tintindex":0},"west":{"uv":[4.75,0.0,6.0,0.625],"rotation":0,"texture":"#0","tintindex":0},"up":{"uv":[2.5,1.25,1.25,0.0],"rotation":0,"texture":"#0","tintindex":0},"down":{"uv":[2.5,1.25,1.25,2.5],"rotation":0,"texture":"#0","tintindex":0}}},{"from":[1.1798558,-8.526457,-16.0],"to":[9.65545,-2.1688795,6.791315],"rotation":{"angle":-22.5,"axis":"x","origin":[5.4176526,-5.3476677,-4.6043415]},"faces":{"east":{"uv":[7.0,5.75,8.1875,6.0625],"rotation":0,"texture":"#0","tintindex":0},"south":{"uv":[10.25,7.25,10.6875,7.5625],"rotation":0,"texture":"#0","tintindex":0},"north":{"uv":[10.25,6.875,10.6875,7.1875],"rotation":0,"texture":"#0","tintindex":0},"west":{"uv":[7.0,6.125,8.1875,6.4375],"rotation":0,"texture":"#0","tintindex":0},"up":{"uv":[5.9375,6.3125,5.5,5.125],"rotation":0,"texture":"#0","tintindex":0},"down":{"uv":[6.4375,0.0,6.0,1.1875],"rotation":0,"texture":"#0","tintindex":0}}}],"display":{"head":{"translation":[0.0,-6.4,-8.82048],"scale":[4.0,4.0,4.0]}}}