{"textures":{"0":"minecraft:modelengine/entity/claw_tier2"},"elements":[{"from":[15.81742,5.658615,4.8523884],"to":[19.41605,9.34721,11.209084],"rotation":{"angle":0.0,"axis":"y","origin":[8.00949,-0.56254673,-19.66158]},"faces":{"east":{"uv":[11.75,0.5,12.0625,0.6875],"rotation":0,"texture":"#0","tintindex":0},"south":{"uv":[12.375,7.625,12.5625,7.8125],"rotation":0,"texture":"#0","tintindex":0},"north":{"uv":[12.375,7.375,12.5625,7.5625],"rotation":0,"texture":"#0","tintindex":0},"west":{"uv":[11.75,0.75,12.0625,0.9375],"rotation":0,"texture":"#0","tintindex":0},"up":{"uv":[7.0625,11.9375,6.875,11.625],"rotation":0,"texture":"#0","tintindex":0},"down":{"uv":[11.9375,1.0,11.75,1.3125],"rotation":0,"texture":"#0","tintindex":0}}},{"from":[5.568059,5.658615,1.0538745],"to":[9.166688,9.287232,7.351475],"rotation":{"angle":22.5,"axis":"y","origin":[8.00949,-0.56254673,-19.66158]},"faces":{"east":{"uv":[11.75,0.0,12.0625,0.1875],"rotation":0,"texture":"#0","tintindex":0},"south":{"uv":[12.375,7.125,12.5625,7.3125],"rotation":0,"texture":"#0","tintindex":0},"north":{"uv":[12.375,6.875,12.5625,7.0625],"rotation":0,"texture":"#0","tintindex":0},"west":{"uv":[11.75,0.25,12.0625,0.4375],"rotation":0,"texture":"#0","tintindex":0},"up":{"uv":[2.1875,11.9375,2.0,11.625],"rotation":0,"texture":"#0","tintindex":0},"down":{"uv":[4.4375,11.625,4.25,11.9375],"rotation":0,"texture":"#0","tintindex":0}}},{"from":[17.178188,5.658615,-5.8318033],"to":[23.475788,9.287232,-2.2331743],"rotation":{"angle":-22.5,"axis":"y","origin":[8.00949,-0.56254673,-19.66158]},"faces":{"east":{"uv":[12.375,6.625,12.5625,6.8125],"rotation":0,"texture":"#0","tintindex":0},"south":{"uv":[11.625,11.0,11.9375,11.1875],"rotation":0,"texture":"#0","tintindex":0},"north":{"uv":[11.625,9.875,11.9375,10.0625],"rotation":0,"texture":"#0","tintindex":0},"west":{"uv":[6.875,12.375,7.0625,12.5625],"rotation":0,"texture":"#0","tintindex":0},"up":{"uv":[11.9375,11.4375,11.625,11.25],"rotation":0,"texture":"#0","tintindex":0},"down":{"uv":[11.9375,11.5,11.625,11.6875],"rotation":0,"texture":"#0","tintindex":0}}},{"from":[4.8311424,5.658615,-3.375823],"to":[11.187838,9.34721,0.22280598],"rotation":{"angle":0.0,"axis":"y","origin":[8.00949,-0.56254673,-19.66158]},"faces":{"east":{"uv":[12.375,5.875,12.5625,6.0625],"rotation":0,"texture":"#0","tintindex":0},"south":{"uv":[11.625,8.125,11.9375,8.3125],"rotation":0,"texture":"#0","tintindex":0},"north":{"uv":[11.625,7.875,11.9375,8.0625],"rotation":0,"texture":"#0","tintindex":0},"west":{"uv":[6.125,12.375,6.3125,12.5625],"rotation":0,"texture":"#0","tintindex":0},"up":{"uv":[11.9375,8.5625,11.625,8.375],"rotation":0,"texture":"#0","tintindex":0},"down":{"uv":[9.0625,11.625,8.75,11.8125],"rotation":0,"texture":"#0","tintindex":0}}},{"from":[26.76284,5.658615,4.494094],"to":[30.36147,9.287232,10.791694],"rotation":{"angle":-22.5,"axis":"y","origin":[8.00949,-0.56254673,-19.66158]},"faces":{"east":{"uv":[11.75,1.375,12.0625,1.5625],"rotation":0,"texture":"#0","tintindex":0},"south":{"uv":[12.375,8.125,12.5625,8.3125],"rotation":0,"texture":"#0","tintindex":0},"north":{"uv":[12.375,7.875,12.5625,8.0625],"rotation":0,"texture":"#0","tintindex":0},"west":{"uv":[11.75,1.625,12.0625,1.8125],"rotation":0,"texture":"#0","tintindex":0},"up":{"uv":[11.9375,2.1875,11.75,1.875],"rotation":0,"texture":"#0","tintindex":0},"down":{"uv":[11.9375,2.25,11.75,2.5625],"rotation":0,"texture":"#0","tintindex":0}}},{"from":[-4.016591,5.658615,14.078743],"to":[2.2810092,9.287232,17.677372],"rotation":{"angle":22.5,"axis":"y","origin":[8.00949,-0.56254673,-19.66158]},"faces":{"east":{"uv":[12.375,10.375,12.5625,10.5625],"rotation":0,"texture":"#0","tintindex":0},"south":{"uv":[1.875,12.0,2.1875,12.1875],"rotation":0,"texture":"#0","tintindex":0},"north":{"uv":[12.0,1.0,12.3125,1.1875],"rotation":0,"texture":"#0","tintindex":0},"west":{"uv":[12.375,11.0,12.5625,11.1875],"rotation":0,"texture":"#0","tintindex":0},"up":{"uv":[12.3125,2.0625,12.0,1.875],"rotation":0,"texture":"#0","tintindex":0},"down":{"uv":[12.3125,2.125,12.0,2.3125],"rotation":0,"texture":"#0","tintindex":0}}},{"from":[4.8311424,5.658615,15.838667],"to":[11.187838,9.34721,19.437296],"rotation":{"angle":0.0,"axis":"y","origin":[8.00949,-0.56254673,-19.66158]},"faces":{"east":{"uv":[12.375,9.625,12.5625,9.8125],"rotation":0,"texture":"#0","tintindex":0},"south":{"uv":[8.75,11.875,9.0625,12.0625],"rotation":0,"texture":"#0","tintindex":0},"north":{"uv":[6.0,11.875,6.3125,12.0625],"rotation":0,"texture":"#0","tintindex":0},"west":{"uv":[12.375,9.875,12.5625,10.0625],"rotation":0,"texture":"#0","tintindex":0},"up":{"uv":[9.6875,12.0625,9.375,11.875],"rotation":0,"texture":"#0","tintindex":0},"down":{"uv":[12.1875,11.75,11.875,11.9375],"rotation":0,"texture":"#0","tintindex":0}}},{"from":[13.73797,5.658615,14.078743],"to":[20.035572,9.287232,17.677372],"rotation":{"angle":-22.5,"axis":"y","origin":[8.00949,-0.56254673,-19.66158]},"faces":{"east":{"uv":[12.375,9.375,12.5625,9.5625],"rotation":0,"texture":"#0","tintindex":0},"south":{"uv":[3.625,11.875,3.9375,12.0625],"rotation":0,"texture":"#0","tintindex":0},"north":{"uv":[1.5,11.875,1.8125,12.0625],"rotation":0,"texture":"#0","tintindex":0},"west":{"uv":[9.5,12.375,9.6875,12.5625],"rotation":0,"texture":"#0","tintindex":0},"up":{"uv":[5.5625,12.0625,5.25,11.875],"rotation":0,"texture":"#0","tintindex":0},"down":{"uv":[5.9375,11.875,5.625,12.0625],"rotation":0,"texture":"#0","tintindex":0}}},{"from":[-14.342487,5.658615,4.494094],"to":[-10.743858,9.287232,10.791694],"rotation":{"angle":22.5,"axis":"y","origin":[8.00949,-0.56254673,-19.66158]},"faces":{"east":{"uv":[11.75,2.625,12.0625,2.8125],"rotation":0,"texture":"#0","tintindex":0},"south":{"uv":[8.75,12.375,8.9375,12.5625],"rotation":0,"texture":"#0","tintindex":0},"north":{"uv":[12.375,8.375,12.5625,8.5625],"rotation":0,"texture":"#0","tintindex":0},"west":{"uv":[11.75,2.875,12.0625,3.0625],"rotation":0,"texture":"#0","tintindex":0},"up":{"uv":[11.9375,4.4375,11.75,4.125],"rotation":0,"texture":"#0","tintindex":0},"down":{"uv":[9.3125,11.75,9.125,12.0625],"rotation":0,"texture":"#0","tintindex":0}}},{"from":[-3.397069,5.658615,4.8523884],"to":[0.20155954,9.34721,11.209084],"rotation":{"angle":0.0,"axis":"y","origin":[8.00949,-0.56254673,-19.66158]},"faces":{"east":{"uv":[11.75,8.625,12.0625,8.8125],"rotation":0,"texture":"#0","tintindex":0},"south":{"uv":[9.0,12.375,9.1875,12.5625],"rotation":0,"texture":"#0","tintindex":0},"north":{"uv":[12.375,8.875,12.5625,9.0625],"rotation":0,"texture":"#0","tintindex":0},"west":{"uv":[11.75,10.125,12.0625,10.3125],"rotation":0,"texture":"#0","tintindex":0},"up":{"uv":[11.9375,10.6875,11.75,10.375],"rotation":0,"texture":"#0","tintindex":0},"down":{"uv":[11.8125,11.75,11.625,12.0625],"rotation":0,"texture":"#0","tintindex":0}}},{"from":[6.8522925,5.658615,1.0538745],"to":[10.450921,9.287232,7.351475],"rotation":{"angle":-22.5,"axis":"y","origin":[8.00949,-0.56254673,-19.66158]},"faces":{"east":{"uv":[0.25,11.875,0.5625,12.0625],"rotation":0,"texture":"#0","tintindex":0},"south":{"uv":[9.25,12.375,9.4375,12.5625],"rotation":0,"texture":"#0","tintindex":0},"north":{"uv":[12.375,9.125,12.5625,9.3125],"rotation":0,"texture":"#0","tintindex":0},"west":{"uv":[0.625,11.875,0.9375,12.0625],"rotation":0,"texture":"#0","tintindex":0},"up":{"uv":[1.1875,12.1875,1.0,11.875],"rotation":0,"texture":"#0","tintindex":0},"down":{"uv":[1.4375,11.875,1.25,12.1875],"rotation":0,"texture":"#0","tintindex":0}}},{"from":[-7.45681,5.658615,-5.8318033],"to":[-1.1592093,9.287232,-2.2331743],"rotation":{"angle":22.5,"axis":"y","origin":[8.00949,-0.56254673,-19.66158]},"faces":{"east":{"uv":[12.375,6.125,12.5625,6.3125],"rotation":0,"texture":"#0","tintindex":0},"south":{"uv":[11.625,9.125,11.9375,9.3125],"rotation":0,"texture":"#0","tintindex":0},"north":{"uv":[11.625,8.875,11.9375,9.0625],"rotation":0,"texture":"#0","tintindex":0},"west":{"uv":[12.375,6.375,12.5625,6.5625],"rotation":0,"texture":"#0","tintindex":0},"up":{"uv":[11.9375,9.5625,11.625,9.375],"rotation":0,"texture":"#0","tintindex":0},"down":{"uv":[11.9375,9.625,11.625,9.8125],"rotation":0,"texture":"#0","tintindex":0}}},{"from":[-0.9870815,5.613632,-0.9658356],"to":[17.006062,9.332215,17.02731],"rotation":{"angle":0.0,"axis":"y","origin":[8.00949,-0.56254673,-19.66158]},"faces":{"east":{"uv":[9.375,5.0,10.3125,5.1875],"rotation":0,"texture":"#0","tintindex":0},"south":{"uv":[9.375,6.375,10.3125,6.5625],"rotation":0,"texture":"#0","tintindex":0},"north":{"uv":[9.375,1.625,10.3125,1.8125],"rotation":0,"texture":"#0","tintindex":0},"west":{"uv":[9.375,6.625,10.3125,6.8125],"rotation":0,"texture":"#0","tintindex":0},"up":{"uv":[0.9375,4.6875,0.0,3.75],"rotation":0,"texture":"#0","tintindex":0},"down":{"uv":[4.6875,0.0,3.75,0.9375],"rotation":0,"texture":"#0","tintindex":0}}},{"from":[0.09250641,8.972353,6.831193],"to":[2.611547,20.967781,9.230279],"rotation":{"angle":0.0,"axis":"y","origin":[8.00949,-0.56254673,-19.66158]},"faces":{"east":{"uv":[9.25,11.125,9.375,11.75],"rotation":0,"texture":"#0","tintindex":0},"south":{"uv":[9.375,11.125,9.5,11.75],"rotation":0,"texture":"#0","tintindex":0},"north":{"uv":[7.125,11.125,7.25,11.75],"rotation":0,"texture":"#0","tintindex":0},"west":{"uv":[2.875,11.25,3.0,11.875],"rotation":0,"texture":"#0","tintindex":0},"up":{"uv":[13.0,11.25,12.875,11.125],"rotation":0,"texture":"#0","tintindex":0},"down":{"uv":[11.375,12.875,11.25,13.0],"rotation":0,"texture":"#0","tintindex":0}}},{"from":[-0.5072651,19.168468,7.4309645],"to":[16.526245,20.36801,8.630507],"rotation":{"angle":0.0,"axis":"y","origin":[8.00949,-0.56254673,-19.66158]},"faces":{"east":{"uv":[0.875,13.0,0.9375,13.0625],"rotation":0,"texture":"#0","tintindex":0},"south":{"uv":[11.75,4.5,12.625,4.5625],"rotation":0,"texture":"#0","tintindex":0},"north":{"uv":[11.75,3.125,12.625,3.1875],"rotation":0,"texture":"#0","tintindex":0},"west":{"uv":[13.0,0.875,13.0625,0.9375],"rotation":0,"texture":"#0","tintindex":0},"up":{"uv":[12.625,10.8125,11.75,10.75],"rotation":0,"texture":"#0","tintindex":0},"down":{"uv":[12.875,1.25,12.0,1.3125],"rotation":0,"texture":"#0","tintindex":0}}},{"from":[13.4074335,8.972353,6.831193],"to":[15.926474,20.967781,9.230279],"rotation":{"angle":0.0,"axis":"y","origin":[8.00949,-0.56254673,-19.66158]},"faces":{"east":{"uv":[2.875,7.625,3.0,8.25],"rotation":0,"texture":"#0","tintindex":0},"south":{"uv":[1.125,9.25,1.25,9.875],"rotation":0,"texture":"#0","tintindex":0},"north":{"uv":[2.625,6.625,2.75,7.25],"rotation":0,"texture":"#0","tintindex":0},"west":{"uv":[8.125,11.0,8.25,11.625],"rotation":0,"texture":"#0","tintindex":0},"up":{"uv":[13.0,11.125,12.875,11.0],"rotation":0,"texture":"#0","tintindex":0},"down":{"uv":[11.25,12.875,11.125,13.0],"rotation":0,"texture":"#0","tintindex":0}}}],"display":{"head":{"translation":[0.0,-6.4,0.0],"scale":[4.0,4.0,4.0]}}}