{"textures":{"0":"minecraft:modelengine/entity/claw_tier2"},"elements":[{"from":[0.18687916,-12.459705,12.14353],"to":[3.7855077,16.809143,20.30042],"rotation":{"angle":-45.0,"axis":"y","origin":[1.9861937,2.1747198,16.221975]},"faces":{"east":{"uv":[1.75,5.125,2.1875,6.625],"rotation":0,"texture":"#0","tintindex":0},"south":{"uv":[0.5,7.75,0.6875,9.25],"rotation":0,"texture":"#0","tintindex":0},"north":{"uv":[0.25,7.75,0.4375,9.25],"rotation":0,"texture":"#0","tintindex":0},"west":{"uv":[2.25,5.125,2.6875,6.625],"rotation":0,"texture":"#0","tintindex":0},"up":{"uv":[8.9375,11.5625,8.75,11.125],"rotation":0,"texture":"#0","tintindex":0},"down":{"uv":[9.1875,11.125,9.0,11.5625],"rotation":0,"texture":"#0","tintindex":0}}},{"from":[-2.8931618,2.8944454,1.7860441],"to":[1.9050097,14.76992,10.261639],"rotation":{"angle":0.0,"axis":"y","origin":[-0.49407578,8.832183,6.023841]},"faces":{"east":{"uv":[3.375,8.75,3.8125,9.375],"rotation":0,"texture":"#0","tintindex":0},"south":{"uv":[4.375,10.0,4.625,10.625],"rotation":0,"texture":"#0","tintindex":0},"north":{"uv":[4.125,10.0,4.375,10.625],"rotation":0,"texture":"#0","tintindex":0},"west":{"uv":[3.875,8.75,4.3125,9.375],"rotation":0,"texture":"#0","tintindex":0},"up":{"uv":[10.375,11.3125,10.125,10.875],"rotation":0,"texture":"#0","tintindex":0},"down":{"uv":[10.625,10.875,10.375,11.3125],"rotation":0,"texture":"#0","tintindex":0}}},{"from":[-1.4691229,2.8944454,-5.373081],"to":[3.3290486,14.76992,3.0237184],"rotation":{"angle":-22.5,"axis":"y","origin":[0.9299631,8.832183,-1.1746817]},"faces":{"east":{"uv":[4.375,8.75,4.8125,9.375],"rotation":0,"texture":"#0","tintindex":0},"south":{"uv":[7.0,10.0,7.25,10.625],"rotation":0,"texture":"#0","tintindex":0},"north":{"uv":[10.0,5.25,10.25,5.875],"rotation":0,"texture":"#0","tintindex":0},"west":{"uv":[4.875,8.75,5.3125,9.375],"rotation":0,"texture":"#0","tintindex":0},"up":{"uv":[11.125,10.9375,10.875,10.5],"rotation":0,"texture":"#0","tintindex":0},"down":{"uv":[2.5,11.0,2.25,11.4375],"rotation":0,"texture":"#0","tintindex":0}}},{"from":[8.077786,2.8944454,16.434414],"to":[16.553381,14.76992,21.232586],"rotation":{"angle":0.0,"axis":"y","origin":[12.315584,8.832183,18.8335]},"faces":{"east":{"uv":[7.25,10.0,7.5,10.625],"rotation":0,"texture":"#0","tintindex":0},"south":{"uv":[8.75,7.75,9.1875,8.375],"rotation":0,"texture":"#0","tintindex":0},"north":{"uv":[8.75,5.625,9.1875,6.25],"rotation":0,"texture":"#0","tintindex":0},"west":{"uv":[7.5,10.0,7.75,10.625],"rotation":0,"texture":"#0","tintindex":0},"up":{"uv":[11.3125,4.625,10.875,4.375],"rotation":0,"texture":"#0","tintindex":0},"down":{"uv":[11.3125,9.875,10.875,10.125],"rotation":0,"texture":"#0","tintindex":0}}},{"from":[15.315706,2.8944454,15.010376],"to":[23.712505,14.76992,19.808548],"rotation":{"angle":22.5,"axis":"y","origin":[19.514107,8.832183,17.409462]},"faces":{"east":{"uv":[10.0,7.75,10.25,8.375],"rotation":0,"texture":"#0","tintindex":0},"south":{"uv":[8.875,3.375,9.3125,4.0],"rotation":0,"texture":"#0","tintindex":0},"north":{"uv":[8.875,1.25,9.3125,1.875],"rotation":0,"texture":"#0","tintindex":0},"west":{"uv":[8.375,10.0,8.625,10.625],"rotation":0,"texture":"#0","tintindex":0},"up":{"uv":[11.4375,2.5,11.0,2.25],"rotation":0,"texture":"#0","tintindex":0},"down":{"uv":[2.9375,11.0,2.5,11.25],"rotation":0,"texture":"#0","tintindex":0}}},{"from":[0.9186611,2.8944454,15.010376],"to":[9.315461,14.76992,19.808548],"rotation":{"angle":-22.5,"axis":"y","origin":[5.117061,8.832183,17.409462]},"faces":{"east":{"uv":[8.625,10.0,8.875,10.625],"rotation":0,"texture":"#0","tintindex":0},"south":{"uv":[8.875,4.625,9.3125,5.25],"rotation":0,"texture":"#0","tintindex":0},"north":{"uv":[8.875,4.0,9.3125,4.625],"rotation":0,"texture":"#0","tintindex":0},"west":{"uv":[8.875,10.0,9.125,10.625],"rotation":0,"texture":"#0","tintindex":0},"up":{"uv":[11.4375,2.75,11.0,2.5],"rotation":0,"texture":"#0","tintindex":0},"down":{"uv":[11.4375,2.75,11.0,3.0],"rotation":0,"texture":"#0","tintindex":0}}},{"from":[15.315706,2.8944454,-7.760866],"to":[23.712505,14.76992,-2.9626942],"rotation":{"angle":-22.5,"axis":"y","origin":[19.514107,8.832183,-5.36178]},"faces":{"east":{"uv":[10.0,9.0,10.25,9.625],"rotation":0,"texture":"#0","tintindex":0},"south":{"uv":[9.0,0.0,9.4375,0.625],"rotation":0,"texture":"#0","tintindex":0},"north":{"uv":[8.875,6.25,9.3125,6.875],"rotation":0,"texture":"#0","tintindex":0},"west":{"uv":[9.125,10.0,9.375,10.625],"rotation":0,"texture":"#0","tintindex":0},"up":{"uv":[4.9375,11.25,4.5,11.0],"rotation":0,"texture":"#0","tintindex":0},"down":{"uv":[5.4375,11.0,5.0,11.25],"rotation":0,"texture":"#0","tintindex":0}}},{"from":[0.9186611,2.8944454,-7.760866],"to":[9.315461,14.76992,-2.9626942],"rotation":{"angle":22.5,"axis":"y","origin":[5.117061,8.832183,-5.36178]},"faces":{"east":{"uv":[9.375,10.0,9.625,10.625],"rotation":0,"texture":"#0","tintindex":0},"south":{"uv":[9.0,1.875,9.4375,2.5],"rotation":0,"texture":"#0","tintindex":0},"north":{"uv":[9.0,0.625,9.4375,1.25],"rotation":0,"texture":"#0","tintindex":0},"west":{"uv":[10.125,0.0,10.375,0.625],"rotation":0,"texture":"#0","tintindex":0},"up":{"uv":[11.4375,5.875,11.0,5.625],"rotation":0,"texture":"#0","tintindex":0},"down":{"uv":[6.1875,11.0,5.75,11.25],"rotation":0,"texture":"#0","tintindex":0}}}],"display":{"head":{"translation":[0.0,-6.4,0.0],"scale":[4.0,4.0,4.0]}}}