{"textures":{"0":"minecraft:modelengine/entity/claw_tier2"},"elements":[{"from":[6.2194285,6.042567,1.1026282],"to":[9.780571,9.957434,14.897371],"rotation":{"angle":45.0,"axis":"x","origin":[8.0,8.0,8.0]},"faces":{"east":{"uv":[10.25,8.125,10.9375,8.3125],"rotation":0,"texture":"#0","tintindex":0},"south":{"uv":[5.875,12.375,6.0625,12.5625],"rotation":0,"texture":"#0","tintindex":0},"north":{"uv":[12.375,5.625,12.5625,5.8125],"rotation":0,"texture":"#0","tintindex":0},"west":{"uv":[10.25,9.375,10.9375,9.5625],"rotation":0,"texture":"#0","tintindex":0},"up":{"uv":[10.5625,4.3125,10.375,3.625],"rotation":0,"texture":"#0","tintindex":0},"down":{"uv":[10.5625,4.375,10.375,5.0625],"rotation":0,"texture":"#0","tintindex":0}}}],"display":{"head":{"translation":[0.0,-6.4,0.0],"scale":[4.0,4.0,4.0]}}}