{"textures":{"0":"minecraft:modelengine/entity/claw_tier2"},"elements":[{"from":[4.9037924,-9.964771,7.08375],"to":[11.096208,-6.198428,9.215938],"rotation":{"angle":-45.0,"axis":"x","origin":[8.0,-8.0816,8.149844]},"faces":{"east":{"uv":[12.5,2.625,12.625,2.8125],"rotation":0,"texture":"#0","tintindex":0},"south":{"uv":[11.625,6.125,11.9375,6.3125],"rotation":0,"texture":"#0","tintindex":0},"north":{"uv":[11.625,5.875,11.9375,6.0625],"rotation":0,"texture":"#0","tintindex":0},"west":{"uv":[12.5,2.875,12.625,3.0625],"rotation":0,"texture":"#0","tintindex":0},"up":{"uv":[12.4375,8.875,12.125,8.75],"rotation":0,"texture":"#0","tintindex":0},"down":{"uv":[9.4375,12.125,9.125,12.25],"rotation":0,"texture":"#0","tintindex":0}}},{"from":[4.9037924,-10.69017,9.047667],"to":[11.096208,-8.557983,11.357536],"rotation":{"angle":22.5,"axis":"x","origin":[8.0,-9.624077,10.202602]},"faces":{"east":{"uv":[9.0,12.75,9.125,12.875],"rotation":0,"texture":"#0","tintindex":0},"south":{"uv":[12.125,10.125,12.4375,10.25],"rotation":0,"texture":"#0","tintindex":0},"north":{"uv":[9.5,12.125,9.8125,12.25],"rotation":0,"texture":"#0","tintindex":0},"west":{"uv":[12.75,9.0,12.875,9.125],"rotation":0,"texture":"#0","tintindex":0},"up":{"uv":[12.4375,10.375,12.125,10.25],"rotation":0,"texture":"#0","tintindex":0},"down":{"uv":[11.6875,12.125,11.375,12.25],"rotation":0,"texture":"#0","tintindex":0}}},{"from":[4.9037924,-7.183777,5.541272],"to":[11.096208,-4.873906,7.67346],"rotation":{"angle":-22.5,"axis":"x","origin":[8.0,-6.028841,6.6073666]},"faces":{"east":{"uv":[9.125,12.75,9.25,12.875],"rotation":0,"texture":"#0","tintindex":0},"south":{"uv":[12.125,12.125,12.4375,12.25],"rotation":0,"texture":"#0","tintindex":0},"north":{"uv":[11.75,12.125,12.0625,12.25],"rotation":0,"texture":"#0","tintindex":0},"west":{"uv":[12.75,9.125,12.875,9.25],"rotation":0,"texture":"#0","tintindex":0},"up":{"uv":[0.5625,12.375,0.25,12.25],"rotation":0,"texture":"#0","tintindex":0},"down":{"uv":[0.9375,12.25,0.625,12.375],"rotation":0,"texture":"#0","tintindex":0}}},{"from":[4.9037924,-3.2391748,16.676346],"to":[11.096208,-0.9293051,18.808533],"rotation":{"angle":-22.5,"axis":"x","origin":[8.0,-2.08424,17.74244]},"faces":{"east":{"uv":[9.25,12.75,9.375,12.875],"rotation":0,"texture":"#0","tintindex":0},"south":{"uv":[1.375,12.25,1.6875,12.375],"rotation":0,"texture":"#0","tintindex":0},"north":{"uv":[1.0,12.25,1.3125,12.375],"rotation":0,"texture":"#0","tintindex":0},"west":{"uv":[12.75,9.25,12.875,9.375],"rotation":0,"texture":"#0","tintindex":0},"up":{"uv":[2.0625,12.375,1.75,12.25],"rotation":0,"texture":"#0","tintindex":0},"down":{"uv":[3.9375,12.25,3.625,12.375],"rotation":0,"texture":"#0","tintindex":0}}},{"from":[4.9037924,0.44490147,12.992268],"to":[11.096208,2.5770893,15.302137],"rotation":{"angle":22.5,"axis":"x","origin":[8.0,1.5109954,14.147203]},"faces":{"east":{"uv":[9.375,12.75,9.5,12.875],"rotation":0,"texture":"#0","tintindex":0},"south":{"uv":[5.625,12.25,5.9375,12.375],"rotation":0,"texture":"#0","tintindex":0},"north":{"uv":[5.25,12.25,5.5625,12.375],"rotation":0,"texture":"#0","tintindex":0},"west":{"uv":[12.75,9.375,12.875,9.5],"rotation":0,"texture":"#0","tintindex":0},"up":{"uv":[6.3125,12.375,6.0,12.25],"rotation":0,"texture":"#0","tintindex":0},"down":{"uv":[7.1875,12.25,6.875,12.375],"rotation":0,"texture":"#0","tintindex":0}}},{"from":[4.9037924,-1.9146528,15.133867],"to":[11.096208,1.8516893,17.266054],"rotation":{"angle":-45.0,"axis":"x","origin":[8.0,-0.031481743,16.19996]},"faces":{"east":{"uv":[3.625,12.5,3.75,12.6875],"rotation":0,"texture":"#0","tintindex":0},"south":{"uv":[11.625,6.625,11.9375,6.8125],"rotation":0,"texture":"#0","tintindex":0},"north":{"uv":[11.625,6.375,11.9375,6.5625],"rotation":0,"texture":"#0","tintindex":0},"west":{"uv":[3.75,12.5,3.875,12.6875],"rotation":0,"texture":"#0","tintindex":0},"up":{"uv":[9.0625,12.375,8.75,12.25],"rotation":0,"texture":"#0","tintindex":0},"down":{"uv":[9.4375,12.25,9.125,12.375],"rotation":0,"texture":"#0","tintindex":0}}},{"from":[4.9037924,-10.69017,12.992268],"to":[11.096208,-8.557983,15.302137],"rotation":{"angle":-22.5,"axis":"x","origin":[8.0,-9.624077,14.147203]},"faces":{"east":{"uv":[9.5,12.75,9.625,12.875],"rotation":0,"texture":"#0","tintindex":0},"south":{"uv":[12.25,10.875,12.5625,11.0],"rotation":0,"texture":"#0","tintindex":0},"north":{"uv":[9.5,12.25,9.8125,12.375],"rotation":0,"texture":"#0","tintindex":0},"west":{"uv":[12.75,9.5,12.875,9.625],"rotation":0,"texture":"#0","tintindex":0},"up":{"uv":[11.6875,12.375,11.375,12.25],"rotation":0,"texture":"#0","tintindex":0},"down":{"uv":[12.0625,12.25,11.75,12.375],"rotation":0,"texture":"#0","tintindex":0}}},{"from":[4.9037924,-9.147694,14.31679],"to":[11.096208,-7.015506,18.083132],"rotation":{"angle":-45.0,"axis":"x","origin":[8.0,-8.0816,16.19996]},"faces":{"east":{"uv":[12.5,3.25,12.6875,3.375],"rotation":0,"texture":"#0","tintindex":0},"south":{"uv":[12.25,11.875,12.5625,12.0],"rotation":0,"texture":"#0","tintindex":0},"north":{"uv":[12.25,11.75,12.5625,11.875],"rotation":0,"texture":"#0","tintindex":0},"west":{"uv":[4.125,12.5,4.3125,12.625],"rotation":0,"texture":"#0","tintindex":0},"up":{"uv":[11.9375,7.0625,11.625,6.875],"rotation":0,"texture":"#0","tintindex":0},"down":{"uv":[11.9375,7.125,11.625,7.3125],"rotation":0,"texture":"#0","tintindex":0}}},{"from":[4.9037924,-7.183777,16.676346],"to":[11.096208,-4.873906,18.808533],"rotation":{"angle":22.5,"axis":"x","origin":[8.0,-6.028841,17.74244]},"faces":{"east":{"uv":[9.625,12.75,9.75,12.875],"rotation":0,"texture":"#0","tintindex":0},"south":{"uv":[12.125,12.25,12.4375,12.375],"rotation":0,"texture":"#0","tintindex":0},"north":{"uv":[12.25,12.0,12.5625,12.125],"rotation":0,"texture":"#0","tintindex":0},"west":{"uv":[12.75,9.625,12.875,9.75],"rotation":0,"texture":"#0","tintindex":0},"up":{"uv":[0.5625,12.5,0.25,12.375],"rotation":0,"texture":"#0","tintindex":0},"down":{"uv":[0.9375,12.375,0.625,12.5],"rotation":0,"texture":"#0","tintindex":0}}},{"from":[4.9037924,0.44490147,9.047667],"to":[11.096208,2.5770893,11.357536],"rotation":{"angle":-22.5,"axis":"x","origin":[8.0,1.5109954,10.202602]},"faces":{"east":{"uv":[9.75,12.75,9.875,12.875],"rotation":0,"texture":"#0","tintindex":0},"south":{"uv":[12.375,1.0,12.6875,1.125],"rotation":0,"texture":"#0","tintindex":0},"north":{"uv":[1.0,12.375,1.3125,12.5],"rotation":0,"texture":"#0","tintindex":0},"west":{"uv":[12.75,9.75,12.875,9.875],"rotation":0,"texture":"#0","tintindex":0},"up":{"uv":[12.6875,1.25,12.375,1.125],"rotation":0,"texture":"#0","tintindex":0},"down":{"uv":[1.6875,12.375,1.375,12.5],"rotation":0,"texture":"#0","tintindex":0}}},{"from":[4.9037924,-3.2391748,5.541272],"to":[11.096208,-0.9293051,7.67346],"rotation":{"angle":22.5,"axis":"x","origin":[8.0,-2.08424,6.6073666]},"faces":{"east":{"uv":[9.875,12.75,10.0,12.875],"rotation":0,"texture":"#0","tintindex":0},"south":{"uv":[12.375,1.875,12.6875,2.0],"rotation":0,"texture":"#0","tintindex":0},"north":{"uv":[1.75,12.375,2.0625,12.5],"rotation":0,"texture":"#0","tintindex":0},"west":{"uv":[12.75,9.875,12.875,10.0],"rotation":0,"texture":"#0","tintindex":0},"up":{"uv":[12.6875,2.125,12.375,2.0],"rotation":0,"texture":"#0","tintindex":0},"down":{"uv":[12.6875,2.125,12.375,2.25],"rotation":0,"texture":"#0","tintindex":0}}},{"from":[4.9037924,-1.0975761,6.2666726],"to":[11.096208,1.0346117,10.033014],"rotation":{"angle":-45.0,"axis":"x","origin":[8.0,-0.031481743,8.149844]},"faces":{"east":{"uv":[12.5,4.625,12.6875,4.75],"rotation":0,"texture":"#0","tintindex":0},"south":{"uv":[12.375,2.375,12.6875,2.5],"rotation":0,"texture":"#0","tintindex":0},"north":{"uv":[12.375,2.25,12.6875,2.375],"rotation":0,"texture":"#0","tintindex":0},"west":{"uv":[12.5,4.75,12.6875,4.875],"rotation":0,"texture":"#0","tintindex":0},"up":{"uv":[11.9375,7.5625,11.625,7.375],"rotation":0,"texture":"#0","tintindex":0},"down":{"uv":[11.9375,7.625,11.625,7.8125],"rotation":0,"texture":"#0","tintindex":0}}},{"from":[4.9037924,0.80572414,10.861647],"to":[11.096208,2.937912,13.488159],"rotation":{"angle":0.0,"axis":"y","origin":[8.0,1.8718181,12.174902]},"faces":{"east":{"uv":[10.0,12.75,10.125,12.875],"rotation":0,"texture":"#0","tintindex":0},"south":{"uv":[12.375,3.375,12.6875,3.5],"rotation":0,"texture":"#0","tintindex":0},"north":{"uv":[12.375,2.5,12.6875,2.625],"rotation":0,"texture":"#0","tintindex":0},"west":{"uv":[12.75,10.0,12.875,10.125],"rotation":0,"texture":"#0","tintindex":0},"up":{"uv":[12.6875,3.625,12.375,3.5],"rotation":0,"texture":"#0","tintindex":0},"down":{"uv":[3.9375,12.375,3.625,12.5],"rotation":0,"texture":"#0","tintindex":0}}},{"from":[4.9037924,-5.3697968,5.1804495],"to":[11.096208,-2.7432842,7.3126373],"rotation":{"angle":0.0,"axis":"y","origin":[8.0,-4.0565405,6.246544]},"faces":{"east":{"uv":[10.125,12.75,10.25,12.875],"rotation":0,"texture":"#0","tintindex":0},"south":{"uv":[12.375,3.75,12.6875,3.875],"rotation":0,"texture":"#0","tintindex":0},"north":{"uv":[12.375,3.625,12.6875,3.75],"rotation":0,"texture":"#0","tintindex":0},"west":{"uv":[12.75,10.125,12.875,10.25],"rotation":0,"texture":"#0","tintindex":0},"up":{"uv":[12.6875,4.0,12.375,3.875],"rotation":0,"texture":"#0","tintindex":0},"down":{"uv":[12.6875,4.0,12.375,4.125],"rotation":0,"texture":"#0","tintindex":0}}},{"from":[4.9037924,-5.3697968,17.037167],"to":[11.096208,-2.7432842,19.169355],"rotation":{"angle":0.0,"axis":"y","origin":[8.0,-4.0565405,18.103262]},"faces":{"east":{"uv":[10.25,12.75,10.375,12.875],"rotation":0,"texture":"#0","tintindex":0},"south":{"uv":[12.375,4.25,12.6875,4.375],"rotation":0,"texture":"#0","tintindex":0},"north":{"uv":[12.375,4.125,12.6875,4.25],"rotation":0,"texture":"#0","tintindex":0},"west":{"uv":[12.75,10.25,12.875,10.375],"rotation":0,"texture":"#0","tintindex":0},"up":{"uv":[12.6875,4.5,12.375,4.375],"rotation":0,"texture":"#0","tintindex":0},"down":{"uv":[12.6875,4.875,12.375,5.0],"rotation":0,"texture":"#0","tintindex":0}}},{"from":[4.9037924,-11.050993,10.861647],"to":[11.096208,-8.918806,13.488159],"rotation":{"angle":0.0,"axis":"y","origin":[8.0,-9.9848995,12.174902]},"faces":{"east":{"uv":[10.375,12.75,10.5,12.875],"rotation":0,"texture":"#0","tintindex":0},"south":{"uv":[12.375,5.125,12.6875,5.25],"rotation":0,"texture":"#0","tintindex":0},"north":{"uv":[12.375,5.0,12.6875,5.125],"rotation":0,"texture":"#0","tintindex":0},"west":{"uv":[12.75,10.375,12.875,10.5],"rotation":0,"texture":"#0","tintindex":0},"up":{"uv":[5.5625,12.5,5.25,12.375],"rotation":0,"texture":"#0","tintindex":0},"down":{"uv":[12.6875,5.25,12.375,5.375],"rotation":0,"texture":"#0","tintindex":0}}},{"from":[5.045938,-8.768,7.5840197],"to":[10.9540615,0.5842867,16.836418],"rotation":{"angle":-45.0,"axis":"x","origin":[8.0,-4.091857,12.210218]},"faces":{"east":{"uv":[9.0,8.375,9.5,8.875],"rotation":0,"texture":"#0","tintindex":0},"south":{"uv":[3.5,9.75,3.8125,10.25],"rotation":0,"texture":"#0","tintindex":0},"north":{"uv":[3.125,9.75,3.4375,10.25],"rotation":0,"texture":"#0","tintindex":0},"west":{"uv":[8.75,9.0,9.25,9.5],"rotation":0,"texture":"#0","tintindex":0},"up":{"uv":[10.0625,4.25,9.75,3.75],"rotation":0,"texture":"#0","tintindex":0},"down":{"uv":[10.0625,4.25,9.75,4.75],"rotation":0,"texture":"#0","tintindex":0}}},{"from":[5.017936,-0.83335876,2.4484553],"to":[5.9955635,6.603808,8.017818],"rotation":{"angle":-45.0,"axis":"x","origin":[5.50675,2.8852243,5.233137]},"faces":{"east":{"uv":[0.0,10.5,0.3125,10.875],"rotation":0,"texture":"#0","tintindex":0},"south":{"uv":[4.375,12.5,4.4375,12.875],"rotation":0,"texture":"#0","tintindex":0},"north":{"uv":[3.875,12.5,3.9375,12.875],"rotation":0,"texture":"#0","tintindex":0},"west":{"uv":[0.375,10.5,0.6875,10.875],"rotation":0,"texture":"#0","tintindex":0},"up":{"uv":[0.9375,12.9375,0.875,12.625],"rotation":0,"texture":"#0","tintindex":0},"down":{"uv":[1.0625,12.625,1.0,12.9375],"rotation":0,"texture":"#0","tintindex":0}}},{"from":[5.017936,18.814642,-16.0],"to":[5.9955635,23.852722,-10.430637],"rotation":{"angle":-45.0,"axis":"x","origin":[5.50675,21.333683,-13.215319]},"faces":{"east":{"uv":[11.125,4.125,11.4375,4.375],"rotation":0,"texture":"#0","tintindex":0},"south":{"uv":[12.75,10.5,12.8125,10.75],"rotation":0,"texture":"#0","tintindex":0},"north":{"uv":[10.5,12.75,10.5625,13.0],"rotation":0,"texture":"#0","tintindex":0},"west":{"uv":[11.125,10.125,11.4375,10.375],"rotation":0,"texture":"#0","tintindex":0},"up":{"uv":[1.4375,12.9375,1.375,12.625],"rotation":0,"texture":"#0","tintindex":0},"down":{"uv":[1.5625,12.625,1.5,12.9375],"rotation":0,"texture":"#0","tintindex":0}}},{"from":[10.0044365,-0.83335876,2.4484553],"to":[10.982063,6.603808,8.017818],"rotation":{"angle":-45.0,"axis":"x","origin":[10.49325,2.8852243,5.233137]},"faces":{"east":{"uv":[0.75,10.5,1.0625,10.875],"rotation":0,"texture":"#0","tintindex":0},"south":{"uv":[5.375,12.5,5.4375,12.875],"rotation":0,"texture":"#0","tintindex":0},"north":{"uv":[5.25,12.5,5.3125,12.875],"rotation":0,"texture":"#0","tintindex":0},"west":{"uv":[1.125,10.5,1.4375,10.875],"rotation":0,"texture":"#0","tintindex":0},"up":{"uv":[1.6875,12.9375,1.625,12.625],"rotation":0,"texture":"#0","tintindex":0},"down":{"uv":[1.8125,12.625,1.75,12.9375],"rotation":0,"texture":"#0","tintindex":0}}},{"from":[10.0044365,18.814642,-16.0],"to":[10.982063,23.852722,-10.430637],"rotation":{"angle":-45.0,"axis":"x","origin":[10.49325,21.333683,-13.215319]},"faces":{"east":{"uv":[11.125,10.375,11.4375,10.625],"rotation":0,"texture":"#0","tintindex":0},"south":{"uv":[10.75,12.75,10.8125,13.0],"rotation":0,"texture":"#0","tintindex":0},"north":{"uv":[10.625,12.75,10.6875,13.0],"rotation":0,"texture":"#0","tintindex":0},"west":{"uv":[11.125,10.625,11.4375,10.875],"rotation":0,"texture":"#0","tintindex":0},"up":{"uv":[2.3125,12.9375,2.25,12.625],"rotation":0,"texture":"#0","tintindex":0},"down":{"uv":[2.4375,12.625,2.375,12.9375],"rotation":0,"texture":"#0","tintindex":0}}},{"from":[5.317822,2.6027308,-8.99728],"to":[5.9955635,22.460564,0.17071056],"rotation":{"angle":-45.0,"axis":"x","origin":[5.656693,12.531648,-4.4132853]},"faces":{"east":{"uv":[3.0,5.125,3.5,6.1875],"rotation":0,"texture":"#0","tintindex":0},"south":{"uv":[6.5,11.375,6.5625,12.4375],"rotation":0,"texture":"#0","tintindex":0},"north":{"uv":[4.125,11.375,4.1875,12.4375],"rotation":0,"texture":"#0","tintindex":0},"west":{"uv":[6.0,4.0,5.5,5.0625],"rotation":0,"texture":"#0","tintindex":0},"up":{"uv":[11.4375,5.375,11.375,4.875],"rotation":0,"texture":"#0","tintindex":0},"down":{"uv":[8.1875,11.625,8.125,12.125],"rotation":0,"texture":"#0","tintindex":0}}},{"from":[4.7756286,11.849155,-14.644751],"to":[5.9955635,13.155344,5.958599],"rotation":{"angle":22.5,"axis":"x","origin":[5.3855963,12.502251,-4.3430758]},"faces":{"east":{"uv":[11.125,10.875,12.1875,10.9375],"rotation":0,"texture":"#0","tintindex":0},"south":{"uv":[11.375,12.875,11.4375,12.9375],"rotation":0,"texture":"#0","tintindex":0},"north":{"uv":[12.875,11.25,12.9375,11.3125],"rotation":0,"texture":"#0","tintindex":0},"west":{"uv":[11.375,3.25,12.4375,3.3125],"rotation":0,"texture":"#0","tintindex":0},"up":{"uv":[6.6875,12.4375,6.625,11.375],"rotation":0,"texture":"#0","tintindex":0},"down":{"uv":[11.4375,6.625,11.375,7.6875],"rotation":0,"texture":"#0","tintindex":0}}},{"from":[4.7078543,-0.17683697,-7.8459463],"to":[5.317822,19.680996,-6.5397587],"rotation":{"angle":-45.0,"axis":"x","origin":[5.0128384,9.752079,-7.192853]},"faces":{"east":{"uv":[7.25,11.375,7.3125,12.4375],"rotation":0,"texture":"#0","tintindex":0},"south":{"uv":[7.375,11.375,7.4375,12.4375],"rotation":0,"texture":"#0","tintindex":0},"north":{"uv":[6.75,11.375,6.8125,12.4375],"rotation":0,"texture":"#0","tintindex":0},"west":{"uv":[7.5,11.375,7.5625,12.4375],"rotation":0,"texture":"#0","tintindex":0},"up":{"uv":[12.9375,11.4375,12.875,11.375],"rotation":0,"texture":"#0","tintindex":0},"down":{"uv":[11.5625,12.875,11.5,12.9375],"rotation":0,"texture":"#0","tintindex":0}}},{"from":[4.7078543,5.382298,-2.2868118],"to":[5.317822,25.240131,-0.9806242],"rotation":{"angle":-45.0,"axis":"x","origin":[5.0128384,15.311214,-1.6337185]},"faces":{"east":{"uv":[7.75,11.375,7.8125,12.4375],"rotation":0,"texture":"#0","tintindex":0},"south":{"uv":[11.375,7.75,11.4375,8.8125],"rotation":0,"texture":"#0","tintindex":0},"north":{"uv":[7.625,11.375,7.6875,12.4375],"rotation":0,"texture":"#0","tintindex":0},"west":{"uv":[7.875,11.375,7.9375,12.4375],"rotation":0,"texture":"#0","tintindex":0},"up":{"uv":[12.9375,11.5625,12.875,11.5],"rotation":0,"texture":"#0","tintindex":0},"down":{"uv":[11.6875,12.875,11.625,12.9375],"rotation":0,"texture":"#0","tintindex":0}}},{"from":[4.7078543,18.337626,-14.2087],"to":[5.317822,19.760883,-7.653084],"rotation":{"angle":-45.0,"axis":"x","origin":[5.0128384,19.049253,-10.930891]},"faces":{"east":{"uv":[12.625,1.625,12.9375,1.6875],"rotation":0,"texture":"#0","tintindex":0},"south":{"uv":[11.75,12.875,11.8125,12.9375],"rotation":0,"texture":"#0","tintindex":0},"north":{"uv":[12.875,11.625,12.9375,11.6875],"rotation":0,"texture":"#0","tintindex":0},"west":{"uv":[12.625,1.75,12.9375,1.8125],"rotation":0,"texture":"#0","tintindex":0},"up":{"uv":[2.5625,12.9375,2.5,12.625],"rotation":0,"texture":"#0","tintindex":0},"down":{"uv":[2.6875,12.625,2.625,12.9375],"rotation":0,"texture":"#0","tintindex":0}}},{"from":[4.7078543,5.3024116,-1.1734867],"to":[5.317822,6.7256694,5.3821297],"rotation":{"angle":-45.0,"axis":"x","origin":[5.0128384,6.0140405,2.1043215]},"faces":{"east":{"uv":[12.625,2.625,12.9375,2.6875],"rotation":0,"texture":"#0","tintindex":0},"south":{"uv":[11.875,12.875,11.9375,12.9375],"rotation":0,"texture":"#0","tintindex":0},"north":{"uv":[12.875,11.75,12.9375,11.8125],"rotation":0,"texture":"#0","tintindex":0},"west":{"uv":[2.75,12.625,3.0625,12.6875],"rotation":0,"texture":"#0","tintindex":0},"up":{"uv":[12.6875,3.0625,12.625,2.75],"rotation":0,"texture":"#0","tintindex":0},"down":{"uv":[3.1875,12.625,3.125,12.9375],"rotation":0,"texture":"#0","tintindex":0}}},{"from":[10.6821785,5.3024116,-1.1734867],"to":[11.292146,6.7256694,5.3821297],"rotation":{"angle":-45.0,"axis":"x","origin":[10.987162,6.0140405,2.1043215]},"faces":{"east":{"uv":[12.625,3.125,12.9375,3.1875],"rotation":0,"texture":"#0","tintindex":0},"south":{"uv":[12.0,12.875,12.0625,12.9375],"rotation":0,"texture":"#0","tintindex":0},"north":{"uv":[12.875,11.875,12.9375,11.9375],"rotation":0,"texture":"#0","tintindex":0},"west":{"uv":[3.25,12.625,3.5625,12.6875],"rotation":0,"texture":"#0","tintindex":0},"up":{"uv":[4.0625,12.9375,4.0,12.625],"rotation":0,"texture":"#0","tintindex":0},"down":{"uv":[4.1875,12.625,4.125,12.9375],"rotation":0,"texture":"#0","tintindex":0}}},{"from":[10.6821785,18.337626,-14.2087],"to":[11.292146,19.760883,-7.653084],"rotation":{"angle":-45.0,"axis":"x","origin":[10.987162,19.049253,-10.930891]},"faces":{"east":{"uv":[4.5,12.625,4.8125,12.6875],"rotation":0,"texture":"#0","tintindex":0},"south":{"uv":[12.125,12.875,12.1875,12.9375],"rotation":0,"texture":"#0","tintindex":0},"north":{"uv":[12.875,12.0,12.9375,12.0625],"rotation":0,"texture":"#0","tintindex":0},"west":{"uv":[12.625,4.5,12.9375,4.5625],"rotation":0,"texture":"#0","tintindex":0},"up":{"uv":[4.3125,12.9375,4.25,12.625],"rotation":0,"texture":"#0","tintindex":0},"down":{"uv":[4.9375,12.625,4.875,12.9375],"rotation":0,"texture":"#0","tintindex":0}}},{"from":[10.6821785,5.382298,-2.2868118],"to":[11.292146,25.240131,-0.9806242],"rotation":{"angle":-45.0,"axis":"x","origin":[10.987162,15.311214,-1.6337185]},"faces":{"east":{"uv":[8.25,11.375,8.3125,12.4375],"rotation":0,"texture":"#0","tintindex":0},"south":{"uv":[8.375,11.375,8.4375,12.4375],"rotation":0,"texture":"#0","tintindex":0},"north":{"uv":[8.0,11.375,8.0625,12.4375],"rotation":0,"texture":"#0","tintindex":0},"west":{"uv":[8.5,11.375,8.5625,12.4375],"rotation":0,"texture":"#0","tintindex":0},"up":{"uv":[12.9375,12.1875,12.875,12.125],"rotation":0,"texture":"#0","tintindex":0},"down":{"uv":[12.3125,12.875,12.25,12.9375],"rotation":0,"texture":"#0","tintindex":0}}},{"from":[10.6821785,-0.17683697,-7.8459463],"to":[11.292146,19.680996,-6.5397587],"rotation":{"angle":-45.0,"axis":"x","origin":[10.987162,9.752079,-7.192853]},"faces":{"east":{"uv":[10.125,11.375,10.1875,12.4375],"rotation":0,"texture":"#0","tintindex":0},"south":{"uv":[10.25,11.375,10.3125,12.4375],"rotation":0,"texture":"#0","tintindex":0},"north":{"uv":[8.625,11.375,8.6875,12.4375],"rotation":0,"texture":"#0","tintindex":0},"west":{"uv":[10.375,11.375,10.4375,12.4375],"rotation":0,"texture":"#0","tintindex":0},"up":{"uv":[12.9375,12.3125,12.875,12.25],"rotation":0,"texture":"#0","tintindex":0},"down":{"uv":[12.4375,12.875,12.375,12.9375],"rotation":0,"texture":"#0","tintindex":0}}},{"from":[10.0044365,11.849155,-14.644751],"to":[11.224371,13.155344,5.958599],"rotation":{"angle":22.5,"axis":"x","origin":[10.614404,12.502251,-4.3430758]},"faces":{"east":{"uv":[11.375,4.625,12.4375,4.6875],"rotation":0,"texture":"#0","tintindex":0},"south":{"uv":[12.5,12.875,12.5625,12.9375],"rotation":0,"texture":"#0","tintindex":0},"north":{"uv":[12.875,12.375,12.9375,12.4375],"rotation":0,"texture":"#0","tintindex":0},"west":{"uv":[11.375,4.75,12.4375,4.8125],"rotation":0,"texture":"#0","tintindex":0},"up":{"uv":[10.5625,12.4375,10.5,11.375],"rotation":0,"texture":"#0","tintindex":0},"down":{"uv":[11.4375,11.0,11.375,12.0625],"rotation":0,"texture":"#0","tintindex":0}}},{"from":[10.0044365,2.6027308,-8.99728],"to":[10.6821785,22.460564,0.17071056],"rotation":{"angle":-45.0,"axis":"x","origin":[10.3433075,12.531648,-4.4132853]},"faces":{"east":{"uv":[5.5,4.0,6.0,5.0625],"rotation":0,"texture":"#0","tintindex":0},"south":{"uv":[2.375,11.5,2.4375,12.5625],"rotation":0,"texture":"#0","tintindex":0},"north":{"uv":[2.25,11.5,2.3125,12.5625],"rotation":0,"texture":"#0","tintindex":0},"west":{"uv":[0.5,5.375,1.0,6.4375],"rotation":0,"texture":"#0","tintindex":0},"up":{"uv":[2.9375,12.375,2.875,11.875],"rotation":0,"texture":"#0","tintindex":0},"down":{"uv":[4.0625,11.875,4.0,12.375],"rotation":0,"texture":"#0","tintindex":0}}},{"from":[2.8528872,-10.716167,6.515222],"to":[5.4700384,-6.4978647,8.903272],"rotation":{"angle":-45.0,"axis":"x","origin":[4.161463,-8.6070175,7.709247]},"faces":{"east":{"uv":[10.375,1.625,10.5,1.875],"rotation":0,"texture":"#0","tintindex":0},"south":{"uv":[5.375,10.375,5.5,10.625],"rotation":0,"texture":"#0","tintindex":0},"north":{"uv":[7.75,10.25,7.875,10.5],"rotation":0,"texture":"#0","tintindex":0},"west":{"uv":[9.5,10.625,9.625,10.875],"rotation":0,"texture":"#0","tintindex":0},"up":{"uv":[12.875,11.0,12.75,10.875],"rotation":0,"texture":"#0","tintindex":0},"down":{"uv":[11.125,12.75,11.0,12.875],"rotation":0,"texture":"#0","tintindex":0}}},{"from":[2.8528872,-11.528616,8.714808],"to":[5.4700384,-9.140566,11.301863],"rotation":{"angle":22.5,"axis":"x","origin":[4.161463,-10.334591,10.008336]},"faces":{"east":{"uv":[11.125,12.75,11.25,12.875],"rotation":0,"texture":"#0","tintindex":0},"south":{"uv":[12.75,11.125,12.875,11.25],"rotation":0,"texture":"#0","tintindex":0},"north":{"uv":[12.75,11.0,12.875,11.125],"rotation":0,"texture":"#0","tintindex":0},"west":{"uv":[11.25,12.75,11.375,12.875],"rotation":0,"texture":"#0","tintindex":0},"up":{"uv":[12.875,11.375,12.75,11.25],"rotation":0,"texture":"#0","tintindex":0},"down":{"uv":[11.5,12.75,11.375,12.875],"rotation":0,"texture":"#0","tintindex":0}}},{"from":[2.8528872,-7.6014547,4.7876472],"to":[5.4700384,-5.0144005,7.1756973],"rotation":{"angle":-22.5,"axis":"x","origin":[4.161463,-6.307927,5.9816723]},"faces":{"east":{"uv":[11.5,12.75,11.625,12.875],"rotation":0,"texture":"#0","tintindex":0},"south":{"uv":[12.75,11.5,12.875,11.625],"rotation":0,"texture":"#0","tintindex":0},"north":{"uv":[12.75,11.375,12.875,11.5],"rotation":0,"texture":"#0","tintindex":0},"west":{"uv":[11.625,12.75,11.75,12.875],"rotation":0,"texture":"#0","tintindex":0},"up":{"uv":[12.875,11.75,12.75,11.625],"rotation":0,"texture":"#0","tintindex":0},"down":{"uv":[11.875,12.75,11.75,12.875],"rotation":0,"texture":"#0","tintindex":0}}},{"from":[2.8528872,-3.1835012,17.258928],"to":[5.4700384,-0.596447,19.646978],"rotation":{"angle":-22.5,"axis":"x","origin":[4.161463,-1.8899746,18.452953]},"faces":{"east":{"uv":[11.875,12.75,12.0,12.875],"rotation":0,"texture":"#0","tintindex":0},"south":{"uv":[12.75,11.875,12.875,12.0],"rotation":0,"texture":"#0","tintindex":0},"north":{"uv":[12.75,11.75,12.875,11.875],"rotation":0,"texture":"#0","tintindex":0},"west":{"uv":[12.0,12.75,12.125,12.875],"rotation":0,"texture":"#0","tintindex":0},"up":{"uv":[12.875,12.125,12.75,12.0],"rotation":0,"texture":"#0","tintindex":0},"down":{"uv":[12.25,12.75,12.125,12.875],"rotation":0,"texture":"#0","tintindex":0}}},{"from":[2.8528872,0.9426646,13.132762],"to":[5.4700384,3.3307142,15.719816],"rotation":{"angle":22.5,"axis":"x","origin":[4.161463,2.1366897,14.42629]},"faces":{"east":{"uv":[12.25,12.75,12.375,12.875],"rotation":0,"texture":"#0","tintindex":0},"south":{"uv":[12.75,12.25,12.875,12.375],"rotation":0,"texture":"#0","tintindex":0},"north":{"uv":[12.75,12.125,12.875,12.25],"rotation":0,"texture":"#0","tintindex":0},"west":{"uv":[12.75,12.375,12.875,12.5],"rotation":0,"texture":"#0","tintindex":0},"up":{"uv":[12.625,12.875,12.5,12.75],"rotation":0,"texture":"#0","tintindex":0},"down":{"uv":[12.875,12.5,12.75,12.625],"rotation":0,"texture":"#0","tintindex":0}}},{"from":[2.8528872,-1.700037,15.531353],"to":[5.4700384,2.5182667,17.919403],"rotation":{"angle":-45.0,"axis":"x","origin":[4.161463,0.40911484,16.725378]},"faces":{"east":{"uv":[7.125,11.75,7.25,12.0],"rotation":0,"texture":"#0","tintindex":0},"south":{"uv":[6.375,11.875,6.5,12.125],"rotation":0,"texture":"#0","tintindex":0},"north":{"uv":[11.375,5.375,11.5,5.625],"rotation":0,"texture":"#0","tintindex":0},"west":{"uv":[9.75,11.875,9.875,12.125],"rotation":0,"texture":"#0","tintindex":0},"up":{"uv":[12.75,12.875,12.625,12.75],"rotation":0,"texture":"#0","tintindex":0},"down":{"uv":[12.875,12.625,12.75,12.75],"rotation":0,"texture":"#0","tintindex":0}}},{"from":[2.8528872,-11.528616,13.132762],"to":[5.4700384,-9.140566,15.719816],"rotation":{"angle":-22.5,"axis":"x","origin":[4.161463,-10.334591,14.42629]},"faces":{"east":{"uv":[0.0,12.875,0.125,13.0],"rotation":0,"texture":"#0","tintindex":0},"south":{"uv":[12.875,0.0,13.0,0.125],"rotation":0,"texture":"#0","tintindex":0},"north":{"uv":[12.75,12.75,12.875,12.875],"rotation":0,"texture":"#0","tintindex":0},"west":{"uv":[0.125,12.875,0.25,13.0],"rotation":0,"texture":"#0","tintindex":0},"up":{"uv":[13.0,0.25,12.875,0.125],"rotation":0,"texture":"#0","tintindex":0},"down":{"uv":[13.0,0.25,12.875,0.375],"rotation":0,"texture":"#0","tintindex":0}}},{"from":[2.8528872,-9.801041,14.616226],"to":[5.4700384,-7.4129915,18.83453],"rotation":{"angle":-45.0,"axis":"x","origin":[4.161463,-8.6070175,16.725378]},"faces":{"east":{"uv":[10.375,1.125,10.625,1.25],"rotation":0,"texture":"#0","tintindex":0},"south":{"uv":[0.5,12.875,0.625,13.0],"rotation":0,"texture":"#0","tintindex":0},"north":{"uv":[12.875,0.375,13.0,0.5],"rotation":0,"texture":"#0","tintindex":0},"west":{"uv":[10.375,5.125,10.625,5.25],"rotation":0,"texture":"#0","tintindex":0},"up":{"uv":[6.5,12.375,6.375,12.125],"rotation":0,"texture":"#0","tintindex":0},"down":{"uv":[8.25,12.125,8.125,12.375],"rotation":0,"texture":"#0","tintindex":0}}},{"from":[2.8528872,-7.6014547,17.258928],"to":[5.4700384,-5.0144005,19.646978],"rotation":{"angle":22.5,"axis":"x","origin":[4.161463,-6.307927,18.452953]},"faces":{"east":{"uv":[0.625,12.875,0.75,13.0],"rotation":0,"texture":"#0","tintindex":0},"south":{"uv":[12.875,0.625,13.0,0.75],"rotation":0,"texture":"#0","tintindex":0},"north":{"uv":[12.875,0.5,13.0,0.625],"rotation":0,"texture":"#0","tintindex":0},"west":{"uv":[0.75,12.875,0.875,13.0],"rotation":0,"texture":"#0","tintindex":0},"up":{"uv":[13.0,0.875,12.875,0.75],"rotation":0,"texture":"#0","tintindex":0},"down":{"uv":[13.0,0.875,12.875,1.0],"rotation":0,"texture":"#0","tintindex":0}}},{"from":[2.8528872,0.9426646,8.714808],"to":[5.4700384,3.3307142,11.301863],"rotation":{"angle":-22.5,"axis":"x","origin":[4.161463,2.1366897,10.008336]},"faces":{"east":{"uv":[1.125,12.875,1.25,13.0],"rotation":0,"texture":"#0","tintindex":0},"south":{"uv":[12.875,1.125,13.0,1.25],"rotation":0,"texture":"#0","tintindex":0},"north":{"uv":[12.875,1.0,13.0,1.125],"rotation":0,"texture":"#0","tintindex":0},"west":{"uv":[1.25,12.875,1.375,13.0],"rotation":0,"texture":"#0","tintindex":0},"up":{"uv":[13.0,1.375,12.875,1.25],"rotation":0,"texture":"#0","tintindex":0},"down":{"uv":[13.0,1.375,12.875,1.5],"rotation":0,"texture":"#0","tintindex":0}}},{"from":[2.8528872,-3.1835012,4.7876472],"to":[5.4700384,-0.596447,7.1756973],"rotation":{"angle":22.5,"axis":"x","origin":[4.161463,-1.8899746,5.9816723]},"faces":{"east":{"uv":[1.875,12.875,2.0,13.0],"rotation":0,"texture":"#0","tintindex":0},"south":{"uv":[12.875,1.875,13.0,2.0],"rotation":0,"texture":"#0","tintindex":0},"north":{"uv":[12.875,1.5,13.0,1.625],"rotation":0,"texture":"#0","tintindex":0},"west":{"uv":[2.0,12.875,2.125,13.0],"rotation":0,"texture":"#0","tintindex":0},"up":{"uv":[13.0,2.125,12.875,2.0],"rotation":0,"texture":"#0","tintindex":0},"down":{"uv":[2.25,12.875,2.125,13.0],"rotation":0,"texture":"#0","tintindex":0}}},{"from":[2.8528872,-0.7849102,5.6000953],"to":[5.4700384,1.6031399,9.818398],"rotation":{"angle":-45.0,"axis":"x","origin":[4.161463,0.40911484,7.709247]},"faces":{"east":{"uv":[6.125,10.375,6.375,10.5],"rotation":0,"texture":"#0","tintindex":0},"south":{"uv":[12.875,2.25,13.0,2.375],"rotation":0,"texture":"#0","tintindex":0},"north":{"uv":[12.875,2.125,13.0,2.25],"rotation":0,"texture":"#0","tintindex":0},"west":{"uv":[10.875,10.125,11.125,10.25],"rotation":0,"texture":"#0","tintindex":0},"up":{"uv":[2.25,12.5,2.125,12.25],"rotation":0,"texture":"#0","tintindex":0},"down":{"uv":[3.0,12.375,2.875,12.625],"rotation":0,"texture":"#0","tintindex":0}}},{"from":[2.8528872,1.346786,10.746466],"to":[5.4700384,3.7348356,13.68816],"rotation":{"angle":0.0,"axis":"y","origin":[4.161463,2.5408106,12.217313]},"faces":{"east":{"uv":[12.875,2.5,13.0,2.625],"rotation":0,"texture":"#0","tintindex":0},"south":{"uv":[2.75,12.875,2.875,13.0],"rotation":0,"texture":"#0","tintindex":0},"north":{"uv":[12.875,2.375,13.0,2.5],"rotation":0,"texture":"#0","tintindex":0},"west":{"uv":[12.875,2.75,13.0,2.875],"rotation":0,"texture":"#0","tintindex":0},"up":{"uv":[3.0,13.0,2.875,12.875],"rotation":0,"texture":"#0","tintindex":0},"down":{"uv":[13.0,2.875,12.875,3.0],"rotation":0,"texture":"#0","tintindex":0}}},{"from":[2.8528872,-5.5697975,4.383526],"to":[5.4700384,-2.6281042,6.771576],"rotation":{"angle":0.0,"axis":"y","origin":[4.161463,-4.0989513,5.577551]},"faces":{"east":{"uv":[12.875,3.0,13.0,3.125],"rotation":0,"texture":"#0","tintindex":0},"south":{"uv":[3.25,12.875,3.375,13.0],"rotation":0,"texture":"#0","tintindex":0},"north":{"uv":[3.0,12.875,3.125,13.0],"rotation":0,"texture":"#0","tintindex":0},"west":{"uv":[12.875,3.25,13.0,3.375],"rotation":0,"texture":"#0","tintindex":0},"up":{"uv":[3.5,13.0,3.375,12.875],"rotation":0,"texture":"#0","tintindex":0},"down":{"uv":[13.0,3.375,12.875,3.5],"rotation":0,"texture":"#0","tintindex":0}}},{"from":[2.8528872,-5.5697975,17.66305],"to":[5.4700384,-2.6281042,20.0511],"rotation":{"angle":0.0,"axis":"y","origin":[4.161463,-4.0989513,18.857075]},"faces":{"east":{"uv":[12.875,3.5,13.0,3.625],"rotation":0,"texture":"#0","tintindex":0},"south":{"uv":[3.625,12.875,3.75,13.0],"rotation":0,"texture":"#0","tintindex":0},"north":{"uv":[3.5,12.875,3.625,13.0],"rotation":0,"texture":"#0","tintindex":0},"west":{"uv":[12.875,3.625,13.0,3.75],"rotation":0,"texture":"#0","tintindex":0},"up":{"uv":[3.875,13.0,3.75,12.875],"rotation":0,"texture":"#0","tintindex":0},"down":{"uv":[13.0,3.75,12.875,3.875],"rotation":0,"texture":"#0","tintindex":0}}},{"from":[2.8528872,-11.932737,10.746466],"to":[5.4700384,-9.544687,13.68816],"rotation":{"angle":0.0,"axis":"y","origin":[4.161463,-10.738712,12.217313]},"faces":{"east":{"uv":[12.875,3.875,13.0,4.0],"rotation":0,"texture":"#0","tintindex":0},"south":{"uv":[12.875,4.0,13.0,4.125],"rotation":0,"texture":"#0","tintindex":0},"north":{"uv":[3.875,12.875,4.0,13.0],"rotation":0,"texture":"#0","tintindex":0},"west":{"uv":[12.875,4.125,13.0,4.25],"rotation":0,"texture":"#0","tintindex":0},"up":{"uv":[13.0,4.375,12.875,4.25],"rotation":0,"texture":"#0","tintindex":0},"down":{"uv":[4.5,12.875,4.375,13.0],"rotation":0,"texture":"#0","tintindex":0}}},{"from":[3.0120907,-9.375786,7.075524],"to":[5.310835,1.0987759,17.43821],"rotation":{"angle":-45.0,"axis":"x","origin":[4.161463,-4.138505,12.256866]},"faces":{"east":{"uv":[7.125,7.25,7.6875,7.8125],"rotation":0,"texture":"#0","tintindex":0},"south":{"uv":[6.25,11.25,6.375,11.8125],"rotation":0,"texture":"#0","tintindex":0},"north":{"uv":[6.125,11.25,6.25,11.8125],"rotation":0,"texture":"#0","tintindex":0},"west":{"uv":[5.0,6.375,5.6875,7.0625],"rotation":0,"texture":"#0","tintindex":0},"up":{"uv":[6.5,11.8125,6.375,11.25],"rotation":0,"texture":"#0","tintindex":0},"down":{"uv":[11.375,6.875,11.25,7.4375],"rotation":0,"texture":"#0","tintindex":0}}},{"from":[10.529962,-10.716167,6.515222],"to":[13.147113,-6.4978647,8.903272],"rotation":{"angle":-45.0,"axis":"x","origin":[11.838537,-8.6070175,7.709247]},"faces":{"east":{"uv":[6.375,12.375,6.5,12.625],"rotation":0,"texture":"#0","tintindex":0},"south":{"uv":[7.125,12.375,7.25,12.625],"rotation":0,"texture":"#0","tintindex":0},"north":{"uv":[4.0,12.375,4.125,12.625],"rotation":0,"texture":"#0","tintindex":0},"west":{"uv":[8.125,12.375,8.25,12.625],"rotation":0,"texture":"#0","tintindex":0},"up":{"uv":[13.0,4.5,12.875,4.375],"rotation":0,"texture":"#0","tintindex":0},"down":{"uv":[4.625,12.875,4.5,13.0],"rotation":0,"texture":"#0","tintindex":0}}},{"from":[10.529962,-11.528616,8.714808],"to":[13.147113,-9.140566,11.301863],"rotation":{"angle":22.5,"axis":"x","origin":[11.838537,-10.334591,10.008336]},"faces":{"east":{"uv":[12.875,4.625,13.0,4.75],"rotation":0,"texture":"#0","tintindex":0},"south":{"uv":[4.75,12.875,4.875,13.0],"rotation":0,"texture":"#0","tintindex":0},"north":{"uv":[4.625,12.875,4.75,13.0],"rotation":0,"texture":"#0","tintindex":0},"west":{"uv":[12.875,4.75,13.0,4.875],"rotation":0,"texture":"#0","tintindex":0},"up":{"uv":[13.0,5.0,12.875,4.875],"rotation":0,"texture":"#0","tintindex":0},"down":{"uv":[13.0,5.0,12.875,5.125],"rotation":0,"texture":"#0","tintindex":0}}},{"from":[10.529962,-7.6014547,4.7876472],"to":[13.147113,-5.0144005,7.1756973],"rotation":{"angle":-22.5,"axis":"x","origin":[11.838537,-6.307927,5.9816723]},"faces":{"east":{"uv":[5.25,12.875,5.375,13.0],"rotation":0,"texture":"#0","tintindex":0},"south":{"uv":[12.875,5.25,13.0,5.375],"rotation":0,"texture":"#0","tintindex":0},"north":{"uv":[12.875,5.125,13.0,5.25],"rotation":0,"texture":"#0","tintindex":0},"west":{"uv":[5.375,12.875,5.5,13.0],"rotation":0,"texture":"#0","tintindex":0},"up":{"uv":[5.625,13.0,5.5,12.875],"rotation":0,"texture":"#0","tintindex":0},"down":{"uv":[13.0,5.625,12.875,5.75],"rotation":0,"texture":"#0","tintindex":0}}},{"from":[10.529962,-3.1835012,17.258928],"to":[13.147113,-0.596447,19.646978],"rotation":{"angle":-22.5,"axis":"x","origin":[11.838537,-1.8899746,18.452953]},"faces":{"east":{"uv":[12.875,5.75,13.0,5.875],"rotation":0,"texture":"#0","tintindex":0},"south":{"uv":[5.875,12.875,6.0,13.0],"rotation":0,"texture":"#0","tintindex":0},"north":{"uv":[5.75,12.875,5.875,13.0],"rotation":0,"texture":"#0","tintindex":0},"west":{"uv":[12.875,5.875,13.0,6.0],"rotation":0,"texture":"#0","tintindex":0},"up":{"uv":[6.125,13.0,6.0,12.875],"rotation":0,"texture":"#0","tintindex":0},"down":{"uv":[13.0,6.125,12.875,6.25],"rotation":0,"texture":"#0","tintindex":0}}},{"from":[10.529962,0.9426646,13.132762],"to":[13.147113,3.3307142,15.719816],"rotation":{"angle":22.5,"axis":"x","origin":[11.838537,2.1366897,14.42629]},"faces":{"east":{"uv":[12.875,6.375,13.0,6.5],"rotation":0,"texture":"#0","tintindex":0},"south":{"uv":[6.5,12.875,6.625,13.0],"rotation":0,"texture":"#0","tintindex":0},"north":{"uv":[12.875,6.25,13.0,6.375],"rotation":0,"texture":"#0","tintindex":0},"west":{"uv":[12.875,6.5,13.0,6.625],"rotation":0,"texture":"#0","tintindex":0},"up":{"uv":[6.75,13.0,6.625,12.875],"rotation":0,"texture":"#0","tintindex":0},"down":{"uv":[13.0,6.625,12.875,6.75],"rotation":0,"texture":"#0","tintindex":0}}},{"from":[10.529962,-1.700037,15.531353],"to":[13.147113,2.5182667,17.919403],"rotation":{"angle":-45.0,"axis":"x","origin":[11.838537,0.40911484,16.725378]},"faces":{"east":{"uv":[12.375,11.25,12.5,11.5],"rotation":0,"texture":"#0","tintindex":0},"south":{"uv":[11.375,12.375,11.5,12.625],"rotation":0,"texture":"#0","tintindex":0},"north":{"uv":[9.75,12.375,9.875,12.625],"rotation":0,"texture":"#0","tintindex":0},"west":{"uv":[11.5,12.375,11.625,12.625],"rotation":0,"texture":"#0","tintindex":0},"up":{"uv":[6.875,13.0,6.75,12.875],"rotation":0,"texture":"#0","tintindex":0},"down":{"uv":[13.0,6.75,12.875,6.875],"rotation":0,"texture":"#0","tintindex":0}}},{"from":[10.529962,-11.528616,13.132762],"to":[13.147113,-9.140566,15.719816],"rotation":{"angle":-22.5,"axis":"x","origin":[11.838537,-10.334591,14.42629]},"faces":{"east":{"uv":[12.875,7.0,13.0,7.125],"rotation":0,"texture":"#0","tintindex":0},"south":{"uv":[7.125,12.875,7.25,13.0],"rotation":0,"texture":"#0","tintindex":0},"north":{"uv":[12.875,6.875,13.0,7.0],"rotation":0,"texture":"#0","tintindex":0},"west":{"uv":[12.875,7.125,13.0,7.25],"rotation":0,"texture":"#0","tintindex":0},"up":{"uv":[7.375,13.0,7.25,12.875],"rotation":0,"texture":"#0","tintindex":0},"down":{"uv":[7.5,12.875,7.375,13.0],"rotation":0,"texture":"#0","tintindex":0}}},{"from":[10.529962,-9.801041,14.616226],"to":[13.147113,-7.4129915,18.83453],"rotation":{"angle":-45.0,"axis":"x","origin":[11.838537,-8.6070175,16.725378]},"faces":{"east":{"uv":[12.375,10.625,12.625,10.75],"rotation":0,"texture":"#0","tintindex":0},"south":{"uv":[12.875,7.5,13.0,7.625],"rotation":0,"texture":"#0","tintindex":0},"north":{"uv":[12.875,7.375,13.0,7.5],"rotation":0,"texture":"#0","tintindex":0},"west":{"uv":[12.375,11.5,12.625,11.625],"rotation":0,"texture":"#0","tintindex":0},"up":{"uv":[11.75,12.625,11.625,12.375],"rotation":0,"texture":"#0","tintindex":0},"down":{"uv":[11.875,12.375,11.75,12.625],"rotation":0,"texture":"#0","tintindex":0}}},{"from":[10.529962,-7.6014547,17.258928],"to":[13.147113,-5.0144005,19.646978],"rotation":{"angle":22.5,"axis":"x","origin":[11.838537,-6.307927,18.452953]},"faces":{"east":{"uv":[12.875,7.625,13.0,7.75],"rotation":0,"texture":"#0","tintindex":0},"south":{"uv":[7.75,12.875,7.875,13.0],"rotation":0,"texture":"#0","tintindex":0},"north":{"uv":[7.625,12.875,7.75,13.0],"rotation":0,"texture":"#0","tintindex":0},"west":{"uv":[7.875,12.875,8.0,13.0],"rotation":0,"texture":"#0","tintindex":0},"up":{"uv":[13.0,8.0,12.875,7.875],"rotation":0,"texture":"#0","tintindex":0},"down":{"uv":[8.125,12.875,8.0,13.0],"rotation":0,"texture":"#0","tintindex":0}}},{"from":[10.529962,0.9426646,8.714808],"to":[13.147113,3.3307142,11.301863],"rotation":{"angle":-22.5,"axis":"x","origin":[11.838537,2.1366897,10.008336]},"faces":{"east":{"uv":[12.875,8.125,13.0,8.25],"rotation":0,"texture":"#0","tintindex":0},"south":{"uv":[8.25,12.875,8.375,13.0],"rotation":0,"texture":"#0","tintindex":0},"north":{"uv":[12.875,8.0,13.0,8.125],"rotation":0,"texture":"#0","tintindex":0},"west":{"uv":[12.875,8.25,13.0,8.375],"rotation":0,"texture":"#0","tintindex":0},"up":{"uv":[8.5,13.0,8.375,12.875],"rotation":0,"texture":"#0","tintindex":0},"down":{"uv":[13.0,8.375,12.875,8.5],"rotation":0,"texture":"#0","tintindex":0}}},{"from":[10.529962,-3.1835012,4.7876472],"to":[13.147113,-0.596447,7.1756973],"rotation":{"angle":22.5,"axis":"x","origin":[11.838537,-1.8899746,5.9816723]},"faces":{"east":{"uv":[12.875,8.5,13.0,8.625],"rotation":0,"texture":"#0","tintindex":0},"south":{"uv":[8.625,12.875,8.75,13.0],"rotation":0,"texture":"#0","tintindex":0},"north":{"uv":[8.5,12.875,8.625,13.0],"rotation":0,"texture":"#0","tintindex":0},"west":{"uv":[12.875,8.625,13.0,8.75],"rotation":0,"texture":"#0","tintindex":0},"up":{"uv":[8.875,13.0,8.75,12.875],"rotation":0,"texture":"#0","tintindex":0},"down":{"uv":[13.0,8.75,12.875,8.875],"rotation":0,"texture":"#0","tintindex":0}}},{"from":[10.529962,-0.7849102,5.6000953],"to":[13.147113,1.6031399,9.818398],"rotation":{"angle":-45.0,"axis":"x","origin":[11.838537,0.40911484,7.709247]},"faces":{"east":{"uv":[12.375,11.625,12.625,11.75],"rotation":0,"texture":"#0","tintindex":0},"south":{"uv":[12.875,8.875,13.0,9.0],"rotation":0,"texture":"#0","tintindex":0},"north":{"uv":[8.875,12.875,9.0,13.0],"rotation":0,"texture":"#0","tintindex":0},"west":{"uv":[11.875,12.375,12.125,12.5],"rotation":0,"texture":"#0","tintindex":0},"up":{"uv":[12.25,12.625,12.125,12.375],"rotation":0,"texture":"#0","tintindex":0},"down":{"uv":[12.375,12.375,12.25,12.625],"rotation":0,"texture":"#0","tintindex":0}}},{"from":[10.529962,1.346786,10.746466],"to":[13.147113,3.7348356,13.68816],"rotation":{"angle":0.0,"axis":"y","origin":[11.838537,2.5408106,12.217313]},"faces":{"east":{"uv":[12.875,9.0,13.0,9.125],"rotation":0,"texture":"#0","tintindex":0},"south":{"uv":[9.125,12.875,9.25,13.0],"rotation":0,"texture":"#0","tintindex":0},"north":{"uv":[9.0,12.875,9.125,13.0],"rotation":0,"texture":"#0","tintindex":0},"west":{"uv":[12.875,9.125,13.0,9.25],"rotation":0,"texture":"#0","tintindex":0},"up":{"uv":[9.375,13.0,9.25,12.875],"rotation":0,"texture":"#0","tintindex":0},"down":{"uv":[13.0,9.25,12.875,9.375],"rotation":0,"texture":"#0","tintindex":0}}},{"from":[10.529962,-5.5697975,4.383526],"to":[13.147113,-2.6281042,6.771576],"rotation":{"angle":0.0,"axis":"y","origin":[11.838537,-4.0989513,5.577551]},"faces":{"east":{"uv":[12.875,9.375,13.0,9.5],"rotation":0,"texture":"#0","tintindex":0},"south":{"uv":[9.5,12.875,9.625,13.0],"rotation":0,"texture":"#0","tintindex":0},"north":{"uv":[9.375,12.875,9.5,13.0],"rotation":0,"texture":"#0","tintindex":0},"west":{"uv":[12.875,9.5,13.0,9.625],"rotation":0,"texture":"#0","tintindex":0},"up":{"uv":[9.75,13.0,9.625,12.875],"rotation":0,"texture":"#0","tintindex":0},"down":{"uv":[13.0,9.625,12.875,9.75],"rotation":0,"texture":"#0","tintindex":0}}},{"from":[10.529962,-5.5697975,17.66305],"to":[13.147113,-2.6281042,20.0511],"rotation":{"angle":0.0,"axis":"y","origin":[11.838537,-4.0989513,18.857075]},"faces":{"east":{"uv":[12.875,9.75,13.0,9.875],"rotation":0,"texture":"#0","tintindex":0},"south":{"uv":[9.875,12.875,10.0,13.0],"rotation":0,"texture":"#0","tintindex":0},"north":{"uv":[9.75,12.875,9.875,13.0],"rotation":0,"texture":"#0","tintindex":0},"west":{"uv":[12.875,9.875,13.0,10.0],"rotation":0,"texture":"#0","tintindex":0},"up":{"uv":[10.125,13.0,10.0,12.875],"rotation":0,"texture":"#0","tintindex":0},"down":{"uv":[13.0,10.0,12.875,10.125],"rotation":0,"texture":"#0","tintindex":0}}},{"from":[10.529962,-11.932737,10.746466],"to":[13.147113,-9.544687,13.68816],"rotation":{"angle":0.0,"axis":"y","origin":[11.838537,-10.738712,12.217313]},"faces":{"east":{"uv":[12.875,10.125,13.0,10.25],"rotation":0,"texture":"#0","tintindex":0},"south":{"uv":[10.25,12.875,10.375,13.0],"rotation":0,"texture":"#0","tintindex":0},"north":{"uv":[10.125,12.875,10.25,13.0],"rotation":0,"texture":"#0","tintindex":0},"west":{"uv":[12.875,10.25,13.0,10.375],"rotation":0,"texture":"#0","tintindex":0},"up":{"uv":[10.5,13.0,10.375,12.875],"rotation":0,"texture":"#0","tintindex":0},"down":{"uv":[13.0,10.375,12.875,10.5],"rotation":0,"texture":"#0","tintindex":0}}},{"from":[10.689165,-9.375786,7.075524],"to":[12.987909,1.0987759,17.43821],"rotation":{"angle":-45.0,"axis":"x","origin":[11.838537,-4.138505,12.256866]},"faces":{"east":{"uv":[5.0,6.375,5.6875,7.0625],"rotation":0,"texture":"#0","tintindex":0},"south":{"uv":[9.5,11.25,9.625,11.8125],"rotation":0,"texture":"#0","tintindex":0},"north":{"uv":[11.25,7.5,11.375,8.0625],"rotation":0,"texture":"#0","tintindex":0},"west":{"uv":[3.625,7.5,4.1875,8.0625],"rotation":0,"texture":"#0","tintindex":0},"up":{"uv":[9.75,11.8125,9.625,11.25],"rotation":0,"texture":"#0","tintindex":0},"down":{"uv":[9.875,11.25,9.75,11.8125],"rotation":0,"texture":"#0","tintindex":0}}},{"from":[5.619657,-6.385372,-9.945129],"to":[10.3803425,32.0,0.5672245],"rotation":{"angle":-45.0,"axis":"x","origin":[8.0,12.807314,-4.6889515]},"faces":{"east":{"uv":[1.25,3.125,1.8125,5.125],"rotation":0,"texture":"#0","tintindex":0},"south":{"uv":[1.0,5.375,1.25,7.375],"rotation":0,"texture":"#0","tintindex":0},"north":{"uv":[3.5,5.125,3.75,7.125],"rotation":0,"texture":"#0","tintindex":0},"west":{"uv":[1.875,3.125,2.4375,5.125],"rotation":0,"texture":"#0","tintindex":0},"up":{"uv":[5.75,10.6875,5.5,10.125],"rotation":0,"texture":"#0","tintindex":0},"down":{"uv":[10.375,9.625,10.125,10.1875],"rotation":0,"texture":"#0","tintindex":0}}}],"display":{"head":{"translation":[0.0,25.41611,-0.2943573],"scale":[4.0,4.0,4.0]}}}