{"textures":{"0":"minecraft:modelengine/entity/claw_tier2"},"elements":[{"from":[4.2267256,3.0245733,0.80797005],"to":[11.773274,26.725142,7.3882217],"rotation":{"angle":-22.5,"axis":"x","origin":[8.0,14.874858,4.098096]},"faces":{"east":{"uv":[2.5625,6.625,2.25,7.875],"rotation":0,"texture":"#0","tintindex":0},"south":{"uv":[0.375,6.5,0.0,7.75],"rotation":0,"texture":"#0","tintindex":0},"north":{"uv":[6.875,0.0,6.5,1.25],"rotation":0,"texture":"#0","tintindex":0},"west":{"uv":[7.0625,6.5,6.75,7.75],"rotation":0,"texture":"#0","tintindex":0},"up":{"uv":[5.0,10.375,4.625,10.6875],"rotation":0,"texture":"#0","tintindex":0},"down":{"uv":[5.375,10.6875,5.0,10.375],"rotation":0,"texture":"#0","tintindex":0}}},{"from":[4.760522,-4.426343,9.172264],"to":[11.239478,6.676626,14.631544],"rotation":{"angle":-45.0,"axis":"x","origin":[8.0,1.1251421,11.901904]},"faces":{"east":{"uv":[4.1875,9.375,3.875,9.9375],"rotation":0,"texture":"#0","tintindex":0},"south":{"uv":[9.6875,3.75,9.375,4.3125],"rotation":0,"texture":"#0","tintindex":0},"north":{"uv":[4.5625,9.375,4.25,9.9375],"rotation":0,"texture":"#0","tintindex":0},"west":{"uv":[9.6875,4.375,9.375,4.9375],"rotation":0,"texture":"#0","tintindex":0},"up":{"uv":[6.8125,11.0,6.5,11.3125],"rotation":0,"texture":"#0","tintindex":0},"down":{"uv":[8.0625,11.3125,7.75,11.0],"rotation":0,"texture":"#0","tintindex":0}}}],"display":{"head":{"translation":[0.0,-6.4,0.0],"scale":[4.0,4.0,4.0]}}}