{"textures":{"0":"minecraft:modelengine/entity/gem_type_drill_1"},"elements":[{"from":[6.214286,4.5960894,4.339302],"to":[9.785714,8.167518,14.78573],"rotation":{"angle":-22.5,"axis":"x","origin":[8.0,5.0425177,5.232159]},"faces":{"east":{"uv":[1.25,1.0,2.6875,1.5],"rotation":0,"texture":"#0","tintindex":0},"south":{"uv":[3.75,5.375,4.25,5.875],"rotation":0,"texture":"#0","tintindex":0},"north":{"uv":[5.375,0.0,5.875,0.5],"rotation":0,"texture":"#0","tintindex":0},"west":{"uv":[1.25,1.5,2.6875,2.0],"rotation":0,"texture":"#0","tintindex":0},"up":{"uv":[1.75,3.4375,1.25,2.0],"rotation":0,"texture":"#0","tintindex":0},"down":{"uv":[2.25,2.0,1.75,3.4375],"rotation":0,"texture":"#0","tintindex":0}}},{"from":[9.785714,6.6489787,4.1565986],"to":[11.571428,9.32755,13.531599],"rotation":{"angle":-22.5,"axis":"x","origin":[10.678572,7.9882646,8.844099]},"faces":{"east":{"uv":[3.375,1.0,4.6875,1.375],"rotation":0,"texture":"#0","tintindex":0},"south":{"uv":[7.625,1.875,7.875,2.25],"rotation":0,"texture":"#0","tintindex":0},"north":{"uv":[4.5,7.25,4.75,7.625],"rotation":0,"texture":"#0","tintindex":0},"west":{"uv":[3.375,1.375,4.6875,1.75],"rotation":0,"texture":"#0","tintindex":0},"up":{"uv":[4.875,5.4375,4.625,4.125],"rotation":0,"texture":"#0","tintindex":0},"down":{"uv":[0.625,4.75,0.375,6.0625],"rotation":0,"texture":"#0","tintindex":0}}},{"from":[4.428571,6.6489787,4.1565986],"to":[6.214286,9.32755,13.531599],"rotation":{"angle":-22.5,"axis":"x","origin":[5.3214283,7.9882646,8.844099]},"faces":{"east":{"uv":[0.0,3.5,1.3125,3.875],"rotation":0,"texture":"#0","tintindex":0},"south":{"uv":[7.625,3.75,7.875,4.125],"rotation":0,"texture":"#0","tintindex":0},"north":{"uv":[7.625,2.25,7.875,2.625],"rotation":0,"texture":"#0","tintindex":0},"west":{"uv":[1.375,3.5,2.6875,3.875],"rotation":0,"texture":"#0","tintindex":0},"up":{"uv":[0.875,6.0625,0.625,4.75],"rotation":0,"texture":"#0","tintindex":0},"down":{"uv":[1.125,4.75,0.875,6.0625],"rotation":0,"texture":"#0","tintindex":0}}},{"from":[6.236607,7.520995,8.883411],"to":[9.763393,9.688559,14.220621],"rotation":{"angle":-45.0,"axis":"x","origin":[8.0,7.902844,8.637876]},"faces":{"east":{"uv":[5.5,2.875,6.25,3.1875],"rotation":0,"texture":"#0","tintindex":0},"south":{"uv":[6.375,0.375,6.875,0.6875],"rotation":0,"texture":"#0","tintindex":0},"north":{"uv":[4.75,6.25,5.25,6.5625],"rotation":0,"texture":"#0","tintindex":0},"west":{"uv":[5.5,3.25,6.25,3.5625],"rotation":0,"texture":"#0","tintindex":0},"up":{"uv":[4.5,3.125,4.0,2.375],"rotation":0,"texture":"#0","tintindex":0},"down":{"uv":[4.75,0.0,4.25,0.75],"rotation":0,"texture":"#0","tintindex":0}}},{"from":[6.236607,8.235281,3.2137685],"to":[9.763393,11.496594,4.6000853],"rotation":{"angle":-45.0,"axis":"x","origin":[8.0,7.902844,8.637876]},"faces":{"east":{"uv":[3.25,7.75,3.4375,8.1875],"rotation":0,"texture":"#0","tintindex":0},"south":{"uv":[4.75,5.75,5.25,6.1875],"rotation":0,"texture":"#0","tintindex":0},"north":{"uv":[4.25,5.75,4.75,6.1875],"rotation":0,"texture":"#0","tintindex":0},"west":{"uv":[3.5,7.75,3.6875,8.1875],"rotation":0,"texture":"#0","tintindex":0},"up":{"uv":[4.5,3.3125,4.0,3.125],"rotation":0,"texture":"#0","tintindex":0},"down":{"uv":[2.75,4.875,2.25,5.0625],"rotation":0,"texture":"#0","tintindex":0}}},{"from":[4.205357,6.559693,3.9333844],"to":[6.4375,8.3454075,13.754813],"rotation":{"angle":-22.5,"axis":"x","origin":[5.3214283,7.9882646,8.844099]},"faces":{"east":{"uv":[4.0,3.375,5.375,3.625],"rotation":0,"texture":"#0","tintindex":0},"south":{"uv":[7.875,3.625,8.1875,3.875],"rotation":0,"texture":"#0","tintindex":0},"north":{"uv":[7.875,3.125,8.1875,3.375],"rotation":0,"texture":"#0","tintindex":0},"west":{"uv":[4.25,0.75,5.625,1.0],"rotation":0,"texture":"#0","tintindex":0},"up":{"uv":[3.0625,5.125,2.75,3.75],"rotation":0,"texture":"#0","tintindex":0},"down":{"uv":[3.4375,3.75,3.125,5.125],"rotation":0,"texture":"#0","tintindex":0}}},{"from":[9.5625,6.559693,3.9333844],"to":[11.794643,8.3454075,13.754813],"rotation":{"angle":-22.5,"axis":"x","origin":[10.678572,7.9882646,8.844099]},"faces":{"east":{"uv":[4.5,3.625,5.875,3.875],"rotation":0,"texture":"#0","tintindex":0},"south":{"uv":[4.125,7.875,4.4375,8.125],"rotation":0,"texture":"#0","tintindex":0},"north":{"uv":[7.875,3.875,8.1875,4.125],"rotation":0,"texture":"#0","tintindex":0},"west":{"uv":[4.5,3.875,5.875,4.125],"rotation":0,"texture":"#0","tintindex":0},"up":{"uv":[3.8125,5.125,3.5,3.75],"rotation":0,"texture":"#0","tintindex":0},"down":{"uv":[0.3125,3.875,0.0,5.25],"rotation":0,"texture":"#0","tintindex":0}}},{"from":[6.660714,8.167518,5.4553733],"to":[9.339286,8.546982,8.089302],"rotation":{"angle":-22.5,"axis":"x","origin":[8.0,5.0425177,5.232159]},"faces":{"east":{"uv":[6.375,8.5,6.75,8.5625],"rotation":0,"texture":"#0","tintindex":0},"south":{"uv":[8.125,8.5,8.5,8.5625],"rotation":0,"texture":"#0","tintindex":0},"north":{"uv":[8.5,5.875,8.875,5.9375],"rotation":0,"texture":"#0","tintindex":0},"west":{"uv":[8.5,8.5,8.875,8.5625],"rotation":0,"texture":"#0","tintindex":0},"up":{"uv":[6.75,6.75,6.375,6.375],"rotation":0,"texture":"#0","tintindex":0},"down":{"uv":[6.875,0.75,6.5,1.125],"rotation":0,"texture":"#0","tintindex":0}}}],"display":{"head":{"translation":[0.0,-6.4,0.0],"scale":[4.0,4.0,4.0]}}}