{"textures":{"0":"minecraft:modelengine/entity/gem_type_drill_1"},"elements":[{"from":[5.991071,4.5536795,-5.9414835],"to":[10.008928,8.125108,15.487089],"rotation":{"angle":0.0,"axis":"y","origin":[8.0,1.5179648,12.451375]},"faces":{"east":{"uv":[1.25,0.0,4.25,0.5],"rotation":0,"texture":"#0","tintindex":0},"south":{"uv":[5.25,1.0,5.8125,1.5],"rotation":0,"texture":"#0","tintindex":0},"north":{"uv":[3.125,5.125,3.6875,5.625],"rotation":0,"texture":"#0","tintindex":0},"west":{"uv":[1.25,0.5,4.25,1.0],"rotation":0,"texture":"#0","tintindex":0},"up":{"uv":[0.5625,3.0,0.0,0.0],"rotation":0,"texture":"#0","tintindex":0},"down":{"uv":[1.1875,0.0,0.625,3.0],"rotation":0,"texture":"#0","tintindex":0}}},{"from":[7.665179,8.772429,-0.20487595],"to":[8.334822,9.486715,13.366553],"rotation":{"angle":0.0,"axis":"y","origin":[8.111608,2.879572,12.451375]},"faces":{"east":{"uv":[5.5,4.625,7.375,4.75],"rotation":0,"texture":"#0","tintindex":0},"south":{"uv":[8.625,5.625,8.75,5.75],"rotation":0,"texture":"#0","tintindex":0},"north":{"uv":[5.625,8.625,5.75,8.75],"rotation":0,"texture":"#0","tintindex":0},"west":{"uv":[5.5,4.75,7.375,4.875],"rotation":0,"texture":"#0","tintindex":0},"up":{"uv":[1.625,7.25,1.5,5.375],"rotation":0,"texture":"#0","tintindex":0},"down":{"uv":[2.625,5.5,2.5,7.375],"rotation":0,"texture":"#0","tintindex":0}}},{"from":[5.5446424,7.2768936,12.942446],"to":[10.455358,14.017965,16.335304],"rotation":{"angle":22.5,"axis":"x","origin":[8.0,8.125108,5.7103033]},"faces":{"east":{"uv":[3.5,1.75,4.0,2.6875],"rotation":0,"texture":"#0","tintindex":0},"south":{"uv":[2.75,1.0,3.375,1.9375],"rotation":0,"texture":"#0","tintindex":0},"north":{"uv":[2.25,2.0,2.875,2.9375],"rotation":0,"texture":"#0","tintindex":0},"west":{"uv":[3.5,2.75,4.0,3.6875],"rotation":0,"texture":"#0","tintindex":0},"up":{"uv":[0.625,3.5,0.0,3.0],"rotation":0,"texture":"#0","tintindex":0},"down":{"uv":[1.25,3.0,0.625,3.5],"rotation":0,"texture":"#0","tintindex":0}}},{"from":[7.330357,7.5893936,-0.7182684],"to":[8.669642,10.089394,0.30851698],"rotation":{"angle":22.5,"axis":"x","origin":[8.0,9.017965,-0.7629118]},"faces":{"east":{"uv":[4.125,5.875,4.25,6.25],"rotation":0,"texture":"#0","tintindex":0},"south":{"uv":[8.0,0.0,8.1875,0.375],"rotation":0,"texture":"#0","tintindex":0},"north":{"uv":[7.875,7.875,8.0625,8.25],"rotation":0,"texture":"#0","tintindex":0},"west":{"uv":[3.625,7.375,3.75,7.75],"rotation":0,"texture":"#0","tintindex":0},"up":{"uv":[8.8125,2.875,8.625,2.75],"rotation":0,"texture":"#0","tintindex":0},"down":{"uv":[3.0625,8.625,2.875,8.75],"rotation":0,"texture":"#0","tintindex":0}}},{"from":[7.330357,7.5893936,12.897803],"to":[8.669642,10.089394,15.040661],"rotation":{"angle":-22.5,"axis":"x","origin":[8.0,9.017965,13.969233]},"faces":{"east":{"uv":[6.75,1.875,7.0625,2.25],"rotation":0,"texture":"#0","tintindex":0},"south":{"uv":[1.0,8.0,1.1875,8.375],"rotation":0,"texture":"#0","tintindex":0},"north":{"uv":[8.0,0.375,8.1875,0.75],"rotation":0,"texture":"#0","tintindex":0},"west":{"uv":[6.75,2.25,7.0625,2.625],"rotation":0,"texture":"#0","tintindex":0},"up":{"uv":[4.6875,8.3125,4.5,8.0],"rotation":0,"texture":"#0","tintindex":0},"down":{"uv":[8.1875,5.125,8.0,5.4375],"rotation":0,"texture":"#0","tintindex":0}}}],"display":{"head":{"translation":[0.0,-6.4,0.0],"scale":[4.0,4.0,4.0]}}}