{"textures":{"0":"minecraft:modelengine/entity/gem_type_drill_1"},"elements":[{"from":[7.464286,6.939732,6.950893],"to":[8.089286,9.060268,9.049108],"rotation":{"angle":0.0,"axis":"y","origin":[8.0,8.0,8.0]},"faces":{"east":{"uv":[7.625,0.0,7.9375,0.3125],"rotation":0,"texture":"#0","tintindex":0},"south":{"uv":[3.5,8.625,3.5625,8.9375],"rotation":0,"texture":"#0","tintindex":0},"north":{"uv":[3.375,8.625,3.4375,8.9375],"rotation":0,"texture":"#0","tintindex":0},"west":{"uv":[7.625,0.375,7.9375,0.6875],"rotation":0,"texture":"#0","tintindex":0},"up":{"uv":[3.6875,8.9375,3.625,8.625],"rotation":0,"texture":"#0","tintindex":0},"down":{"uv":[8.6875,3.625,8.625,3.9375],"rotation":0,"texture":"#0","tintindex":0}}},{"from":[8.089286,7.609375,7.620536],"to":[8.357142,8.390625,8.379464],"rotation":{"angle":0.0,"axis":"y","origin":[8.0,8.0,8.0]},"faces":{"east":{"uv":[8.625,7.0,8.75,7.125],"rotation":0,"texture":"#0","tintindex":0},"south":{"uv":[8.125,8.625,8.1875,8.75],"rotation":0,"texture":"#0","tintindex":0},"north":{"uv":[8.625,8.0,8.6875,8.125],"rotation":0,"texture":"#0","tintindex":0},"west":{"uv":[7.125,8.625,7.25,8.75],"rotation":0,"texture":"#0","tintindex":0},"up":{"uv":[8.6875,8.25,8.625,8.125],"rotation":0,"texture":"#0","tintindex":0},"down":{"uv":[8.3125,8.625,8.25,8.75],"rotation":0,"texture":"#0","tintindex":0}}}],"display":{"head":{"translation":[0.0,-6.4,0.0],"scale":[4.0,4.0,4.0]}}}