{"textures":{"0":"minecraft:modelengine/entity/gem_type_drill_1"},"elements":[{"from":[5.560019,7.495329,6.4516044],"to":[7.792162,8.298901,12.701605],"rotation":{"angle":0.0,"axis":"y","origin":[6.899305,7.9417577,9.576605]},"faces":{"east":{"uv":[7.625,4.0,6.75,4.125],"rotation":0,"texture":"#0","tintindex":0},"south":{"uv":[3.5625,8.25,3.25,8.375],"rotation":0,"texture":"#0","tintindex":0},"north":{"uv":[8.5625,3.125,8.25,3.25],"rotation":0,"texture":"#0","tintindex":0},"west":{"uv":[7.625,3.875,6.75,4.0],"rotation":0,"texture":"#0","tintindex":0},"up":{"uv":[0.0,6.125,0.3125,5.25],"rotation":0,"texture":"#0","tintindex":0},"down":{"uv":[5.25,1.5,5.5625,2.375],"rotation":0,"texture":"#0","tintindex":0}}},{"from":[5.3368044,8.120329,6.22839],"to":[8.015376,9.727472,12.924819],"rotation":{"angle":0.0,"axis":"y","origin":[6.899305,7.9417577,9.576605]},"faces":{"east":{"uv":[6.4375,4.125,5.5,4.375],"rotation":0,"texture":"#0","tintindex":0},"south":{"uv":[8.0,0.75,7.625,1.0],"rotation":0,"texture":"#0","tintindex":0},"north":{"uv":[7.875,1.375,7.5,1.625],"rotation":0,"texture":"#0","tintindex":0},"west":{"uv":[6.3125,0.5,5.375,0.75],"rotation":0,"texture":"#0","tintindex":0},"up":{"uv":[2.375,4.8125,2.75,3.875],"rotation":0,"texture":"#0","tintindex":0},"down":{"uv":[3.875,4.375,4.25,5.3125],"rotation":0,"texture":"#0","tintindex":0}}},{"from":[5.359126,8.384997,8.906961],"to":[7.993055,9.794436,12.977465],"rotation":{"angle":-22.5,"axis":"x","origin":[6.899305,8.923901,9.576605]},"faces":{"east":{"uv":[7.5625,0.0,7.0,0.1875],"rotation":0,"texture":"#0","tintindex":0},"south":{"uv":[8.25,4.625,7.875,4.8125],"rotation":0,"texture":"#0","tintindex":0},"north":{"uv":[8.25,4.375,7.875,4.5625],"rotation":0,"texture":"#0","tintindex":0},"west":{"uv":[7.4375,3.125,6.875,3.3125],"rotation":0,"texture":"#0","tintindex":0},"up":{"uv":[5.75,5.4375,6.125,4.875],"rotation":0,"texture":"#0","tintindex":0},"down":{"uv":[5.875,0.75,6.25,1.3125],"rotation":0,"texture":"#0","tintindex":0}}},{"from":[5.716269,8.728527,6.5454464],"to":[7.635912,10.048679,10.7052355],"rotation":{"angle":0.0,"axis":"y","origin":[6.899305,9.433246,8.402126]},"faces":{"east":{"uv":[7.5625,4.875,7.0,5.0625],"rotation":0,"texture":"#0","tintindex":0},"south":{"uv":[5.5,8.0,5.25,8.1875],"rotation":0,"texture":"#0","tintindex":0},"north":{"uv":[6.5,2.0,6.25,2.1875],"rotation":0,"texture":"#0","tintindex":0},"west":{"uv":[4.6875,7.0,4.125,7.1875],"rotation":0,"texture":"#0","tintindex":0},"up":{"uv":[5.875,6.9375,6.125,6.375],"rotation":0,"texture":"#0","tintindex":0},"down":{"uv":[6.5,2.0,6.75,2.5625],"rotation":0,"texture":"#0","tintindex":0}}},{"from":[5.7832336,7.763186,3.8623185],"to":[7.568948,9.548901,6.7194614],"rotation":{"angle":-22.5,"axis":"x","origin":[6.6760907,9.147115,6.362319]},"faces":{"east":{"uv":[8.0,4.125,7.625,4.375],"rotation":0,"texture":"#0","tintindex":0},"south":{"uv":[5.75,4.875,5.5,5.125],"rotation":0,"texture":"#0","tintindex":0},"north":{"uv":[2.25,5.25,2.0,5.5],"rotation":0,"texture":"#0","tintindex":0},"west":{"uv":[4.5,7.625,4.125,7.875],"rotation":0,"texture":"#0","tintindex":0},"up":{"uv":[4.5,8.0,4.75,7.625],"rotation":0,"texture":"#0","tintindex":0},"down":{"uv":[7.625,4.75,7.875,5.125],"rotation":0,"texture":"#0","tintindex":0}}},{"from":[5.917162,7.2119775,3.082694],"to":[7.435019,8.640549,4.221087],"rotation":{"angle":-45.0,"axis":"x","origin":[6.6760907,8.283406,4.3103724]},"faces":{"east":{"uv":[8.5625,2.625,8.375,2.8125],"rotation":0,"texture":"#0","tintindex":0},"south":{"uv":[8.5625,2.375,8.375,2.5625],"rotation":0,"texture":"#0","tintindex":0},"north":{"uv":[8.5625,1.875,8.375,2.0625],"rotation":0,"texture":"#0","tintindex":0},"west":{"uv":[8.5625,2.125,8.375,2.3125],"rotation":0,"texture":"#0","tintindex":0},"up":{"uv":[8.375,3.0625,8.5625,2.875],"rotation":0,"texture":"#0","tintindex":0},"down":{"uv":[3.125,8.375,3.3125,8.5625],"rotation":0,"texture":"#0","tintindex":0}}},{"from":[7.836805,7.658406,4.131801],"to":[8.729662,8.461977,7.5246587],"rotation":{"angle":-22.5,"axis":"y","origin":[8.729662,8.283406,5.5603724]},"faces":{"east":{"uv":[5.25,0.625,4.75,0.75],"rotation":0,"texture":"#0","tintindex":0},"south":{"uv":[7.125,0.25,7.0,0.375],"rotation":0,"texture":"#0","tintindex":0},"north":{"uv":[1.125,6.125,1.0,6.25],"rotation":0,"texture":"#0","tintindex":0},"west":{"uv":[4.5,3.625,4.0,3.75],"rotation":0,"texture":"#0","tintindex":0},"up":{"uv":[2.5,7.875,2.625,7.375],"rotation":0,"texture":"#0","tintindex":0},"down":{"uv":[5.5,7.5,5.625,8.0],"rotation":0,"texture":"#0","tintindex":0}}},{"from":[8.638819,6.8101916,3.1816425],"to":[9.375425,8.484299,3.7173567],"rotation":{"angle":22.5,"axis":"x","origin":[8.951319,8.060192,3.3155713]},"faces":{"east":{"uv":[3.9375,8.625,3.875,8.875],"rotation":0,"texture":"#0","tintindex":0},"south":{"uv":[2.875,3.5,2.75,3.75],"rotation":0,"texture":"#0","tintindex":0},"north":{"uv":[3.5,1.75,3.375,2.0],"rotation":0,"texture":"#0","tintindex":0},"west":{"uv":[3.8125,8.625,3.75,8.875],"rotation":0,"texture":"#0","tintindex":0},"up":{"uv":[8.625,7.1875,8.75,7.125],"rotation":0,"texture":"#0","tintindex":0},"down":{"uv":[7.25,8.625,7.375,8.6875],"rotation":0,"texture":"#0","tintindex":0}}},{"from":[8.015376,7.8369775,3.5737653],"to":[8.55109,8.283406,4.131801],"rotation":{"angle":-22.5,"axis":"y","origin":[8.729662,8.283406,5.5603724]},"faces":{"east":{"uv":[0.9375,8.75,0.875,8.8125],"rotation":0,"texture":"#0","tintindex":0},"south":{"uv":[8.8125,0.75,8.75,0.8125],"rotation":0,"texture":"#0","tintindex":0},"north":{"uv":[8.8125,0.625,8.75,0.6875],"rotation":0,"texture":"#0","tintindex":0},"west":{"uv":[0.8125,8.75,0.75,8.8125],"rotation":0,"texture":"#0","tintindex":0},"up":{"uv":[8.75,0.9375,8.8125,0.875],"rotation":0,"texture":"#0","tintindex":0},"down":{"uv":[1.0,8.75,1.0625,8.8125],"rotation":0,"texture":"#0","tintindex":0}}},{"from":[8.549533,5.6705885,2.6942148],"to":[9.464711,7.0991597,3.430822],"rotation":{"angle":0.0,"axis":"y","origin":[9.007122,6.5188026,3.0067148]},"faces":{"east":{"uv":[7.75,8.5,7.625,8.6875],"rotation":0,"texture":"#0","tintindex":0},"south":{"uv":[7.625,8.5,7.5,8.6875],"rotation":0,"texture":"#0","tintindex":0},"north":{"uv":[6.875,8.5,6.75,8.6875],"rotation":0,"texture":"#0","tintindex":0},"west":{"uv":[7.0,8.5,6.875,8.6875],"rotation":0,"texture":"#0","tintindex":0},"up":{"uv":[7.5,4.875,7.625,4.75],"rotation":0,"texture":"#0","tintindex":0},"down":{"uv":[7.75,3.625,7.875,3.75],"rotation":0,"texture":"#0","tintindex":0}}},{"from":[4.0213985,5.6705885,2.6942148],"to":[4.936577,7.0991597,3.430822],"rotation":{"angle":0.0,"axis":"y","origin":[4.4789877,6.5188026,3.0067148]},"faces":{"east":{"uv":[8.75,1.125,8.625,1.3125],"rotation":0,"texture":"#0","tintindex":0},"south":{"uv":[1.25,8.625,1.125,8.8125],"rotation":0,"texture":"#0","tintindex":0},"north":{"uv":[8.75,0.5,8.625,0.6875],"rotation":0,"texture":"#0","tintindex":0},"west":{"uv":[8.75,0.875,8.625,1.0625],"rotation":0,"texture":"#0","tintindex":0},"up":{"uv":[7.375,7.875,7.5,7.75],"rotation":0,"texture":"#0","tintindex":0},"down":{"uv":[4.0,8.625,4.125,8.75],"rotation":0,"texture":"#0","tintindex":0}}},{"from":[4.1106844,6.8101916,3.1816425],"to":[4.847291,8.484299,3.7173567],"rotation":{"angle":22.5,"axis":"x","origin":[4.534791,8.060192,3.3155713]},"faces":{"east":{"uv":[4.1875,8.625,4.125,8.875],"rotation":0,"texture":"#0","tintindex":0},"south":{"uv":[3.875,5.125,3.75,5.375],"rotation":0,"texture":"#0","tintindex":0},"north":{"uv":[4.625,4.125,4.5,4.375],"rotation":0,"texture":"#0","tintindex":0},"west":{"uv":[8.6875,4.0,8.625,4.25],"rotation":0,"texture":"#0","tintindex":0},"up":{"uv":[8.625,7.3125,8.75,7.25],"rotation":0,"texture":"#0","tintindex":0},"down":{"uv":[7.375,8.625,7.5,8.6875],"rotation":0,"texture":"#0","tintindex":0}}},{"from":[4.935019,7.8369775,3.5737653],"to":[5.470733,8.283406,4.131801],"rotation":{"angle":22.5,"axis":"y","origin":[4.756448,8.283406,5.5603724]},"faces":{"east":{"uv":[8.8125,1.375,8.75,1.4375],"rotation":0,"texture":"#0","tintindex":0},"south":{"uv":[8.8125,1.25,8.75,1.3125],"rotation":0,"texture":"#0","tintindex":0},"north":{"uv":[8.8125,1.0,8.75,1.0625],"rotation":0,"texture":"#0","tintindex":0},"west":{"uv":[8.8125,1.125,8.75,1.1875],"rotation":0,"texture":"#0","tintindex":0},"up":{"uv":[1.5,8.8125,1.5625,8.75],"rotation":0,"texture":"#0","tintindex":0},"down":{"uv":[1.625,8.75,1.6875,8.8125],"rotation":0,"texture":"#0","tintindex":0}}},{"from":[4.756448,7.658406,4.131801],"to":[5.6493044,8.461977,7.5246587],"rotation":{"angle":22.5,"axis":"y","origin":[4.756448,8.283406,5.5603724]},"faces":{"east":{"uv":[3.125,5.5,2.625,5.625],"rotation":0,"texture":"#0","tintindex":0},"south":{"uv":[8.75,4.25,8.625,4.375],"rotation":0,"texture":"#0","tintindex":0},"north":{"uv":[4.375,8.625,4.25,8.75],"rotation":0,"texture":"#0","tintindex":0},"west":{"uv":[5.25,1.625,4.75,1.75],"rotation":0,"texture":"#0","tintindex":0},"up":{"uv":[1.75,8.375,1.875,7.875],"rotation":0,"texture":"#0","tintindex":0},"down":{"uv":[2.5,7.875,2.625,8.375],"rotation":0,"texture":"#0","tintindex":0}}},{"from":[11.524245,5.9517765,13.943414],"to":[13.252817,9.138384,15.298771],"rotation":{"angle":22.5,"axis":"z","origin":[12.299245,7.3776693,14.621092]},"faces":{"east":{"uv":[8.0625,1.0,7.875,1.4375],"rotation":0,"texture":"#0","tintindex":0},"south":{"uv":[7.125,0.875,6.875,1.3125],"rotation":0,"texture":"#0","tintindex":0},"north":{"uv":[7.125,0.375,6.875,0.8125],"rotation":0,"texture":"#0","tintindex":0},"west":{"uv":[7.3125,7.75,7.125,8.1875],"rotation":0,"texture":"#0","tintindex":0},"up":{"uv":[8.0,7.8125,8.25,7.625],"rotation":0,"texture":"#0","tintindex":0},"down":{"uv":[8.125,1.0,8.375,1.1875],"rotation":0,"texture":"#0","tintindex":0}}},{"from":[10.583073,7.906682,8.225523],"to":[11.568787,8.72811,15.078202],"rotation":{"angle":45.0,"axis":"y","origin":[10.84306,6.7761045,13.196307]},"faces":{"east":{"uv":[7.4375,4.5,6.5,4.625],"rotation":0,"texture":"#0","tintindex":0},"south":{"uv":[4.625,8.625,4.5,8.75],"rotation":0,"texture":"#0","tintindex":0},"north":{"uv":[8.75,4.375,8.625,4.5],"rotation":0,"texture":"#0","tintindex":0},"west":{"uv":[7.4375,1.5,6.5,1.625],"rotation":0,"texture":"#0","tintindex":0},"up":{"uv":[3.125,6.9375,3.25,6.0],"rotation":0,"texture":"#0","tintindex":0},"down":{"uv":[1.875,6.125,2.0,7.0625],"rotation":0,"texture":"#0","tintindex":0}}},{"from":[8.249781,7.5557895,11.934024],"to":[11.211388,9.079003,13.018846],"rotation":{"angle":-22.5,"axis":"y","origin":[9.725853,8.317396,12.200352]},"faces":{"east":{"uv":[1.5,8.625,1.375,8.8125],"rotation":0,"texture":"#0","tintindex":0},"south":{"uv":[8.3125,1.875,7.875,2.0625],"rotation":0,"texture":"#0","tintindex":0},"north":{"uv":[8.1875,3.375,7.75,3.5625],"rotation":0,"texture":"#0","tintindex":0},"west":{"uv":[1.375,8.625,1.25,8.8125],"rotation":0,"texture":"#0","tintindex":0},"up":{"uv":[8.0,0.875,8.4375,0.75],"rotation":0,"texture":"#0","tintindex":0},"down":{"uv":[8.0,0.875,8.4375,1.0],"rotation":0,"texture":"#0","tintindex":0}}},{"from":[11.434959,9.138384,13.854128],"to":[13.342102,10.03124,15.388056],"rotation":{"angle":22.5,"axis":"z","origin":[12.299245,7.3776693,14.621092]},"faces":{"east":{"uv":[8.8125,1.5,8.625,1.625],"rotation":0,"texture":"#0","tintindex":0},"south":{"uv":[7.5,1.0,7.25,1.125],"rotation":0,"texture":"#0","tintindex":0},"north":{"uv":[7.125,1.375,6.875,1.5],"rotation":0,"texture":"#0","tintindex":0},"west":{"uv":[1.6875,8.625,1.5,8.75],"rotation":0,"texture":"#0","tintindex":0},"up":{"uv":[8.125,1.4375,8.375,1.25],"rotation":0,"texture":"#0","tintindex":0},"down":{"uv":[8.125,2.125,8.375,2.3125],"rotation":0,"texture":"#0","tintindex":0}}},{"from":[11.466196,5.730214,13.273771],"to":[14.0876255,6.4837856,15.968413],"rotation":{"angle":0.0,"axis":"y","origin":[12.3304825,7.5355716,14.621092]},"faces":{"east":{"uv":[8.375,6.0,8.0,6.125],"rotation":0,"texture":"#0","tintindex":0},"south":{"uv":[6.25,1.375,5.875,1.5],"rotation":0,"texture":"#0","tintindex":0},"north":{"uv":[4.625,5.375,4.25,5.5],"rotation":0,"texture":"#0","tintindex":0},"west":{"uv":[6.0,2.25,5.625,2.375],"rotation":0,"texture":"#0","tintindex":0},"up":{"uv":[6.5,1.5,6.875,1.125],"rotation":0,"texture":"#0","tintindex":0},"down":{"uv":[3.75,6.5,4.125,6.875],"rotation":0,"texture":"#0","tintindex":0}}},{"from":[9.417823,7.5781107,10.709767],"to":[10.540397,9.056683,13.470888],"rotation":{"angle":45.0,"axis":"y","origin":[9.725853,8.317396,12.200352]},"faces":{"east":{"uv":[8.25,6.125,7.875,6.3125],"rotation":0,"texture":"#0","tintindex":0},"south":{"uv":[8.5625,3.5,8.375,3.6875],"rotation":0,"texture":"#0","tintindex":0},"north":{"uv":[3.5625,8.375,3.375,8.5625],"rotation":0,"texture":"#0","tintindex":0},"west":{"uv":[8.25,4.875,7.875,5.0625],"rotation":0,"texture":"#0","tintindex":0},"up":{"uv":[4.75,8.25,4.9375,7.875],"rotation":0,"texture":"#0","tintindex":0},"down":{"uv":[5.875,7.875,6.0625,8.25],"rotation":0,"texture":"#0","tintindex":0}}}],"display":{"head":{"translation":[0.0,-6.4,0.0],"scale":[4.0,4.0,4.0]}}}