{"textures":{"0":"minecraft:modelengine/entity/emerald_nexus_logo","1":"minecraft:modelengine/entity/emerald_nexus"},"elements":[{"from":[4.544286,3.3858166,-3.0857143],"to":[11.572857,8.071531,-0.74285793],"rotation":{"angle":0.0,"axis":"y","origin":[3.372857,3.3858166,-3.0857143]},"faces":{"east":{"uv":[12.0,3.5,12.5,4.5],"rotation":0,"texture":"#1","tintindex":0},"south":{"uv":[1.125,8.0,2.625,9.0],"rotation":0,"texture":"#1","tintindex":0},"north":{"uv":[6.625,7.25,8.125,8.25],"rotation":0,"texture":"#1","tintindex":0},"west":{"uv":[4.375,12.0,4.875,13.0],"rotation":0,"texture":"#1","tintindex":0},"up":{"uv":[2.625,6.875,1.125,6.375],"rotation":0,"texture":"#1","tintindex":0},"down":{"uv":[11.75,2.125,10.25,2.625],"rotation":0,"texture":"#1","tintindex":0}}},{"from":[4.544286,3.3858166,13.314286],"to":[11.572857,8.071531,15.657143],"rotation":{"angle":0.0,"axis":"y","origin":[3.372857,3.3858166,15.657143]},"faces":{"east":{"uv":[4.875,12.125,5.375,13.125],"rotation":0,"texture":"#1","tintindex":0},"south":{"uv":[8.125,7.25,9.625,8.25],"rotation":0,"texture":"#1","tintindex":0},"north":{"uv":[2.625,8.0,4.125,9.0],"rotation":0,"texture":"#1","tintindex":0},"west":{"uv":[5.375,12.125,5.875,13.125],"rotation":0,"texture":"#1","tintindex":0},"up":{"uv":[11.75,3.125,10.25,2.625],"rotation":0,"texture":"#1","tintindex":0},"down":{"uv":[11.75,4.5,10.25,5.0],"rotation":0,"texture":"#1","tintindex":0}}},{"from":[-1.3128576,3.3858166,2.7714286],"to":[1.0299997,8.071531,9.8],"rotation":{"angle":0.0,"axis":"y","origin":[8.058572,5.728674,6.285714]},"faces":{"east":{"uv":[6.625,8.25,8.125,9.25],"rotation":0,"texture":"#1","tintindex":0},"south":{"uv":[12.125,9.0,12.625,10.0],"rotation":0,"texture":"#1","tintindex":0},"north":{"uv":[5.875,12.125,6.375,13.125],"rotation":0,"texture":"#1","tintindex":0},"west":{"uv":[8.125,8.25,9.625,9.25],"rotation":0,"texture":"#1","tintindex":0},"up":{"uv":[2.875,11.5,2.375,10.0],"rotation":0,"texture":"#1","tintindex":0},"down":{"uv":[3.375,10.0,2.875,11.5],"rotation":0,"texture":"#1","tintindex":0}}},{"from":[15.087143,3.3858166,2.7714286],"to":[17.43,8.071531,9.8],"rotation":{"angle":0.0,"axis":"y","origin":[8.058572,5.728674,6.285714]},"faces":{"east":{"uv":[8.375,0.0,9.875,1.0],"rotation":0,"texture":"#1","tintindex":0},"south":{"uv":[2.75,12.25,3.25,13.25],"rotation":0,"texture":"#1","tintindex":0},"north":{"uv":[2.25,12.25,2.75,13.25],"rotation":0,"texture":"#1","tintindex":0},"west":{"uv":[8.375,1.0,9.875,2.0],"rotation":0,"texture":"#1","tintindex":0},"up":{"uv":[7.125,11.75,6.625,10.25],"rotation":0,"texture":"#1","tintindex":0},"down":{"uv":[7.625,10.25,7.125,11.75],"rotation":0,"texture":"#1","tintindex":0}}},{"from":[-0.68135643,3.3858166,4.5752277],"to":[1.6615009,8.100817,6.625228],"rotation":{"angle":-22.5,"axis":"y","origin":[8.690073,5.728674,3.110942]},"faces":{"east":{"uv":[11.0,12.25,11.5,13.25],"rotation":0,"texture":"#1","tintindex":0},"south":{"uv":[12.375,5.375,12.875,6.375],"rotation":0,"texture":"#1","tintindex":0},"north":{"uv":[3.25,12.25,3.75,13.25],"rotation":0,"texture":"#1","tintindex":0},"west":{"uv":[12.375,10.0,12.875,11.0],"rotation":0,"texture":"#1","tintindex":0},"up":{"uv":[13.375,5.0,12.875,4.5],"rotation":0,"texture":"#1","tintindex":0},"down":{"uv":[3.5,14.25,3.0,14.75],"rotation":0,"texture":"#1","tintindex":0}}},{"from":[3.0763264,3.3858166,-2.5024548],"to":[5.1263266,8.071531,-0.1595974],"rotation":{"angle":22.5,"axis":"y","origin":[3.3691835,5.728674,-1.331027]},"faces":{"east":{"uv":[12.375,12.0,12.875,13.0],"rotation":0,"texture":"#1","tintindex":0},"south":{"uv":[1.5,12.5,2.0,13.5],"rotation":0,"texture":"#1","tintindex":0},"north":{"uv":[12.375,11.0,12.875,12.0],"rotation":0,"texture":"#1","tintindex":0},"west":{"uv":[12.5,3.125,13.0,4.125],"rotation":0,"texture":"#1","tintindex":0},"up":{"uv":[4.0,14.75,3.5,14.25],"rotation":0,"texture":"#1","tintindex":0},"down":{"uv":[6.75,14.25,6.25,14.75],"rotation":0,"texture":"#1","tintindex":0}}},{"from":[0.969707,3.3858166,-2.026908],"to":[3.3125648,8.130102,2.4684367],"rotation":{"angle":-45.0,"axis":"y","origin":[2.1411357,5.728674,-0.1353674]},"faces":{"east":{"uv":[8.5,6.0,9.5,7.0],"rotation":0,"texture":"#1","tintindex":0},"south":{"uv":[0.5,12.625,1.0,13.625],"rotation":0,"texture":"#1","tintindex":0},"north":{"uv":[0.0,12.625,0.5,13.625],"rotation":0,"texture":"#1","tintindex":0},"west":{"uv":[1.5,9.0,2.5,10.0],"rotation":0,"texture":"#1","tintindex":0},"up":{"uv":[4.25,13.625,3.75,12.625],"rotation":0,"texture":"#1","tintindex":0},"down":{"uv":[6.875,12.625,6.375,13.625],"rotation":0,"texture":"#1","tintindex":0}}},{"from":[10.990816,3.3858166,-2.5024548],"to":[13.040816,8.071531,-0.1595974],"rotation":{"angle":-22.5,"axis":"y","origin":[12.747959,5.728674,-1.331027]},"faces":{"east":{"uv":[8.625,12.625,9.125,13.625],"rotation":0,"texture":"#1","tintindex":0},"south":{"uv":[12.625,9.0,13.125,10.0],"rotation":0,"texture":"#1","tintindex":0},"north":{"uv":[6.875,12.625,7.375,13.625],"rotation":0,"texture":"#1","tintindex":0},"west":{"uv":[9.125,12.625,9.625,13.625],"rotation":0,"texture":"#1","tintindex":0},"up":{"uv":[7.875,14.75,7.375,14.25],"rotation":0,"texture":"#1","tintindex":0},"down":{"uv":[8.375,14.25,7.875,14.75],"rotation":0,"texture":"#1","tintindex":0}}},{"from":[12.804579,3.3858166,-2.026908],"to":[15.147436,8.130102,2.4684367],"rotation":{"angle":45.0,"axis":"y","origin":[13.976007,5.728674,-0.1353674]},"faces":{"east":{"uv":[2.5,9.0,3.5,10.0],"rotation":0,"texture":"#1","tintindex":0},"south":{"uv":[10.125,12.625,10.625,13.625],"rotation":0,"texture":"#1","tintindex":0},"north":{"uv":[9.625,12.625,10.125,13.625],"rotation":0,"texture":"#1","tintindex":0},"west":{"uv":[6.625,9.25,7.625,10.25],"rotation":0,"texture":"#1","tintindex":0},"up":{"uv":[12.0,13.75,11.5,12.75],"rotation":0,"texture":"#1","tintindex":0},"down":{"uv":[13.375,0.5,12.875,1.5],"rotation":0,"texture":"#1","tintindex":0}}},{"from":[14.455642,3.3858166,4.5752277],"to":[16.7985,8.100817,6.625228],"rotation":{"angle":22.5,"axis":"y","origin":[7.42707,5.728674,3.110942]},"faces":{"east":{"uv":[12.875,1.5,13.375,2.5],"rotation":0,"texture":"#1","tintindex":0},"south":{"uv":[12.875,5.375,13.375,6.375],"rotation":0,"texture":"#1","tintindex":0},"north":{"uv":[1.0,12.875,1.5,13.875],"rotation":0,"texture":"#1","tintindex":0},"west":{"uv":[12.875,10.0,13.375,11.0],"rotation":0,"texture":"#1","tintindex":0},"up":{"uv":[14.75,9.75,14.25,9.25],"rotation":0,"texture":"#1","tintindex":0},"down":{"uv":[10.75,14.25,10.25,14.75],"rotation":0,"texture":"#1","tintindex":0}}},{"from":[-0.68135643,3.3858166,5.9462004],"to":[1.6615009,8.100817,7.9962006],"rotation":{"angle":22.5,"axis":"y","origin":[8.690073,5.728674,9.460486]},"faces":{"east":{"uv":[12.875,12.0,13.375,13.0],"rotation":0,"texture":"#1","tintindex":0},"south":{"uv":[13.0,2.5,13.5,3.5],"rotation":0,"texture":"#1","tintindex":0},"north":{"uv":[12.875,11.0,13.375,12.0],"rotation":0,"texture":"#1","tintindex":0},"west":{"uv":[13.0,3.5,13.5,4.5],"rotation":0,"texture":"#1","tintindex":0},"up":{"uv":[1.75,14.875,1.25,14.375],"rotation":0,"texture":"#1","tintindex":0},"down":{"uv":[7.25,14.375,6.75,14.875],"rotation":0,"texture":"#1","tintindex":0}}},{"from":[0.969707,3.3858166,10.102991],"to":[3.3125648,8.130102,14.598337],"rotation":{"angle":45.0,"axis":"y","origin":[2.1411357,5.728674,12.706796]},"faces":{"east":{"uv":[7.625,9.25,8.625,10.25],"rotation":0,"texture":"#1","tintindex":0},"south":{"uv":[13.0,8.0,13.5,9.0],"rotation":0,"texture":"#1","tintindex":0},"north":{"uv":[4.25,13.0,4.75,14.0],"rotation":0,"texture":"#1","tintindex":0},"west":{"uv":[8.625,9.25,9.625,10.25],"rotation":0,"texture":"#1","tintindex":0},"up":{"uv":[12.5,14.0,12.0,13.0],"rotation":0,"texture":"#1","tintindex":0},"down":{"uv":[13.0,13.0,12.5,14.0],"rotation":0,"texture":"#1","tintindex":0}}},{"from":[3.0763264,3.3858166,12.731026],"to":[5.1263266,8.100817,15.073883],"rotation":{"angle":-22.5,"axis":"y","origin":[3.3691835,5.728674,13.902454]},"faces":{"east":{"uv":[4.75,13.125,5.25,14.125],"rotation":0,"texture":"#1","tintindex":0},"south":{"uv":[5.25,13.125,5.75,14.125],"rotation":0,"texture":"#1","tintindex":0},"north":{"uv":[13.0,13.0,13.5,14.0],"rotation":0,"texture":"#1","tintindex":0},"west":{"uv":[5.75,13.125,6.25,14.125],"rotation":0,"texture":"#1","tintindex":0},"up":{"uv":[11.25,14.875,10.75,14.375],"rotation":0,"texture":"#1","tintindex":0},"down":{"uv":[11.75,14.375,11.25,14.875],"rotation":0,"texture":"#1","tintindex":0}}},{"from":[10.990816,3.3858166,12.731026],"to":[13.040816,8.100817,15.073883],"rotation":{"angle":22.5,"axis":"y","origin":[12.747959,5.728674,13.902454]},"faces":{"east":{"uv":[13.125,9.0,13.625,10.0],"rotation":0,"texture":"#1","tintindex":0},"south":{"uv":[2.0,13.25,2.5,14.25],"rotation":0,"texture":"#1","tintindex":0},"north":{"uv":[13.125,6.375,13.625,7.375],"rotation":0,"texture":"#1","tintindex":0},"west":{"uv":[2.5,13.25,3.0,14.25],"rotation":0,"texture":"#1","tintindex":0},"up":{"uv":[14.875,13.25,14.375,12.75],"rotation":0,"texture":"#1","tintindex":0},"down":{"uv":[14.875,13.25,14.375,13.75],"rotation":0,"texture":"#1","tintindex":0}}},{"from":[12.804579,3.3858166,10.102991],"to":[15.147436,8.130102,14.598337],"rotation":{"angle":-45.0,"axis":"y","origin":[13.976007,5.728674,12.706796]},"faces":{"east":{"uv":[9.5,6.0,10.5,7.0],"rotation":0,"texture":"#1","tintindex":0},"south":{"uv":[7.375,13.25,7.875,14.25],"rotation":0,"texture":"#1","tintindex":0},"north":{"uv":[3.0,13.25,3.5,14.25],"rotation":0,"texture":"#1","tintindex":0},"west":{"uv":[9.625,7.0,10.625,8.0],"rotation":0,"texture":"#1","tintindex":0},"up":{"uv":[8.375,14.25,7.875,13.25],"rotation":0,"texture":"#1","tintindex":0},"down":{"uv":[11.125,13.25,10.625,14.25],"rotation":0,"texture":"#1","tintindex":0}}},{"from":[14.455642,3.3858166,5.9462004],"to":[16.7985,8.100817,7.9962006],"rotation":{"angle":-22.5,"axis":"y","origin":[7.42707,5.728674,9.460486]},"faces":{"east":{"uv":[13.375,1.5,13.875,2.5],"rotation":0,"texture":"#1","tintindex":0},"south":{"uv":[13.375,4.5,13.875,5.5],"rotation":0,"texture":"#1","tintindex":0},"north":{"uv":[13.375,0.5,13.875,1.5],"rotation":0,"texture":"#1","tintindex":0},"west":{"uv":[13.375,10.0,13.875,11.0],"rotation":0,"texture":"#1","tintindex":0},"up":{"uv":[13.875,14.875,13.375,14.375],"rotation":0,"texture":"#1","tintindex":0},"down":{"uv":[1.0,14.5,0.5,15.0],"rotation":0,"texture":"#1","tintindex":0}}},{"from":[-2.6307144,3.8543878,4.235714],"to":[-0.4050007,9.24296,8.335714],"rotation":{"angle":-22.5,"axis":"z","origin":[-1.898572,5.728674,6.285714]},"faces":{"east":{"uv":[9.625,8.0,10.5,9.125],"rotation":0,"texture":"#1","tintindex":0},"south":{"uv":[0.5,11.5,1.0,12.625],"rotation":0,"texture":"#1","tintindex":0},"north":{"uv":[0.0,11.5,0.5,12.625],"rotation":0,"texture":"#1","tintindex":0},"west":{"uv":[9.625,9.125,10.5,10.25],"rotation":0,"texture":"#1","tintindex":0},"up":{"uv":[2.0,14.375,1.5,13.5],"rotation":0,"texture":"#1","tintindex":0},"down":{"uv":[14.0,2.5,13.5,3.375],"rotation":0,"texture":"#1","tintindex":0}}},{"from":[0.34907436,7.6795826,4.6457143],"to":[2.3697886,10.84244,7.9257145],"rotation":{"angle":-45.0,"axis":"z","origin":[1.4619317,10.373869,6.285714]},"faces":{"east":{"uv":[2.375,11.5,3.125,12.25],"rotation":0,"texture":"#1","tintindex":0},"south":{"uv":[12.375,14.0,12.875,14.75],"rotation":0,"texture":"#1","tintindex":0},"north":{"uv":[6.875,13.625,7.375,14.375],"rotation":0,"texture":"#1","tintindex":0},"west":{"uv":[3.125,11.5,3.875,12.25],"rotation":0,"texture":"#1","tintindex":0},"up":{"uv":[13.375,14.75,12.875,14.0],"rotation":0,"texture":"#1","tintindex":0},"down":{"uv":[5.25,14.125,4.75,14.875],"rotation":0,"texture":"#1","tintindex":0}}},{"from":[16.522144,3.8543878,4.235714],"to":[18.747858,9.24296,8.335714],"rotation":{"angle":22.5,"axis":"z","origin":[18.015715,5.728674,6.285714]},"faces":{"east":{"uv":[3.5,9.75,4.375,10.875],"rotation":0,"texture":"#1","tintindex":0},"south":{"uv":[10.5,11.5,11.0,12.625],"rotation":0,"texture":"#1","tintindex":0},"north":{"uv":[3.875,11.5,4.375,12.625],"rotation":0,"texture":"#1","tintindex":0},"west":{"uv":[4.375,9.75,5.25,10.875],"rotation":0,"texture":"#1","tintindex":0},"up":{"uv":[14.0,4.25,13.5,3.375],"rotation":0,"texture":"#1","tintindex":0},"down":{"uv":[14.0,7.875,13.5,8.75],"rotation":0,"texture":"#1","tintindex":0}}},{"from":[13.7473545,7.6795826,4.6457143],"to":[15.768068,10.84244,7.9257145],"rotation":{"angle":45.0,"axis":"z","origin":[14.6552105,10.373869,6.285714]},"faces":{"east":{"uv":[11.0,11.5,11.75,12.25],"rotation":0,"texture":"#1","tintindex":0},"south":{"uv":[5.75,14.125,6.25,14.875],"rotation":0,"texture":"#1","tintindex":0},"north":{"uv":[5.25,14.125,5.75,14.875],"rotation":0,"texture":"#1","tintindex":0},"west":{"uv":[11.625,5.375,12.375,6.125],"rotation":0,"texture":"#1","tintindex":0},"up":{"uv":[14.625,14.5,14.125,13.75],"rotation":0,"texture":"#1","tintindex":0},"down":{"uv":[0.5,14.25,0.0,15.0],"rotation":0,"texture":"#1","tintindex":0}}},{"from":[3.6657143,0.21684885,-2.776431],"to":[12.451429,6.776849,0.5035696],"rotation":{"angle":22.5,"axis":"x","origin":[8.058572,8.0,6.285714]},"faces":{"east":{"uv":[0.0,9.0,0.75,10.375],"rotation":0,"texture":"#1","tintindex":0},"south":{"uv":[6.5,1.375,8.375,2.75],"rotation":0,"texture":"#1","tintindex":0},"north":{"uv":[6.5,0.0,8.375,1.375],"rotation":0,"texture":"#1","tintindex":0},"west":{"uv":[0.75,9.0,1.5,10.375],"rotation":0,"texture":"#1","tintindex":0},"up":{"uv":[10.25,2.75,8.375,2.0],"rotation":0,"texture":"#1","tintindex":0},"down":{"uv":[10.25,2.75,8.375,3.5],"rotation":0,"texture":"#1","tintindex":0}}},{"from":[6.0085716,0.21684885,13.122145],"to":[10.108572,5.60542,15.347859],"rotation":{"angle":-22.5,"axis":"x","origin":[8.058572,8.0,6.285714]},"faces":{"east":{"uv":[11.625,9.0,12.125,10.125],"rotation":0,"texture":"#1","tintindex":0},"south":{"uv":[1.5,10.0,2.375,11.125],"rotation":0,"texture":"#1","tintindex":0},"north":{"uv":[9.875,0.0,10.75,1.125],"rotation":0,"texture":"#1","tintindex":0},"west":{"uv":[1.0,11.75,1.5,12.875],"rotation":0,"texture":"#1","tintindex":0},"up":{"uv":[14.375,13.25,13.5,12.75],"rotation":0,"texture":"#1","tintindex":0},"down":{"uv":[14.375,13.25,13.5,13.75],"rotation":0,"texture":"#1","tintindex":0}}},{"from":[6.4185715,2.3197641,11.720964],"to":[9.698571,5.482621,13.741678],"rotation":{"angle":-45.0,"axis":"x","origin":[8.058572,8.0,6.285714]},"faces":{"east":{"uv":[2.0,14.25,2.5,15.0],"rotation":0,"texture":"#1","tintindex":0},"south":{"uv":[1.5,11.75,2.25,12.5],"rotation":0,"texture":"#1","tintindex":0},"north":{"uv":[11.625,6.125,12.375,6.875],"rotation":0,"texture":"#1","tintindex":0},"west":{"uv":[2.5,14.25,3.0,15.0],"rotation":0,"texture":"#1","tintindex":0},"up":{"uv":[13.125,6.875,12.375,6.375],"rotation":0,"texture":"#1","tintindex":0},"down":{"uv":[14.625,10.5,13.875,11.0],"rotation":0,"texture":"#1","tintindex":0}}},{"from":[-4.358572,3.3858166,3.6499996],"to":[-1.3128576,4.762245,8.921429],"rotation":{"angle":0.0,"axis":"y","origin":[8.058572,5.728674,6.285714]},"faces":{"east":{"uv":[1.125,6.875,2.25,7.125],"rotation":0,"texture":"#1","tintindex":0},"south":{"uv":[14.5,9.75,15.125,10.0],"rotation":0,"texture":"#1","tintindex":0},"north":{"uv":[9.25,14.5,9.875,14.75],"rotation":0,"texture":"#1","tintindex":0},"west":{"uv":[8.5,7.0,9.625,7.25],"rotation":0,"texture":"#1","tintindex":0},"up":{"uv":[9.25,11.375,8.625,10.25],"rotation":0,"texture":"#1","tintindex":0},"down":{"uv":[9.875,10.25,9.25,11.375],"rotation":0,"texture":"#1","tintindex":0}}},{"from":[17.43,3.3858166,3.6499996],"to":[20.475716,4.762245,8.921429],"rotation":{"angle":0.0,"axis":"y","origin":[8.058572,5.728674,6.285714]},"faces":{"east":{"uv":[13.875,5.125,15.0,5.375],"rotation":0,"texture":"#1","tintindex":0},"south":{"uv":[14.5,10.25,15.125,10.5],"rotation":0,"texture":"#1","tintindex":0},"north":{"uv":[14.5,10.0,15.125,10.25],"rotation":0,"texture":"#1","tintindex":0},"west":{"uv":[14.0,0.0,15.125,0.25],"rotation":0,"texture":"#1","tintindex":0},"up":{"uv":[10.5,11.375,9.875,10.25],"rotation":0,"texture":"#1","tintindex":0},"down":{"uv":[0.625,10.375,0.0,11.5],"rotation":0,"texture":"#1","tintindex":0}}},{"from":[3.08,3.3858166,-6.1314287],"to":[13.037143,4.762245,-2.2657146],"rotation":{"angle":0.0,"axis":"y","origin":[8.058572,3.971531,6.285714]},"faces":{"east":{"uv":[14.5,0.5,15.375,0.75],"rotation":0,"texture":"#1","tintindex":0},"south":{"uv":[11.875,0.25,14.0,0.5],"rotation":0,"texture":"#1","tintindex":0},"north":{"uv":[11.875,0.0,14.0,0.25],"rotation":0,"texture":"#1","tintindex":0},"west":{"uv":[14.5,0.75,15.375,1.0],"rotation":0,"texture":"#1","tintindex":0},"up":{"uv":[3.25,8.0,1.125,7.125],"rotation":0,"texture":"#1","tintindex":0},"down":{"uv":[5.375,7.125,3.25,8.0],"rotation":0,"texture":"#1","tintindex":0}}},{"from":[5.422857,3.3858166,15.657143],"to":[10.694286,4.762245,18.702858],"rotation":{"angle":0.0,"axis":"y","origin":[8.058572,3.971531,6.285714]},"faces":{"east":{"uv":[13.875,14.5,14.5,14.75],"rotation":0,"texture":"#1","tintindex":0},"south":{"uv":[14.0,8.5,15.125,8.75],"rotation":0,"texture":"#1","tintindex":0},"north":{"uv":[14.0,0.25,15.125,0.5],"rotation":0,"texture":"#1","tintindex":0},"west":{"uv":[14.5,14.5,15.125,14.75],"rotation":0,"texture":"#1","tintindex":0},"up":{"uv":[11.375,5.625,10.25,5.0],"rotation":0,"texture":"#1","tintindex":0},"down":{"uv":[6.375,10.375,5.25,11.0],"rotation":0,"texture":"#1","tintindex":0}}},{"from":[11.420684,3.408718,13.675909],"to":[14.356928,4.5929155,16.362228],"rotation":{"angle":22.5,"axis":"y","origin":[13.435423,5.6932383,15.019069]},"faces":{"east":{"uv":[14.625,2.5,15.25,2.75],"rotation":0,"texture":"#1","tintindex":0},"south":{"uv":[14.625,2.75,15.25,3.0],"rotation":0,"texture":"#1","tintindex":0},"north":{"uv":[14.625,2.25,15.25,2.5],"rotation":0,"texture":"#1","tintindex":0},"west":{"uv":[14.625,3.0,15.25,3.25],"rotation":0,"texture":"#1","tintindex":0},"up":{"uv":[4.125,9.625,3.5,9.0],"rotation":0,"texture":"#1","tintindex":0},"down":{"uv":[12.75,1.5,12.125,2.125],"rotation":0,"texture":"#1","tintindex":0}}},{"from":[4.0290914,3.408718,14.344675],"to":[12.088052,4.5929155,17.030994],"rotation":{"angle":0.0,"axis":"y","origin":[2.6859312,3.006918,17.030994]},"faces":{"east":{"uv":[14.625,3.25,15.25,3.5],"rotation":0,"texture":"#1","tintindex":0},"south":{"uv":[13.5,8.75,15.25,9.0],"rotation":0,"texture":"#1","tintindex":0},"north":{"uv":[13.5,4.25,15.25,4.5],"rotation":0,"texture":"#1","tintindex":0},"west":{"uv":[14.625,3.5,15.25,3.75],"rotation":0,"texture":"#1","tintindex":0},"up":{"uv":[10.125,4.125,8.375,3.5],"rotation":0,"texture":"#1","tintindex":0},"down":{"uv":[10.125,4.125,8.375,4.75],"rotation":0,"texture":"#1","tintindex":0}}},{"from":[15.393452,3.408718,5.8964276],"to":[18.079773,4.5929155,8.832672],"rotation":{"angle":-22.5,"axis":"y","origin":[7.3344917,5.6932383,9.925908]},"faces":{"east":{"uv":[4.0,14.625,4.625,14.875],"rotation":0,"texture":"#1","tintindex":0},"south":{"uv":[14.625,4.0,15.25,4.25],"rotation":0,"texture":"#1","tintindex":0},"north":{"uv":[14.625,3.75,15.25,4.0],"rotation":0,"texture":"#1","tintindex":0},"west":{"uv":[14.625,7.875,15.25,8.125],"rotation":0,"texture":"#1","tintindex":0},"up":{"uv":[12.875,8.625,12.25,8.0],"rotation":0,"texture":"#1","tintindex":0},"down":{"uv":[0.625,13.625,0.0,14.25],"rotation":0,"texture":"#1","tintindex":0}}},{"from":[16.11753,3.408718,2.2562342],"to":[18.803852,4.5929155,10.315194],"rotation":{"angle":0.0,"axis":"y","origin":[8.058572,5.6932383,6.285714]},"faces":{"east":{"uv":[13.625,6.25,15.375,6.5],"rotation":0,"texture":"#1","tintindex":0},"south":{"uv":[14.625,10.5,15.25,10.75],"rotation":0,"texture":"#1","tintindex":0},"north":{"uv":[14.625,8.125,15.25,8.375],"rotation":0,"texture":"#1","tintindex":0},"west":{"uv":[13.625,6.5,15.375,6.75],"rotation":0,"texture":"#1","tintindex":0},"up":{"uv":[4.75,9.75,4.125,8.0],"rotation":0,"texture":"#1","tintindex":0},"down":{"uv":[5.375,8.0,4.75,9.75],"rotation":0,"texture":"#1","tintindex":0}}},{"from":[4.0290914,3.408718,-4.459566],"to":[12.088052,4.5929155,-1.7732458],"rotation":{"angle":0.0,"axis":"y","origin":[2.6859312,3.006918,-4.459566]},"faces":{"east":{"uv":[14.625,10.75,15.25,11.0],"rotation":0,"texture":"#1","tintindex":0},"south":{"uv":[13.625,7.0,15.375,7.25],"rotation":0,"texture":"#1","tintindex":0},"north":{"uv":[13.625,6.75,15.375,7.0],"rotation":0,"texture":"#1","tintindex":0},"west":{"uv":[11.75,14.625,12.375,14.875],"rotation":0,"texture":"#1","tintindex":0},"up":{"uv":[10.25,5.375,8.5,4.75],"rotation":0,"texture":"#1","tintindex":0},"down":{"uv":[10.25,5.375,8.5,6.0],"rotation":0,"texture":"#1","tintindex":0}}},{"from":[-2.6867094,3.408718,2.2562342],"to":[-3.8909912E-4,4.5929155,10.315194],"rotation":{"angle":0.0,"axis":"y","origin":[8.058572,5.6932383,6.285714]},"faces":{"east":{"uv":[8.375,13.625,10.125,13.875],"rotation":0,"texture":"#1","tintindex":0},"south":{"uv":[14.625,14.0,15.25,14.25],"rotation":0,"texture":"#1","tintindex":0},"north":{"uv":[14.625,13.75,15.25,14.0],"rotation":0,"texture":"#1","tintindex":0},"west":{"uv":[13.625,9.0,15.375,9.25],"rotation":0,"texture":"#1","tintindex":0},"up":{"uv":[6.0,10.375,5.375,8.625],"rotation":0,"texture":"#1","tintindex":0},"down":{"uv":[6.625,8.625,6.0,10.375],"rotation":0,"texture":"#1","tintindex":0}}},{"from":[13.500343,3.408718,11.189748],"to":[16.420948,4.5929155,15.289824],"rotation":{"angle":-45.0,"axis":"y","origin":[14.843503,5.6932383,13.648127]},"faces":{"east":{"uv":[14.5,1.0,15.375,1.25],"rotation":0,"texture":"#1","tintindex":0},"south":{"uv":[3.0,14.75,3.625,15.0],"rotation":0,"texture":"#1","tintindex":0},"north":{"uv":[14.625,14.25,15.25,14.5],"rotation":0,"texture":"#1","tintindex":0},"west":{"uv":[14.5,1.25,15.375,1.5],"rotation":0,"texture":"#1","tintindex":0},"up":{"uv":[7.0,12.625,6.375,11.75],"rotation":0,"texture":"#1","tintindex":0},"down":{"uv":[7.625,11.75,7.0,12.625],"rotation":0,"texture":"#1","tintindex":0}}},{"from":[-1.9626293,3.408718,5.8964276],"to":[0.723691,4.5929155,8.832672],"rotation":{"angle":22.5,"axis":"y","origin":[8.782651,5.6932383,9.925908]},"faces":{"east":{"uv":[7.875,14.75,8.5,15.0],"rotation":0,"texture":"#1","tintindex":0},"south":{"uv":[8.5,14.75,9.125,15.0],"rotation":0,"texture":"#1","tintindex":0},"north":{"uv":[7.25,14.75,7.875,15.0],"rotation":0,"texture":"#1","tintindex":0},"west":{"uv":[9.125,14.75,9.75,15.0],"rotation":0,"texture":"#1","tintindex":0},"up":{"uv":[4.125,14.25,3.5,13.625],"rotation":0,"texture":"#1","tintindex":0},"down":{"uv":[6.875,13.625,6.25,14.25],"rotation":0,"texture":"#1","tintindex":0}}},{"from":[-0.3038063,3.408718,11.189748],"to":[2.6167998,4.5929155,15.289824],"rotation":{"angle":45.0,"axis":"y","origin":[1.2736402,5.6932383,13.648127]},"faces":{"east":{"uv":[14.5,1.5,15.375,1.75],"rotation":0,"texture":"#1","tintindex":0},"south":{"uv":[14.75,9.5,15.375,9.75],"rotation":0,"texture":"#1","tintindex":0},"north":{"uv":[14.75,9.25,15.375,9.5],"rotation":0,"texture":"#1","tintindex":0},"west":{"uv":[14.5,1.75,15.375,2.0],"rotation":0,"texture":"#1","tintindex":0},"up":{"uv":[9.25,12.625,8.625,11.75],"rotation":0,"texture":"#1","tintindex":0},"down":{"uv":[9.875,11.75,9.25,12.625],"rotation":0,"texture":"#1","tintindex":0}}},{"from":[1.7602148,3.408718,13.675909],"to":[4.6964593,4.5929155,16.362228],"rotation":{"angle":-22.5,"axis":"y","origin":[2.6817193,5.6932383,15.019069]},"faces":{"east":{"uv":[12.375,14.75,13.0,15.0],"rotation":0,"texture":"#1","tintindex":0},"south":{"uv":[13.875,14.75,14.5,15.0],"rotation":0,"texture":"#1","tintindex":0},"north":{"uv":[9.75,14.75,10.375,15.0],"rotation":0,"texture":"#1","tintindex":0},"west":{"uv":[14.5,14.75,15.125,15.0],"rotation":0,"texture":"#1","tintindex":0},"up":{"uv":[14.25,9.875,13.625,9.25],"rotation":0,"texture":"#1","tintindex":0},"down":{"uv":[11.75,13.75,11.125,14.375],"rotation":0,"texture":"#1","tintindex":0}}},{"from":[15.393452,3.408718,3.7387562],"to":[18.079773,4.5929155,6.6750007],"rotation":{"angle":22.5,"axis":"y","origin":[7.3344917,5.6932383,2.6455207]},"faces":{"east":{"uv":[3.625,14.875,4.25,15.125],"rotation":0,"texture":"#1","tintindex":0},"south":{"uv":[4.25,14.875,4.875,15.125],"rotation":0,"texture":"#1","tintindex":0},"north":{"uv":[1.0,14.875,1.625,15.125],"rotation":0,"texture":"#1","tintindex":0},"west":{"uv":[4.875,14.875,5.5,15.125],"rotation":0,"texture":"#1","tintindex":0},"up":{"uv":[14.125,14.375,13.5,13.75],"rotation":0,"texture":"#1","tintindex":0},"down":{"uv":[14.5,0.5,13.875,1.125],"rotation":0,"texture":"#1","tintindex":0}}},{"from":[13.500343,3.408718,-2.7183962],"to":[16.420948,4.5929155,1.381681],"rotation":{"angle":45.0,"axis":"y","origin":[14.843503,5.6932383,-1.0766973]},"faces":{"east":{"uv":[14.5,2.0,15.375,2.25],"rotation":0,"texture":"#1","tintindex":0},"south":{"uv":[6.125,14.875,6.75,15.125],"rotation":0,"texture":"#1","tintindex":0},"north":{"uv":[5.5,14.875,6.125,15.125],"rotation":0,"texture":"#1","tintindex":0},"west":{"uv":[14.5,4.5,15.375,4.75],"rotation":0,"texture":"#1","tintindex":0},"up":{"uv":[10.5,12.625,9.875,11.75],"rotation":0,"texture":"#1","tintindex":0},"down":{"uv":[12.375,10.125,11.75,11.0],"rotation":0,"texture":"#1","tintindex":0}}},{"from":[11.420684,3.408718,-3.7908],"to":[14.356928,4.5929155,-1.1044807],"rotation":{"angle":-22.5,"axis":"y","origin":[13.435423,5.6932383,-2.4476414]},"faces":{"east":{"uv":[11.0,14.875,11.625,15.125],"rotation":0,"texture":"#1","tintindex":0},"south":{"uv":[11.625,14.875,12.25,15.125],"rotation":0,"texture":"#1","tintindex":0},"north":{"uv":[10.375,14.875,11.0,15.125],"rotation":0,"texture":"#1","tintindex":0},"west":{"uv":[14.875,12.75,15.5,13.0],"rotation":0,"texture":"#1","tintindex":0},"up":{"uv":[1.25,14.5,0.625,13.875],"rotation":0,"texture":"#1","tintindex":0},"down":{"uv":[14.5,1.125,13.875,1.75],"rotation":0,"texture":"#1","tintindex":0}}},{"from":[-1.9626293,3.408718,3.7387562],"to":[0.723691,4.5929155,6.6750007],"rotation":{"angle":-22.5,"axis":"y","origin":[8.782651,5.6932383,2.6455207]},"faces":{"east":{"uv":[14.875,13.0,15.5,13.25],"rotation":0,"texture":"#1","tintindex":0},"south":{"uv":[14.875,13.25,15.5,13.5],"rotation":0,"texture":"#1","tintindex":0},"north":{"uv":[13.0,14.875,13.625,15.125],"rotation":0,"texture":"#1","tintindex":0},"west":{"uv":[14.875,13.5,15.5,13.75],"rotation":0,"texture":"#1","tintindex":0},"up":{"uv":[14.5,2.375,13.875,1.75],"rotation":0,"texture":"#1","tintindex":0},"down":{"uv":[14.5,4.5,13.875,5.125],"rotation":0,"texture":"#1","tintindex":0}}},{"from":[-0.3038063,3.408718,-2.7183962],"to":[2.6167998,4.5929155,1.381681],"rotation":{"angle":-45.0,"axis":"y","origin":[1.2736402,5.6932383,-1.0766973]},"faces":{"east":{"uv":[14.5,4.75,15.375,5.0],"rotation":0,"texture":"#1","tintindex":0},"south":{"uv":[1.625,15.0,2.25,15.25],"rotation":0,"texture":"#1","tintindex":0},"north":{"uv":[0.0,15.0,0.625,15.25],"rotation":0,"texture":"#1","tintindex":0},"west":{"uv":[8.375,14.5,9.25,14.75],"rotation":0,"texture":"#1","tintindex":0},"up":{"uv":[12.375,11.875,11.75,11.0],"rotation":0,"texture":"#1","tintindex":0},"down":{"uv":[12.375,11.875,11.75,12.75],"rotation":0,"texture":"#1","tintindex":0}}},{"from":[1.7602148,3.408718,-3.7908],"to":[4.6964593,4.5929155,-1.1044807],"rotation":{"angle":22.5,"axis":"y","origin":[2.6817193,5.6932383,-2.4476414]},"faces":{"east":{"uv":[2.875,15.0,3.5,15.25],"rotation":0,"texture":"#1","tintindex":0},"south":{"uv":[15.0,5.0,15.625,5.25],"rotation":0,"texture":"#1","tintindex":0},"north":{"uv":[2.25,15.0,2.875,15.25],"rotation":0,"texture":"#1","tintindex":0},"west":{"uv":[15.0,5.25,15.625,5.5],"rotation":0,"texture":"#1","tintindex":0},"up":{"uv":[9.0,14.5,8.375,13.875],"rotation":0,"texture":"#1","tintindex":0},"down":{"uv":[9.625,13.875,9.0,14.5],"rotation":0,"texture":"#1","tintindex":0}}},{"from":[5.54,0.8854203,-2.8057165],"to":[10.577143,6.3325634,-2.8057165],"rotation":{"angle":22.5,"axis":"x","origin":[8.0,8.0,6.285714]},"faces":{"east":{"uv":[0.018920898,1.9125,0.018920898,2.0],"rotation":0,"texture":"#0","tintindex":0},"south":{"uv":[16.0,0.0,0.0,16.0],"rotation":0,"texture":"#0","tintindex":0},"north":{"uv":[0.0,0.0,16.0,16.0],"rotation":0,"texture":"#0","tintindex":0},"west":{"uv":[0.01965332,1.9125,0.01965332,2.0],"rotation":0,"texture":"#0","tintindex":0},"up":{"uv":[0.03125,1.1796875,0.029418945,1.1796875],"rotation":0,"texture":"#0","tintindex":0},"down":{"uv":[0.03125,1.2265625,0.029418945,1.2265625],"rotation":0,"texture":"#0","tintindex":0}}}],"display":{"head":{"translation":[0.0,-6.4,0.0],"scale":[4.0,4.0,4.0]}}}