{"textures":{"1":"minecraft:modelengine/entity/emerald_nexus"},"elements":[{"from":[4.417142,4.5807543,6.5367904],"to":[11.582857,11.420754,9.468219],"rotation":{"angle":0.0,"axis":"y","origin":[7.9999995,10.769326,7.839648]},"faces":{"east":{"uv":[1.125,6.375,0.0,9.0],"rotation":0,"texture":"#1","tintindex":0},"south":{"uv":[0.0,2.625,2.75,5.25],"rotation":0,"texture":"#1","tintindex":0},"north":{"uv":[0.0,0.0,2.75,2.625],"rotation":0,"texture":"#1","tintindex":0},"west":{"uv":[0.0,6.375,1.125,9.0],"rotation":0,"texture":"#1","tintindex":0},"up":{"uv":[2.75,6.375,0.0,5.25],"rotation":0,"texture":"#1","tintindex":0},"down":{"uv":[5.5,6.0,2.75,7.125],"rotation":0,"texture":"#1","tintindex":0}}},{"from":[5.5571423,4.075897,5.8853617],"to":[10.442857,11.9256115,6.5693617],"rotation":{"angle":0.0,"axis":"y","origin":[7.9999995,10.769326,7.839648]},"faces":{"east":{"uv":[7.625,10.25,7.875,13.25],"rotation":0,"texture":"#1","tintindex":0},"south":{"uv":[2.75,3.0,4.625,6.0],"rotation":0,"texture":"#1","tintindex":0},"north":{"uv":[2.75,0.0,4.625,3.0],"rotation":0,"texture":"#1","tintindex":0},"west":{"uv":[7.875,10.25,8.125,13.25],"rotation":0,"texture":"#1","tintindex":0},"up":{"uv":[15.0,7.625,13.125,7.375],"rotation":0,"texture":"#1","tintindex":0},"down":{"uv":[15.0,7.625,13.125,7.875],"rotation":0,"texture":"#1","tintindex":0}}},{"from":[5.565285,10.685459,8.208267],"to":[10.434714,11.605602,8.761982],"rotation":{"angle":45.0,"axis":"x","origin":[7.9999995,14.105459,8.533981]},"faces":{"east":{"uv":[9.875,1.625,10.125,2.0],"rotation":0,"texture":"#1","tintindex":0},"south":{"uv":[10.75,0.625,12.625,1.0],"rotation":0,"texture":"#1","tintindex":0},"north":{"uv":[10.25,3.125,12.125,3.5],"rotation":0,"texture":"#1","tintindex":0},"west":{"uv":[10.25,5.625,10.5,6.0],"rotation":0,"texture":"#1","tintindex":0},"up":{"uv":[15.25,5.75,13.375,5.5],"rotation":0,"texture":"#1","tintindex":0},"down":{"uv":[15.25,5.75,13.375,6.0],"rotation":0,"texture":"#1","tintindex":0}}},{"from":[5.565285,3.4895115,6.129592],"to":[10.434714,4.409654,6.683306],"rotation":{"angle":-45.0,"axis":"x","origin":[7.9999995,3.949583,6.406449]},"faces":{"east":{"uv":[1.25,10.375,1.5,10.75],"rotation":0,"texture":"#1","tintindex":0},"south":{"uv":[11.25,6.875,13.125,7.25],"rotation":0,"texture":"#1","tintindex":0},"north":{"uv":[11.125,8.625,13.0,9.0],"rotation":0,"texture":"#1","tintindex":0},"west":{"uv":[6.375,10.375,6.625,10.75],"rotation":0,"texture":"#1","tintindex":0},"up":{"uv":[15.25,6.25,13.375,6.0],"rotation":0,"texture":"#1","tintindex":0},"down":{"uv":[15.25,11.0,13.375,11.25],"rotation":0,"texture":"#1","tintindex":0}}},{"from":[5.565285,10.470182,12.213196],"to":[10.434714,11.390325,12.76691],"rotation":{"angle":-45.0,"axis":"x","origin":[7.9999995,7.998302,9.69625]},"faces":{"east":{"uv":[6.375,11.125,6.625,11.5],"rotation":0,"texture":"#1","tintindex":0},"south":{"uv":[12.125,3.125,10.25,3.5],"rotation":0,"texture":"#1","tintindex":0},"north":{"uv":[11.375,5.0,13.25,5.375],"rotation":0,"texture":"#1","tintindex":0},"west":{"uv":[12.125,3.125,12.375,3.5],"rotation":0,"texture":"#1","tintindex":0},"up":{"uv":[15.25,12.5,13.375,12.25],"rotation":0,"texture":"#1","tintindex":0},"down":{"uv":[15.25,12.5,13.375,12.75],"rotation":0,"texture":"#1","tintindex":0}}},{"from":[5.5571423,4.075897,9.40308],"to":[10.442857,11.9256115,10.119651],"rotation":{"angle":0.0,"axis":"y","origin":[7.9999995,7.998302,9.69625]},"faces":{"east":{"uv":[8.125,10.25,8.375,13.25],"rotation":0,"texture":"#1","tintindex":0},"south":{"uv":[4.625,0.0,2.75,3.0],"rotation":0,"texture":"#1","tintindex":0},"north":{"uv":[4.625,0.0,6.5,3.0],"rotation":0,"texture":"#1","tintindex":0},"west":{"uv":[8.375,10.25,8.625,13.25],"rotation":0,"texture":"#1","tintindex":0},"up":{"uv":[15.25,12.0,13.375,11.75],"rotation":0,"texture":"#1","tintindex":0},"down":{"uv":[15.25,12.0,13.375,12.25],"rotation":0,"texture":"#1","tintindex":0}}},{"from":[5.565285,4.606279,12.213196],"to":[10.434714,5.5264215,12.76691],"rotation":{"angle":45.0,"axis":"x","origin":[7.9999995,7.998302,9.69625]},"faces":{"east":{"uv":[1.25,10.75,1.5,11.125],"rotation":0,"texture":"#1","tintindex":0},"south":{"uv":[11.25,7.625,13.125,8.0],"rotation":0,"texture":"#1","tintindex":0},"north":{"uv":[11.25,7.25,13.125,7.625],"rotation":0,"texture":"#1","tintindex":0},"west":{"uv":[6.375,10.75,6.625,11.125],"rotation":0,"texture":"#1","tintindex":0},"up":{"uv":[15.25,11.5,13.375,11.25],"rotation":0,"texture":"#1","tintindex":0},"down":{"uv":[15.25,11.5,13.375,11.75],"rotation":0,"texture":"#1","tintindex":0}}},{"from":[5.568718,11.420754,6.5367904],"to":[10.431283,12.572329,9.468219],"rotation":{"angle":0.0,"axis":"y","origin":[7.9999995,10.769326,7.839648]},"faces":{"east":{"uv":[11.75,1.0,12.875,1.5],"rotation":0,"texture":"#1","tintindex":0},"south":{"uv":[10.125,3.5,12.0,4.0],"rotation":0,"texture":"#1","tintindex":0},"north":{"uv":[9.875,1.125,11.75,1.625],"rotation":0,"texture":"#1","tintindex":0},"west":{"uv":[11.75,2.125,12.875,2.625],"rotation":0,"texture":"#1","tintindex":0},"up":{"uv":[8.375,3.875,6.5,2.75],"rotation":0,"texture":"#1","tintindex":0},"down":{"uv":[8.375,3.875,6.5,5.0],"rotation":0,"texture":"#1","tintindex":0}}},{"from":[8.442275,12.981869,6.5449333],"to":[10.070847,14.61044,9.451933],"rotation":{"angle":-45.0,"axis":"z","origin":[6.976561,11.19044,8.002504]},"faces":{"east":{"uv":[10.5,5.625,11.625,6.25],"rotation":0,"texture":"#1","tintindex":0},"south":{"uv":[13.875,9.875,14.5,10.5],"rotation":0,"texture":"#1","tintindex":0},"north":{"uv":[9.625,13.875,10.25,14.5],"rotation":0,"texture":"#1","tintindex":0},"west":{"uv":[10.5,6.25,11.625,6.875],"rotation":0,"texture":"#1","tintindex":0},"up":{"uv":[1.25,11.5,0.625,10.375],"rotation":0,"texture":"#1","tintindex":0},"down":{"uv":[11.125,8.0,10.5,9.125],"rotation":0,"texture":"#1","tintindex":0}}},{"from":[9.108462,1.9629703,6.5449333],"to":[10.737034,3.5915418,9.451933],"rotation":{"angle":45.0,"axis":"z","origin":[8.000001,4.292861,8.002504]},"faces":{"east":{"uv":[1.25,11.125,2.375,11.75],"rotation":0,"texture":"#1","tintindex":0},"south":{"uv":[11.75,14.0,12.375,14.625],"rotation":0,"texture":"#1","tintindex":0},"north":{"uv":[14.0,7.875,14.625,8.5],"rotation":0,"texture":"#1","tintindex":0},"west":{"uv":[11.125,8.0,12.25,8.625],"rotation":0,"texture":"#1","tintindex":0},"up":{"uv":[6.375,12.125,5.75,11.0],"rotation":0,"texture":"#1","tintindex":0},"down":{"uv":[11.75,10.375,11.125,11.5],"rotation":0,"texture":"#1","tintindex":0}}},{"from":[5.9291544,12.981869,6.5449333],"to":[7.557726,14.61044,9.451933],"rotation":{"angle":45.0,"axis":"z","origin":[9.02344,11.19044,8.002504]},"faces":{"east":{"uv":[11.625,6.25,10.5,6.875],"rotation":0,"texture":"#1","tintindex":0},"south":{"uv":[14.5,9.875,13.875,10.5],"rotation":0,"texture":"#1","tintindex":0},"north":{"uv":[10.25,13.875,9.625,14.5],"rotation":0,"texture":"#1","tintindex":0},"west":{"uv":[11.625,5.625,10.5,6.25],"rotation":0,"texture":"#1","tintindex":0},"up":{"uv":[0.625,11.5,1.25,10.375],"rotation":0,"texture":"#1","tintindex":0},"down":{"uv":[10.5,8.0,11.125,9.125],"rotation":0,"texture":"#1","tintindex":0}}},{"from":[5.262967,1.9629703,6.5449333],"to":[6.8915386,3.5915418,9.451933],"rotation":{"angle":-45.0,"axis":"z","origin":[8.000001,4.292861,8.002504]},"faces":{"east":{"uv":[12.25,8.0,11.125,8.625],"rotation":0,"texture":"#1","tintindex":0},"south":{"uv":[12.375,14.0,11.75,14.625],"rotation":0,"texture":"#1","tintindex":0},"north":{"uv":[14.625,7.875,14.0,8.5],"rotation":0,"texture":"#1","tintindex":0},"west":{"uv":[2.375,11.125,1.25,11.75],"rotation":0,"texture":"#1","tintindex":0},"up":{"uv":[5.75,12.125,6.375,11.0],"rotation":0,"texture":"#1","tintindex":0},"down":{"uv":[11.125,10.375,11.75,11.5],"rotation":0,"texture":"#1","tintindex":0}}},{"from":[5.568718,3.4291806,6.5367904],"to":[10.431283,4.5807543,9.468219],"rotation":{"angle":0.0,"axis":"y","origin":[8.000001,4.292861,8.002504]},"faces":{"east":{"uv":[11.75,2.625,12.875,3.125],"rotation":0,"texture":"#1","tintindex":0},"south":{"uv":[10.25,1.625,12.125,2.125],"rotation":0,"texture":"#1","tintindex":0},"north":{"uv":[10.125,4.0,12.0,4.5],"rotation":0,"texture":"#1","tintindex":0},"west":{"uv":[11.75,4.5,12.875,5.0],"rotation":0,"texture":"#1","tintindex":0},"up":{"uv":[8.5,6.125,6.625,5.0],"rotation":0,"texture":"#1","tintindex":0},"down":{"uv":[8.5,6.125,6.625,7.25],"rotation":0,"texture":"#1","tintindex":0}}}],"display":{"head":{"translation":[0.0,-6.4,0.0],"scale":[4.0,4.0,4.0]}}}