{"textures":{"1":"minecraft:modelengine/entity/emerald_nexus"},"elements":[{"from":[1.7142849,2.0013232,5.4329653],"to":[14.285714,14.001324,10.575823],"rotation":{"angle":0.0,"axis":"y","origin":[7.999999,12.858467,7.71868]},"faces":{"east":{"uv":[1.125,6.375,0.0,9.0],"rotation":0,"texture":"#1","tintindex":0},"south":{"uv":[0.0,2.625,2.75,5.25],"rotation":0,"texture":"#1","tintindex":0},"north":{"uv":[0.0,0.0,2.75,2.625],"rotation":0,"texture":"#1","tintindex":0},"west":{"uv":[0.0,6.375,1.125,9.0],"rotation":0,"texture":"#1","tintindex":0},"up":{"uv":[2.75,6.375,0.0,5.25],"rotation":0,"texture":"#1","tintindex":0},"down":{"uv":[5.5,6.0,2.75,7.125],"rotation":0,"texture":"#1","tintindex":0}}},{"from":[3.714285,1.1156096,4.2901087],"to":[12.285713,14.887038,5.4901085],"rotation":{"angle":0.0,"axis":"y","origin":[7.999999,12.858467,7.71868]},"faces":{"east":{"uv":[7.625,10.25,7.875,13.25],"rotation":0,"texture":"#1","tintindex":0},"south":{"uv":[2.75,3.0,4.625,6.0],"rotation":0,"texture":"#1","tintindex":0},"north":{"uv":[2.75,0.0,4.625,3.0],"rotation":0,"texture":"#1","tintindex":0},"west":{"uv":[7.875,10.25,8.125,13.25],"rotation":0,"texture":"#1","tintindex":0},"up":{"uv":[15.0,7.625,13.125,7.375],"rotation":0,"texture":"#1","tintindex":0},"down":{"uv":[15.0,7.625,13.125,7.875],"rotation":0,"texture":"#1","tintindex":0}}},{"from":[3.7285705,12.711332,8.365381],"to":[12.271428,14.325618,9.33681],"rotation":{"angle":45.0,"axis":"x","origin":[7.999999,18.711332,8.9368105]},"faces":{"east":{"uv":[9.875,1.625,10.125,2.0],"rotation":0,"texture":"#1","tintindex":0},"south":{"uv":[10.75,0.625,12.625,1.0],"rotation":0,"texture":"#1","tintindex":0},"north":{"uv":[10.25,3.125,12.125,3.5],"rotation":0,"texture":"#1","tintindex":0},"west":{"uv":[10.25,5.625,10.5,6.0],"rotation":0,"texture":"#1","tintindex":0},"up":{"uv":[15.25,5.75,13.375,5.5],"rotation":0,"texture":"#1","tintindex":0},"down":{"uv":[15.25,5.75,13.375,6.0],"rotation":0,"texture":"#1","tintindex":0}}},{"from":[3.7285705,0.08686209,4.718582],"to":[12.271428,1.7011476,5.690011],"rotation":{"angle":-45.0,"axis":"x","origin":[7.999999,0.8940048,5.2042966]},"faces":{"east":{"uv":[1.25,10.375,1.5,10.75],"rotation":0,"texture":"#1","tintindex":0},"south":{"uv":[11.25,6.875,13.125,7.25],"rotation":0,"texture":"#1","tintindex":0},"north":{"uv":[11.125,8.625,13.0,9.0],"rotation":0,"texture":"#1","tintindex":0},"west":{"uv":[6.375,10.375,6.625,10.75],"rotation":0,"texture":"#1","tintindex":0},"up":{"uv":[15.25,6.25,13.375,6.0],"rotation":0,"texture":"#1","tintindex":0},"down":{"uv":[15.25,11.0,13.375,11.25],"rotation":0,"texture":"#1","tintindex":0}}},{"from":[3.7285705,12.3336525,15.39157],"to":[12.271428,13.947939,16.362999],"rotation":{"angle":-45.0,"axis":"x","origin":[7.999999,7.997021,10.975878]},"faces":{"east":{"uv":[6.375,11.125,6.625,11.5],"rotation":0,"texture":"#1","tintindex":0},"south":{"uv":[12.125,3.125,10.25,3.5],"rotation":0,"texture":"#1","tintindex":0},"north":{"uv":[11.375,5.0,13.25,5.375],"rotation":0,"texture":"#1","tintindex":0},"west":{"uv":[12.125,3.125,12.375,3.5],"rotation":0,"texture":"#1","tintindex":0},"up":{"uv":[15.25,12.5,13.375,12.25],"rotation":0,"texture":"#1","tintindex":0},"down":{"uv":[15.25,12.5,13.375,12.75],"rotation":0,"texture":"#1","tintindex":0}}},{"from":[3.714285,1.1156096,10.461543],"to":[12.285713,14.887038,11.718686],"rotation":{"angle":0.0,"axis":"y","origin":[7.999999,7.997021,10.975878]},"faces":{"east":{"uv":[8.125,10.25,8.375,13.25],"rotation":0,"texture":"#1","tintindex":0},"south":{"uv":[4.625,0.0,2.75,3.0],"rotation":0,"texture":"#1","tintindex":0},"north":{"uv":[4.625,0.0,6.5,3.0],"rotation":0,"texture":"#1","tintindex":0},"west":{"uv":[8.375,10.25,8.625,13.25],"rotation":0,"texture":"#1","tintindex":0},"up":{"uv":[15.25,12.0,13.375,11.75],"rotation":0,"texture":"#1","tintindex":0},"down":{"uv":[15.25,12.0,13.375,12.25],"rotation":0,"texture":"#1","tintindex":0}}},{"from":[3.7285705,2.0461035,15.39157],"to":[12.271428,3.6603894,16.362999],"rotation":{"angle":45.0,"axis":"x","origin":[7.999999,7.997021,10.975878]},"faces":{"east":{"uv":[1.25,10.75,1.5,11.125],"rotation":0,"texture":"#1","tintindex":0},"south":{"uv":[11.25,7.625,13.125,8.0],"rotation":0,"texture":"#1","tintindex":0},"north":{"uv":[11.25,7.25,13.125,7.625],"rotation":0,"texture":"#1","tintindex":0},"west":{"uv":[6.375,10.75,6.625,11.125],"rotation":0,"texture":"#1","tintindex":0},"up":{"uv":[15.25,11.5,13.375,11.25],"rotation":0,"texture":"#1","tintindex":0},"down":{"uv":[15.25,11.5,13.375,11.75],"rotation":0,"texture":"#1","tintindex":0}}},{"from":[3.7345934,14.001324,5.4329653],"to":[12.2654085,16.02163,10.575823],"rotation":{"angle":0.0,"axis":"y","origin":[7.999999,12.858467,7.71868]},"faces":{"east":{"uv":[11.75,1.0,12.875,1.5],"rotation":0,"texture":"#1","tintindex":0},"south":{"uv":[10.125,3.5,12.0,4.0],"rotation":0,"texture":"#1","tintindex":0},"north":{"uv":[9.875,1.125,11.75,1.625],"rotation":0,"texture":"#1","tintindex":0},"west":{"uv":[11.75,2.125,12.875,2.625],"rotation":0,"texture":"#1","tintindex":0},"up":{"uv":[8.375,3.875,6.5,2.75],"rotation":0,"texture":"#1","tintindex":0},"down":{"uv":[8.375,3.875,6.5,5.0],"rotation":0,"texture":"#1","tintindex":0}}},{"from":[8.775922,16.74012,5.4472513],"to":[11.633064,19.597263,10.547252],"rotation":{"angle":-45.0,"axis":"z","origin":[6.204493,13.597263,8.004395]},"faces":{"east":{"uv":[10.5,5.625,11.625,6.25],"rotation":0,"texture":"#1","tintindex":0},"south":{"uv":[13.875,9.875,14.5,10.5],"rotation":0,"texture":"#1","tintindex":0},"north":{"uv":[9.625,13.875,10.25,14.5],"rotation":0,"texture":"#1","tintindex":0},"west":{"uv":[10.5,6.25,11.625,6.875],"rotation":0,"texture":"#1","tintindex":0},"up":{"uv":[1.25,11.5,0.625,10.375],"rotation":0,"texture":"#1","tintindex":0},"down":{"uv":[11.125,8.0,10.5,9.125],"rotation":0,"texture":"#1","tintindex":0}}},{"from":[9.944671,-2.59128,5.4472513],"to":[12.801814,0.26586342,10.547252],"rotation":{"angle":45.0,"axis":"z","origin":[8.000001,1.4962473,8.004395]},"faces":{"east":{"uv":[1.25,11.125,2.375,11.75],"rotation":0,"texture":"#1","tintindex":0},"south":{"uv":[11.75,14.0,12.375,14.625],"rotation":0,"texture":"#1","tintindex":0},"north":{"uv":[14.0,7.875,14.625,8.5],"rotation":0,"texture":"#1","tintindex":0},"west":{"uv":[11.125,8.0,12.25,8.625],"rotation":0,"texture":"#1","tintindex":0},"up":{"uv":[6.375,12.125,5.75,11.0],"rotation":0,"texture":"#1","tintindex":0},"down":{"uv":[11.75,10.375,11.125,11.5],"rotation":0,"texture":"#1","tintindex":0}}},{"from":[4.366937,16.74012,5.4472513],"to":[7.22408,19.597263,10.547252],"rotation":{"angle":45.0,"axis":"z","origin":[9.795509,13.597263,8.004395]},"faces":{"east":{"uv":[11.625,6.25,10.5,6.875],"rotation":0,"texture":"#1","tintindex":0},"south":{"uv":[14.5,9.875,13.875,10.5],"rotation":0,"texture":"#1","tintindex":0},"north":{"uv":[10.25,13.875,9.625,14.5],"rotation":0,"texture":"#1","tintindex":0},"west":{"uv":[11.625,5.625,10.5,6.25],"rotation":0,"texture":"#1","tintindex":0},"up":{"uv":[0.625,11.5,1.25,10.375],"rotation":0,"texture":"#1","tintindex":0},"down":{"uv":[10.5,8.0,11.125,9.125],"rotation":0,"texture":"#1","tintindex":0}}},{"from":[3.1981878,-2.59128,5.4472513],"to":[6.055331,0.26586342,10.547252],"rotation":{"angle":-45.0,"axis":"z","origin":[8.000001,1.4962473,8.004395]},"faces":{"east":{"uv":[12.25,8.0,11.125,8.625],"rotation":0,"texture":"#1","tintindex":0},"south":{"uv":[12.375,14.0,11.75,14.625],"rotation":0,"texture":"#1","tintindex":0},"north":{"uv":[14.625,7.875,14.0,8.5],"rotation":0,"texture":"#1","tintindex":0},"west":{"uv":[2.375,11.125,1.25,11.75],"rotation":0,"texture":"#1","tintindex":0},"up":{"uv":[5.75,12.125,6.375,11.0],"rotation":0,"texture":"#1","tintindex":0},"down":{"uv":[11.125,10.375,11.75,11.5],"rotation":0,"texture":"#1","tintindex":0}}},{"from":[3.7345934,-0.018981934,5.4329653],"to":[12.2654085,2.0013232,10.575823],"rotation":{"angle":0.0,"axis":"y","origin":[8.000001,1.4962473,8.004395]},"faces":{"east":{"uv":[11.75,2.625,12.875,3.125],"rotation":0,"texture":"#1","tintindex":0},"south":{"uv":[10.25,1.625,12.125,2.125],"rotation":0,"texture":"#1","tintindex":0},"north":{"uv":[10.125,4.0,12.0,4.5],"rotation":0,"texture":"#1","tintindex":0},"west":{"uv":[11.75,4.5,12.875,5.0],"rotation":0,"texture":"#1","tintindex":0},"up":{"uv":[8.5,6.125,6.625,5.0],"rotation":0,"texture":"#1","tintindex":0},"down":{"uv":[8.5,6.125,6.625,7.25],"rotation":0,"texture":"#1","tintindex":0}}}],"display":{"head":{"translation":[0.0,-6.4,0.0],"scale":[4.0,4.0,4.0]}}}