{"textures":{"0":"minecraft:modelengine/entity/claw_tier3"},"elements":[{"from":[-5.5116673,0.99466944,-3.544322],"to":[18.47919,12.990099,20.446537],"rotation":{"angle":0.0,"axis":"y","origin":[6.4837623,6.992384,8.451107]},"faces":{"east":{"uv":[3.75,1.875,5.0,2.5],"rotation":0,"texture":"#0","tintindex":0},"south":{"uv":[3.75,2.5,5.0,3.125],"rotation":0,"texture":"#0","tintindex":0},"north":{"uv":[2.5,1.875,3.75,2.5],"rotation":0,"texture":"#0","tintindex":0},"west":{"uv":[3.75,3.125,5.0,3.75],"rotation":0,"texture":"#0","tintindex":0},"up":{"uv":[1.25,1.25,0.0,0.0],"rotation":0,"texture":"#0","tintindex":0},"down":{"uv":[1.25,1.25,0.0,2.5],"rotation":0,"texture":"#0","tintindex":0}}},{"from":[2.2459655,1.0546465,-6.757638],"to":[10.72156,12.930121,-1.9594669],"rotation":{"angle":0.0,"axis":"y","origin":[6.4837623,6.992384,-4.358553]},"faces":{"east":{"uv":[1.0,3.75,1.25,4.375],"rotation":0,"texture":"#0","tintindex":0},"south":{"uv":[7.875,4.375,8.3125,5.0],"rotation":0,"texture":"#0","tintindex":0},"north":{"uv":[7.875,3.75,8.3125,4.375],"rotation":0,"texture":"#0","tintindex":0},"west":{"uv":[3.25,6.25,3.5,6.875],"rotation":0,"texture":"#0","tintindex":0},"up":{"uv":[6.9375,3.75,6.5,3.5],"rotation":0,"texture":"#0","tintindex":0},"down":{"uv":[6.6875,7.5,6.25,7.75],"rotation":0,"texture":"#0","tintindex":0}}},{"from":[-4.9131603,1.0546465,-5.333599],"to":[3.4836397,12.930121,-0.53542805],"rotation":{"angle":22.5,"axis":"y","origin":[-0.7147598,6.992384,-2.934514]},"faces":{"east":{"uv":[5.75,6.375,6.0,7.0],"rotation":0,"texture":"#0","tintindex":0},"south":{"uv":[7.0,7.875,7.4375,8.5],"rotation":0,"texture":"#0","tintindex":0},"north":{"uv":[7.875,5.0,8.3125,5.625],"rotation":0,"texture":"#0","tintindex":0},"west":{"uv":[0.75,6.5,1.0,7.125],"rotation":0,"texture":"#0","tintindex":0},"up":{"uv":[9.9375,8.875,9.5,8.625],"rotation":0,"texture":"#0","tintindex":0},"down":{"uv":[10.8125,10.0,10.375,10.25],"rotation":0,"texture":"#0","tintindex":0}}},{"from":[9.483885,1.0546465,-5.333599],"to":[17.880686,12.930121,-0.53542805],"rotation":{"angle":-22.5,"axis":"y","origin":[13.682285,6.992384,-2.934514]},"faces":{"east":{"uv":[6.375,9.25,6.625,9.875],"rotation":0,"texture":"#0","tintindex":0},"south":{"uv":[8.0,2.5,8.4375,3.125],"rotation":0,"texture":"#0","tintindex":0},"north":{"uv":[0.75,8.0,1.1875,8.625],"rotation":0,"texture":"#0","tintindex":0},"west":{"uv":[4.625,9.75,4.875,10.375],"rotation":0,"texture":"#0","tintindex":0},"up":{"uv":[2.6875,10.75,2.25,10.5],"rotation":0,"texture":"#0","tintindex":0},"down":{"uv":[10.9375,2.375,10.5,2.625],"rotation":0,"texture":"#0","tintindex":0}}},{"from":[-4.9131603,1.0546465,17.437641],"to":[3.4836397,12.930121,22.235813],"rotation":{"angle":-22.5,"axis":"y","origin":[-0.7147598,6.992384,19.836727]},"faces":{"east":{"uv":[4.875,9.75,5.125,10.375],"rotation":0,"texture":"#0","tintindex":0},"south":{"uv":[5.75,8.0,6.1875,8.625],"rotation":0,"texture":"#0","tintindex":0},"north":{"uv":[8.0,3.125,8.4375,3.75],"rotation":0,"texture":"#0","tintindex":0},"west":{"uv":[5.125,9.75,5.375,10.375],"rotation":0,"texture":"#0","tintindex":0},"up":{"uv":[10.9375,2.875,10.5,2.625],"rotation":0,"texture":"#0","tintindex":0},"down":{"uv":[10.9375,2.875,10.5,3.125],"rotation":0,"texture":"#0","tintindex":0}}},{"from":[9.483885,1.0546465,17.437641],"to":[17.880686,12.930121,22.235813],"rotation":{"angle":22.5,"axis":"y","origin":[13.682285,6.992384,19.836727]},"faces":{"east":{"uv":[5.875,9.75,6.125,10.375],"rotation":0,"texture":"#0","tintindex":0},"south":{"uv":[3.625,8.125,4.0625,8.75],"rotation":0,"texture":"#0","tintindex":0},"north":{"uv":[6.25,8.0,6.6875,8.625],"rotation":0,"texture":"#0","tintindex":0},"west":{"uv":[6.125,9.75,6.375,10.375],"rotation":0,"texture":"#0","tintindex":0},"up":{"uv":[6.5625,10.75,6.125,10.5],"rotation":0,"texture":"#0","tintindex":0},"down":{"uv":[8.1875,10.5,7.75,10.75],"rotation":0,"texture":"#0","tintindex":0}}},{"from":[2.2459655,1.0546465,18.861683],"to":[10.72156,12.930121,23.659853],"rotation":{"angle":0.0,"axis":"y","origin":[6.4837623,6.992384,21.260767]},"faces":{"east":{"uv":[6.75,9.75,7.0,10.375],"rotation":0,"texture":"#0","tintindex":0},"south":{"uv":[4.625,8.125,5.0625,8.75],"rotation":0,"texture":"#0","tintindex":0},"north":{"uv":[4.125,8.125,4.5625,8.75],"rotation":0,"texture":"#0","tintindex":0},"west":{"uv":[0.0,9.875,0.25,10.5],"rotation":0,"texture":"#0","tintindex":0},"up":{"uv":[10.9375,8.625,10.5,8.375],"rotation":0,"texture":"#0","tintindex":0},"down":{"uv":[10.9375,8.625,10.5,8.875],"rotation":0,"texture":"#0","tintindex":0}}},{"from":[-7.3009443,1.0546465,-2.945815],"to":[-2.5027733,12.930121,5.450985],"rotation":{"angle":-22.5,"axis":"y","origin":[-4.9018583,6.992384,1.2525849]},"faces":{"east":{"uv":[5.125,8.125,5.5625,8.75],"rotation":0,"texture":"#0","tintindex":0},"south":{"uv":[0.25,9.875,0.5,10.5],"rotation":0,"texture":"#0","tintindex":0},"north":{"uv":[9.875,0.0,10.125,0.625],"rotation":0,"texture":"#0","tintindex":0},"west":{"uv":[8.25,5.625,8.6875,6.25],"rotation":0,"texture":"#0","tintindex":0},"up":{"uv":[7.75,8.3125,7.5,7.875],"rotation":0,"texture":"#0","tintindex":0},"down":{"uv":[7.0,8.0,6.75,8.4375],"rotation":0,"texture":"#0","tintindex":0}}},{"from":[-8.724983,1.0546465,4.2133102],"to":[-3.9268122,12.930121,12.688905],"rotation":{"angle":0.0,"axis":"y","origin":[-6.325897,6.992384,8.451107]},"faces":{"east":{"uv":[8.25,7.75,8.6875,8.375],"rotation":0,"texture":"#0","tintindex":0},"south":{"uv":[0.75,9.875,1.0,10.5],"rotation":0,"texture":"#0","tintindex":0},"north":{"uv":[0.5,9.875,0.75,10.5],"rotation":0,"texture":"#0","tintindex":0},"west":{"uv":[8.375,1.5,8.8125,2.125],"rotation":0,"texture":"#0","tintindex":0},"up":{"uv":[7.5,8.9375,7.25,8.5],"rotation":0,"texture":"#0","tintindex":0},"down":{"uv":[9.875,10.5,9.625,10.9375],"rotation":0,"texture":"#0","tintindex":0}}},{"from":[-7.3009443,1.0546465,11.45123],"to":[-2.5027733,12.930121,19.84803],"rotation":{"angle":22.5,"axis":"y","origin":[-4.9018583,6.992384,15.64963]},"faces":{"east":{"uv":[2.875,8.375,3.3125,9.0],"rotation":0,"texture":"#0","tintindex":0},"south":{"uv":[9.875,1.0,10.125,1.625],"rotation":0,"texture":"#0","tintindex":0},"north":{"uv":[1.0,9.875,1.25,10.5],"rotation":0,"texture":"#0","tintindex":0},"west":{"uv":[8.375,3.75,8.8125,4.375],"rotation":0,"texture":"#0","tintindex":0},"up":{"uv":[10.125,10.9375,9.875,10.5],"rotation":0,"texture":"#0","tintindex":0},"down":{"uv":[10.875,1.125,10.625,1.5625],"rotation":0,"texture":"#0","tintindex":0}}},{"from":[15.470297,1.0546465,11.45123],"to":[20.268469,12.930121,19.84803],"rotation":{"angle":-22.5,"axis":"y","origin":[17.869383,6.992384,15.64963]},"faces":{"east":{"uv":[8.375,4.375,8.8125,5.0],"rotation":0,"texture":"#0","tintindex":0},"south":{"uv":[1.5,9.875,1.75,10.5],"rotation":0,"texture":"#0","tintindex":0},"north":{"uv":[1.25,9.875,1.5,10.5],"rotation":0,"texture":"#0","tintindex":0},"west":{"uv":[8.375,5.0,8.8125,5.625],"rotation":0,"texture":"#0","tintindex":0},"up":{"uv":[10.875,3.5625,10.625,3.125],"rotation":0,"texture":"#0","tintindex":0},"down":{"uv":[10.875,3.625,10.625,4.0625],"rotation":0,"texture":"#0","tintindex":0}}},{"from":[15.470297,1.0546465,-2.945815],"to":[20.268469,12.930121,5.450985],"rotation":{"angle":22.5,"axis":"y","origin":[17.869383,6.992384,1.2525849]},"faces":{"east":{"uv":[8.375,6.25,8.8125,6.875],"rotation":0,"texture":"#0","tintindex":0},"south":{"uv":[2.0,9.875,2.25,10.5],"rotation":0,"texture":"#0","tintindex":0},"north":{"uv":[1.75,9.875,2.0,10.5],"rotation":0,"texture":"#0","tintindex":0},"west":{"uv":[7.5,8.375,7.9375,9.0],"rotation":0,"texture":"#0","tintindex":0},"up":{"uv":[4.0,11.0625,3.75,10.625],"rotation":0,"texture":"#0","tintindex":0},"down":{"uv":[4.25,10.625,4.0,11.0625],"rotation":0,"texture":"#0","tintindex":0}}},{"from":[16.894337,1.0546465,4.2133102],"to":[21.692509,12.930121,12.688905],"rotation":{"angle":0.0,"axis":"y","origin":[19.293423,6.992384,8.451107]},"faces":{"east":{"uv":[8.0,8.375,8.4375,9.0],"rotation":0,"texture":"#0","tintindex":0},"south":{"uv":[2.5,9.875,2.75,10.5],"rotation":0,"texture":"#0","tintindex":0},"north":{"uv":[2.25,9.875,2.5,10.5],"rotation":0,"texture":"#0","tintindex":0},"west":{"uv":[8.5,0.0,8.9375,0.625],"rotation":0,"texture":"#0","tintindex":0},"up":{"uv":[10.875,4.5625,10.625,4.125],"rotation":0,"texture":"#0","tintindex":0},"down":{"uv":[4.5,10.625,4.25,11.0625],"rotation":0,"texture":"#0","tintindex":0}}},{"from":[16.269703,11.966888,4.467578],"to":[20.779984,17.13212,12.434637],"rotation":{"angle":0.0,"axis":"y","origin":[18.524843,14.549504,8.451107]},"faces":{"east":{"uv":[10.625,4.625,11.0625,4.875],"rotation":0,"texture":"#0","tintindex":0},"south":{"uv":[4.75,0.625,5.0,0.875],"rotation":0,"texture":"#0","tintindex":0},"north":{"uv":[1.0,4.375,1.25,4.625],"rotation":0,"texture":"#0","tintindex":0},"west":{"uv":[10.625,4.875,11.0625,5.125],"rotation":0,"texture":"#0","tintindex":0},"up":{"uv":[10.875,5.5625,10.625,5.125],"rotation":0,"texture":"#0","tintindex":0},"down":{"uv":[7.25,10.625,7.0,11.0625],"rotation":0,"texture":"#0","tintindex":0}}},{"from":[14.931105,11.966888,-2.262],"to":[19.441387,17.13212,5.630992],"rotation":{"angle":22.5,"axis":"y","origin":[17.186245,14.549504,1.6844959]},"faces":{"east":{"uv":[7.25,10.625,7.6875,10.875],"rotation":0,"texture":"#0","tintindex":0},"south":{"uv":[0.75,7.125,1.0,7.375],"rotation":0,"texture":"#0","tintindex":0},"north":{"uv":[3.25,6.875,3.5,7.125],"rotation":0,"texture":"#0","tintindex":0},"west":{"uv":[8.25,10.625,8.6875,10.875],"rotation":0,"texture":"#0","tintindex":0},"up":{"uv":[9.0,11.0625,8.75,10.625],"rotation":0,"texture":"#0","tintindex":0},"down":{"uv":[9.25,10.625,9.0,11.0625],"rotation":0,"texture":"#0","tintindex":0}}}],"display":{"head":{"translation":[0.0,-6.4,0.0],"scale":[4.0,4.0,4.0]}}}