{"textures":{"0":"minecraft:modelengine/entity/claw_tier3"},"elements":[{"from":[5.033542,2.0344453,14.423734],"to":[10.966457,6.4847493,30.377653],"rotation":{"angle":22.5,"axis":"x","origin":[8.0,4.2595973,22.400696]},"faces":{"east":{"uv":[7.125,6.5,8.3125,6.8125],"rotation":0,"texture":"#0","tintindex":0},"south":{"uv":[10.25,9.0,10.6875,9.3125],"rotation":0,"texture":"#0","tintindex":0},"north":{"uv":[10.25,7.75,10.6875,8.0625],"rotation":0,"texture":"#0","tintindex":0},"west":{"uv":[7.125,6.875,8.3125,7.1875],"rotation":0,"texture":"#0","tintindex":0},"up":{"uv":[6.4375,2.4375,6.0,1.25],"rotation":0,"texture":"#0","tintindex":0},"down":{"uv":[6.4375,2.5,6.0,3.6875],"rotation":0,"texture":"#0","tintindex":0}}},{"from":[14.45456,2.0344453,5.002715],"to":[30.408482,6.4847493,10.935631],"rotation":{"angle":-22.5,"axis":"z","origin":[22.43152,4.2595973,7.9691734]},"faces":{"east":{"uv":[10.125,10.25,10.5625,10.5625],"rotation":0,"texture":"#0","tintindex":0},"south":{"uv":[7.25,0.375,8.4375,0.6875],"rotation":0,"texture":"#0","tintindex":0},"north":{"uv":[7.25,0.0,8.4375,0.3125],"rotation":0,"texture":"#0","tintindex":0},"west":{"uv":[10.375,0.0,10.8125,0.3125],"rotation":0,"texture":"#0","tintindex":0},"up":{"uv":[7.1875,4.1875,6.0,3.75],"rotation":0,"texture":"#0","tintindex":0},"down":{"uv":[7.1875,4.25,6.0,4.6875],"rotation":0,"texture":"#0","tintindex":0}}},{"from":[-0.49009323,3.366508,-2.0244322],"to":[2.0289469,23.8547,3.6853914],"rotation":{"angle":45.0,"axis":"y","origin":[0.7694273,13.610604,0.83047915]},"faces":{"east":{"uv":[5.0,3.625,5.4375,5.125],"rotation":0,"texture":"#0","tintindex":0},"south":{"uv":[2.0,7.625,2.1875,9.125],"rotation":0,"texture":"#0","tintindex":0},"north":{"uv":[1.75,7.625,1.9375,9.125],"rotation":0,"texture":"#0","tintindex":0},"west":{"uv":[3.75,5.0,4.1875,6.5],"rotation":0,"texture":"#0","tintindex":0},"up":{"uv":[4.4375,11.5625,4.25,11.125],"rotation":0,"texture":"#0","tintindex":0},"down":{"uv":[11.3125,4.625,11.125,5.0625],"rotation":0,"texture":"#0","tintindex":0}}},{"from":[-14.408482,2.0344453,5.002715],"to":[1.5454397,6.4847493,10.935631],"rotation":{"angle":22.5,"axis":"z","origin":[-6.4315205,4.2595973,7.9691734]},"faces":{"east":{"uv":[10.375,0.375,10.8125,0.6875],"rotation":0,"texture":"#0","tintindex":0},"south":{"uv":[7.25,1.125,8.4375,1.4375],"rotation":0,"texture":"#0","tintindex":0},"north":{"uv":[7.25,0.75,8.4375,1.0625],"rotation":0,"texture":"#0","tintindex":0},"west":{"uv":[10.375,0.75,10.8125,1.0625],"rotation":0,"texture":"#0","tintindex":0},"up":{"uv":[7.1875,5.1875,6.0,4.75],"rotation":0,"texture":"#0","tintindex":0},"down":{"uv":[7.1875,5.25,6.0,5.6875],"rotation":0,"texture":"#0","tintindex":0}}},{"from":[13.971053,3.366508,-2.0244322],"to":[16.490093,23.8547,3.6853914],"rotation":{"angle":-45.0,"axis":"y","origin":[15.230573,13.610604,0.83047915]},"faces":{"east":{"uv":[5.0,0.625,5.4375,2.125],"rotation":0,"texture":"#0","tintindex":0},"south":{"uv":[1.5,7.625,1.6875,9.125],"rotation":0,"texture":"#0","tintindex":0},"north":{"uv":[1.25,7.625,1.4375,9.125],"rotation":0,"texture":"#0","tintindex":0},"west":{"uv":[5.0,2.125,5.4375,3.625],"rotation":0,"texture":"#0","tintindex":0},"up":{"uv":[3.1875,11.4375,3.0,11.0],"rotation":0,"texture":"#0","tintindex":0},"down":{"uv":[10.0625,11.0,9.875,11.4375],"rotation":0,"texture":"#0","tintindex":0}}}],"display":{"head":{"translation":[0.0,-6.4,0.0],"scale":[4.0,4.0,4.0]}}}