{"textures":{"0":"minecraft:modelengine/entity/claw_tier3"},"elements":[{"from":[6.8192,6.642338,-7.594058],"to":[9.1808,9.357662,23.594059],"rotation":{"angle":45.0,"axis":"x","origin":[8.0,8.0,8.0]},"faces":{"east":{"uv":[9.0,7.625,10.625,7.75],"rotation":0,"texture":"#0","tintindex":0},"south":{"uv":[10.875,12.75,11.0,12.875],"rotation":0,"texture":"#0","tintindex":0},"north":{"uv":[12.75,10.75,12.875,10.875],"rotation":0,"texture":"#0","tintindex":0},"west":{"uv":[9.0,8.875,10.625,9.0],"rotation":0,"texture":"#0","tintindex":0},"up":{"uv":[6.75,10.25,6.625,8.625],"rotation":0,"texture":"#0","tintindex":0},"down":{"uv":[5.5,8.75,5.375,10.375],"rotation":0,"texture":"#0","tintindex":0}}}],"display":{"head":{"translation":[0.0,-6.4,0.0],"scale":[4.0,4.0,4.0]}}}