{"textures":{"0":"minecraft:modelengine/entity/claw_tier3"},"elements":[{"from":[5.5888853,0.3539338,-1.3953896],"to":[10.411115,3.9915528,0.66392565],"rotation":{"angle":22.5,"axis":"x","origin":[8.0,2.1727433,-0.3657322]},"faces":{"east":{"uv":[12.5,0.625,12.625,0.875],"rotation":0,"texture":"#0","tintindex":0},"south":{"uv":[11.0,6.625,11.375,6.875],"rotation":0,"texture":"#0","tintindex":0},"north":{"uv":[9.75,4.75,10.125,5.0],"rotation":0,"texture":"#0","tintindex":0},"west":{"uv":[0.75,12.5,0.875,12.75],"rotation":0,"texture":"#0","tintindex":0},"up":{"uv":[12.375,3.75,12.0,3.625],"rotation":0,"texture":"#0","tintindex":0},"down":{"uv":[12.375,3.75,12.0,3.875],"rotation":0,"texture":"#0","tintindex":0}}},{"from":[5.5888853,-1.3445101,-2.0130405],"to":[10.411115,0.886415,0.04627514],"rotation":{"angle":0.0,"axis":"y","origin":[8.0,-1.029048,-0.9833822]},"faces":{"east":{"uv":[8.625,12.5,8.75,12.6875],"rotation":0,"texture":"#0","tintindex":0},"south":{"uv":[11.375,0.0,11.75,0.1875],"rotation":0,"texture":"#0","tintindex":0},"north":{"uv":[0.0,11.375,0.375,11.5625],"rotation":0,"texture":"#0","tintindex":0},"west":{"uv":[12.5,8.625,12.625,8.8125],"rotation":0,"texture":"#0","tintindex":0},"up":{"uv":[12.375,4.0,12.0,3.875],"rotation":0,"texture":"#0","tintindex":0},"down":{"uv":[12.375,4.0,12.0,4.125],"rotation":0,"texture":"#0","tintindex":0}}},{"from":[5.5888853,3.1923475,-0.13381195],"to":[10.411115,5.423272,1.9255033],"rotation":{"angle":45.0,"axis":"x","origin":[8.0,4.30781,0.8958459]},"faces":{"east":{"uv":[8.0,12.5,8.125,12.6875],"rotation":0,"texture":"#0","tintindex":0},"south":{"uv":[11.0,11.25,11.375,11.4375],"rotation":0,"texture":"#0","tintindex":0},"north":{"uv":[10.625,11.25,11.0,11.4375],"rotation":0,"texture":"#0","tintindex":0},"west":{"uv":[8.5,12.5,8.625,12.6875],"rotation":0,"texture":"#0","tintindex":0},"up":{"uv":[12.375,3.5,12.0,3.375],"rotation":0,"texture":"#0","tintindex":0},"down":{"uv":[12.375,3.5,12.0,3.625],"rotation":0,"texture":"#0","tintindex":0}}},{"from":[5.5888853,-5.2855787,7.501542],"to":[10.411115,-3.0546541,9.560858],"rotation":{"angle":45.0,"axis":"x","origin":[8.0,-4.1701164,8.531199]},"faces":{"east":{"uv":[10.5,12.5,10.625,12.6875],"rotation":0,"texture":"#0","tintindex":0},"south":{"uv":[11.375,1.5,11.75,1.6875],"rotation":0,"texture":"#0","tintindex":0},"north":{"uv":[1.5,11.375,1.875,11.5625],"rotation":0,"texture":"#0","tintindex":0},"west":{"uv":[12.5,12.375,12.625,12.5625],"rotation":0,"texture":"#0","tintindex":0},"up":{"uv":[12.375,5.875,12.0,5.75],"rotation":0,"texture":"#0","tintindex":0},"down":{"uv":[12.375,5.875,12.0,6.0],"rotation":0,"texture":"#0","tintindex":0}}},{"from":[5.5888853,-0.7487211,9.38077],"to":[10.411115,1.4822035,11.440085],"rotation":{"angle":0.0,"axis":"y","origin":[8.0,0.36674118,10.410427]},"faces":{"east":{"uv":[12.625,0.0,12.75,0.1875],"rotation":0,"texture":"#0","tintindex":0},"south":{"uv":[1.875,11.375,2.25,11.5625],"rotation":0,"texture":"#0","tintindex":0},"north":{"uv":[11.375,1.75,11.75,1.9375],"rotation":0,"texture":"#0","tintindex":0},"west":{"uv":[12.625,0.25,12.75,0.4375],"rotation":0,"texture":"#0","tintindex":0},"up":{"uv":[12.375,6.375,12.0,6.25],"rotation":0,"texture":"#0","tintindex":0},"down":{"uv":[12.375,6.375,12.0,6.5],"rotation":0,"texture":"#0","tintindex":0}}},{"from":[5.5888853,-3.853859,8.76312],"to":[10.411115,-0.21623993,10.822435],"rotation":{"angle":22.5,"axis":"x","origin":[8.0,-2.0350494,9.792777]},"faces":{"east":{"uv":[1.125,12.5,1.25,12.75],"rotation":0,"texture":"#0","tintindex":0},"south":{"uv":[11.0,11.0,11.375,11.25],"rotation":0,"texture":"#0","tintindex":0},"north":{"uv":[10.625,11.0,11.0,11.25],"rotation":0,"texture":"#0","tintindex":0},"west":{"uv":[1.25,12.5,1.375,12.75],"rotation":0,"texture":"#0","tintindex":0},"up":{"uv":[12.375,6.125,12.0,6.0],"rotation":0,"texture":"#0","tintindex":0},"down":{"uv":[12.375,6.125,12.0,6.25],"rotation":0,"texture":"#0","tintindex":0}}},{"from":[5.5888853,-4.778487,-0.6409025],"to":[10.411115,-2.7191725,1.5900221],"rotation":{"angle":45.0,"axis":"x","origin":[8.0,-3.7488308,0.47455978]},"faces":{"east":{"uv":[10.25,12.5,10.4375,12.625],"rotation":0,"texture":"#0","tintindex":0},"south":{"uv":[12.0,4.875,12.375,5.0],"rotation":0,"texture":"#0","tintindex":0},"north":{"uv":[12.0,4.375,12.375,4.5],"rotation":0,"texture":"#0","tintindex":0},"west":{"uv":[12.5,11.25,12.6875,11.375],"rotation":0,"texture":"#0","tintindex":0},"up":{"uv":[11.75,0.6875,11.375,0.5],"rotation":0,"texture":"#0","tintindex":0},"down":{"uv":[1.125,11.375,0.75,11.5625],"rotation":0,"texture":"#0","tintindex":0}}},{"from":[5.5888853,-6.040065,0.79081726],"to":[10.411115,-3.98075,4.428436],"rotation":{"angle":22.5,"axis":"x","origin":[8.0,-5.0104084,2.6096263]},"faces":{"east":{"uv":[0.875,12.5,1.125,12.625],"rotation":0,"texture":"#0","tintindex":0},"south":{"uv":[12.0,5.125,12.375,5.25],"rotation":0,"texture":"#0","tintindex":0},"north":{"uv":[12.0,5.0,12.375,5.125],"rotation":0,"texture":"#0","tintindex":0},"west":{"uv":[12.5,0.875,12.75,1.0],"rotation":0,"texture":"#0","tintindex":0},"up":{"uv":[11.375,9.625,11.0,9.375],"rotation":0,"texture":"#0","tintindex":0},"down":{"uv":[9.875,11.0,9.5,11.25],"rotation":0,"texture":"#0","tintindex":0}}},{"from":[5.5888853,-6.657715,3.8959546],"to":[10.411115,-4.5984,6.126879],"rotation":{"angle":0.0,"axis":"y","origin":[8.0,-5.6280584,5.0114164]},"faces":{"east":{"uv":[12.5,11.375,12.6875,11.5],"rotation":0,"texture":"#0","tintindex":0},"south":{"uv":[12.0,5.375,12.375,5.5],"rotation":0,"texture":"#0","tintindex":0},"north":{"uv":[12.0,5.25,12.375,5.375],"rotation":0,"texture":"#0","tintindex":0},"west":{"uv":[11.875,12.5,12.0625,12.625],"rotation":0,"texture":"#0","tintindex":0},"up":{"uv":[11.75,0.9375,11.375,0.75],"rotation":0,"texture":"#0","tintindex":0},"down":{"uv":[11.75,1.0,11.375,1.1875],"rotation":0,"texture":"#0","tintindex":0}}},{"from":[5.5888853,2.8568664,7.8370233],"to":[10.411115,4.9161816,10.067948],"rotation":{"angle":45.0,"axis":"x","origin":[8.0,3.8865237,8.952486]},"faces":{"east":{"uv":[12.625,0.625,12.8125,0.75],"rotation":0,"texture":"#0","tintindex":0},"south":{"uv":[6.875,12.0,7.25,12.125],"rotation":0,"texture":"#0","tintindex":0},"north":{"uv":[12.0,6.75,12.375,6.875],"rotation":0,"texture":"#0","tintindex":0},"west":{"uv":[12.625,0.75,12.8125,0.875],"rotation":0,"texture":"#0","tintindex":0},"up":{"uv":[4.125,11.5625,3.75,11.375],"rotation":0,"texture":"#0","tintindex":0},"down":{"uv":[11.75,4.375,11.375,4.5625],"rotation":0,"texture":"#0","tintindex":0}}},{"from":[5.5888853,4.7360945,3.3001657],"to":[10.411115,6.795409,5.5310907],"rotation":{"angle":0.0,"axis":"y","origin":[8.0,5.765752,4.4156284]},"faces":{"east":{"uv":[7.25,12.5,7.4375,12.625],"rotation":0,"texture":"#0","tintindex":0},"south":{"uv":[11.0,3.0,11.375,3.125],"rotation":0,"texture":"#0","tintindex":0},"north":{"uv":[10.0,6.25,10.375,6.375],"rotation":0,"texture":"#0","tintindex":0},"west":{"uv":[7.5,12.5,7.6875,12.625],"rotation":0,"texture":"#0","tintindex":0},"up":{"uv":[11.625,6.3125,11.25,6.125],"rotation":0,"texture":"#0","tintindex":0},"down":{"uv":[11.625,8.875,11.25,9.0625],"rotation":0,"texture":"#0","tintindex":0}}},{"from":[5.5888853,4.118444,4.9986095],"to":[10.411115,6.177759,8.636229],"rotation":{"angle":22.5,"axis":"x","origin":[8.0,5.148102,6.8174186]},"faces":{"east":{"uv":[0.5,12.5,0.75,12.625],"rotation":0,"texture":"#0","tintindex":0},"south":{"uv":[9.875,7.25,10.25,7.375],"rotation":0,"texture":"#0","tintindex":0},"north":{"uv":[2.875,8.25,3.25,8.375],"rotation":0,"texture":"#0","tintindex":0},"west":{"uv":[12.5,0.5,12.75,0.625],"rotation":0,"texture":"#0","tintindex":0},"up":{"uv":[8.875,1.5,8.5,1.25],"rotation":0,"texture":"#0","tintindex":0},"down":{"uv":[9.875,1.0,9.5,1.25],"rotation":0,"texture":"#0","tintindex":0}}},{"from":[5.5888853,0.9916215,8.9737625],"to":[10.411115,3.5283666,11.033077],"rotation":{"angle":-22.5,"axis":"x","origin":[8.0,2.259994,10.00342]},"faces":{"east":{"uv":[0.5,12.625,0.625,12.8125],"rotation":0,"texture":"#0","tintindex":0},"south":{"uv":[11.375,3.0,11.75,3.1875],"rotation":0,"texture":"#0","tintindex":0},"north":{"uv":[11.375,2.0,11.75,2.1875],"rotation":0,"texture":"#0","tintindex":0},"west":{"uv":[0.625,12.625,0.75,12.8125],"rotation":0,"texture":"#0","tintindex":0},"up":{"uv":[12.375,6.625,12.0,6.5],"rotation":0,"texture":"#0","tintindex":0},"down":{"uv":[12.375,6.625,12.0,6.75],"rotation":0,"texture":"#0","tintindex":0}}},{"from":[5.5888853,4.3290863,1.2540021],"to":[10.411115,6.388402,3.7907481],"rotation":{"angle":-22.5,"axis":"x","origin":[8.0,5.3587446,2.5223756]},"faces":{"east":{"uv":[7.75,12.5,7.9375,12.625],"rotation":0,"texture":"#0","tintindex":0},"south":{"uv":[12.0,2.5,12.375,2.625],"rotation":0,"texture":"#0","tintindex":0},"north":{"uv":[12.0,2.375,12.375,2.5],"rotation":0,"texture":"#0","tintindex":0},"west":{"uv":[8.25,12.5,8.4375,12.625],"rotation":0,"texture":"#0","tintindex":0},"up":{"uv":[11.625,9.3125,11.25,9.125],"rotation":0,"texture":"#0","tintindex":0},"down":{"uv":[11.625,9.625,11.25,9.8125],"rotation":0,"texture":"#0","tintindex":0}}},{"from":[5.5888853,-6.2507086,5.636297],"to":[10.411115,-4.191393,8.173042],"rotation":{"angle":-22.5,"axis":"x","origin":[8.0,-5.221051,6.90467]},"faces":{"east":{"uv":[12.5,12.125,12.6875,12.25],"rotation":0,"texture":"#0","tintindex":0},"south":{"uv":[12.0,5.625,12.375,5.75],"rotation":0,"texture":"#0","tintindex":0},"north":{"uv":[12.0,5.5,12.375,5.625],"rotation":0,"texture":"#0","tintindex":0},"west":{"uv":[12.5,12.25,12.6875,12.375],"rotation":0,"texture":"#0","tintindex":0},"up":{"uv":[1.5,11.5625,1.125,11.375],"rotation":0,"texture":"#0","tintindex":0},"down":{"uv":[11.75,1.25,11.375,1.4375],"rotation":0,"texture":"#0","tintindex":0}}},{"from":[5.5888853,-3.3906736,-1.6060324],"to":[10.411115,-0.8539276,0.45328283],"rotation":{"angle":-22.5,"axis":"x","origin":[8.0,-2.1223001,-0.576375]},"faces":{"east":{"uv":[10.125,12.5,10.25,12.6875],"rotation":0,"texture":"#0","tintindex":0},"south":{"uv":[0.375,11.375,0.75,11.5625],"rotation":0,"texture":"#0","tintindex":0},"north":{"uv":[11.375,0.25,11.75,0.4375],"rotation":0,"texture":"#0","tintindex":0},"west":{"uv":[12.5,10.125,12.625,10.3125],"rotation":0,"texture":"#0","tintindex":0},"up":{"uv":[12.375,4.25,12.0,4.125],"rotation":0,"texture":"#0","tintindex":0},"down":{"uv":[12.375,4.25,12.0,4.375],"rotation":0,"texture":"#0","tintindex":0}}},{"from":[5.7261724,-4.4920444,0.22697496],"to":[10.273828,4.5406065,9.163151],"rotation":{"angle":22.5,"axis":"x","origin":[8.0,0.024281025,4.6950626]},"faces":{"east":{"uv":[6.25,5.75,6.9375,6.4375],"rotation":0,"texture":"#0","tintindex":0},"south":{"uv":[2.25,8.625,2.5625,9.3125],"rotation":0,"texture":"#0","tintindex":0},"north":{"uv":[2.25,7.875,2.5625,8.5625],"rotation":0,"texture":"#0","tintindex":0},"west":{"uv":[5.0,6.375,5.6875,7.0625],"rotation":0,"texture":"#0","tintindex":0},"up":{"uv":[1.5625,9.8125,1.25,9.125],"rotation":0,"texture":"#0","tintindex":0},"down":{"uv":[1.9375,9.125,1.625,9.8125],"rotation":0,"texture":"#0","tintindex":0}}},{"from":[6.3337603,2.8333106,7.7441874],"to":[9.66624,29.70307,15.102834],"rotation":{"angle":22.5,"axis":"x","origin":[8.0,16.268192,11.423511]},"faces":{"east":{"uv":[2.5,3.125,3.0625,5.125],"rotation":0,"texture":"#0","tintindex":0},"south":{"uv":[3.0,6.25,3.25,8.25],"rotation":0,"texture":"#0","tintindex":0},"north":{"uv":[6.0,5.75,6.25,7.75],"rotation":0,"texture":"#0","tintindex":0},"west":{"uv":[3.125,3.125,3.6875,5.125],"rotation":0,"texture":"#0","tintindex":0},"up":{"uv":[10.5,2.4375,10.25,1.875],"rotation":0,"texture":"#0","tintindex":0},"down":{"uv":[10.5,2.5,10.25,3.0625],"rotation":0,"texture":"#0","tintindex":0}}},{"from":[9.403105,9.065826,8.110281],"to":[9.877524,22.966309,14.527875],"rotation":{"angle":22.5,"axis":"x","origin":[9.640315,16.016068,11.3190775]},"faces":{"east":{"uv":[5.5,0.625,6.0,1.6875],"rotation":0,"texture":"#0","tintindex":0},"south":{"uv":[5.0,11.5,5.0625,12.5625],"rotation":0,"texture":"#0","tintindex":0},"north":{"uv":[11.5,4.875,11.5625,5.9375],"rotation":0,"texture":"#0","tintindex":0},"west":{"uv":[5.5,1.75,6.0,2.8125],"rotation":0,"texture":"#0","tintindex":0},"up":{"uv":[12.4375,12.875,12.375,12.375],"rotation":0,"texture":"#0","tintindex":0},"down":{"uv":[12.5625,0.0,12.5,0.5],"rotation":0,"texture":"#0","tintindex":0}}},{"from":[9.403105,8.751616,10.861709],"to":[10.25706,23.17396,11.776039],"rotation":{"angle":0.0,"axis":"y","origin":[9.830083,15.962788,11.318874]},"faces":{"east":{"uv":[4.625,11.5,4.6875,12.5625],"rotation":0,"texture":"#0","tintindex":0},"south":{"uv":[4.75,11.5,4.8125,12.5625],"rotation":0,"texture":"#0","tintindex":0},"north":{"uv":[4.5,11.5,4.5625,12.5625],"rotation":0,"texture":"#0","tintindex":0},"west":{"uv":[4.875,11.5,4.9375,12.5625],"rotation":0,"texture":"#0","tintindex":0},"up":{"uv":[0.1875,13.0625,0.125,13.0],"rotation":0,"texture":"#0","tintindex":0},"down":{"uv":[13.0625,0.125,13.0,0.1875],"rotation":0,"texture":"#0","tintindex":0}}},{"from":[9.877524,10.11883,8.3197365],"to":[10.304502,24.019314,9.234068],"rotation":{"angle":22.5,"axis":"x","origin":[10.091013,17.069073,8.776902]},"faces":{"east":{"uv":[2.625,11.5,2.6875,12.5625],"rotation":0,"texture":"#0","tintindex":0},"south":{"uv":[2.75,11.5,2.8125,12.5625],"rotation":0,"texture":"#0","tintindex":0},"north":{"uv":[2.5,11.5,2.5625,12.5625],"rotation":0,"texture":"#0","tintindex":0},"west":{"uv":[3.0,11.5,3.0625,12.5625],"rotation":0,"texture":"#0","tintindex":0},"up":{"uv":[12.9375,12.5625,12.875,12.5],"rotation":0,"texture":"#0","tintindex":0},"down":{"uv":[12.6875,12.875,12.625,12.9375],"rotation":0,"texture":"#0","tintindex":0}}},{"from":[9.877524,8.012823,13.404088],"to":[10.304502,21.913307,14.318419],"rotation":{"angle":22.5,"axis":"x","origin":[10.091013,14.963064,13.861254]},"faces":{"east":{"uv":[3.25,11.5,3.3125,12.5625],"rotation":0,"texture":"#0","tintindex":0},"south":{"uv":[3.375,11.5,3.4375,12.5625],"rotation":0,"texture":"#0","tintindex":0},"north":{"uv":[3.125,11.5,3.1875,12.5625],"rotation":0,"texture":"#0","tintindex":0},"west":{"uv":[3.5,11.5,3.5625,12.5625],"rotation":0,"texture":"#0","tintindex":0},"up":{"uv":[12.9375,12.8125,12.875,12.75],"rotation":0,"texture":"#0","tintindex":0},"down":{"uv":[12.9375,12.875,12.875,12.9375],"rotation":0,"texture":"#0","tintindex":0}}},{"from":[9.877524,21.478891,11.493724],"to":[10.304502,22.475174,16.082657],"rotation":{"angle":22.5,"axis":"x","origin":[10.091013,21.977032,13.788191]},"faces":{"east":{"uv":[12.625,5.375,12.9375,5.4375],"rotation":0,"texture":"#0","tintindex":0},"south":{"uv":[12.75,12.875,12.8125,12.9375],"rotation":0,"texture":"#0","tintindex":0},"north":{"uv":[12.875,12.625,12.9375,12.6875],"rotation":0,"texture":"#0","tintindex":0},"west":{"uv":[12.625,5.5,12.9375,5.5625],"rotation":0,"texture":"#0","tintindex":0},"up":{"uv":[5.6875,12.9375,5.625,12.625],"rotation":0,"texture":"#0","tintindex":0},"down":{"uv":[12.6875,5.625,12.625,5.9375],"rotation":0,"texture":"#0","tintindex":0}}},{"from":[9.877524,9.556963,6.5555],"to":[10.304502,10.553244,11.144431],"rotation":{"angle":22.5,"axis":"x","origin":[10.091013,10.055103,8.849966]},"faces":{"east":{"uv":[5.75,12.625,6.0625,12.6875],"rotation":0,"texture":"#0","tintindex":0},"south":{"uv":[13.0,0.0,13.0625,0.0625],"rotation":0,"texture":"#0","tintindex":0},"north":{"uv":[0.0,13.0,0.0625,13.0625],"rotation":0,"texture":"#0","tintindex":0},"west":{"uv":[12.625,6.0,12.9375,6.0625],"rotation":0,"texture":"#0","tintindex":0},"up":{"uv":[6.1875,12.9375,6.125,12.625],"rotation":0,"texture":"#0","tintindex":0},"down":{"uv":[12.6875,6.125,12.625,6.4375],"rotation":0,"texture":"#0","tintindex":0}}},{"from":[5.6954985,9.556963,6.5555],"to":[6.1224756,10.553244,11.144431],"rotation":{"angle":22.5,"axis":"x","origin":[5.908987,10.055103,8.849966]},"faces":{"east":{"uv":[7.625,12.625,7.9375,12.6875],"rotation":0,"texture":"#0","tintindex":0},"south":{"uv":[13.0,0.75,13.0625,0.8125],"rotation":0,"texture":"#0","tintindex":0},"north":{"uv":[0.75,13.0,0.8125,13.0625],"rotation":0,"texture":"#0","tintindex":0},"west":{"uv":[12.625,7.75,12.9375,7.8125],"rotation":0,"texture":"#0","tintindex":0},"up":{"uv":[12.6875,8.1875,12.625,7.875],"rotation":0,"texture":"#0","tintindex":0},"down":{"uv":[8.1875,12.625,8.125,12.9375],"rotation":0,"texture":"#0","tintindex":0}}},{"from":[5.6954985,21.478891,11.493724],"to":[6.1224756,22.475174,16.082657],"rotation":{"angle":22.5,"axis":"x","origin":[5.908987,21.977032,13.788191]},"faces":{"east":{"uv":[7.125,12.625,7.4375,12.6875],"rotation":0,"texture":"#0","tintindex":0},"south":{"uv":[13.0,0.5,13.0625,0.5625],"rotation":0,"texture":"#0","tintindex":0},"north":{"uv":[0.5,13.0,0.5625,13.0625],"rotation":0,"texture":"#0","tintindex":0},"west":{"uv":[12.625,7.25,12.9375,7.3125],"rotation":0,"texture":"#0","tintindex":0},"up":{"uv":[12.6875,7.6875,12.625,7.375],"rotation":0,"texture":"#0","tintindex":0},"down":{"uv":[7.5625,12.625,7.5,12.9375],"rotation":0,"texture":"#0","tintindex":0}}},{"from":[5.6954985,8.012823,13.404088],"to":[6.1224756,21.913307,14.318419],"rotation":{"angle":22.5,"axis":"x","origin":[5.908987,14.963064,13.861254]},"faces":{"east":{"uv":[11.25,11.5,11.3125,12.5625],"rotation":0,"texture":"#0","tintindex":0},"south":{"uv":[0.0,11.625,0.0625,12.6875],"rotation":0,"texture":"#0","tintindex":0},"north":{"uv":[11.125,11.5,11.1875,12.5625],"rotation":0,"texture":"#0","tintindex":0},"west":{"uv":[0.125,11.625,0.1875,12.6875],"rotation":0,"texture":"#0","tintindex":0},"up":{"uv":[0.6875,13.0625,0.625,13.0],"rotation":0,"texture":"#0","tintindex":0},"down":{"uv":[13.0625,0.625,13.0,0.6875],"rotation":0,"texture":"#0","tintindex":0}}},{"from":[5.6954985,10.11883,8.3197365],"to":[6.1224756,24.019314,9.234068],"rotation":{"angle":22.5,"axis":"x","origin":[5.908987,17.069073,8.776902]},"faces":{"east":{"uv":[11.5,6.375,11.5625,7.4375],"rotation":0,"texture":"#0","tintindex":0},"south":{"uv":[11.5,7.5,11.5625,8.5625],"rotation":0,"texture":"#0","tintindex":0},"north":{"uv":[5.125,11.5,5.1875,12.5625],"rotation":0,"texture":"#0","tintindex":0},"west":{"uv":[9.875,11.5,9.9375,12.5625],"rotation":0,"texture":"#0","tintindex":0},"up":{"uv":[0.3125,13.0625,0.25,13.0],"rotation":0,"texture":"#0","tintindex":0},"down":{"uv":[13.0625,0.25,13.0,0.3125],"rotation":0,"texture":"#0","tintindex":0}}},{"from":[5.74294,8.751616,10.861709],"to":[6.5968947,23.17396,11.776039],"rotation":{"angle":0.0,"axis":"y","origin":[6.1699176,15.962788,11.318874]},"faces":{"east":{"uv":[10.875,11.5,10.9375,12.5625],"rotation":0,"texture":"#0","tintindex":0},"south":{"uv":[11.0,11.5,11.0625,12.5625],"rotation":0,"texture":"#0","tintindex":0},"north":{"uv":[10.75,11.5,10.8125,12.5625],"rotation":0,"texture":"#0","tintindex":0},"west":{"uv":[11.5,11.0,11.5625,12.0625],"rotation":0,"texture":"#0","tintindex":0},"up":{"uv":[0.4375,13.0625,0.375,13.0],"rotation":0,"texture":"#0","tintindex":0},"down":{"uv":[13.0625,0.375,13.0,0.4375],"rotation":0,"texture":"#0","tintindex":0}}},{"from":[6.1224756,9.065826,8.110281],"to":[6.5968947,22.966309,14.527875],"rotation":{"angle":22.5,"axis":"x","origin":[6.359685,16.016068,11.3190775]},"faces":{"east":{"uv":[5.5,2.875,6.0,3.9375],"rotation":0,"texture":"#0","tintindex":0},"south":{"uv":[10.625,11.5,10.6875,12.5625],"rotation":0,"texture":"#0","tintindex":0},"north":{"uv":[10.0,11.5,10.0625,12.5625],"rotation":0,"texture":"#0","tintindex":0},"west":{"uv":[5.5,4.0,6.0,5.0625],"rotation":0,"texture":"#0","tintindex":0},"up":{"uv":[0.3125,13.0,0.25,12.5],"rotation":0,"texture":"#0","tintindex":0},"down":{"uv":[0.4375,12.5,0.375,13.0],"rotation":0,"texture":"#0","tintindex":0}}},{"from":[9.403105,22.303028,12.70434],"to":[10.087444,25.829685,16.602894],"rotation":{"angle":22.5,"axis":"x","origin":[9.745275,24.066357,14.653616]},"faces":{"east":{"uv":[2.5,11.25,2.8125,11.5],"rotation":0,"texture":"#0","tintindex":0},"south":{"uv":[12.875,10.75,12.9375,11.0],"rotation":0,"texture":"#0","tintindex":0},"north":{"uv":[12.875,10.5,12.9375,10.75],"rotation":0,"texture":"#0","tintindex":0},"west":{"uv":[3.25,11.25,3.5625,11.5],"rotation":0,"texture":"#0","tintindex":0},"up":{"uv":[5.0625,12.9375,5.0,12.625],"rotation":0,"texture":"#0","tintindex":0},"down":{"uv":[5.1875,12.625,5.125,12.9375],"rotation":0,"texture":"#0","tintindex":0}}},{"from":[9.403105,4.590499,5.7153764],"to":[10.087444,9.796515,9.613931],"rotation":{"angle":22.5,"axis":"x","origin":[9.745275,7.193507,7.6646533]},"faces":{"east":{"uv":[1.5,10.5,1.8125,10.875],"rotation":0,"texture":"#0","tintindex":0},"south":{"uv":[6.5,12.5,6.5625,12.875],"rotation":0,"texture":"#0","tintindex":0},"north":{"uv":[5.5,12.5,5.5625,12.875],"rotation":0,"texture":"#0","tintindex":0},"west":{"uv":[10.5,1.625,10.8125,2.0],"rotation":0,"texture":"#0","tintindex":0},"up":{"uv":[6.3125,12.9375,6.25,12.625],"rotation":0,"texture":"#0","tintindex":0},"down":{"uv":[6.4375,12.625,6.375,12.9375],"rotation":0,"texture":"#0","tintindex":0}}},{"from":[5.9125557,22.303028,12.70434],"to":[6.5968947,25.829685,16.602894],"rotation":{"angle":22.5,"axis":"x","origin":[6.254725,24.066357,14.653616]},"faces":{"east":{"uv":[4.5,11.25,4.8125,11.5],"rotation":0,"texture":"#0","tintindex":0},"south":{"uv":[11.0,12.875,11.0625,13.125],"rotation":0,"texture":"#0","tintindex":0},"north":{"uv":[10.875,12.875,10.9375,13.125],"rotation":0,"texture":"#0","tintindex":0},"west":{"uv":[4.875,11.25,5.1875,11.5],"rotation":0,"texture":"#0","tintindex":0},"up":{"uv":[12.6875,7.1875,12.625,6.875],"rotation":0,"texture":"#0","tintindex":0},"down":{"uv":[7.0625,12.625,7.0,12.9375],"rotation":0,"texture":"#0","tintindex":0}}},{"from":[5.9125557,4.590499,5.7153764],"to":[6.5968947,9.796515,9.613931],"rotation":{"angle":22.5,"axis":"x","origin":[6.254725,7.193507,7.6646533]},"faces":{"east":{"uv":[1.875,10.5,2.1875,10.875],"rotation":0,"texture":"#0","tintindex":0},"south":{"uv":[6.75,12.5,6.8125,12.875],"rotation":0,"texture":"#0","tintindex":0},"north":{"uv":[6.625,12.5,6.6875,12.875],"rotation":0,"texture":"#0","tintindex":0},"west":{"uv":[10.5,2.0,10.8125,2.375],"rotation":0,"texture":"#0","tintindex":0},"up":{"uv":[12.6875,6.8125,12.625,6.5],"rotation":0,"texture":"#0","tintindex":0},"down":{"uv":[6.9375,12.625,6.875,12.9375],"rotation":0,"texture":"#0","tintindex":0}}},{"from":[7.9821067,0.7639642,13.800677],"to":[7.9821067,22.364733,19.560883],"rotation":{"angle":22.5,"axis":"x","origin":[7.9821067,11.564348,16.680779]},"faces":{"east":{"uv":[15.0,0.5,15.5,2.375],"rotation":0,"texture":"#0","tintindex":0},"south":{"uv":[16.0,0.5,16.0,2.375],"rotation":0,"texture":"#0","tintindex":0},"north":{"uv":[15.5,0.5,15.5,2.375],"rotation":0,"texture":"#0","tintindex":0},"west":{"uv":[15.5,0.5,16.0,2.375],"rotation":0,"texture":"#0","tintindex":0},"up":{"uv":[15.5,0.5,15.5,0.0],"rotation":0,"texture":"#0","tintindex":0},"down":{"uv":[15.5,0.0,15.5,0.5],"rotation":0,"texture":"#0","tintindex":0}}}],"display":{"head":{"translation":[0.0,-6.4,0.0],"scale":[4.0,4.0,4.0]}}}