{"textures":{"0":"minecraft:modelengine/entity/claw_tier3"},"elements":[{"from":[4.0132065,1.435873,-0.93979454],"to":[11.9867935,8.909025,16.956945],"rotation":{"angle":0.0,"axis":"y","origin":[8.0,5.172449,8.008575]},"faces":{"east":{"uv":[5.0,7.125,5.9375,7.5],"rotation":0,"texture":"#0","tintindex":0},"south":{"uv":[9.5,1.875,9.9375,2.25],"rotation":0,"texture":"#0","tintindex":0},"north":{"uv":[9.5,0.625,9.9375,1.0],"rotation":0,"texture":"#0","tintindex":0},"west":{"uv":[7.25,1.5,8.1875,1.875],"rotation":0,"texture":"#0","tintindex":0},"up":{"uv":[1.6875,7.5625,1.25,6.625],"rotation":0,"texture":"#0","tintindex":0},"down":{"uv":[2.1875,6.625,1.75,7.5625],"rotation":0,"texture":"#0","tintindex":0}}},{"from":[4.2267256,0.5462885,15.293492],"to":[11.773274,7.378885,24.649487],"rotation":{"angle":22.5,"axis":"x","origin":[8.0,3.9625864,19.971489]},"faces":{"east":{"uv":[5.5,9.25,6.0,9.625],"rotation":0,"texture":"#0","tintindex":0},"south":{"uv":[9.875,3.375,10.25,3.75],"rotation":0,"texture":"#0","tintindex":0},"north":{"uv":[8.5,3.375,8.875,3.75],"rotation":0,"texture":"#0","tintindex":0},"west":{"uv":[9.25,5.625,9.75,6.0],"rotation":0,"texture":"#0","tintindex":0},"up":{"uv":[6.375,9.75,6.0,9.25],"rotation":0,"texture":"#0","tintindex":0},"down":{"uv":[9.625,7.75,9.25,8.25],"rotation":0,"texture":"#0","tintindex":0}}},{"from":[4.2267256,0.5462885,-8.632336],"to":[11.773274,7.378885,0.7236576],"rotation":{"angle":-22.5,"axis":"x","origin":[8.0,3.9625864,-3.95434]},"faces":{"east":{"uv":[9.25,9.0,9.75,9.375],"rotation":0,"texture":"#0","tintindex":0},"south":{"uv":[10.0,5.875,10.375,6.25],"rotation":0,"texture":"#0","tintindex":0},"north":{"uv":[9.875,6.875,10.25,7.25],"rotation":0,"texture":"#0","tintindex":0},"west":{"uv":[9.375,1.25,9.875,1.625],"rotation":0,"texture":"#0","tintindex":0},"up":{"uv":[2.375,9.875,2.0,9.375],"rotation":0,"texture":"#0","tintindex":0},"down":{"uv":[2.75,9.375,2.375,9.875],"rotation":0,"texture":"#0","tintindex":0}}},{"from":[4.4402437,-3.991785,-13.444252],"to":[11.559756,4.2966166,-7.0920734],"rotation":{"angle":45.0,"axis":"x","origin":[8.0,0.15241575,-10.268164]},"faces":{"east":{"uv":[3.0,10.25,3.3125,10.6875],"rotation":0,"texture":"#0","tintindex":0},"south":{"uv":[7.5,9.5,7.875,9.9375],"rotation":0,"texture":"#0","tintindex":0},"north":{"uv":[7.125,9.5,7.5,9.9375],"rotation":0,"texture":"#0","tintindex":0},"west":{"uv":[10.25,3.125,10.5625,3.5625],"rotation":0,"texture":"#0","tintindex":0},"up":{"uv":[7.0,10.6875,6.625,10.375],"rotation":0,"texture":"#0","tintindex":0},"down":{"uv":[10.75,9.625,10.375,9.9375],"rotation":0,"texture":"#0","tintindex":0}}},{"from":[3.4794102,0.36827993,3.3305783],"to":[12.52059,18.517365,12.686572],"rotation":{"angle":0.0,"axis":"y","origin":[8.0,9.442822,8.008575]},"faces":{"east":{"uv":[3.75,6.5,4.25,7.4375],"rotation":0,"texture":"#0","tintindex":0},"south":{"uv":[4.25,6.5,4.75,7.4375],"rotation":0,"texture":"#0","tintindex":0},"north":{"uv":[6.5,2.5,7.0,3.4375],"rotation":0,"texture":"#0","tintindex":0},"west":{"uv":[6.25,6.5,6.75,7.4375],"rotation":0,"texture":"#0","tintindex":0},"up":{"uv":[9.5,7.375,9.0,6.875],"rotation":0,"texture":"#0","tintindex":0},"down":{"uv":[7.75,9.0,7.25,9.5],"rotation":0,"texture":"#0","tintindex":0}}},{"from":[2.9456139,16.27542,2.2629848],"to":[13.054386,23.321533,13.754166],"rotation":{"angle":0.0,"axis":"y","origin":[8.0,19.798477,8.008575]},"faces":{"east":{"uv":[8.375,6.875,9.0,7.25],"rotation":0,"texture":"#0","tintindex":0},"south":{"uv":[9.375,3.375,9.875,3.75],"rotation":0,"texture":"#0","tintindex":0},"north":{"uv":[3.375,9.375,3.875,9.75],"rotation":0,"texture":"#0","tintindex":0},"west":{"uv":[8.875,5.25,9.5,5.625],"rotation":0,"texture":"#0","tintindex":0},"up":{"uv":[1.25,8.0,0.75,7.375],"rotation":0,"texture":"#0","tintindex":0},"down":{"uv":[4.75,7.5,4.25,8.125],"rotation":0,"texture":"#0","tintindex":0}}},{"from":[2.9989934,21.849232,7.201332],"to":[13.001007,24.624973,13.461306],"rotation":{"angle":22.5,"axis":"x","origin":[8.0,23.237103,10.331319]},"faces":{"east":{"uv":[12.0,6.875,12.3125,7.0],"rotation":0,"texture":"#0","tintindex":0},"south":{"uv":[7.25,5.625,7.75,5.75],"rotation":0,"texture":"#0","tintindex":0},"north":{"uv":[5.0,6.25,5.5,6.375],"rotation":0,"texture":"#0","tintindex":0},"west":{"uv":[12.0,7.0,12.3125,7.125],"rotation":0,"texture":"#0","tintindex":0},"up":{"uv":[10.0,3.0625,9.5,2.75],"rotation":0,"texture":"#0","tintindex":0},"down":{"uv":[10.0,5.25,9.5,5.5625],"rotation":0,"texture":"#0","tintindex":0}}},{"from":[2.9989934,21.839018,2.5578756],"to":[13.001007,24.61476,8.76447],"rotation":{"angle":-22.5,"axis":"x","origin":[8.0,23.226889,5.661173]},"faces":{"east":{"uv":[12.0,7.125,12.3125,7.25],"rotation":0,"texture":"#0","tintindex":0},"south":{"uv":[10.0,8.75,10.5,8.875],"rotation":0,"texture":"#0","tintindex":0},"north":{"uv":[7.75,5.625,8.25,5.75],"rotation":0,"texture":"#0","tintindex":0},"west":{"uv":[12.0,7.25,12.3125,7.375],"rotation":0,"texture":"#0","tintindex":0},"up":{"uv":[8.375,9.8125,7.875,9.5],"rotation":0,"texture":"#0","tintindex":0},"down":{"uv":[10.0,8.25,9.5,8.5625],"rotation":0,"texture":"#0","tintindex":0}}},{"from":[3.6929288,-2.262021,-12.97006],"to":[12.307072,1.1542768,-9.59259],"rotation":{"angle":-45.0,"axis":"x","origin":[8.0,-0.5538721,-11.281324]},"faces":{"east":{"uv":[4.4375,12.0,4.25,12.1875],"rotation":0,"texture":"#0","tintindex":0},"south":{"uv":[0.4375,11.125,0.0,11.3125],"rotation":0,"texture":"#0","tintindex":0},"north":{"uv":[0.9375,11.125,0.5,11.3125],"rotation":0,"texture":"#0","tintindex":0},"west":{"uv":[4.4375,12.25,4.25,12.4375],"rotation":0,"texture":"#0","tintindex":0},"up":{"uv":[1.4375,11.125,1.0,11.3125],"rotation":0,"texture":"#0","tintindex":0},"down":{"uv":[1.9375,11.3125,1.5,11.125],"rotation":0,"texture":"#0","tintindex":0}}},{"from":[3.6929288,-2.262021,25.540073],"to":[12.307072,1.1542768,28.917545],"rotation":{"angle":45.0,"axis":"x","origin":[8.0,-0.5538721,27.22881]},"faces":{"east":{"uv":[4.25,12.0,4.4375,12.1875],"rotation":0,"texture":"#0","tintindex":0},"south":{"uv":[0.5,11.125,0.9375,11.3125],"rotation":0,"texture":"#0","tintindex":0},"north":{"uv":[0.0,11.125,0.4375,11.3125],"rotation":0,"texture":"#0","tintindex":0},"west":{"uv":[4.25,12.25,4.4375,12.4375],"rotation":0,"texture":"#0","tintindex":0},"up":{"uv":[1.4375,11.3125,1.0,11.125],"rotation":0,"texture":"#0","tintindex":0},"down":{"uv":[1.9375,11.125,1.5,11.3125],"rotation":0,"texture":"#0","tintindex":0}}},{"from":[4.4402437,-3.023673,22.141113],"to":[11.559756,3.3285055,30.429514],"rotation":{"angle":45.0,"axis":"x","origin":[8.0,0.15241575,26.285313]},"faces":{"east":{"uv":[10.0,8.375,10.4375,8.6875],"rotation":0,"texture":"#0","tintindex":0},"south":{"uv":[10.375,6.5,10.75,6.8125],"rotation":0,"texture":"#0","tintindex":0},"north":{"uv":[10.375,6.125,10.75,6.4375],"rotation":0,"texture":"#0","tintindex":0},"west":{"uv":[10.125,1.25,10.5625,1.5625],"rotation":0,"texture":"#0","tintindex":0},"up":{"uv":[9.875,2.6875,9.5,2.25],"rotation":0,"texture":"#0","tintindex":0},"down":{"uv":[9.875,6.875,9.5,7.3125],"rotation":0,"texture":"#0","tintindex":0}}}],"display":{"head":{"translation":[0.0,-6.4,0.0],"scale":[4.0,4.0,4.0]}}}