{"textures":{"3":"minecraft:modelengine/entity/easter_egg2"},"elements":[{"from":[5.714286,5.142857,5.714286],"to":[9.714286,9.714286,9.714286],"rotation":{"angle":0.0,"axis":"y","origin":[8.0,-13.1428585,6.857143]},"faces":{"east":{"uv":[3.5,0.0,7.0,4.0],"rotation":0,"texture":"#3","tintindex":0},"south":{"uv":[0.0,4.0,3.5,8.0],"rotation":0,"texture":"#3","tintindex":0},"north":{"uv":[0.0,0.0,3.5,4.0],"rotation":0,"texture":"#3","tintindex":0},"west":{"uv":[3.5,4.0,7.0,8.0],"rotation":0,"texture":"#3","tintindex":0},"up":{"uv":[10.5,3.5,7.0,0.0],"rotation":0,"texture":"#3","tintindex":0},"down":{"uv":[10.5,3.5,7.0,7.0],"rotation":0,"texture":"#3","tintindex":0}}},{"from":[6.285714,5.5714283,9.714286],"to":[9.142858,8.571428,10.285714],"rotation":{"angle":0.0,"axis":"y","origin":[8.0,-13.1428585,6.857143]},"faces":{"east":{"uv":[5.0,12.0,5.5,14.5],"rotation":0,"texture":"#3","tintindex":0},"south":{"uv":[0.0,8.0,2.5,10.5],"rotation":0,"texture":"#3","tintindex":0},"north":{"uv":[7.0,7.0,9.5,9.5],"rotation":0,"texture":"#3","tintindex":0},"west":{"uv":[5.5,12.0,6.0,14.5],"rotation":0,"texture":"#3","tintindex":0},"up":{"uv":[13.0,7.0,10.5,6.5],"rotation":0,"texture":"#3","tintindex":0},"down":{"uv":[8.5,12.0,6.0,12.5],"rotation":0,"texture":"#3","tintindex":0}}},{"from":[6.285714,5.5714283,5.142857],"to":[9.142858,8.571428,5.714286],"rotation":{"angle":0.0,"axis":"y","origin":[8.0,-13.1428585,6.857143]},"faces":{"east":{"uv":[12.0,7.0,12.5,9.5],"rotation":0,"texture":"#3","tintindex":0},"south":{"uv":[5.0,9.5,7.5,12.0],"rotation":0,"texture":"#3","tintindex":0},"north":{"uv":[2.5,8.0,5.0,10.5],"rotation":0,"texture":"#3","tintindex":0},"west":{"uv":[8.5,12.0,9.0,14.5],"rotation":0,"texture":"#3","tintindex":0},"up":{"uv":[11.5,12.5,9.0,12.0],"rotation":0,"texture":"#3","tintindex":0},"down":{"uv":[14.0,12.0,11.5,12.5],"rotation":0,"texture":"#3","tintindex":0}}},{"from":[9.714286,5.5714283,6.285714],"to":[10.285714,8.571428,9.142858],"rotation":{"angle":0.0,"axis":"y","origin":[7.0,-13.1428585,5.8571424]},"faces":{"east":{"uv":[9.5,7.0,12.0,9.5],"rotation":0,"texture":"#3","tintindex":0},"south":{"uv":[6.5,12.5,7.0,15.0],"rotation":0,"texture":"#3","tintindex":0},"north":{"uv":[6.0,12.5,6.5,15.0],"rotation":0,"texture":"#3","tintindex":0},"west":{"uv":[7.5,9.5,10.0,12.0],"rotation":0,"texture":"#3","tintindex":0},"up":{"uv":[7.5,15.0,7.0,12.5],"rotation":0,"texture":"#3","tintindex":0},"down":{"uv":[13.0,7.0,12.5,9.5],"rotation":0,"texture":"#3","tintindex":0}}},{"from":[5.142857,5.5714283,6.285714],"to":[5.714286,8.571428,9.142858],"rotation":{"angle":0.0,"axis":"y","origin":[9.0,-13.1428585,5.8571424]},"faces":{"east":{"uv":[10.0,9.5,12.5,12.0],"rotation":0,"texture":"#3","tintindex":0},"south":{"uv":[8.0,12.5,8.5,15.0],"rotation":0,"texture":"#3","tintindex":0},"north":{"uv":[7.5,12.5,8.0,15.0],"rotation":0,"texture":"#3","tintindex":0},"west":{"uv":[0.0,10.5,2.5,13.0],"rotation":0,"texture":"#3","tintindex":0},"up":{"uv":[9.5,15.0,9.0,12.5],"rotation":0,"texture":"#3","tintindex":0},"down":{"uv":[10.0,12.5,9.5,15.0],"rotation":0,"texture":"#3","tintindex":0}}},{"from":[6.285714,9.714286,6.285714],"to":[9.142858,10.857143,9.142858],"rotation":{"angle":0.0,"axis":"y","origin":[8.0,-13.1428585,6.857143]},"faces":{"east":{"uv":[10.5,3.5,13.0,4.5],"rotation":0,"texture":"#3","tintindex":0},"south":{"uv":[10.5,4.5,13.0,5.5],"rotation":0,"texture":"#3","tintindex":0},"north":{"uv":[10.5,2.5,13.0,3.5],"rotation":0,"texture":"#3","tintindex":0},"west":{"uv":[10.5,5.5,13.0,6.5],"rotation":0,"texture":"#3","tintindex":0},"up":{"uv":[13.0,2.5,10.5,0.0],"rotation":0,"texture":"#3","tintindex":0},"down":{"uv":[5.0,10.5,2.5,13.0],"rotation":0,"texture":"#3","tintindex":0}}}],"display":{"head":{"translation":[0.0,-6.4,0.0],"scale":[4.0,4.0,4.0]}}}