{"textures":{"0":"minecraft:modelengine/entity/toro_rabbit"},"elements":[{"from":[-0.4285717,7.285714,4.285714],"to":[14.428572,17.57143,13.200001],"rotation":{"angle":22.5,"axis":"x","origin":[7.5714283,-5.1428576,2.8571424]},"faces":{"east":{"uv":[7.75,0.0,8.75,1.125],"rotation":0,"texture":"#0","tintindex":0},"south":{"uv":[5.0625,2.25,6.6875,3.375],"rotation":0,"texture":"#0","tintindex":0},"north":{"uv":[5.0625,1.125,6.6875,2.25],"rotation":0,"texture":"#0","tintindex":0},"west":{"uv":[0.0,7.9375,1.0,9.0625],"rotation":0,"texture":"#0","tintindex":0},"up":{"uv":[5.875,6.875,4.25,5.875],"rotation":0,"texture":"#0","tintindex":0},"down":{"uv":[7.5,5.875,5.875,6.875],"rotation":0,"texture":"#0","tintindex":0}}},{"from":[0.7142854,3.0,10.428572],"to":[13.285715,11.571428,22.2],"rotation":{"angle":0.0,"axis":"y","origin":[7.428571,-5.1428576,2.8571424]},"faces":{"east":{"uv":[7.125,3.4375,8.4375,4.375],"rotation":0,"texture":"#0","tintindex":0},"south":{"uv":[7.125,2.5,8.5,3.4375],"rotation":0,"texture":"#0","tintindex":0},"north":{"uv":[2.125,7.0,3.5,7.9375],"rotation":0,"texture":"#0","tintindex":0},"west":{"uv":[7.5,4.375,8.8125,5.3125],"rotation":0,"texture":"#0","tintindex":0},"up":{"uv":[1.375,6.5625,0.0,5.25],"rotation":0,"texture":"#0","tintindex":0},"down":{"uv":[2.75,5.25,1.375,6.5625],"rotation":0,"texture":"#0","tintindex":0}}},{"from":[-1.8571434,6.142857,2.142857],"to":[15.857143,16.428572,13.342857],"rotation":{"angle":0.0,"axis":"y","origin":[7.285714,-5.1428576,2.8571424]},"faces":{"east":{"uv":[5.5,6.875,6.75,8.0],"rotation":0,"texture":"#0","tintindex":0},"south":{"uv":[1.9375,3.0,3.875,4.125],"rotation":0,"texture":"#0","tintindex":0},"north":{"uv":[0.0,3.0,1.9375,4.125],"rotation":0,"texture":"#0","tintindex":0},"west":{"uv":[6.75,6.875,8.0,8.0],"rotation":0,"texture":"#0","tintindex":0},"up":{"uv":[1.9375,3.0,0.0,1.75],"rotation":0,"texture":"#0","tintindex":0},"down":{"uv":[3.875,1.75,1.9375,3.0],"rotation":0,"texture":"#0","tintindex":0}}},{"from":[1.9201679,6.142857,-2.5714293],"to":[12.920168,12.857143,3.628571],"rotation":{"angle":0.0,"axis":"y","origin":[7.634454,-5.1428576,2.8571424]},"faces":{"east":{"uv":[10.5,3.8125,11.1875,4.5625],"rotation":0,"texture":"#0","tintindex":0},"south":{"uv":[4.625,8.0,5.8125,8.75],"rotation":0,"texture":"#0","tintindex":0},"north":{"uv":[3.4375,8.0,4.625,8.75],"rotation":0,"texture":"#0","tintindex":0},"west":{"uv":[3.4375,10.8125,4.125,11.5625],"rotation":0,"texture":"#0","tintindex":0},"up":{"uv":[7.9375,8.6875,6.75,8.0],"rotation":0,"texture":"#0","tintindex":0},"down":{"uv":[9.1875,7.625,8.0,8.3125],"rotation":0,"texture":"#0","tintindex":0}}},{"from":[1.4999995,0.9999995,-3.1428576],"to":[12.5,7.285714,12.628572],"rotation":{"angle":22.5,"axis":"x","origin":[7.5,-5.1428576,2.8571424]},"faces":{"east":{"uv":[7.5,5.3125,9.25,6.0],"rotation":0,"texture":"#0","tintindex":0},"south":{"uv":[8.4375,3.4375,9.625,4.125],"rotation":0,"texture":"#0","tintindex":0},"north":{"uv":[7.9375,8.3125,9.125,9.0],"rotation":0,"texture":"#0","tintindex":0},"west":{"uv":[7.5,6.0,9.25,6.6875],"rotation":0,"texture":"#0","tintindex":0},"up":{"uv":[4.5625,1.75,3.375,0.0],"rotation":0,"texture":"#0","tintindex":0},"down":{"uv":[5.0625,1.75,3.875,3.5],"rotation":0,"texture":"#0","tintindex":0}}}],"display":{"head":{"translation":[0.0,-6.4,0.0],"scale":[4.0,4.0,4.0]}}}