{"textures":{"0":"minecraft:modelengine/entity/toro_rabbit"},"elements":[{"from":[4.9071426,-0.8571434,3.9142857],"to":[9.15,9.828571,9.477143],"rotation":{"angle":22.5,"axis":"x","origin":[6.4785714,7.3142858,6.428571]},"faces":{"east":{"uv":[8.625,9.0,9.25,10.1875],"rotation":0,"texture":"#0","tintindex":0},"south":{"uv":[3.0,10.5625,3.4375,11.75],"rotation":0,"texture":"#0","tintindex":0},"north":{"uv":[2.5625,10.5625,3.0,11.75],"rotation":0,"texture":"#0","tintindex":0},"west":{"uv":[0.0,9.0625,0.625,10.25],"rotation":0,"texture":"#0","tintindex":0},"up":{"uv":[5.0,1.75,4.5625,1.125],"rotation":0,"texture":"#0","tintindex":0},"down":{"uv":[12.0625,4.9375,11.625,5.5625],"rotation":0,"texture":"#0","tintindex":0}}},{"from":[4.1214285,0.7142854,5.485714],"to":[9.464286,11.4,10.105715],"rotation":{"angle":22.5,"axis":"x","origin":[6.4785714,7.3142858,6.428571]},"faces":{"east":{"uv":[5.1875,10.125,5.6875,11.3125],"rotation":0,"texture":"#0","tintindex":0},"south":{"uv":[1.8125,9.25,2.375,10.4375],"rotation":0,"texture":"#0","tintindex":0},"north":{"uv":[1.25,9.25,1.8125,10.4375],"rotation":0,"texture":"#0","tintindex":0},"west":{"uv":[10.375,1.375,10.875,2.5625],"rotation":0,"texture":"#0","tintindex":0},"up":{"uv":[9.8125,6.6875,9.25,6.1875],"rotation":0,"texture":"#0","tintindex":0},"down":{"uv":[2.5,11.5625,1.9375,12.0625],"rotation":0,"texture":"#0","tintindex":0}}}],"display":{"head":{"translation":[0.0,-6.4,0.0],"scale":[4.0,4.0,4.0]}}}