{"textures":{"0":"minecraft:modelengine/entity/toro_rabbit"},"elements":[{"from":[5.8487396,4.428571,8.142858],"to":[10.420168,8.428572,18.428572],"rotation":{"angle":22.5,"axis":"x","origin":[10.420168,12.0,11.714286]},"faces":{"east":{"uv":[10.8125,10.5,11.9375,10.9375],"rotation":0,"texture":"#0","tintindex":0},"south":{"uv":[2.75,11.75,3.25,12.1875],"rotation":0,"texture":"#0","tintindex":0},"north":{"uv":[2.125,6.5625,2.625,7.0],"rotation":0,"texture":"#0","tintindex":0},"west":{"uv":[10.875,1.375,12.0,1.8125],"rotation":0,"texture":"#0","tintindex":0},"up":{"uv":[1.0625,11.5625,0.5625,10.4375],"rotation":0,"texture":"#0","tintindex":0},"down":{"uv":[1.5625,10.4375,1.0625,11.5625],"rotation":0,"texture":"#0","tintindex":0}}},{"from":[4.705882,6.714286,10.142858],"to":[9.277311,10.714286,17.142857],"rotation":{"angle":45.0,"axis":"x","origin":[10.420168,12.0,11.714286]},"faces":{"east":{"uv":[0.4375,11.5625,1.1875,12.0],"rotation":0,"texture":"#0","tintindex":0},"south":{"uv":[11.875,5.9375,12.375,6.375],"rotation":0,"texture":"#0","tintindex":0},"north":{"uv":[9.875,11.75,10.375,12.1875],"rotation":0,"texture":"#0","tintindex":0},"west":{"uv":[1.1875,11.5625,1.9375,12.0],"rotation":0,"texture":"#0","tintindex":0},"up":{"uv":[11.6875,4.5625,11.1875,3.8125],"rotation":0,"texture":"#0","tintindex":0},"down":{"uv":[5.375,11.3125,4.875,12.0625],"rotation":0,"texture":"#0","tintindex":0}}}],"display":{"head":{"translation":[0.0,-6.4,0.0],"scale":[4.0,4.0,4.0]}}}