{"textures":{"0":"minecraft:modelengine/entity/toro_rabbit"},"elements":[{"from":[5.392857,8.3,-2.6257143],"to":[9.478572,11.757143,8.751429],"rotation":{"angle":-22.5,"axis":"x","origin":[6.0214286,14.742857,11.674286]},"faces":{"east":{"uv":[10.875,2.6875,12.125,3.0625],"rotation":0,"texture":"#0","tintindex":0},"south":{"uv":[3.6875,12.0625,4.125,12.4375],"rotation":0,"texture":"#0","tintindex":0},"north":{"uv":[3.25,12.0625,3.6875,12.4375],"rotation":0,"texture":"#0","tintindex":0},"west":{"uv":[10.875,3.0625,12.125,3.4375],"rotation":0,"texture":"#0","tintindex":0},"up":{"uv":[10.875,3.8125,10.4375,2.5625],"rotation":0,"texture":"#0","tintindex":0},"down":{"uv":[10.9375,5.9375,10.5,7.1875],"rotation":0,"texture":"#0","tintindex":0}}},{"from":[5.707143,3.4285712,-2.782858],"to":[9.321428,6.885714,4.98],"rotation":{"angle":0.0,"axis":"y","origin":[6.0214286,14.742857,11.674286]},"faces":{"east":{"uv":[11.125,0.8125,12.0,1.1875],"rotation":0,"texture":"#0","tintindex":0},"south":{"uv":[9.25,12.0,9.625,12.375],"rotation":0,"texture":"#0","tintindex":0},"north":{"uv":[7.375,9.5,7.75,9.875],"rotation":0,"texture":"#0","tintindex":0},"west":{"uv":[11.5,5.5625,12.375,5.9375],"rotation":0,"texture":"#0","tintindex":0},"up":{"uv":[11.875,6.8125,11.5,5.9375],"rotation":0,"texture":"#0","tintindex":0},"down":{"uv":[8.125,11.5,7.75,12.375],"rotation":0,"texture":"#0","tintindex":0}}}],"display":{"head":{"translation":[0.0,-6.4,0.0],"scale":[4.0,4.0,4.0]}}}