{"textures":{"0":"minecraft:modelengine/entity/toro_rabbit"},"elements":[{"from":[5.1114283,4.3999996,7.0857143],"to":[9.362857,12.4,9.6],"rotation":{"angle":0.0,"axis":"y","origin":[9.911428,-6.5714293,17.6]},"faces":{"east":{"uv":[10.5,7.1875,10.75,8.0625],"rotation":0,"texture":"#0","tintindex":0},"south":{"uv":[6.6875,2.5,7.125,3.375],"rotation":0,"texture":"#0","tintindex":0},"north":{"uv":[6.25,0.0,6.6875,0.875],"rotation":0,"texture":"#0","tintindex":0},"west":{"uv":[5.375,11.3125,5.625,12.1875],"rotation":0,"texture":"#0","tintindex":0},"up":{"uv":[6.6875,1.125,6.25,0.875],"rotation":0,"texture":"#0","tintindex":0},"down":{"uv":[12.0625,9.3125,11.625,9.5625],"rotation":0,"texture":"#0","tintindex":0}}},{"from":[6.002857,12.4,7.0857143],"to":[9.18,17.085714,9.028571],"rotation":{"angle":0.0,"axis":"y","origin":[9.911428,-6.5714293,17.6]},"faces":{"east":{"uv":[6.5625,8.9375,6.75,9.4375],"rotation":0,"texture":"#0","tintindex":0},"south":{"uv":[6.1875,9.8125,6.5625,10.3125],"rotation":0,"texture":"#0","tintindex":0},"north":{"uv":[3.4375,4.125,3.8125,4.625],"rotation":0,"texture":"#0","tintindex":0},"west":{"uv":[9.8125,8.0625,10.0,8.5625],"rotation":0,"texture":"#0","tintindex":0},"up":{"uv":[7.875,6.875,7.5,6.6875],"rotation":0,"texture":"#0","tintindex":0},"down":{"uv":[8.8125,4.125,8.4375,4.3125],"rotation":0,"texture":"#0","tintindex":0}}},{"from":[6.917143,16.971428,7.2],"to":[8.951428,19.257145,8.571428],"rotation":{"angle":0.0,"axis":"y","origin":[9.911428,-6.5714293,17.6]},"faces":{"east":{"uv":[3.3125,5.25,3.4375,5.5],"rotation":0,"texture":"#0","tintindex":0},"south":{"uv":[11.625,0.5,11.875,0.75],"rotation":0,"texture":"#0","tintindex":0},"north":{"uv":[10.5,4.5625,10.75,4.8125],"rotation":0,"texture":"#0","tintindex":0},"west":{"uv":[3.3125,5.5,3.4375,5.75],"rotation":0,"texture":"#0","tintindex":0},"up":{"uv":[5.3125,3.5,5.0625,3.375],"rotation":0,"texture":"#0","tintindex":0},"down":{"uv":[5.5625,3.375,5.3125,3.5],"rotation":0,"texture":"#0","tintindex":0}}}],"display":{"head":{"translation":[0.0,-6.4,0.0],"scale":[4.0,4.0,4.0]}}}