{"textures":{"0":"minecraft:modelengine/entity/toro_rabbit"},"elements":[{"from":[6.420168,5.859636,3.5042157],"to":[10.134454,8.859636,8.932788],"rotation":{"angle":0.0,"axis":"y","origin":[10.420168,16.760277,4.571254]},"faces":{"east":{"uv":[8.0625,9.875,8.625,10.1875],"rotation":0,"texture":"#0","tintindex":0},"south":{"uv":[9.75,1.3125,10.1875,1.625],"rotation":0,"texture":"#0","tintindex":0},"north":{"uv":[8.8125,5.0,9.25,5.3125],"rotation":0,"texture":"#0","tintindex":0},"west":{"uv":[11.25,12.0,11.8125,12.3125],"rotation":0,"texture":"#0","tintindex":0},"up":{"uv":[12.125,7.375,11.6875,6.8125],"rotation":0,"texture":"#0","tintindex":0},"down":{"uv":[12.125,7.375,11.6875,7.9375],"rotation":0,"texture":"#0","tintindex":0}}},{"from":[6.705882,5.9031334,2.7141113],"to":[9.991596,9.474562,7.9998255],"rotation":{"angle":22.5,"axis":"x","origin":[10.420168,16.760277,4.571254]},"faces":{"east":{"uv":[11.9375,11.1875,12.5,11.5625],"rotation":0,"texture":"#0","tintindex":0},"south":{"uv":[12.0625,8.5,12.4375,8.875],"rotation":0,"texture":"#0","tintindex":0},"north":{"uv":[7.1875,12.0625,7.5625,12.4375],"rotation":0,"texture":"#0","tintindex":0},"west":{"uv":[0.4375,12.0,1.0,12.375],"rotation":0,"texture":"#0","tintindex":0},"up":{"uv":[10.75,12.3125,10.375,11.75],"rotation":0,"texture":"#0","tintindex":0},"down":{"uv":[12.375,0.5,12.0,1.0625],"rotation":0,"texture":"#0","tintindex":0}}}],"display":{"head":{"translation":[0.0,-6.4,0.0],"scale":[4.0,4.0,4.0]}}}