{"textures":{"1":"minecraft:modelengine/entity/rabbit_nest"},"elements":[{"from":[2.2857141,7.428571,2.8571424],"to":[13.714286,8.571428,14.857143],"rotation":{"angle":0.0,"axis":"y","origin":[8.571428,8.0,5.142857]},"faces":{"east":{"uv":[10.0,3.0,15.25,3.5],"rotation":0,"texture":"#1","tintindex":0},"south":{"uv":[10.0,4.5,15.0,5.0],"rotation":0,"texture":"#1","tintindex":0},"north":{"uv":[10.0,4.0,15.0,4.5],"rotation":0,"texture":"#1","tintindex":0},"west":{"uv":[10.0,3.5,15.25,4.0],"rotation":0,"texture":"#1","tintindex":0},"up":{"uv":[5.0,5.25,0.0,0.0],"rotation":0,"texture":"#1","tintindex":0},"down":{"uv":[10.0,0.0,5.0,5.25],"rotation":0,"texture":"#1","tintindex":0}}},{"from":[1.7142854,8.571428,2.8571424],"to":[2.8571424,12.571428,14.857143],"rotation":{"angle":0.0,"axis":"y","origin":[8.571428,8.0,5.142857]},"faces":{"east":{"uv":[0.0,5.25,5.25,7.0],"rotation":0,"texture":"#1","tintindex":0},"south":{"uv":[7.0,10.25,7.5,12.0],"rotation":0,"texture":"#1","tintindex":0},"north":{"uv":[6.5,10.25,7.0,12.0],"rotation":0,"texture":"#1","tintindex":0},"west":{"uv":[5.25,5.25,10.5,7.0],"rotation":0,"texture":"#1","tintindex":0},"up":{"uv":[10.5,14.0,10.0,8.75],"rotation":0,"texture":"#1","tintindex":0},"down":{"uv":[0.5,10.25,0.0,15.5],"rotation":0,"texture":"#1","tintindex":0}}},{"from":[2.142857,8.571428,2.4285712],"to":[13.857143,12.142858,3.5714283],"rotation":{"angle":0.0,"axis":"y","origin":[11.714286,8.0,4.714286]},"faces":{"east":{"uv":[6.5,10.25,7.0,12.0],"rotation":0,"texture":"#1","tintindex":0},"south":{"uv":[0.0,5.25,5.25,7.0],"rotation":0,"texture":"#1","tintindex":0},"north":{"uv":[5.25,5.25,10.5,7.0],"rotation":0,"texture":"#1","tintindex":0},"west":{"uv":[7.0,10.25,7.5,12.0],"rotation":0,"texture":"#1","tintindex":0},"up":{"uv":[10.5,14.0,10.0,8.75],"rotation":90,"texture":"#1","tintindex":0},"down":{"uv":[0.5,10.25,0.0,15.5],"rotation":270,"texture":"#1","tintindex":0}}},{"from":[2.142857,8.571428,14.0],"to":[13.857143,12.142858,15.142858],"rotation":{"angle":0.0,"axis":"y","origin":[11.714286,8.0,3.5714283]},"faces":{"east":{"uv":[7.0,10.25,6.5,12.0],"rotation":0,"texture":"#1","tintindex":0},"south":{"uv":[10.5,5.25,5.25,7.0],"rotation":0,"texture":"#1","tintindex":0},"north":{"uv":[5.25,5.25,0.0,7.0],"rotation":0,"texture":"#1","tintindex":0},"west":{"uv":[7.5,10.25,7.0,12.0],"rotation":0,"texture":"#1","tintindex":0},"up":{"uv":[10.0,14.0,10.5,8.75],"rotation":90,"texture":"#1","tintindex":0},"down":{"uv":[0.0,10.25,0.5,15.5],"rotation":270,"texture":"#1","tintindex":0}}},{"from":[13.142858,8.571428,2.8571424],"to":[14.285715,12.571428,14.857143],"rotation":{"angle":0.0,"axis":"y","origin":[7.428571,8.0,5.142857]},"faces":{"east":{"uv":[0.0,7.0,5.25,8.75],"rotation":0,"texture":"#1","tintindex":0},"south":{"uv":[8.0,10.25,8.5,12.0],"rotation":0,"texture":"#1","tintindex":0},"north":{"uv":[7.5,10.25,8.0,12.0],"rotation":0,"texture":"#1","tintindex":0},"west":{"uv":[5.25,7.0,10.5,8.75],"rotation":0,"texture":"#1","tintindex":0},"up":{"uv":[1.0,15.5,0.5,10.25],"rotation":0,"texture":"#1","tintindex":0},"down":{"uv":[1.5,10.25,1.0,15.5],"rotation":0,"texture":"#1","tintindex":0}}}],"display":{"head":{"translation":[0.0,-6.4,0.0],"scale":[4.0,4.0,4.0]}}}