{"textures":{"0":"minecraft:modelengine/entity/tier3_beacon"},"elements":[{"from":[1.0285711,-6.3105145,1.0285711],"to":[5.8285713,-5.510515,5.8285713],"rotation":{"angle":0.0,"axis":"y","origin":[3.4285712,-5.910515,3.4285712]},"faces":{"east":{"uv":[9.25,9.0,11.375,9.375],"rotation":0,"texture":"#0","tintindex":0},"south":{"uv":[3.75,9.5,5.875,9.875],"rotation":0,"texture":"#0","tintindex":0},"north":{"uv":[9.25,8.5,11.375,8.875],"rotation":0,"texture":"#0","tintindex":0},"west":{"uv":[9.5,4.0,11.625,4.375],"rotation":0,"texture":"#0","tintindex":0},"up":{"uv":[2.125,2.125,0.0,0.0],"rotation":0,"texture":"#0","tintindex":0},"down":{"uv":[2.125,2.25,0.0,4.375],"rotation":0,"texture":"#0","tintindex":0}}},{"from":[1.2285709,-5.510515,1.2285709],"to":[5.6285715,-3.5105152,5.6285715],"rotation":{"angle":0.0,"axis":"y","origin":[3.4285712,-5.910515,3.4285712]},"faces":{"east":{"uv":[7.5,5.25,9.375,6.125],"rotation":0,"texture":"#0","tintindex":0},"south":{"uv":[7.5,5.25,9.375,6.125],"rotation":0,"texture":"#0","tintindex":0},"north":{"uv":[7.5,5.25,9.375,6.125],"rotation":0,"texture":"#0","tintindex":0},"west":{"uv":[7.5,5.25,9.375,6.125],"rotation":0,"texture":"#0","tintindex":0},"up":{"uv":[1.875,6.375,0.0,4.5],"rotation":0,"texture":"#0","tintindex":0},"down":{"uv":[6.375,0.0,4.5,1.875],"rotation":0,"texture":"#0","tintindex":0}}},{"from":[1.0285711,-3.5105152,1.0285711],"to":[5.8285713,-2.710515,5.8285713],"rotation":{"angle":0.0,"axis":"y","origin":[3.4285712,-5.910515,3.4285712]},"faces":{"east":{"uv":[9.5,5.0,11.625,5.375],"rotation":0,"texture":"#0","tintindex":0},"south":{"uv":[9.5,5.5,11.625,5.875],"rotation":0,"texture":"#0","tintindex":0},"north":{"uv":[9.5,4.5,11.625,4.875],"rotation":0,"texture":"#0","tintindex":0},"west":{"uv":[9.25,9.5,11.375,9.875],"rotation":0,"texture":"#0","tintindex":0},"up":{"uv":[4.375,2.125,2.25,0.0],"rotation":0,"texture":"#0","tintindex":0},"down":{"uv":[4.375,2.25,2.25,4.375],"rotation":0,"texture":"#0","tintindex":0}}},{"from":[2.0285711,-2.710515,2.0285711],"to":[4.8285713,1.2894855,4.8285713],"rotation":{"angle":0.0,"axis":"y","origin":[3.4285712,-5.910515,3.4285712]},"faces":{"east":{"uv":[3.25,4.5,4.5,6.25],"rotation":0,"texture":"#0","tintindex":0},"south":{"uv":[3.25,4.5,4.5,6.25],"rotation":0,"texture":"#0","tintindex":0},"north":{"uv":[3.25,4.5,4.5,6.25],"rotation":0,"texture":"#0","tintindex":0},"west":{"uv":[3.25,4.5,4.5,6.25],"rotation":0,"texture":"#0","tintindex":0},"up":{"uv":[1.25,9.0,0.0,7.75],"rotation":0,"texture":"#0","tintindex":0},"down":{"uv":[8.5,7.75,7.25,9.0],"rotation":0,"texture":"#0","tintindex":0}}},{"from":[7.529791,-1.8092947,2.0385714],"to":[9.509689,0.17060375,4.818571],"rotation":{"angle":45.0,"axis":"z","origin":[3.4285712,-5.910515,3.4285712]},"faces":{"east":{"uv":[9.0,3.0,10.25,3.875],"rotation":0,"texture":"#0","tintindex":0},"south":{"uv":[0.75,9.75,1.625,10.625],"rotation":0,"texture":"#0","tintindex":0},"north":{"uv":[9.75,0.0,10.625,0.875],"rotation":0,"texture":"#0","tintindex":0},"west":{"uv":[9.0,6.25,10.25,7.125],"rotation":0,"texture":"#0","tintindex":0},"up":{"uv":[7.875,10.25,7.0,9.0],"rotation":0,"texture":"#0","tintindex":0},"down":{"uv":[10.125,7.25,9.25,8.5],"rotation":0,"texture":"#0","tintindex":0}}},{"from":[1.8285708,0.08948517,1.8285708],"to":[5.028571,0.88948536,5.028571],"rotation":{"angle":0.0,"axis":"y","origin":[3.4285712,-5.910515,3.4285712]},"faces":{"east":{"uv":[10.25,8.0,11.625,8.375],"rotation":0,"texture":"#0","tintindex":0},"south":{"uv":[11.25,2.0,12.625,2.375],"rotation":0,"texture":"#0","tintindex":0},"north":{"uv":[10.25,3.5,11.625,3.875],"rotation":0,"texture":"#0","tintindex":0},"west":{"uv":[11.25,10.0,12.625,10.375],"rotation":0,"texture":"#0","tintindex":0},"up":{"uv":[5.875,6.875,4.5,5.5],"rotation":0,"texture":"#0","tintindex":0},"down":{"uv":[7.125,2.0,5.75,3.375],"rotation":0,"texture":"#0","tintindex":0}}},{"from":[4.3647804,-4.974306,1.5659709],"to":[7.017845,-2.3212404,5.291171],"rotation":{"angle":45.0,"axis":"z","origin":[3.4285712,-5.910515,3.4285712]},"faces":{"east":{"uv":[2.0,6.25,3.625,7.375],"rotation":0,"texture":"#0","tintindex":0},"south":{"uv":[5.0,8.25,6.125,9.375],"rotation":0,"texture":"#0","tintindex":0},"north":{"uv":[3.75,8.25,4.875,9.375],"rotation":0,"texture":"#0","tintindex":0},"west":{"uv":[0.0,6.5,1.625,7.625],"rotation":0,"texture":"#0","tintindex":0},"up":{"uv":[7.625,1.625,6.5,0.0],"rotation":0,"texture":"#0","tintindex":0},"down":{"uv":[7.125,6.5,6.0,8.125],"rotation":0,"texture":"#0","tintindex":0}}},{"from":[1.5659709,-4.974306,4.3647804],"to":[5.291171,-2.3212404,7.017845],"rotation":{"angle":-45.0,"axis":"x","origin":[3.4285712,-5.910515,3.4285712]},"faces":{"east":{"uv":[1.25,8.5,2.375,9.625],"rotation":0,"texture":"#0","tintindex":0},"south":{"uv":[7.25,1.75,8.875,2.875],"rotation":0,"texture":"#0","tintindex":0},"north":{"uv":[3.75,7.0,5.375,8.125],"rotation":0,"texture":"#0","tintindex":0},"west":{"uv":[2.5,8.5,3.625,9.625],"rotation":0,"texture":"#0","tintindex":0},"up":{"uv":[8.875,4.125,7.25,3.0],"rotation":0,"texture":"#0","tintindex":0},"down":{"uv":[8.875,6.5,7.25,7.625],"rotation":0,"texture":"#0","tintindex":0}}},{"from":[1.8285708,-2.710515,1.8285708],"to":[5.028571,-1.5105152,5.028571],"rotation":{"angle":0.0,"axis":"y","origin":[3.4285712,-5.910515,3.4285712]},"faces":{"east":{"uv":[9.75,1.5,11.125,2.0],"rotation":0,"texture":"#0","tintindex":0},"south":{"uv":[1.75,9.75,3.125,10.25],"rotation":0,"texture":"#0","tintindex":0},"north":{"uv":[9.75,1.0,11.125,1.5],"rotation":0,"texture":"#0","tintindex":0},"west":{"uv":[9.75,2.0,11.125,2.5],"rotation":0,"texture":"#0","tintindex":0},"up":{"uv":[7.125,4.875,5.75,3.5],"rotation":0,"texture":"#0","tintindex":0},"down":{"uv":[7.375,5.0,6.0,6.375],"rotation":0,"texture":"#0","tintindex":0}}},{"from":[2.9285712,0.48948526,2.9285712],"to":[3.9285712,3.6894855,3.9285712],"rotation":{"angle":0.0,"axis":"y","origin":[3.4285712,-5.910515,3.4285712]},"faces":{"east":{"uv":[3.25,9.75,3.75,11.125],"rotation":0,"texture":"#0","tintindex":0},"south":{"uv":[8.5,9.75,9.0,11.125],"rotation":0,"texture":"#0","tintindex":0},"north":{"uv":[8.0,9.0,8.5,10.375],"rotation":0,"texture":"#0","tintindex":0},"west":{"uv":[3.75,10.0,4.25,11.375],"rotation":0,"texture":"#0","tintindex":0},"up":{"uv":[6.0,8.25,5.5,7.75],"rotation":0,"texture":"#0","tintindex":0},"down":{"uv":[10.25,2.5,9.75,3.0],"rotation":0,"texture":"#0","tintindex":0}}},{"from":[9.741621,0.40253448,2.7213712],"to":[10.691973,1.3528867,4.1357713],"rotation":{"angle":45.0,"axis":"z","origin":[3.4285712,-5.910515,3.4285712]},"faces":{"east":{"uv":[6.75,12.25,7.375,12.625],"rotation":0,"texture":"#0","tintindex":0},"south":{"uv":[12.5,3.0,12.875,3.375],"rotation":0,"texture":"#0","tintindex":0},"north":{"uv":[12.5,2.5,12.875,2.875],"rotation":0,"texture":"#0","tintindex":0},"west":{"uv":[7.5,12.25,8.125,12.625],"rotation":0,"texture":"#0","tintindex":0},"up":{"uv":[8.625,12.875,8.25,12.25],"rotation":0,"texture":"#0","tintindex":0},"down":{"uv":[12.625,8.5,12.25,9.125],"rotation":0,"texture":"#0","tintindex":0}}},{"from":[2.7213712,0.40253448,9.741621],"to":[4.1357713,1.3528867,10.691973],"rotation":{"angle":-45.0,"axis":"x","origin":[3.4285712,-5.910515,3.4285712]},"faces":{"east":{"uv":[3.5,12.5,3.875,12.875],"rotation":0,"texture":"#0","tintindex":0},"south":{"uv":[12.25,11.75,12.875,12.125],"rotation":0,"texture":"#0","tintindex":0},"north":{"uv":[12.25,9.25,12.875,9.625],"rotation":0,"texture":"#0","tintindex":0},"west":{"uv":[12.5,3.5,12.875,3.875],"rotation":0,"texture":"#0","tintindex":0},"up":{"uv":[12.875,12.625,12.25,12.25],"rotation":0,"texture":"#0","tintindex":0},"down":{"uv":[1.375,12.5,0.75,12.875],"rotation":0,"texture":"#0","tintindex":0}}}],"display":{"head":{"translation":[0.0,-6.4,0.0],"scale":[4.0,4.0,4.0]}}}