{"textures":{"0":"minecraft:modelengine/entity/mini_token_lockbox"},"elements":[{"from":[4.6284285,7.985562,3.9673996],"to":[11.371572,8.474362,12.0326],"rotation":{"angle":0.0,"axis":"y","origin":[8.0,7.985562,4.0895996]},"faces":{"east":{"uv":[2.625,3.9375,3.5,4.0],"rotation":0,"texture":"#0","tintindex":0},"south":{"uv":[4.6875,1.9375,6.4375,2.0],"rotation":0,"texture":"#0","tintindex":0},"north":{"uv":[4.1875,2.5,5.9375,2.5625],"rotation":0,"texture":"#0","tintindex":0},"west":{"uv":[4.6875,2.4375,5.5625,2.5],"rotation":0,"texture":"#0","tintindex":0},"up":{"uv":[1.75,0.875,0.0,0.0],"rotation":0,"texture":"#0","tintindex":0},"down":{"uv":[1.75,0.875,0.0,1.75],"rotation":0,"texture":"#0","tintindex":0}}},{"from":[4.7506285,8.474362,4.0895996],"to":[11.249372,12.873562,5.1498284],"rotation":{"angle":0.0,"axis":"y","origin":[8.0,7.985562,4.0895996]},"faces":{"east":{"uv":[2.375,5.25,2.5,5.75],"rotation":0,"texture":"#0","tintindex":0},"south":{"uv":[1.75,1.375,3.4375,1.875],"rotation":0,"texture":"#0","tintindex":0},"north":{"uv":[2.25,0.875,2.92955,1.3561625],"rotation":0,"texture":"#0","tintindex":0},"west":{"uv":[3.25,5.25,3.375,5.75],"rotation":0,"texture":"#0","tintindex":0},"up":{"uv":[5.1875,0.8125,3.5,0.6875],"rotation":0,"texture":"#0","tintindex":0},"down":{"uv":[5.3125,3.375,3.625,3.5],"rotation":0,"texture":"#0","tintindex":0}}},{"from":[4.7506285,8.474362,10.850172],"to":[11.249372,12.873562,11.9104],"rotation":{"angle":0.0,"axis":"y","origin":[8.0,7.985562,11.9104]},"faces":{"east":{"uv":[3.375,5.25,3.5,5.75],"rotation":0,"texture":"#0","tintindex":0},"south":{"uv":[2.1875,2.375,3.0,2.875],"rotation":0,"texture":"#0","tintindex":0},"north":{"uv":[1.75,1.875,3.4375,2.375],"rotation":0,"texture":"#0","tintindex":0},"west":{"uv":[3.5,5.25,3.625,5.75],"rotation":0,"texture":"#0","tintindex":0},"up":{"uv":[5.3125,3.625,3.625,3.5],"rotation":0,"texture":"#0","tintindex":0},"down":{"uv":[5.3125,3.625,3.625,3.75],"rotation":0,"texture":"#0","tintindex":0}}},{"from":[10.7605715,8.474362,4.0895996],"to":[11.8208,12.873562,11.9104],"rotation":{"angle":0.0,"axis":"y","origin":[4.0,7.985562,4.0895996]},"faces":{"east":{"uv":[2.0,2.875,2.875,3.375],"rotation":0,"texture":"#0","tintindex":0},"south":{"uv":[2.0,5.25,2.125,5.75],"rotation":0,"texture":"#0","tintindex":0},"north":{"uv":[1.625,5.0625,1.75,5.5625],"rotation":0,"texture":"#0","tintindex":0},"west":{"uv":[2.875,2.875,3.75,3.375],"rotation":0,"texture":"#0","tintindex":0},"up":{"uv":[2.875,5.5625,2.75,4.6875],"rotation":0,"texture":"#0","tintindex":0},"down":{"uv":[3.0,4.6875,2.875,5.5625],"rotation":0,"texture":"#0","tintindex":0}}},{"from":[4.1792,8.474362,4.0895996],"to":[5.2394285,12.873562,11.9104],"rotation":{"angle":0.0,"axis":"y","origin":[12.0,7.985562,4.0895996]},"faces":{"east":{"uv":[3.75,2.875,2.875,3.375],"rotation":0,"texture":"#0","tintindex":0},"south":{"uv":[2.125,5.25,2.0,5.75],"rotation":0,"texture":"#0","tintindex":0},"north":{"uv":[1.75,5.0625,1.625,5.5625],"rotation":0,"texture":"#0","tintindex":0},"west":{"uv":[2.875,2.875,2.0,3.375],"rotation":0,"texture":"#0","tintindex":0},"up":{"uv":[2.75,5.5625,2.875,4.6875],"rotation":0,"texture":"#0","tintindex":0},"down":{"uv":[2.875,4.6875,3.0,5.5625],"rotation":0,"texture":"#0","tintindex":0}}},{"from":[11.93478,7.9874916,4.5467424],"to":[12.634781,8.487492,11.453258],"rotation":{"angle":0.0,"axis":"y","origin":[12.404666,10.987092,8.0]},"faces":{"east":{"uv":[5.25,2.3125,6.0,2.375],"rotation":0,"texture":"#0","tintindex":0},"south":{"uv":[5.8125,5.625,5.875,5.6875],"rotation":0,"texture":"#0","tintindex":0},"north":{"uv":[5.6875,0.125,5.75,0.1875],"rotation":0,"texture":"#0","tintindex":0},"west":{"uv":[5.25,2.375,6.0,2.4375],"rotation":0,"texture":"#0","tintindex":0},"up":{"uv":[5.3125,6.1875,5.25,5.4375],"rotation":0,"texture":"#0","tintindex":0},"down":{"uv":[5.375,5.4375,5.3125,6.1875],"rotation":0,"texture":"#0","tintindex":0}}},{"from":[11.392229,7.717219,4.5467424],"to":[11.5208,12.873562,11.453258],"rotation":{"angle":22.5,"axis":"z","origin":[11.290686,10.673962,8.0]},"faces":{"east":{"uv":[2.875,3.375,3.625,3.9375],"rotation":0,"texture":"#0","tintindex":0},"south":{"uv":[0.3125,5.5625,0.375,6.125],"rotation":0,"texture":"#0","tintindex":0},"north":{"uv":[0.25,5.5625,0.3125,6.125],"rotation":0,"texture":"#0","tintindex":0},"west":{"uv":[3.4375,0.875,4.1875,1.4375],"rotation":0,"texture":"#0","tintindex":0},"up":{"uv":[5.5,4.875,5.4375,4.125],"rotation":0,"texture":"#0","tintindex":0},"down":{"uv":[4.8125,5.4375,4.75,6.1875],"rotation":0,"texture":"#0","tintindex":0}}},{"from":[4.4792,7.717219,4.5467424],"to":[4.6077714,12.873562,11.453258],"rotation":{"angle":-22.5,"axis":"z","origin":[4.7093143,10.673962,8.0]},"faces":{"east":{"uv":[4.1875,0.875,3.4375,1.4375],"rotation":0,"texture":"#0","tintindex":0},"south":{"uv":[0.375,5.5625,0.3125,6.125],"rotation":0,"texture":"#0","tintindex":0},"north":{"uv":[0.3125,5.5625,0.25,6.125],"rotation":0,"texture":"#0","tintindex":0},"west":{"uv":[3.625,3.375,2.875,3.9375],"rotation":0,"texture":"#0","tintindex":0},"up":{"uv":[5.4375,4.875,5.5,4.125],"rotation":0,"texture":"#0","tintindex":0},"down":{"uv":[4.75,5.4375,4.8125,6.1875],"rotation":0,"texture":"#0","tintindex":0}}},{"from":[3.3652196,7.9874916,4.5467424],"to":[4.06522,8.487492,11.453258],"rotation":{"angle":0.0,"axis":"y","origin":[3.595334,10.987092,8.0]},"faces":{"east":{"uv":[6.0,2.375,5.25,2.4375],"rotation":0,"texture":"#0","tintindex":0},"south":{"uv":[5.875,5.625,5.8125,5.6875],"rotation":0,"texture":"#0","tintindex":0},"north":{"uv":[5.75,0.125,5.6875,0.1875],"rotation":0,"texture":"#0","tintindex":0},"west":{"uv":[6.0,2.3125,5.25,2.375],"rotation":0,"texture":"#0","tintindex":0},"up":{"uv":[5.25,6.1875,5.3125,5.4375],"rotation":0,"texture":"#0","tintindex":0},"down":{"uv":[5.3125,5.4375,5.375,6.1875],"rotation":0,"texture":"#0","tintindex":0}}},{"from":[9.987801,7.985562,3.457943],"to":[11.8208,12.873562,6.0448],"rotation":{"angle":-45.0,"axis":"y","origin":[10.9043,10.429562,5.0060997]},"faces":{"east":{"uv":[1.4375,3.9375,1.75,4.5],"rotation":0,"texture":"#0","tintindex":0},"south":{"uv":[3.4375,4.6875,3.625,5.25],"rotation":0,"texture":"#0","tintindex":0},"north":{"uv":[3.25,4.6875,3.4375,5.25],"rotation":0,"texture":"#0","tintindex":0},"west":{"uv":[1.75,4.125,2.0625,4.6875],"rotation":0,"texture":"#0","tintindex":0},"up":{"uv":[1.4375,4.5,1.25,4.1875],"rotation":0,"texture":"#0","tintindex":0},"down":{"uv":[5.4375,2.5625,5.25,2.875],"rotation":0,"texture":"#0","tintindex":0}}},{"from":[9.709937,7.985562,3.6220493],"to":[11.787337,12.873562,4.013089],"rotation":{"angle":22.5,"axis":"y","origin":[10.870837,10.429562,4.8440495]},"faces":{"east":{"uv":[5.4375,2.9375,5.5,3.5],"rotation":0,"texture":"#0","tintindex":0},"south":{"uv":[0.0,4.1875,0.25,4.75],"rotation":0,"texture":"#0","tintindex":0},"north":{"uv":[3.9375,4.125,4.1875,4.6875],"rotation":0,"texture":"#0","tintindex":0},"west":{"uv":[5.375,5.4375,5.4375,6.0],"rotation":0,"texture":"#0","tintindex":0},"up":{"uv":[4.125,0.875,3.875,0.8125],"rotation":0,"texture":"#0","tintindex":0},"down":{"uv":[2.875,3.875,2.625,3.9375],"rotation":0,"texture":"#0","tintindex":0}}},{"from":[9.497851,8.328419,3.5898066],"to":[11.275251,11.702133,4.937989],"rotation":{"angle":22.5,"axis":"x","origin":[10.393694,10.429562,3.9424696]},"faces":{"east":{"uv":[0.375,5.3125,0.5,5.6875],"rotation":0,"texture":"#0","tintindex":0},"south":{"uv":[4.875,5.1875,5.0625,5.5625],"rotation":0,"texture":"#0","tintindex":0},"north":{"uv":[2.5625,5.125,2.75,5.5],"rotation":0,"texture":"#0","tintindex":0},"west":{"uv":[5.3125,2.875,5.4375,3.25],"rotation":0,"texture":"#0","tintindex":0},"up":{"uv":[5.75,5.8125,5.5625,5.6875],"rotation":0,"texture":"#0","tintindex":0},"down":{"uv":[0.25,5.75,0.0625,5.875],"rotation":0,"texture":"#0","tintindex":0}}},{"from":[9.512136,7.978174,2.8125787],"to":[11.260965,8.623318,4.0464764],"rotation":{"angle":0.0,"axis":"y","origin":[10.393694,7.3507457,3.1652417]},"faces":{"east":{"uv":[1.875,3.8125,2.0,3.875],"rotation":0,"texture":"#0","tintindex":0},"south":{"uv":[4.125,5.8125,4.3125,5.875],"rotation":0,"texture":"#0","tintindex":0},"north":{"uv":[5.8125,1.5,6.0,1.5625],"rotation":0,"texture":"#0","tintindex":0},"west":{"uv":[3.5,3.9375,3.625,4.0],"rotation":0,"texture":"#0","tintindex":0},"up":{"uv":[5.9375,0.25,5.75,0.125],"rotation":0,"texture":"#0","tintindex":0},"down":{"uv":[5.9375,0.25,5.75,0.375],"rotation":0,"texture":"#0","tintindex":0}}},{"from":[4.7390347,7.978174,2.8125787],"to":[6.487863,8.623318,4.0464764],"rotation":{"angle":0.0,"axis":"y","origin":[5.606306,7.3507457,3.1652417]},"faces":{"east":{"uv":[5.3125,0.5,5.4375,0.5625],"rotation":0,"texture":"#0","tintindex":0},"south":{"uv":[5.8125,4.375,6.0,4.4375],"rotation":0,"texture":"#0","tintindex":0},"north":{"uv":[5.8125,4.3125,6.0,4.375],"rotation":0,"texture":"#0","tintindex":0},"west":{"uv":[3.125,5.6875,3.25,5.75],"rotation":0,"texture":"#0","tintindex":0},"up":{"uv":[0.75,5.875,0.5625,5.75],"rotation":0,"texture":"#0","tintindex":0},"down":{"uv":[5.9375,0.625,5.75,0.75],"rotation":0,"texture":"#0","tintindex":0}}},{"from":[4.724749,8.328419,3.5898066],"to":[6.502149,11.702133,4.937989],"rotation":{"angle":22.5,"axis":"x","origin":[5.606306,10.429562,3.9424696]},"faces":{"east":{"uv":[5.3125,3.25,5.4375,3.625],"rotation":0,"texture":"#0","tintindex":0},"south":{"uv":[0.5625,5.25,0.75,5.625],"rotation":0,"texture":"#0","tintindex":0},"north":{"uv":[5.0625,5.1875,5.25,5.5625],"rotation":0,"texture":"#0","tintindex":0},"west":{"uv":[5.375,3.625,5.5,4.0],"rotation":0,"texture":"#0","tintindex":0},"up":{"uv":[5.9375,0.5,5.75,0.375],"rotation":0,"texture":"#0","tintindex":0},"down":{"uv":[5.9375,0.5,5.75,0.625],"rotation":0,"texture":"#0","tintindex":0}}},{"from":[9.497851,8.328419,11.062011],"to":[11.275251,11.702133,12.410193],"rotation":{"angle":-22.5,"axis":"x","origin":[10.393694,10.429562,12.05753]},"faces":{"east":{"uv":[0.5,5.3125,0.375,5.6875],"rotation":0,"texture":"#0","tintindex":0},"south":{"uv":[2.75,5.125,2.5625,5.5],"rotation":0,"texture":"#0","tintindex":0},"north":{"uv":[5.0625,5.1875,4.875,5.5625],"rotation":0,"texture":"#0","tintindex":0},"west":{"uv":[5.4375,2.875,5.3125,3.25],"rotation":0,"texture":"#0","tintindex":0},"up":{"uv":[5.75,5.6875,5.5625,5.8125],"rotation":0,"texture":"#0","tintindex":0},"down":{"uv":[0.25,5.875,0.0625,5.75],"rotation":0,"texture":"#0","tintindex":0}}},{"from":[9.512136,7.978174,11.953524],"to":[11.260965,8.623318,13.187422],"rotation":{"angle":0.0,"axis":"y","origin":[10.393694,7.3507457,12.834759]},"faces":{"east":{"uv":[2.0,3.8125,1.875,3.875],"rotation":0,"texture":"#0","tintindex":0},"south":{"uv":[6.0,1.5,5.8125,1.5625],"rotation":0,"texture":"#0","tintindex":0},"north":{"uv":[4.3125,5.8125,4.125,5.875],"rotation":0,"texture":"#0","tintindex":0},"west":{"uv":[3.625,3.9375,3.5,4.0],"rotation":0,"texture":"#0","tintindex":0},"up":{"uv":[5.9375,0.125,5.75,0.25],"rotation":0,"texture":"#0","tintindex":0},"down":{"uv":[5.9375,0.375,5.75,0.25],"rotation":0,"texture":"#0","tintindex":0}}},{"from":[4.724749,8.328419,11.062011],"to":[6.502149,11.702133,12.410193],"rotation":{"angle":-22.5,"axis":"x","origin":[5.606306,10.429562,12.05753]},"faces":{"east":{"uv":[5.4375,3.25,5.3125,3.625],"rotation":0,"texture":"#0","tintindex":0},"south":{"uv":[5.25,5.1875,5.0625,5.5625],"rotation":0,"texture":"#0","tintindex":0},"north":{"uv":[0.75,5.25,0.5625,5.625],"rotation":0,"texture":"#0","tintindex":0},"west":{"uv":[5.5,3.625,5.375,4.0],"rotation":0,"texture":"#0","tintindex":0},"up":{"uv":[5.9375,0.375,5.75,0.5],"rotation":0,"texture":"#0","tintindex":0},"down":{"uv":[5.9375,0.625,5.75,0.5],"rotation":0,"texture":"#0","tintindex":0}}},{"from":[4.7390347,7.978174,11.953524],"to":[6.487863,8.623318,13.187422],"rotation":{"angle":0.0,"axis":"y","origin":[5.606306,7.3507457,12.834759]},"faces":{"east":{"uv":[5.4375,0.5,5.3125,0.5625],"rotation":0,"texture":"#0","tintindex":0},"south":{"uv":[6.0,4.3125,5.8125,4.375],"rotation":0,"texture":"#0","tintindex":0},"north":{"uv":[6.0,4.375,5.8125,4.4375],"rotation":0,"texture":"#0","tintindex":0},"west":{"uv":[3.25,5.6875,3.125,5.75],"rotation":0,"texture":"#0","tintindex":0},"up":{"uv":[0.75,5.75,0.5625,5.875],"rotation":0,"texture":"#0","tintindex":0},"down":{"uv":[5.9375,0.75,5.75,0.625],"rotation":0,"texture":"#0","tintindex":0}}},{"from":[11.77241,7.985562,4.5065775],"to":[12.16345,12.873562,6.5839777],"rotation":{"angle":-22.5,"axis":"y","origin":[11.967931,10.429562,5.5452776]},"faces":{"east":{"uv":[0.25,4.1875,0.5,4.75],"rotation":0,"texture":"#0","tintindex":0},"south":{"uv":[1.1875,5.5,1.25,6.0625],"rotation":0,"texture":"#0","tintindex":0},"north":{"uv":[1.125,5.5,1.1875,6.0625],"rotation":0,"texture":"#0","tintindex":0},"west":{"uv":[0.5,4.1875,0.75,4.75],"rotation":0,"texture":"#0","tintindex":0},"up":{"uv":[5.125,5.9375,5.0625,5.6875],"rotation":0,"texture":"#0","tintindex":0},"down":{"uv":[0.8125,5.75,0.75,6.0],"rotation":0,"texture":"#0","tintindex":0}}},{"from":[3.8365498,7.985562,4.5065775],"to":[4.2275896,12.873562,6.5839777],"rotation":{"angle":22.5,"axis":"y","origin":[4.032069,10.429562,5.5452776]},"faces":{"east":{"uv":[1.0,4.1875,1.25,4.75],"rotation":0,"texture":"#0","tintindex":0},"south":{"uv":[5.5,2.9375,5.5625,3.5],"rotation":0,"texture":"#0","tintindex":0},"north":{"uv":[2.6875,5.5,2.75,6.0625],"rotation":0,"texture":"#0","tintindex":0},"west":{"uv":[4.1875,1.375,4.4375,1.9375],"rotation":0,"texture":"#0","tintindex":0},"up":{"uv":[2.4375,6.0,2.375,5.75],"rotation":0,"texture":"#0","tintindex":0},"down":{"uv":[2.5,5.75,2.4375,6.0],"rotation":0,"texture":"#0","tintindex":0}}},{"from":[4.1792,7.985562,3.457943],"to":[6.0122,12.873562,6.0448],"rotation":{"angle":45.0,"axis":"y","origin":[5.0957003,10.429562,5.0060997]},"faces":{"east":{"uv":[2.0625,4.125,2.375,4.6875],"rotation":0,"texture":"#0","tintindex":0},"south":{"uv":[3.8125,4.6875,4.0,5.25],"rotation":0,"texture":"#0","tintindex":0},"north":{"uv":[3.625,4.6875,3.8125,5.25],"rotation":0,"texture":"#0","tintindex":0},"west":{"uv":[2.375,4.125,2.6875,4.6875],"rotation":0,"texture":"#0","tintindex":0},"up":{"uv":[3.8125,5.5625,3.625,5.25],"rotation":0,"texture":"#0","tintindex":0},"down":{"uv":[4.0,5.25,3.8125,5.5625],"rotation":0,"texture":"#0","tintindex":0}}},{"from":[4.2126627,7.985562,3.6220493],"to":[6.2900624,12.873562,4.013089],"rotation":{"angle":-22.5,"axis":"y","origin":[5.129163,10.429562,4.8440495]},"faces":{"east":{"uv":[2.5625,5.5,2.625,6.0625],"rotation":0,"texture":"#0","tintindex":0},"south":{"uv":[4.1875,0.8125,4.4375,1.375],"rotation":0,"texture":"#0","tintindex":0},"north":{"uv":[0.75,4.1875,1.0,4.75],"rotation":0,"texture":"#0","tintindex":0},"west":{"uv":[2.625,5.5,2.6875,6.0625],"rotation":0,"texture":"#0","tintindex":0},"up":{"uv":[6.0625,1.1875,5.8125,1.125],"rotation":0,"texture":"#0","tintindex":0},"down":{"uv":[6.0625,1.1875,5.8125,1.25],"rotation":0,"texture":"#0","tintindex":0}}},{"from":[3.8365498,7.985562,9.416022],"to":[4.2275896,12.873562,11.4934225],"rotation":{"angle":-22.5,"axis":"y","origin":[4.032069,10.429562,10.454722]},"faces":{"east":{"uv":[1.25,4.5,1.5,5.0625],"rotation":0,"texture":"#0","tintindex":0},"south":{"uv":[0.0,5.5625,0.0625,6.125],"rotation":0,"texture":"#0","tintindex":0},"north":{"uv":[5.5,5.1875,5.5625,5.75],"rotation":0,"texture":"#0","tintindex":0},"west":{"uv":[1.5,4.5,1.75,5.0625],"rotation":0,"texture":"#0","tintindex":0},"up":{"uv":[5.5625,6.0,5.5,5.75],"rotation":0,"texture":"#0","tintindex":0},"down":{"uv":[5.875,2.0,5.8125,2.25],"rotation":0,"texture":"#0","tintindex":0}}},{"from":[4.1792,7.985562,9.9552],"to":[6.0122,12.873562,12.542057],"rotation":{"angle":-45.0,"axis":"y","origin":[5.0957003,10.429562,10.9939]},"faces":{"east":{"uv":[3.3125,4.125,3.625,4.6875],"rotation":0,"texture":"#0","tintindex":0},"south":{"uv":[4.375,4.6875,4.5625,5.25],"rotation":0,"texture":"#0","tintindex":0},"north":{"uv":[4.1875,4.6875,4.375,5.25],"rotation":0,"texture":"#0","tintindex":0},"west":{"uv":[3.625,4.125,3.9375,4.6875],"rotation":0,"texture":"#0","tintindex":0},"up":{"uv":[4.375,5.5625,4.1875,5.25],"rotation":0,"texture":"#0","tintindex":0},"down":{"uv":[4.5625,5.25,4.375,5.5625],"rotation":0,"texture":"#0","tintindex":0}}},{"from":[4.2126627,7.985562,11.986911],"to":[6.2900624,12.873562,12.377951],"rotation":{"angle":22.5,"axis":"y","origin":[5.129163,10.429562,11.155951]},"faces":{"east":{"uv":[5.5,4.625,5.5625,5.1875],"rotation":0,"texture":"#0","tintindex":0},"south":{"uv":[4.4375,4.125,4.6875,4.6875],"rotation":0,"texture":"#0","tintindex":0},"north":{"uv":[4.4375,1.9375,4.6875,2.5],"rotation":0,"texture":"#0","tintindex":0},"west":{"uv":[4.6875,5.5,4.75,6.0625],"rotation":0,"texture":"#0","tintindex":0},"up":{"uv":[6.0625,1.4375,5.8125,1.375],"rotation":0,"texture":"#0","tintindex":0},"down":{"uv":[6.0625,1.4375,5.8125,1.5],"rotation":0,"texture":"#0","tintindex":0}}},{"from":[9.709937,7.985562,11.986911],"to":[11.787337,12.873562,12.377951],"rotation":{"angle":-22.5,"axis":"y","origin":[10.870837,10.429562,11.155951]},"faces":{"east":{"uv":[4.5625,5.5,4.625,6.0625],"rotation":0,"texture":"#0","tintindex":0},"south":{"uv":[4.4375,1.375,4.6875,1.9375],"rotation":0,"texture":"#0","tintindex":0},"north":{"uv":[4.4375,0.8125,4.6875,1.375],"rotation":0,"texture":"#0","tintindex":0},"west":{"uv":[4.625,5.5,4.6875,6.0625],"rotation":0,"texture":"#0","tintindex":0},"up":{"uv":[6.0625,1.3125,5.8125,1.25],"rotation":0,"texture":"#0","tintindex":0},"down":{"uv":[6.0625,1.3125,5.8125,1.375],"rotation":0,"texture":"#0","tintindex":0}}},{"from":[9.987801,7.985562,9.9552],"to":[11.8208,12.873562,12.542057],"rotation":{"angle":45.0,"axis":"y","origin":[10.9043,10.429562,10.9939]},"faces":{"east":{"uv":[2.6875,4.125,3.0,4.6875],"rotation":0,"texture":"#0","tintindex":0},"south":{"uv":[4.6875,4.125,4.875,4.6875],"rotation":0,"texture":"#0","tintindex":0},"north":{"uv":[4.0,4.6875,4.1875,5.25],"rotation":0,"texture":"#0","tintindex":0},"west":{"uv":[3.0,4.125,3.3125,4.6875],"rotation":0,"texture":"#0","tintindex":0},"up":{"uv":[4.1875,5.5625,4.0,5.25],"rotation":0,"texture":"#0","tintindex":0},"down":{"uv":[5.4375,4.125,5.25,4.4375],"rotation":0,"texture":"#0","tintindex":0}}},{"from":[11.77241,7.985562,9.416022],"to":[12.16345,12.873562,11.4934225],"rotation":{"angle":22.5,"axis":"y","origin":[11.967931,10.429562,10.454722]},"faces":{"east":{"uv":[4.1875,1.9375,4.4375,2.5],"rotation":0,"texture":"#0","tintindex":0},"south":{"uv":[5.5,4.0625,5.5625,4.625],"rotation":0,"texture":"#0","tintindex":0},"north":{"uv":[5.5,3.5,5.5625,4.0625],"rotation":0,"texture":"#0","tintindex":0},"west":{"uv":[4.1875,4.125,4.4375,4.6875],"rotation":0,"texture":"#0","tintindex":0},"up":{"uv":[3.5625,6.0,3.5,5.75],"rotation":0,"texture":"#0","tintindex":0},"down":{"uv":[3.625,5.75,3.5625,6.0],"rotation":0,"texture":"#0","tintindex":0}}}],"display":{"head":{"translation":[0.0,-6.4,0.0],"scale":[4.0,4.0,4.0]}}}