{"textures":{"0":"minecraft:modelengine/entity/mini_token_lockbox"},"elements":[{"from":[7.32544,7.3320827,7.606044],"to":[8.67456,8.681203,8.406044],"rotation":{"angle":0.0,"axis":"y","origin":[8.0,6.1899223,8.406044]},"faces":{"east":{"uv":[2.6875,4.8125,2.75,4.9375],"rotation":0,"texture":"#0","tintindex":0},"south":{"uv":[5.8125,3.9375,5.9375,4.0625],"rotation":0,"texture":"#0","tintindex":0},"north":{"uv":[3.875,5.8125,4.0,5.9375],"rotation":0,"texture":"#0","tintindex":0},"west":{"uv":[5.1875,0.6875,5.25,0.8125],"rotation":0,"texture":"#0","tintindex":0},"up":{"uv":[5.9375,5.125,5.8125,5.0625],"rotation":0,"texture":"#0","tintindex":0},"down":{"uv":[5.25,5.8125,5.125,5.875],"rotation":0,"texture":"#0","tintindex":0}}},{"from":[7.738645,8.601573,7.616044],"to":[8.467765,8.990693,8.406044],"rotation":{"angle":-22.5,"axis":"z","origin":[7.793205,8.3161335,8.006044]},"faces":{"east":{"uv":[0.375,5.875,0.4375,5.9375],"rotation":0,"texture":"#0","tintindex":0},"south":{"uv":[0.4375,5.875,0.5,5.9375],"rotation":0,"texture":"#0","tintindex":0},"north":{"uv":[0.1875,5.875,0.25,5.9375],"rotation":0,"texture":"#0","tintindex":0},"west":{"uv":[0.5625,5.875,0.625,5.9375],"rotation":0,"texture":"#0","tintindex":0},"up":{"uv":[0.6875,5.9375,0.625,5.875],"rotation":0,"texture":"#0","tintindex":0},"down":{"uv":[0.75,5.875,0.6875,5.9375],"rotation":0,"texture":"#0","tintindex":0}}},{"from":[7.532235,8.601573,7.616044],"to":[8.261355,8.990693,8.406044],"rotation":{"angle":22.5,"axis":"z","origin":[8.206795,8.3161335,8.006044]},"faces":{"east":{"uv":[0.875,5.875,0.9375,5.9375],"rotation":0,"texture":"#0","tintindex":0},"south":{"uv":[0.9375,5.875,1.0,5.9375],"rotation":0,"texture":"#0","tintindex":0},"north":{"uv":[0.8125,5.875,0.875,5.9375],"rotation":0,"texture":"#0","tintindex":0},"west":{"uv":[1.0,5.875,1.0625,5.9375],"rotation":0,"texture":"#0","tintindex":0},"up":{"uv":[1.3125,5.9375,1.25,5.875],"rotation":0,"texture":"#0","tintindex":0},"down":{"uv":[1.375,5.875,1.3125,5.9375],"rotation":0,"texture":"#0","tintindex":0}}},{"from":[7.807771,8.799608,7.7478294],"to":[8.192228,9.771037,8.204972],"rotation":{"angle":45.0,"axis":"z","origin":[8.0,7.9834943,7.9764013]},"faces":{"east":{"uv":[5.625,5.8125,5.6875,5.9375],"rotation":0,"texture":"#0","tintindex":0},"south":{"uv":[5.6875,5.8125,5.75,5.9375],"rotation":0,"texture":"#0","tintindex":0},"north":{"uv":[5.5625,5.8125,5.625,5.9375],"rotation":0,"texture":"#0","tintindex":0},"west":{"uv":[5.75,5.8125,5.8125,5.9375],"rotation":0,"texture":"#0","tintindex":0},"up":{"uv":[4.5625,5.9375,4.5,5.875],"rotation":0,"texture":"#0","tintindex":0},"down":{"uv":[5.9375,4.6875,5.875,4.75],"rotation":0,"texture":"#0","tintindex":0}}},{"from":[7.117056,7.6452136,7.616044],"to":[7.506176,8.374333,8.406044],"rotation":{"angle":-22.5,"axis":"z","origin":[8.0,8.009923,8.011044]},"faces":{"east":{"uv":[5.875,2.0625,5.9375,2.125],"rotation":0,"texture":"#0","tintindex":0},"south":{"uv":[2.125,5.875,2.1875,5.9375],"rotation":0,"texture":"#0","tintindex":0},"north":{"uv":[2.0625,5.875,2.125,5.9375],"rotation":0,"texture":"#0","tintindex":0},"west":{"uv":[5.875,2.125,5.9375,2.1875],"rotation":0,"texture":"#0","tintindex":0},"up":{"uv":[2.25,5.9375,2.1875,5.875],"rotation":0,"texture":"#0","tintindex":0},"down":{"uv":[5.9375,2.1875,5.875,2.25],"rotation":0,"texture":"#0","tintindex":0}}},{"from":[7.117056,7.6455116,7.616044],"to":[7.506176,8.374632,8.406044],"rotation":{"angle":22.5,"axis":"z","origin":[8.0,8.009923,8.011044]},"faces":{"east":{"uv":[2.3125,5.875,2.375,5.9375],"rotation":0,"texture":"#0","tintindex":0},"south":{"uv":[3.125,5.875,3.1875,5.9375],"rotation":0,"texture":"#0","tintindex":0},"north":{"uv":[2.25,5.875,2.3125,5.9375],"rotation":0,"texture":"#0","tintindex":0},"west":{"uv":[3.1875,5.875,3.25,5.9375],"rotation":0,"texture":"#0","tintindex":0},"up":{"uv":[3.3125,5.9375,3.25,5.875],"rotation":0,"texture":"#0","tintindex":0},"down":{"uv":[3.375,5.875,3.3125,5.9375],"rotation":0,"texture":"#0","tintindex":0}}},{"from":[7.807771,6.195951,7.7478294],"to":[8.192228,7.16738,8.204972],"rotation":{"angle":-45.0,"axis":"z","origin":[8.0,7.9834943,7.9764013]},"faces":{"east":{"uv":[5.8125,5.25,5.875,5.375],"rotation":0,"texture":"#0","tintindex":0},"south":{"uv":[5.8125,5.375,5.875,5.5],"rotation":0,"texture":"#0","tintindex":0},"north":{"uv":[5.8125,5.125,5.875,5.25],"rotation":0,"texture":"#0","tintindex":0},"west":{"uv":[5.8125,5.5,5.875,5.625],"rotation":0,"texture":"#0","tintindex":0},"up":{"uv":[5.9375,4.3125,5.875,4.25],"rotation":0,"texture":"#0","tintindex":0},"down":{"uv":[4.5,5.875,4.4375,5.9375],"rotation":0,"texture":"#0","tintindex":0}}},{"from":[7.3921866,7.0735626,7.616044],"to":[8.121306,7.4626827,8.406044],"rotation":{"angle":-22.5,"axis":"z","origin":[8.0,7.3688817,8.011044]},"faces":{"east":{"uv":[1.4375,5.875,1.5,5.9375],"rotation":0,"texture":"#0","tintindex":0},"south":{"uv":[1.5,5.875,1.5625,5.9375],"rotation":0,"texture":"#0","tintindex":0},"north":{"uv":[1.375,5.875,1.4375,5.9375],"rotation":0,"texture":"#0","tintindex":0},"west":{"uv":[1.5625,5.875,1.625,5.9375],"rotation":0,"texture":"#0","tintindex":0},"up":{"uv":[5.9375,1.625,5.875,1.5625],"rotation":0,"texture":"#0","tintindex":0},"down":{"uv":[5.9375,1.625,5.875,1.6875],"rotation":0,"texture":"#0","tintindex":0}}},{"from":[7.8786936,7.0735626,7.616044],"to":[8.607814,7.4626827,8.406044],"rotation":{"angle":22.5,"axis":"z","origin":[8.0,7.3688817,8.011044]},"faces":{"east":{"uv":[5.875,1.75,5.9375,1.8125],"rotation":0,"texture":"#0","tintindex":0},"south":{"uv":[5.875,1.8125,5.9375,1.875],"rotation":0,"texture":"#0","tintindex":0},"north":{"uv":[5.875,1.6875,5.9375,1.75],"rotation":0,"texture":"#0","tintindex":0},"west":{"uv":[5.875,1.875,5.9375,1.9375],"rotation":0,"texture":"#0","tintindex":0},"up":{"uv":[2.0625,5.9375,2.0,5.875],"rotation":0,"texture":"#0","tintindex":0},"down":{"uv":[5.9375,2.0,5.875,2.0625],"rotation":0,"texture":"#0","tintindex":0}}},{"from":[7.807771,6.195951,7.7478294],"to":[8.192228,7.16738,8.204972],"rotation":{"angle":45.0,"axis":"z","origin":[8.0,7.9834943,7.9764013]},"faces":{"east":{"uv":[5.3125,3.625,5.375,3.75],"rotation":0,"texture":"#0","tintindex":0},"south":{"uv":[5.4375,3.5,5.5,3.625],"rotation":0,"texture":"#0","tintindex":0},"north":{"uv":[5.1875,2.75,5.25,2.875],"rotation":0,"texture":"#0","tintindex":0},"west":{"uv":[4.5,5.5625,4.5625,5.6875],"rotation":0,"texture":"#0","tintindex":0},"up":{"uv":[5.9375,4.25,5.875,4.1875],"rotation":0,"texture":"#0","tintindex":0},"down":{"uv":[4.3125,5.875,4.25,5.9375],"rotation":0,"texture":"#0","tintindex":0}}},{"from":[8.493824,7.6455116,7.616044],"to":[8.882944,8.374632,8.406044],"rotation":{"angle":-22.5,"axis":"z","origin":[8.0,8.009923,8.011044]},"faces":{"east":{"uv":[3.4375,5.875,3.5,5.9375],"rotation":0,"texture":"#0","tintindex":0},"south":{"uv":[5.875,3.6875,5.9375,3.75],"rotation":0,"texture":"#0","tintindex":0},"north":{"uv":[3.375,5.875,3.4375,5.9375],"rotation":0,"texture":"#0","tintindex":0},"west":{"uv":[5.875,3.75,5.9375,3.8125],"rotation":0,"texture":"#0","tintindex":0},"up":{"uv":[5.9375,3.875,5.875,3.8125],"rotation":0,"texture":"#0","tintindex":0},"down":{"uv":[5.9375,3.875,5.875,3.9375],"rotation":0,"texture":"#0","tintindex":0}}},{"from":[8.493824,7.6452136,7.616044],"to":[8.882944,8.374333,8.406044],"rotation":{"angle":22.5,"axis":"z","origin":[8.0,8.009923,8.011044]},"faces":{"east":{"uv":[4.0625,5.875,4.125,5.9375],"rotation":0,"texture":"#0","tintindex":0},"south":{"uv":[5.875,4.0625,5.9375,4.125],"rotation":0,"texture":"#0","tintindex":0},"north":{"uv":[4.0,5.875,4.0625,5.9375],"rotation":0,"texture":"#0","tintindex":0},"west":{"uv":[4.125,5.875,4.1875,5.9375],"rotation":0,"texture":"#0","tintindex":0},"up":{"uv":[5.9375,4.1875,5.875,4.125],"rotation":0,"texture":"#0","tintindex":0},"down":{"uv":[4.25,5.875,4.1875,5.9375],"rotation":0,"texture":"#0","tintindex":0}}},{"from":[7.807771,8.799608,7.7478294],"to":[8.192228,9.771037,8.204972],"rotation":{"angle":-45.0,"axis":"z","origin":[8.0,7.9834943,7.9764013]},"faces":{"east":{"uv":[5.875,0.0,5.9375,0.125],"rotation":0,"texture":"#0","tintindex":0},"south":{"uv":[0.0625,5.875,0.125,6.0],"rotation":0,"texture":"#0","tintindex":0},"north":{"uv":[5.8125,5.8125,5.875,5.9375],"rotation":0,"texture":"#0","tintindex":0},"west":{"uv":[0.125,5.875,0.1875,6.0],"rotation":0,"texture":"#0","tintindex":0},"up":{"uv":[5.9375,4.8125,5.875,4.75],"rotation":0,"texture":"#0","tintindex":0},"down":{"uv":[5.9375,4.8125,5.875,4.875],"rotation":0,"texture":"#0","tintindex":0}}}],"display":{"head":{"translation":[0.0,-6.4,0.0],"scale":[4.0,4.0,4.0]}}}