{"textures":{"0":"minecraft:modelengine/entity/cannon_tier1"},"elements":[{"from":[5.142857,6.428571,3.4285712],"to":[10.857143,7.857143,12.571428],"rotation":{"angle":0.0,"axis":"y","origin":[3.4285712,5.285714,3.4285712]},"faces":{"east":{"uv":[3.5,4.0,7.5,4.625],"rotation":0,"texture":"#0","tintindex":0},"south":{"uv":[0.0,7.25,2.5,7.875],"rotation":0,"texture":"#0","tintindex":0},"north":{"uv":[5.0,3.0,7.5,3.625],"rotation":0,"texture":"#0","tintindex":0},"west":{"uv":[3.5,4.75,7.5,5.375],"rotation":0,"texture":"#0","tintindex":0},"up":{"uv":[2.5,4.0,0.0,0.0],"rotation":0,"texture":"#0","tintindex":0},"down":{"uv":[5.0,0.0,2.5,4.0],"rotation":0,"texture":"#0","tintindex":0}}},{"from":[10.857143,6.428571,5.142857],"to":[12.571428,7.857143,10.857143],"rotation":{"angle":0.0,"axis":"y","origin":[3.4285712,5.285714,3.4285712]},"faces":{"east":{"uv":[7.25,0.0,9.75,0.625],"rotation":0,"texture":"#0","tintindex":0},"south":{"uv":[7.0,11.75,7.75,12.375],"rotation":0,"texture":"#0","tintindex":0},"north":{"uv":[8.0,11.0,8.75,11.625],"rotation":0,"texture":"#0","tintindex":0},"west":{"uv":[7.25,0.75,9.75,1.375],"rotation":0,"texture":"#0","tintindex":0},"up":{"uv":[7.25,2.5,6.5,0.0],"rotation":0,"texture":"#0","tintindex":0},"down":{"uv":[7.25,5.5,6.5,8.0],"rotation":0,"texture":"#0","tintindex":0}}},{"from":[3.4285712,6.428571,5.142857],"to":[5.142857,7.857143,10.857143],"rotation":{"angle":0.0,"axis":"y","origin":[12.571428,5.285714,3.4285712]},"faces":{"east":{"uv":[7.25,1.5,9.75,2.125],"rotation":0,"texture":"#0","tintindex":0},"south":{"uv":[8.5,11.75,9.25,12.375],"rotation":0,"texture":"#0","tintindex":0},"north":{"uv":[7.75,11.75,8.5,12.375],"rotation":0,"texture":"#0","tintindex":0},"west":{"uv":[7.25,2.25,9.75,2.875],"rotation":0,"texture":"#0","tintindex":0},"up":{"uv":[3.75,9.5,3.0,7.0],"rotation":0,"texture":"#0","tintindex":0},"down":{"uv":[4.5,7.0,3.75,9.5],"rotation":0,"texture":"#0","tintindex":0}}},{"from":[9.087889,6.4428573,4.16142],"to":[10.802175,7.8428574,6.5857863],"rotation":{"angle":45.0,"axis":"y","origin":[9.945032,7.0,3.7286434]},"faces":{"east":{"uv":[10.75,9.25,11.75,9.875],"rotation":0,"texture":"#0","tintindex":0},"south":{"uv":[11.75,11.5,12.5,12.125],"rotation":0,"texture":"#0","tintindex":0},"north":{"uv":[11.75,9.25,12.5,9.875],"rotation":0,"texture":"#0","tintindex":0},"west":{"uv":[11.0,1.25,12.0,1.875],"rotation":0,"texture":"#0","tintindex":0},"up":{"uv":[6.5,8.0,5.75,7.0],"rotation":0,"texture":"#0","tintindex":0},"down":{"uv":[1.75,10.0,1.0,11.0],"rotation":0,"texture":"#0","tintindex":0}}},{"from":[5.1978254,6.4428573,4.16142],"to":[6.912111,7.8428574,6.5857863],"rotation":{"angle":-45.0,"axis":"y","origin":[6.054968,7.0,3.7286434]},"faces":{"east":{"uv":[1.5,11.0,2.5,11.625],"rotation":0,"texture":"#0","tintindex":0},"south":{"uv":[12.0,1.5,12.75,2.125],"rotation":0,"texture":"#0","tintindex":0},"north":{"uv":[12.0,0.75,12.75,1.375],"rotation":0,"texture":"#0","tintindex":0},"west":{"uv":[11.0,2.0,12.0,2.625],"rotation":0,"texture":"#0","tintindex":0},"up":{"uv":[2.5,11.0,1.75,10.0],"rotation":0,"texture":"#0","tintindex":0},"down":{"uv":[10.75,2.75,10.0,3.75],"rotation":0,"texture":"#0","tintindex":0}}},{"from":[9.087889,6.4428573,9.414213],"to":[10.802175,7.8428574,11.83858],"rotation":{"angle":-45.0,"axis":"y","origin":[9.945032,7.0,12.271357]},"faces":{"east":{"uv":[2.5,11.0,3.5,11.625],"rotation":0,"texture":"#0","tintindex":0},"south":{"uv":[9.75,12.0,10.5,12.625],"rotation":0,"texture":"#0","tintindex":0},"north":{"uv":[12.0,4.25,12.75,4.875],"rotation":0,"texture":"#0","tintindex":0},"west":{"uv":[3.5,11.0,4.5,11.625],"rotation":0,"texture":"#0","tintindex":0},"up":{"uv":[10.75,6.0,10.0,5.0],"rotation":0,"texture":"#0","tintindex":0},"down":{"uv":[6.5,10.0,5.75,11.0],"rotation":0,"texture":"#0","tintindex":0}}},{"from":[5.1978254,6.4428573,9.414213],"to":[6.912111,7.8428574,11.83858],"rotation":{"angle":45.0,"axis":"y","origin":[6.054968,7.0,12.271357]},"faces":{"east":{"uv":[11.0,4.25,12.0,4.875],"rotation":0,"texture":"#0","tintindex":0},"south":{"uv":[12.0,10.75,12.75,11.375],"rotation":0,"texture":"#0","tintindex":0},"north":{"uv":[12.0,10.0,12.75,10.625],"rotation":0,"texture":"#0","tintindex":0},"west":{"uv":[5.0,11.0,6.0,11.625],"rotation":0,"texture":"#0","tintindex":0},"up":{"uv":[10.75,7.0,10.0,6.0],"rotation":0,"texture":"#0","tintindex":0},"down":{"uv":[10.75,9.5,10.0,10.5],"rotation":0,"texture":"#0","tintindex":0}}},{"from":[10.791719,7.765714,6.3714285],"to":[11.93172,8.005714,9.6285715],"rotation":{"angle":22.5,"axis":"y","origin":[8.0,8.0,8.0]},"faces":{"east":{"uv":[12.75,9.0,14.125,9.125],"rotation":0,"texture":"#0","tintindex":0},"south":{"uv":[10.25,13.5,10.75,13.625],"rotation":0,"texture":"#0","tintindex":0},"north":{"uv":[13.5,10.0,14.0,10.125],"rotation":0,"texture":"#0","tintindex":0},"west":{"uv":[13.25,6.0,14.625,6.125],"rotation":0,"texture":"#0","tintindex":0},"up":{"uv":[3.0,8.625,2.5,7.25],"rotation":0,"texture":"#0","tintindex":0},"down":{"uv":[7.0,10.0,6.5,11.375],"rotation":0,"texture":"#0","tintindex":0}}},{"from":[10.791719,7.765714,6.3714285],"to":[11.93172,8.005714,9.6285715],"rotation":{"angle":-22.5,"axis":"y","origin":[8.0,8.0,8.0]},"faces":{"east":{"uv":[13.25,6.25,14.625,6.375],"rotation":0,"texture":"#0","tintindex":0},"south":{"uv":[13.5,10.5,14.0,10.625],"rotation":0,"texture":"#0","tintindex":0},"north":{"uv":[13.5,10.25,14.0,10.375],"rotation":0,"texture":"#0","tintindex":0},"west":{"uv":[13.25,6.5,14.625,6.625],"rotation":0,"texture":"#0","tintindex":0},"up":{"uv":[5.0,11.625,4.5,10.25],"rotation":0,"texture":"#0","tintindex":0},"down":{"uv":[9.25,10.25,8.75,11.625],"rotation":0,"texture":"#0","tintindex":0}}},{"from":[6.3714285,7.765714,10.791719],"to":[9.6285715,8.005714,11.93172],"rotation":{"angle":22.5,"axis":"y","origin":[8.0,8.0,8.0]},"faces":{"east":{"uv":[13.5,11.0,14.0,11.125],"rotation":0,"texture":"#0","tintindex":0},"south":{"uv":[9.75,13.25,11.125,13.375],"rotation":0,"texture":"#0","tintindex":0},"north":{"uv":[13.25,7.75,14.625,7.875],"rotation":0,"texture":"#0","tintindex":0},"west":{"uv":[11.25,13.5,11.75,13.625],"rotation":0,"texture":"#0","tintindex":0},"up":{"uv":[12.125,5.5,10.75,5.0],"rotation":0,"texture":"#0","tintindex":0},"down":{"uv":[12.125,5.5,10.75,6.0],"rotation":0,"texture":"#0","tintindex":0}}},{"from":[6.3714285,7.765714,4.06828],"to":[9.6285715,8.005714,5.2082806],"rotation":{"angle":-22.5,"axis":"y","origin":[8.0,8.0,8.0]},"faces":{"east":{"uv":[12.25,13.5,12.75,13.625],"rotation":0,"texture":"#0","tintindex":0},"south":{"uv":[13.5,2.0,14.875,2.125],"rotation":0,"texture":"#0","tintindex":0},"north":{"uv":[13.5,1.75,14.875,1.875],"rotation":0,"texture":"#0","tintindex":0},"west":{"uv":[13.5,12.25,14.0,12.375],"rotation":0,"texture":"#0","tintindex":0},"up":{"uv":[12.125,6.5,10.75,6.0],"rotation":0,"texture":"#0","tintindex":0},"down":{"uv":[12.125,6.5,10.75,7.0],"rotation":0,"texture":"#0","tintindex":0}}},{"from":[7.0,7.714286,7.0],"to":[9.0,8.8,9.0],"rotation":{"angle":0.0,"axis":"y","origin":[6.4,7.3285713,6.4]},"faces":{"east":{"uv":[12.25,6.0,13.125,6.5],"rotation":0,"texture":"#0","tintindex":0},"south":{"uv":[12.25,6.5,13.125,7.0],"rotation":0,"texture":"#0","tintindex":0},"north":{"uv":[6.0,12.25,6.875,12.75],"rotation":0,"texture":"#0","tintindex":0},"west":{"uv":[12.25,7.5,13.125,8.0],"rotation":0,"texture":"#0","tintindex":0},"up":{"uv":[10.625,8.375,9.75,7.5],"rotation":0,"texture":"#0","tintindex":0},"down":{"uv":[0.875,10.0,0.0,10.875],"rotation":0,"texture":"#0","tintindex":0}}},{"from":[6.3714285,7.765714,4.06828],"to":[9.6285715,8.005714,5.2082806],"rotation":{"angle":22.5,"axis":"y","origin":[8.0,8.0,8.0]},"faces":{"east":{"uv":[14.0,12.25,13.5,12.375],"rotation":0,"texture":"#0","tintindex":0},"south":{"uv":[14.875,2.0,13.5,2.125],"rotation":0,"texture":"#0","tintindex":0},"north":{"uv":[14.875,1.75,13.5,1.875],"rotation":0,"texture":"#0","tintindex":0},"west":{"uv":[12.75,13.5,12.25,13.625],"rotation":0,"texture":"#0","tintindex":0},"up":{"uv":[10.75,6.5,12.125,6.0],"rotation":0,"texture":"#0","tintindex":0},"down":{"uv":[10.75,6.5,12.125,7.0],"rotation":0,"texture":"#0","tintindex":0}}},{"from":[4.06828,7.765714,6.3714285],"to":[5.2082806,8.005714,9.6285715],"rotation":{"angle":-22.5,"axis":"y","origin":[8.0,8.0,8.0]},"faces":{"east":{"uv":[14.625,6.0,13.25,6.125],"rotation":0,"texture":"#0","tintindex":0},"south":{"uv":[10.75,13.5,10.25,13.625],"rotation":0,"texture":"#0","tintindex":0},"north":{"uv":[14.0,10.0,13.5,10.125],"rotation":0,"texture":"#0","tintindex":0},"west":{"uv":[14.125,9.0,12.75,9.125],"rotation":0,"texture":"#0","tintindex":0},"up":{"uv":[2.5,8.625,3.0,7.25],"rotation":0,"texture":"#0","tintindex":0},"down":{"uv":[6.5,10.0,7.0,11.375],"rotation":0,"texture":"#0","tintindex":0}}},{"from":[4.06828,7.765714,6.3714285],"to":[5.2082806,8.005714,9.6285715],"rotation":{"angle":22.5,"axis":"y","origin":[8.0,8.0,8.0]},"faces":{"east":{"uv":[14.625,6.5,13.25,6.625],"rotation":0,"texture":"#0","tintindex":0},"south":{"uv":[14.0,10.5,13.5,10.625],"rotation":0,"texture":"#0","tintindex":0},"north":{"uv":[14.0,10.25,13.5,10.375],"rotation":0,"texture":"#0","tintindex":0},"west":{"uv":[14.625,6.25,13.25,6.375],"rotation":0,"texture":"#0","tintindex":0},"up":{"uv":[4.5,11.625,5.0,10.25],"rotation":0,"texture":"#0","tintindex":0},"down":{"uv":[8.75,10.25,9.25,11.625],"rotation":0,"texture":"#0","tintindex":0}}},{"from":[6.3714285,7.765714,10.791719],"to":[9.6285715,8.005714,11.93172],"rotation":{"angle":-22.5,"axis":"y","origin":[8.0,8.0,8.0]},"faces":{"east":{"uv":[11.75,13.5,11.25,13.625],"rotation":0,"texture":"#0","tintindex":0},"south":{"uv":[11.125,13.25,9.75,13.375],"rotation":0,"texture":"#0","tintindex":0},"north":{"uv":[14.625,7.75,13.25,7.875],"rotation":0,"texture":"#0","tintindex":0},"west":{"uv":[14.0,11.0,13.5,11.125],"rotation":0,"texture":"#0","tintindex":0},"up":{"uv":[10.75,5.5,12.125,5.0],"rotation":0,"texture":"#0","tintindex":0},"down":{"uv":[10.75,5.5,12.125,6.0],"rotation":0,"texture":"#0","tintindex":0}}}],"display":{"head":{"translation":[0.0,-6.4,0.0],"scale":[4.0,4.0,4.0]}}}