{"textures":{"0":"minecraft:modelengine/entity/cannon_tier1"},"elements":[{"from":[6.1571426,6.1571426,5.941102],"to":[9.842857,9.842857,7.931388],"rotation":{"angle":0.0,"axis":"y","origin":[2.4714284,2.8400002,5.7199593]},"faces":{"east":{"uv":[9.25,9.5,9.875,10.75],"rotation":0,"texture":"#0","tintindex":0},"south":{"uv":[7.25,5.5,8.5,6.75],"rotation":0,"texture":"#0","tintindex":0},"north":{"uv":[4.5,7.0,5.75,8.25],"rotation":0,"texture":"#0","tintindex":0},"west":{"uv":[9.75,0.0,10.375,1.25],"rotation":0,"texture":"#0","tintindex":0},"up":{"uv":[11.0,1.875,9.75,1.25],"rotation":0,"texture":"#0","tintindex":0},"down":{"uv":[11.0,2.0,9.75,2.625],"rotation":0,"texture":"#0","tintindex":0}}},{"from":[6.3414288,6.3414288,5.0196733],"to":[9.658571,9.658571,5.941102],"rotation":{"angle":0.0,"axis":"y","origin":[2.4714284,2.8400002,5.7199593]},"faces":{"east":{"uv":[12.25,8.0,12.625,9.125],"rotation":0,"texture":"#0","tintindex":0},"south":{"uv":[8.75,3.0,9.875,4.125],"rotation":0,"texture":"#0","tintindex":0},"north":{"uv":[4.5,8.25,5.625,9.375],"rotation":0,"texture":"#0","tintindex":0},"west":{"uv":[9.25,12.25,9.625,13.375],"rotation":0,"texture":"#0","tintindex":0},"up":{"uv":[11.625,12.625,10.5,12.25],"rotation":0,"texture":"#0","tintindex":0},"down":{"uv":[12.875,12.25,11.75,12.625],"rotation":0,"texture":"#0","tintindex":0}}},{"from":[6.1571426,6.1571426,4.0982447],"to":[9.842857,9.842857,5.0196733],"rotation":{"angle":0.0,"axis":"y","origin":[2.4714284,2.8400002,4.7985306]},"faces":{"east":{"uv":[3.0,5.75,3.375,7.0],"rotation":0,"texture":"#0","tintindex":0},"south":{"uv":[0.0,8.0,1.25,9.25],"rotation":0,"texture":"#0","tintindex":0},"north":{"uv":[7.5,4.25,8.75,5.5],"rotation":0,"texture":"#0","tintindex":0},"west":{"uv":[5.5,11.75,5.875,13.0],"rotation":0,"texture":"#0","tintindex":0},"up":{"uv":[13.25,2.625,12.0,2.25],"rotation":0,"texture":"#0","tintindex":0},"down":{"uv":[2.75,12.25,1.5,12.625],"rotation":0,"texture":"#0","tintindex":0}}},{"from":[8.737143,6.5257144,3.913959],"to":[9.474286,9.474286,4.0982447],"rotation":{"angle":0.0,"axis":"y","origin":[2.4714284,2.8400002,4.7985306]},"faces":{"east":{"uv":[7.0,13.5,7.125,14.5],"rotation":0,"texture":"#0","tintindex":0},"south":{"uv":[6.75,12.75,7.0,13.75],"rotation":0,"texture":"#0","tintindex":0},"north":{"uv":[5.0,12.75,5.25,13.75],"rotation":0,"texture":"#0","tintindex":0},"west":{"uv":[7.25,13.5,7.375,14.5],"rotation":0,"texture":"#0","tintindex":0},"up":{"uv":[10.0,2.875,9.75,2.75],"rotation":0,"texture":"#0","tintindex":0},"down":{"uv":[11.0,11.25,10.75,11.375],"rotation":0,"texture":"#0","tintindex":0}}},{"from":[6.5257144,6.5257144,3.913959],"to":[7.262857,9.474286,4.0982447],"rotation":{"angle":0.0,"axis":"y","origin":[13.528572,2.8400002,4.7985306]},"faces":{"east":{"uv":[7.5,13.5,7.625,14.5],"rotation":0,"texture":"#0","tintindex":0},"south":{"uv":[2.0,13.25,2.25,14.25],"rotation":0,"texture":"#0","tintindex":0},"north":{"uv":[1.75,13.25,2.0,14.25],"rotation":0,"texture":"#0","tintindex":0},"west":{"uv":[9.25,13.5,9.375,14.5],"rotation":0,"texture":"#0","tintindex":0},"up":{"uv":[10.75,12.125,10.5,12.0],"rotation":0,"texture":"#0","tintindex":0},"down":{"uv":[1.0,13.75,0.75,13.875],"rotation":0,"texture":"#0","tintindex":0}}},{"from":[7.262857,8.737143,3.913959],"to":[8.737143,9.474286,4.0982447],"rotation":{"angle":0.0,"axis":"y","origin":[13.528572,2.8400002,4.7985306]},"faces":{"east":{"uv":[13.75,0.75,13.875,1.0],"rotation":0,"texture":"#0","tintindex":0},"south":{"uv":[13.5,7.25,14.0,7.5],"rotation":0,"texture":"#0","tintindex":0},"north":{"uv":[13.5,7.0,14.0,7.25],"rotation":0,"texture":"#0","tintindex":0},"west":{"uv":[1.0,13.75,1.125,14.0],"rotation":0,"texture":"#0","tintindex":0},"up":{"uv":[14.0,12.875,13.5,12.75],"rotation":0,"texture":"#0","tintindex":0},"down":{"uv":[14.0,13.0,13.5,13.125],"rotation":0,"texture":"#0","tintindex":0}}},{"from":[7.262857,6.5257144,3.913959],"to":[8.737143,7.262857,4.0982447],"rotation":{"angle":0.0,"axis":"y","origin":[13.528572,0.8128567,4.7985306]},"faces":{"east":{"uv":[13.75,1.0,13.875,1.25],"rotation":0,"texture":"#0","tintindex":0},"south":{"uv":[13.5,8.75,14.0,9.0],"rotation":0,"texture":"#0","tintindex":0},"north":{"uv":[13.5,8.5,14.0,8.75],"rotation":0,"texture":"#0","tintindex":0},"west":{"uv":[1.25,13.75,1.375,14.0],"rotation":0,"texture":"#0","tintindex":0},"up":{"uv":[13.75,13.625,13.25,13.5],"rotation":0,"texture":"#0","tintindex":0},"down":{"uv":[0.75,13.75,0.25,13.875],"rotation":0,"texture":"#0","tintindex":0}}}],"display":{"head":{"translation":[0.0,-6.4,0.0],"scale":[4.0,4.0,4.0]}}}