{"textures":{"0":"minecraft:modelengine/entity/cannon_tier1"},"elements":[{"from":[6.083686,8.110572,4.365903],"to":[9.916829,11.943714,6.577331],"rotation":{"angle":0.0,"axis":"y","origin":[2.471686,4.8671427,4.365903]},"faces":{"east":{"uv":[8.75,4.25,9.5,5.5],"rotation":0,"texture":"#0","tintindex":0},"south":{"uv":[7.5,3.0,8.75,4.25],"rotation":0,"texture":"#0","tintindex":0},"north":{"uv":[7.25,6.75,8.5,8.0],"rotation":0,"texture":"#0","tintindex":0},"west":{"uv":[9.0,7.5,9.75,8.75],"rotation":0,"texture":"#0","tintindex":0},"up":{"uv":[10.25,9.5,9.0,8.75],"rotation":0,"texture":"#0","tintindex":0},"down":{"uv":[1.25,9.25,0.0,10.0],"rotation":0,"texture":"#0","tintindex":0}}},{"from":[5.7151146,7.742,6.577331],"to":[10.2854,12.312286,7.277617],"rotation":{"angle":0.0,"axis":"y","origin":[2.471686,4.8671427,4.365903]},"faces":{"east":{"uv":[8.75,12.5,9.0,14.0],"rotation":0,"texture":"#0","tintindex":0},"south":{"uv":[5.0,1.5,6.5,3.0],"rotation":0,"texture":"#0","tintindex":0},"north":{"uv":[5.0,0.0,6.5,1.5],"rotation":0,"texture":"#0","tintindex":0},"west":{"uv":[9.0,12.5,9.25,14.0],"rotation":0,"texture":"#0","tintindex":0},"up":{"uv":[14.0,10.0,12.5,9.75],"rotation":0,"texture":"#0","tintindex":0},"down":{"uv":[14.0,12.0,12.5,12.25],"rotation":0,"texture":"#0","tintindex":0}}},{"from":[5.825686,7.8525715,8.78876],"to":[10.1748295,12.2017145,11.3319025],"rotation":{"angle":0.0,"axis":"y","origin":[2.471686,4.8671427,6.577331]},"faces":{"east":{"uv":[7.0,8.0,7.875,9.5],"rotation":0,"texture":"#0","tintindex":0},"south":{"uv":[5.0,5.5,6.5,7.0],"rotation":0,"texture":"#0","tintindex":0},"north":{"uv":[3.5,5.5,5.0,7.0],"rotation":0,"texture":"#0","tintindex":0},"west":{"uv":[8.0,8.0,8.875,9.5],"rotation":0,"texture":"#0","tintindex":0},"up":{"uv":[10.0,6.375,8.5,5.5],"rotation":0,"texture":"#0","tintindex":0},"down":{"uv":[10.0,6.5,8.5,7.375],"rotation":0,"texture":"#0","tintindex":0}}},{"from":[5.8994,7.9262857,7.0933313],"to":[10.101114,12.128,8.78876],"rotation":{"angle":0.0,"axis":"y","origin":[2.471686,4.8671427,6.577331]},"faces":{"east":{"uv":[5.0,9.5,5.625,10.875],"rotation":0,"texture":"#0","tintindex":0},"south":{"uv":[1.5,5.75,2.875,7.125],"rotation":0,"texture":"#0","tintindex":0},"north":{"uv":[0.0,5.75,1.375,7.125],"rotation":0,"texture":"#0","tintindex":0},"west":{"uv":[7.0,9.5,7.625,10.875],"rotation":0,"texture":"#0","tintindex":0},"up":{"uv":[10.875,4.875,9.5,4.25],"rotation":0,"texture":"#0","tintindex":0},"down":{"uv":[9.125,9.5,7.75,10.125],"rotation":0,"texture":"#0","tintindex":0}}},{"from":[5.6414003,7.668286,9.968188],"to":[10.359115,12.386,10.668474],"rotation":{"angle":0.0,"axis":"y","origin":[2.471686,4.8671427,7.7567596]},"faces":{"east":{"uv":[5.25,12.25,5.5,13.875],"rotation":0,"texture":"#0","tintindex":0},"south":{"uv":[1.75,4.0,3.375,5.625],"rotation":0,"texture":"#0","tintindex":0},"north":{"uv":[0.0,4.0,1.625,5.625],"rotation":0,"texture":"#0","tintindex":0},"west":{"uv":[0.0,12.5,0.25,14.125],"rotation":0,"texture":"#0","tintindex":0},"up":{"uv":[6.625,4.0,5.0,3.75],"rotation":0,"texture":"#0","tintindex":0},"down":{"uv":[14.125,0.0,12.5,0.25],"rotation":0,"texture":"#0","tintindex":0}}},{"from":[6.067837,8.094723,11.29919],"to":[9.932677,11.959563,12.087933],"rotation":{"angle":0.0,"axis":"y","origin":[7.9953275,10.0271435,11.799233]},"faces":{"east":{"uv":[12.75,3.75,13.0,5.0],"rotation":0,"texture":"#0","tintindex":0},"south":{"uv":[5.75,8.0,7.0,9.25],"rotation":0,"texture":"#0","tintindex":0},"north":{"uv":[1.25,8.0,2.5,9.25],"rotation":0,"texture":"#0","tintindex":0},"west":{"uv":[4.25,12.75,4.5,14.0],"rotation":0,"texture":"#0","tintindex":0},"up":{"uv":[14.0,8.25,12.75,8.0],"rotation":0,"texture":"#0","tintindex":0},"down":{"uv":[14.0,8.25,12.75,8.5],"rotation":0,"texture":"#0","tintindex":0}}},{"from":[6.097415,8.3523,11.543473],"to":[9.9031,10.442469,12.805462],"rotation":{"angle":22.5,"axis":"x","origin":[8.005187,10.0271435,11.799233]},"faces":{"east":{"uv":[13.0,3.75,13.375,4.5],"rotation":0,"texture":"#0","tintindex":0},"south":{"uv":[5.75,9.25,7.0,10.0],"rotation":0,"texture":"#0","tintindex":0},"north":{"uv":[1.25,9.25,2.5,10.0],"rotation":0,"texture":"#0","tintindex":0},"west":{"uv":[5.5,13.0,5.875,13.75],"rotation":0,"texture":"#0","tintindex":0},"up":{"uv":[4.0,12.625,2.75,12.25],"rotation":0,"texture":"#0","tintindex":0},"down":{"uv":[5.25,12.25,4.0,12.625],"rotation":0,"texture":"#0","tintindex":0}}},{"from":[6.097415,9.611817,11.543473],"to":[9.9031,11.701986,12.805462],"rotation":{"angle":-22.5,"axis":"x","origin":[8.005187,10.0271435,11.799233]},"faces":{"east":{"uv":[7.75,13.0,8.125,13.75],"rotation":0,"texture":"#0","tintindex":0},"south":{"uv":[3.75,9.5,5.0,10.25],"rotation":0,"texture":"#0","tintindex":0},"north":{"uv":[2.5,9.5,3.75,10.25],"rotation":0,"texture":"#0","tintindex":0},"west":{"uv":[8.25,13.0,8.625,13.75],"rotation":0,"texture":"#0","tintindex":0},"up":{"uv":[13.5,5.375,12.25,5.0],"rotation":0,"texture":"#0","tintindex":0},"down":{"uv":[13.5,5.5,12.25,5.875],"rotation":0,"texture":"#0","tintindex":0}}},{"from":[7.103605,9.83194,13.300741],"to":[8.892277,10.81432,13.893875],"rotation":{"angle":-22.5,"axis":"x","origin":[8.0002575,10.0271435,13.420948]},"faces":{"east":{"uv":[13.5,9.25,13.75,9.625],"rotation":0,"texture":"#0","tintindex":0},"south":{"uv":[13.25,2.25,13.875,2.625],"rotation":0,"texture":"#0","tintindex":0},"north":{"uv":[2.25,13.25,2.875,13.625],"rotation":0,"texture":"#0","tintindex":0},"west":{"uv":[9.5,13.5,9.75,13.875],"rotation":0,"texture":"#0","tintindex":0},"up":{"uv":[7.375,4.0,6.75,3.75],"rotation":0,"texture":"#0","tintindex":0},"down":{"uv":[7.625,13.25,7.0,13.5],"rotation":0,"texture":"#0","tintindex":0}}},{"from":[7.103605,9.239966,13.300741],"to":[8.892277,10.222346,13.893875],"rotation":{"angle":22.5,"axis":"x","origin":[8.0002575,10.0271435,13.420948]},"faces":{"east":{"uv":[9.75,13.5,10.0,13.875],"rotation":0,"texture":"#0","tintindex":0},"south":{"uv":[6.0,13.25,6.625,13.625],"rotation":0,"texture":"#0","tintindex":0},"north":{"uv":[3.0,13.25,3.625,13.625],"rotation":0,"texture":"#0","tintindex":0},"west":{"uv":[10.0,13.5,10.25,13.875],"rotation":0,"texture":"#0","tintindex":0},"up":{"uv":[14.125,3.5,13.5,3.25],"rotation":0,"texture":"#0","tintindex":0},"down":{"uv":[14.125,3.5,13.5,3.75],"rotation":0,"texture":"#0","tintindex":0}}},{"from":[7.09202,9.118906,12.227642],"to":[8.908495,10.935381,13.556637],"rotation":{"angle":0.0,"axis":"y","origin":[7.9979405,10.0271435,13.420948]},"faces":{"east":{"uv":[2.5,8.75,3.0,9.375],"rotation":0,"texture":"#0","tintindex":0},"south":{"uv":[7.0,12.5,7.625,13.125],"rotation":0,"texture":"#0","tintindex":0},"north":{"uv":[0.25,12.5,0.875,13.125],"rotation":0,"texture":"#0","tintindex":0},"west":{"uv":[4.5,12.75,5.0,13.375],"rotation":0,"texture":"#0","tintindex":0},"up":{"uv":[6.625,13.25,6.0,12.75],"rotation":0,"texture":"#0","tintindex":0},"down":{"uv":[13.375,8.5,12.75,9.0],"rotation":0,"texture":"#0","tintindex":0}}}],"display":{"head":{"translation":[0.0,-6.4,0.0],"scale":[4.0,4.0,4.0]}}}