{"textures":{"0":"minecraft:modelengine/entity/cannon_tier1"},"elements":[{"from":[6.8021026,7.7508607,7.5887523],"to":[9.197897,8.665147,9.345896],"rotation":{"angle":-45.0,"axis":"x","origin":[8.0,8.093718,8.231609]},"faces":{"east":{"uv":[9.75,12.75,10.5,13.125],"rotation":0,"texture":"#0","tintindex":0},"south":{"uv":[12.5,7.0,13.5,7.375],"rotation":0,"texture":"#0","tintindex":0},"north":{"uv":[12.5,0.25,13.5,0.625],"rotation":0,"texture":"#0","tintindex":0},"west":{"uv":[12.75,10.0,13.5,10.375],"rotation":0,"texture":"#0","tintindex":0},"up":{"uv":[3.5,11.0,2.5,10.25],"rotation":0,"texture":"#0","tintindex":0},"down":{"uv":[4.5,10.25,3.5,11.0],"rotation":0,"texture":"#0","tintindex":0}}},{"from":[6.787817,6.900353,7.3729796],"to":[9.212183,8.04321,8.658694],"rotation":{"angle":0.0,"axis":"y","origin":[8.0,7.4717817,8.015837]},"faces":{"east":{"uv":[6.5,2.5,7.125,3.0],"rotation":0,"texture":"#0","tintindex":0},"south":{"uv":[1.5,11.75,2.5,12.25],"rotation":0,"texture":"#0","tintindex":0},"north":{"uv":[11.5,7.0,12.5,7.5],"rotation":0,"texture":"#0","tintindex":0},"west":{"uv":[10.0,3.75,10.625,4.25],"rotation":0,"texture":"#0","tintindex":0},"up":{"uv":[8.0,11.625,7.0,11.0],"rotation":0,"texture":"#0","tintindex":0},"down":{"uv":[12.0,10.0,11.0,10.625],"rotation":0,"texture":"#0","tintindex":0}}},{"from":[7.4163885,7.6134386,7.4626064],"to":[8.5836115,8.799153,8.162606],"rotation":{"angle":22.5,"axis":"x","origin":[8.0,8.563438,7.691178]},"faces":{"east":{"uv":[9.75,10.75,10.0,11.25],"rotation":0,"texture":"#0","tintindex":0},"south":{"uv":[9.5,5.0,10.0,5.5],"rotation":0,"texture":"#0","tintindex":0},"north":{"uv":[8.5,7.5,9.0,8.0],"rotation":0,"texture":"#0","tintindex":0},"west":{"uv":[10.75,10.0,11.0,10.5],"rotation":0,"texture":"#0","tintindex":0},"up":{"uv":[10.25,8.75,9.75,8.5],"rotation":0,"texture":"#0","tintindex":0},"down":{"uv":[10.75,9.25,10.25,9.5],"rotation":0,"texture":"#0","tintindex":0}}}],"display":{"head":{"translation":[0.0,-6.4,0.0],"scale":[4.0,4.0,4.0]}}}