{"textures":{"0":"minecraft:modelengine/entity/frog_green"},"elements":[{"from":[3.1071424,5.126771,2.497414],"to":[12.892858,11.983913,8.2116995],"rotation":{"angle":0.0,"axis":"y","origin":[8.035714,9.698199,8.497414]},"faces":{"east":{"uv":[2.375,6.875,3.625,8.375],"rotation":0,"texture":"#0","tintindex":0},"south":{"uv":[4.25,0.0,6.375,1.5],"rotation":0,"texture":"#0","tintindex":0},"north":{"uv":[2.0,3.5,4.125,5.0],"rotation":0,"texture":"#0","tintindex":0},"west":{"uv":[7.875,7.125,9.125,8.625],"rotation":0,"texture":"#0","tintindex":0},"up":{"uv":[8.375,7.0,6.25,5.75],"rotation":0,"texture":"#0","tintindex":0},"down":{"uv":[8.625,0.0,6.5,1.25],"rotation":0,"texture":"#0","tintindex":0}}},{"from":[2.8428574,6.555342,3.0688424],"to":[13.157143,12.269629,8.783129],"rotation":{"angle":0.0,"axis":"y","origin":[8.3,9.412485,8.497414]},"faces":{"east":{"uv":[1.75,8.5,3.0,9.75],"rotation":0,"texture":"#0","tintindex":0},"south":{"uv":[6.25,1.625,8.5,2.875],"rotation":0,"texture":"#0","tintindex":0},"north":{"uv":[0.0,5.75,2.25,7.0],"rotation":0,"texture":"#0","tintindex":0},"west":{"uv":[8.625,1.375,9.875,2.625],"rotation":0,"texture":"#0","tintindex":0},"up":{"uv":[8.5,4.25,6.25,3.0],"rotation":0,"texture":"#0","tintindex":0},"down":{"uv":[8.5,4.375,6.25,5.625],"rotation":0,"texture":"#0","tintindex":0}}},{"from":[2.8571424,11.60881,7.2065024],"to":[13.142858,12.751667,10.063645],"rotation":{"angle":-45.0,"axis":"x","origin":[8.0,12.180239,8.3493595]},"faces":{"east":{"uv":[8.5,6.625,9.125,6.875],"rotation":0,"texture":"#0","tintindex":0},"south":{"uv":[13.0,8.25,15.25,8.5],"rotation":0,"texture":"#0","tintindex":0},"north":{"uv":[12.875,12.75,15.125,13.0],"rotation":0,"texture":"#0","tintindex":0},"west":{"uv":[10.25,4.625,10.875,4.875],"rotation":0,"texture":"#0","tintindex":0},"up":{"uv":[10.875,5.625,8.625,5.0],"rotation":0,"texture":"#0","tintindex":0},"down":{"uv":[11.5,7.75,9.25,8.375],"rotation":0,"texture":"#0","tintindex":0}}},{"from":[2.8571424,13.665991,9.813511],"to":[13.142858,17.094563,9.813511],"rotation":{"angle":22.5,"axis":"x","origin":[8.0,15.380276,9.813511]},"faces":{"east":{"uv":[4.0,5.125,4.0,5.875],"rotation":0,"texture":"#0","tintindex":0},"south":{"uv":[8.5,5.75,10.75,6.5],"rotation":0,"texture":"#0","tintindex":0},"north":{"uv":[5.5,8.375,7.75,9.125],"rotation":0,"texture":"#0","tintindex":0},"west":{"uv":[4.125,5.125,4.125,5.875],"rotation":0,"texture":"#0","tintindex":0},"up":{"uv":[15.375,12.625,13.125,12.625],"rotation":0,"texture":"#0","tintindex":0},"down":{"uv":[15.5,11.5,13.25,11.5],"rotation":0,"texture":"#0","tintindex":0}}},{"from":[2.8571424,4.8410563,5.9259853],"to":[13.142858,6.555342,7.640271],"rotation":{"angle":0.0,"axis":"y","origin":[8.285714,9.698199,8.497414]},"faces":{"east":{"uv":[5.625,6.625,6.0,7.0],"rotation":0,"texture":"#0","tintindex":0},"south":{"uv":[11.875,2.25,14.125,2.625],"rotation":0,"texture":"#0","tintindex":0},"north":{"uv":[11.625,7.75,13.875,8.125],"rotation":0,"texture":"#0","tintindex":0},"west":{"uv":[7.125,10.875,7.5,11.25],"rotation":0,"texture":"#0","tintindex":0},"up":{"uv":[14.125,3.125,11.875,2.75],"rotation":0,"texture":"#0","tintindex":0},"down":{"uv":[14.125,3.25,11.875,3.625],"rotation":0,"texture":"#0","tintindex":0}}}],"display":{"head":{"translation":[0.0,-6.4,0.0],"scale":[4.0,4.0,4.0]}}}