{"textures":{"0":"minecraft:modelengine/entity/frog_green"},"elements":[{"from":[3.7142854,10.342857,-0.08571434],"to":[12.285715,13.200001,8.485714],"rotation":{"angle":0.0,"axis":"y","origin":[8.0,5.485714,11.914286]},"faces":{"east":{"uv":[0.0,10.75,1.875,11.375],"rotation":0,"texture":"#0","tintindex":0},"south":{"uv":[5.125,10.875,7.0,11.5],"rotation":0,"texture":"#0","tintindex":0},"north":{"uv":[3.125,10.5,5.0,11.125],"rotation":0,"texture":"#0","tintindex":0},"west":{"uv":[10.875,5.75,12.75,6.375],"rotation":0,"texture":"#0","tintindex":0},"up":{"uv":[1.875,1.875,0.0,0.0],"rotation":0,"texture":"#0","tintindex":0},"down":{"uv":[1.875,2.0,0.0,3.875],"rotation":0,"texture":"#0","tintindex":0}}},{"from":[3.142857,10.914286,3.3428574],"to":[6.0,13.771429,6.7714286],"rotation":{"angle":22.5,"axis":"z","origin":[4.5714283,12.342857,5.0571427]},"faces":{"east":{"uv":[13.125,11.625,13.875,12.25],"rotation":0,"texture":"#0","tintindex":0},"south":{"uv":[0.75,13.75,1.375,14.375],"rotation":0,"texture":"#0","tintindex":0},"north":{"uv":[0.0,13.75,0.625,14.375],"rotation":0,"texture":"#0","tintindex":0},"west":{"uv":[12.875,13.125,13.625,13.75],"rotation":0,"texture":"#0","tintindex":0},"up":{"uv":[10.0,11.125,9.375,10.375],"rotation":0,"texture":"#0","tintindex":0},"down":{"uv":[13.875,1.375,13.25,2.125],"rotation":0,"texture":"#0","tintindex":0}}},{"from":[10.0,10.914286,3.3428574],"to":[12.857143,13.771429,6.7714286],"rotation":{"angle":-22.5,"axis":"z","origin":[11.428572,12.342857,5.0571427]},"faces":{"east":{"uv":[10.625,13.25,11.375,13.875],"rotation":0,"texture":"#0","tintindex":0},"south":{"uv":[9.5,13.75,10.125,14.375],"rotation":0,"texture":"#0","tintindex":0},"north":{"uv":[13.75,6.875,14.375,7.5],"rotation":0,"texture":"#0","tintindex":0},"west":{"uv":[1.75,13.5,2.5,14.125],"rotation":0,"texture":"#0","tintindex":0},"up":{"uv":[3.25,14.375,2.625,13.625],"rotation":0,"texture":"#0","tintindex":0},"down":{"uv":[4.0,13.625,3.375,14.375],"rotation":0,"texture":"#0","tintindex":0}}},{"from":[3.7142854,6.9142857,6.7714286],"to":[12.285715,10.342857,8.485714],"rotation":{"angle":0.0,"axis":"y","origin":[8.0,6.9142857,12.771429]},"faces":{"east":{"uv":[3.125,8.5,3.5,9.25],"rotation":0,"texture":"#0","tintindex":0},"south":{"uv":[0.0,9.875,1.875,10.625],"rotation":0,"texture":"#0","tintindex":0},"north":{"uv":[3.125,9.625,5.0,10.375],"rotation":0,"texture":"#0","tintindex":0},"west":{"uv":[12.375,13.625,12.75,14.375],"rotation":0,"texture":"#0","tintindex":0},"up":{"uv":[14.75,1.25,12.875,0.875],"rotation":0,"texture":"#0","tintindex":0},"down":{"uv":[14.75,6.375,12.875,6.75],"rotation":0,"texture":"#0","tintindex":0}}}],"display":{"head":{"translation":[0.0,-6.4,0.0],"scale":[4.0,4.0,4.0]}}}