{"textures":{"0":"minecraft:modelengine/entity/frog_green"},"elements":[{"from":[3.142857,3.142857,0.85714245],"to":[12.857143,8.285714,8.285714],"rotation":{"angle":0.0,"axis":"y","origin":[8.0,5.714286,4.285714]},"faces":{"east":{"uv":[0.0,8.375,1.625,9.5],"rotation":0,"texture":"#0","tintindex":0},"south":{"uv":[5.625,7.125,7.75,8.25],"rotation":0,"texture":"#0","tintindex":0},"north":{"uv":[0.0,7.125,2.125,8.25],"rotation":0,"texture":"#0","tintindex":0},"west":{"uv":[3.75,8.375,5.375,9.5],"rotation":0,"texture":"#0","tintindex":0},"up":{"uv":[4.125,1.625,2.0,0.0],"rotation":0,"texture":"#0","tintindex":0},"down":{"uv":[4.125,1.75,2.0,3.375],"rotation":0,"texture":"#0","tintindex":0}}}],"display":{"head":{"translation":[0.0,-6.4,0.0],"scale":[4.0,4.0,4.0]}}}