{"textures":{"0":"minecraft:modelengine/entity/frog_green"},"elements":[{"from":[7.5478306,3.5435705,6.480079],"to":[10.976402,9.257856,9.337222],"rotation":{"angle":22.5,"axis":"z","origin":[10.11926,5.2578564,7.337222]},"faces":{"east":{"uv":[6.125,11.625,6.75,12.875],"rotation":0,"texture":"#0","tintindex":0},"south":{"uv":[8.0,11.375,8.75,12.625],"rotation":0,"texture":"#0","tintindex":0},"north":{"uv":[7.125,11.375,7.875,12.625],"rotation":0,"texture":"#0","tintindex":0},"west":{"uv":[12.0,3.75,12.625,5.0],"rotation":0,"texture":"#0","tintindex":0},"up":{"uv":[14.0,10.125,13.25,9.5],"rotation":0,"texture":"#0","tintindex":0},"down":{"uv":[14.0,10.25,13.25,10.875],"rotation":0,"texture":"#0","tintindex":0}}}],"display":{"head":{"translation":[0.0,-6.4,0.0],"scale":[4.0,4.0,4.0]}}}