{"textures":{"0":"minecraft:modelengine/entity/frog_green"},"elements":[{"from":[6.207143,3.3440742,7.745188],"to":[10.207143,8.486932,11.745188],"rotation":{"angle":-22.5,"axis":"x","origin":[8.492857,3.0583596,9.173759]},"faces":{"east":{"uv":[11.125,1.0,12.0,2.125],"rotation":0,"texture":"#0","tintindex":0},"south":{"uv":[3.125,11.25,4.0,12.375],"rotation":0,"texture":"#0","tintindex":0},"north":{"uv":[10.875,6.5,11.75,7.625],"rotation":0,"texture":"#0","tintindex":0},"west":{"uv":[4.125,11.25,5.0,12.375],"rotation":0,"texture":"#0","tintindex":0},"up":{"uv":[12.75,7.375,11.875,6.5],"rotation":0,"texture":"#0","tintindex":0},"down":{"uv":[13.125,9.625,12.25,10.5],"rotation":0,"texture":"#0","tintindex":0}}}],"display":{"head":{"translation":[0.0,-6.4,0.0],"scale":[4.0,4.0,4.0]}}}