{"textures":{"0":"minecraft:modelengine/entity/frog_green"},"elements":[{"from":[6.2904763,3.697257,5.6146245],"to":[9.719048,8.268686,9.043196],"rotation":{"angle":22.5,"axis":"x","origin":[8.576191,6.5544,7.7574816]},"faces":{"east":{"uv":[3.0,12.5,3.75,13.5],"rotation":0,"texture":"#0","tintindex":0},"south":{"uv":[3.875,12.5,4.625,13.5],"rotation":0,"texture":"#0","tintindex":0},"north":{"uv":[12.25,11.625,13.0,12.625],"rotation":0,"texture":"#0","tintindex":0},"west":{"uv":[0.875,12.625,1.625,13.625],"rotation":0,"texture":"#0","tintindex":0},"up":{"uv":[0.75,13.625,0.0,12.875],"rotation":0,"texture":"#0","tintindex":0},"down":{"uv":[13.625,6.875,12.875,7.625],"rotation":0,"texture":"#0","tintindex":0}}}],"display":{"head":{"translation":[0.0,-6.4,0.0],"scale":[4.0,4.0,4.0]}}}