{"textures":{"0":"minecraft:modelengine/entity/frog_green"},"elements":[{"from":[5.75,6.428571,6.0],"to":[10.25,8.142858,9.428572],"rotation":{"angle":0.0,"axis":"y","origin":[8.007143,9.285714,8.714286]},"faces":{"east":{"uv":[6.375,13.875,7.125,14.25],"rotation":0,"texture":"#0","tintindex":0},"south":{"uv":[13.75,13.125,14.75,13.5],"rotation":0,"texture":"#0","tintindex":0},"north":{"uv":[13.25,11.0,14.25,11.375],"rotation":0,"texture":"#0","tintindex":0},"west":{"uv":[7.25,13.875,8.0,14.25],"rotation":0,"texture":"#0","tintindex":0},"up":{"uv":[13.125,2.125,12.125,1.375],"rotation":0,"texture":"#0","tintindex":0},"down":{"uv":[2.75,12.625,1.75,13.375],"rotation":0,"texture":"#0","tintindex":0}}},{"from":[5.75,6.428571,-0.2857151],"to":[10.25,6.428571,6.0],"rotation":{"angle":0.0,"axis":"y","origin":[8.007143,9.285714,8.714286]},"faces":{"east":{"uv":[0.0,9.75,1.375,9.75],"rotation":0,"texture":"#0","tintindex":0},"south":{"uv":[13.125,12.375,14.125,12.375],"rotation":0,"texture":"#0","tintindex":0},"north":{"uv":[8.75,1.25,9.75,1.25],"rotation":0,"texture":"#0","tintindex":0},"west":{"uv":[13.125,12.5,14.5,12.5],"rotation":0,"texture":"#0","tintindex":0},"up":{"uv":[3.0,11.25,2.0,9.875],"rotation":0,"texture":"#0","tintindex":0},"down":{"uv":[11.0,1.125,10.0,2.5],"rotation":0,"texture":"#0","tintindex":0}}}],"display":{"head":{"translation":[0.0,-6.4,0.0],"scale":[4.0,4.0,4.0]}}}