{"textures":{"0":"minecraft:modelengine/entity/frog_green"},"elements":[{"from":[2.6033497,5.3684225,6.002917],"to":[9.460493,9.939851,10.002916],"rotation":{"angle":-22.5,"axis":"z","origin":[6.0319214,8.225565,8.002916]},"faces":{"east":{"uv":[11.0,4.625,11.875,5.625],"rotation":0,"texture":"#0","tintindex":0},"south":{"uv":[8.625,3.875,10.125,4.875],"rotation":0,"texture":"#0","tintindex":0},"north":{"uv":[8.625,2.75,10.125,3.75],"rotation":0,"texture":"#0","tintindex":0},"west":{"uv":[0.875,11.5,1.75,12.5],"rotation":0,"texture":"#0","tintindex":0},"up":{"uv":[11.75,3.5,10.25,2.625],"rotation":0,"texture":"#0","tintindex":0},"down":{"uv":[11.75,3.625,10.25,4.5],"rotation":0,"texture":"#0","tintindex":0}}}],"display":{"head":{"translation":[0.0,-6.4,0.0],"scale":[4.0,4.0,4.0]}}}