{"textures":{"0":"minecraft:modelengine/entity/frog_green"},"elements":[{"from":[5.069375,6.714286,-0.59033394],"to":[9.640803,6.714286,6.266809],"rotation":{"angle":22.5,"axis":"y","origin":[6.4979463,7.142857,6.123952]},"faces":{"east":{"uv":[6.5,1.5,8.0,1.5],"rotation":0,"texture":"#0","tintindex":0},"south":{"uv":[8.75,1.125,9.75,1.125],"rotation":0,"texture":"#0","tintindex":0},"north":{"uv":[6.5,1.375,7.5,1.375],"rotation":0,"texture":"#0","tintindex":0},"west":{"uv":[0.0,9.625,1.5,9.625],"rotation":0,"texture":"#0","tintindex":0},"up":{"uv":[8.875,10.25,7.875,8.75],"rotation":0,"texture":"#0","tintindex":0},"down":{"uv":[10.0,8.75,9.0,10.25],"rotation":0,"texture":"#0","tintindex":0}}},{"from":[5.717545,6.714286,5.811095],"to":[10.2175455,8.428572,9.239667],"rotation":{"angle":22.5,"axis":"y","origin":[7.967545,7.5714283,7.525381]},"faces":{"east":{"uv":[14.0,0.0,14.75,0.375],"rotation":0,"texture":"#0","tintindex":0},"south":{"uv":[13.875,4.25,14.875,4.625],"rotation":0,"texture":"#0","tintindex":0},"north":{"uv":[4.125,13.875,5.125,14.25],"rotation":0,"texture":"#0","tintindex":0},"west":{"uv":[14.0,1.375,14.75,1.75],"rotation":0,"texture":"#0","tintindex":0},"up":{"uv":[9.625,13.5,8.625,12.75],"rotation":0,"texture":"#0","tintindex":0},"down":{"uv":[12.75,12.75,11.75,13.5],"rotation":0,"texture":"#0","tintindex":0}}}],"display":{"head":{"translation":[0.0,-6.4,0.0],"scale":[4.0,4.0,4.0]}}}