{"textures":{"0":"minecraft:modelengine/entity/frog_green"},"elements":[{"from":[5.792857,3.3440742,7.745188],"to":[9.792857,8.486932,11.745188],"rotation":{"angle":-22.5,"axis":"x","origin":[7.507143,3.0583596,9.173759]},"faces":{"east":{"uv":[5.0,11.25,4.125,12.375],"rotation":0,"texture":"#0","tintindex":0},"south":{"uv":[4.0,11.25,3.125,12.375],"rotation":0,"texture":"#0","tintindex":0},"north":{"uv":[11.75,6.5,10.875,7.625],"rotation":0,"texture":"#0","tintindex":0},"west":{"uv":[12.0,1.0,11.125,2.125],"rotation":0,"texture":"#0","tintindex":0},"up":{"uv":[11.875,7.375,12.75,6.5],"rotation":0,"texture":"#0","tintindex":0},"down":{"uv":[12.25,9.625,13.125,10.5],"rotation":0,"texture":"#0","tintindex":0}}}],"display":{"head":{"translation":[0.0,-6.4,0.0],"scale":[4.0,4.0,4.0]}}}