{"textures":{"0":"minecraft:modelengine/entity/frog_green"},"elements":[{"from":[6.359196,6.714286,-0.59033394],"to":[10.930625,6.714286,6.266809],"rotation":{"angle":-22.5,"axis":"y","origin":[9.502053,7.142857,6.123952]},"faces":{"east":{"uv":[1.5,9.625,0.0,9.625],"rotation":0,"texture":"#0","tintindex":0},"south":{"uv":[9.75,1.125,8.75,1.125],"rotation":0,"texture":"#0","tintindex":0},"north":{"uv":[7.5,1.375,6.5,1.375],"rotation":0,"texture":"#0","tintindex":0},"west":{"uv":[8.0,1.5,6.5,1.5],"rotation":0,"texture":"#0","tintindex":0},"up":{"uv":[7.875,10.25,8.875,8.75],"rotation":0,"texture":"#0","tintindex":0},"down":{"uv":[9.0,8.75,10.0,10.25],"rotation":0,"texture":"#0","tintindex":0}}},{"from":[5.7824545,6.714286,5.811095],"to":[10.282455,8.428572,9.239667],"rotation":{"angle":-22.5,"axis":"y","origin":[8.0324545,7.5714283,7.525381]},"faces":{"east":{"uv":[14.75,1.375,14.0,1.75],"rotation":0,"texture":"#0","tintindex":0},"south":{"uv":[14.875,4.25,13.875,4.625],"rotation":0,"texture":"#0","tintindex":0},"north":{"uv":[5.125,13.875,4.125,14.25],"rotation":0,"texture":"#0","tintindex":0},"west":{"uv":[14.75,0.0,14.0,0.375],"rotation":0,"texture":"#0","tintindex":0},"up":{"uv":[8.625,13.5,9.625,12.75],"rotation":0,"texture":"#0","tintindex":0},"down":{"uv":[11.75,12.75,12.75,13.5],"rotation":0,"texture":"#0","tintindex":0}}}],"display":{"head":{"translation":[0.0,-6.4,0.0],"scale":[4.0,4.0,4.0]}}}