{"textures":{"0":"minecraft:modelengine/entity/frog_green"},"elements":[{"from":[6.539507,5.3684225,6.002917],"to":[13.39665,9.939851,10.002916],"rotation":{"angle":22.5,"axis":"z","origin":[9.968079,8.225565,8.002916]},"faces":{"east":{"uv":[1.75,11.5,0.875,12.5],"rotation":0,"texture":"#0","tintindex":0},"south":{"uv":[10.125,3.875,8.625,4.875],"rotation":0,"texture":"#0","tintindex":0},"north":{"uv":[10.125,2.75,8.625,3.75],"rotation":0,"texture":"#0","tintindex":0},"west":{"uv":[11.875,4.625,11.0,5.625],"rotation":0,"texture":"#0","tintindex":0},"up":{"uv":[10.25,3.5,11.75,2.625],"rotation":0,"texture":"#0","tintindex":0},"down":{"uv":[10.25,3.625,11.75,4.5],"rotation":0,"texture":"#0","tintindex":0}}}],"display":{"head":{"translation":[0.0,-6.4,0.0],"scale":[4.0,4.0,4.0]}}}