{"textures":{"0":"minecraft:modelengine/entity/frog_green"},"elements":[{"from":[6.2809525,3.697257,5.6146245],"to":[9.709524,8.268686,9.043196],"rotation":{"angle":22.5,"axis":"x","origin":[7.4238095,6.5544,7.7574816]},"faces":{"east":{"uv":[1.625,12.625,0.875,13.625],"rotation":0,"texture":"#0","tintindex":0},"south":{"uv":[4.625,12.5,3.875,13.5],"rotation":0,"texture":"#0","tintindex":0},"north":{"uv":[13.0,11.625,12.25,12.625],"rotation":0,"texture":"#0","tintindex":0},"west":{"uv":[3.75,12.5,3.0,13.5],"rotation":0,"texture":"#0","tintindex":0},"up":{"uv":[0.0,13.625,0.75,12.875],"rotation":0,"texture":"#0","tintindex":0},"down":{"uv":[12.875,6.875,13.625,7.625],"rotation":0,"texture":"#0","tintindex":0}}}],"display":{"head":{"translation":[0.0,-6.4,0.0],"scale":[4.0,4.0,4.0]}}}