{"textures":{"0":"minecraft:modelengine/entity/frog_green"},"elements":[{"from":[3.7142854,7.407368,3.3552217],"to":[12.285715,14.835939,10.212365],"rotation":{"angle":22.5,"axis":"x","origin":[8.0,12.407368,4.7837934]},"faces":{"east":{"uv":[2.375,5.125,3.875,6.75],"rotation":0,"texture":"#0","tintindex":0},"south":{"uv":[4.25,1.625,6.125,3.25],"rotation":0,"texture":"#0","tintindex":0},"north":{"uv":[0.0,4.0,1.875,5.625],"rotation":0,"texture":"#0","tintindex":0},"west":{"uv":[4.0,6.625,5.5,8.25],"rotation":0,"texture":"#0","tintindex":0},"up":{"uv":[6.125,4.875,4.25,3.375],"rotation":0,"texture":"#0","tintindex":0},"down":{"uv":[6.125,5.0,4.25,6.5],"rotation":0,"texture":"#0","tintindex":0}}}],"display":{"head":{"translation":[0.0,-6.4,0.0],"scale":[4.0,4.0,4.0]}}}