{"textures":{"0":"minecraft:modelengine/entity/claw_tier1"},"elements":[{"from":[5.832655,4.0231547,17.26436],"to":[10.167345,5.515686,19.9008],"rotation":{"angle":-22.5,"axis":"x","origin":[8.0,4.76942,18.58258]},"faces":{"east":{"uv":[1.375,12.5,1.5625,12.625],"rotation":0,"texture":"#0","tintindex":0},"south":{"uv":[12.0,7.5,12.3125,7.625],"rotation":0,"texture":"#0","tintindex":0},"north":{"uv":[12.0,7.375,12.3125,7.5],"rotation":0,"texture":"#0","tintindex":0},"west":{"uv":[12.5,1.375,12.6875,1.5],"rotation":0,"texture":"#0","tintindex":0},"up":{"uv":[1.5625,11.8125,1.25,11.625],"rotation":0,"texture":"#0","tintindex":0},"down":{"uv":[1.9375,11.625,1.625,11.8125],"rotation":0,"texture":"#0","tintindex":0}}},{"from":[5.832655,4.937509,19.32156],"to":[10.167345,6.4300404,20.938469],"rotation":{"angle":-45.0,"axis":"x","origin":[8.0,5.683775,20.130014]},"faces":{"east":{"uv":[3.625,7.375,3.75,7.5],"rotation":0,"texture":"#0","tintindex":0},"south":{"uv":[12.0,7.75,12.3125,7.875],"rotation":0,"texture":"#0","tintindex":0},"north":{"uv":[12.0,7.625,12.3125,7.75],"rotation":0,"texture":"#0","tintindex":0},"west":{"uv":[2.625,7.5,2.75,7.625],"rotation":0,"texture":"#0","tintindex":0},"up":{"uv":[12.3125,8.0,12.0,7.875],"rotation":0,"texture":"#0","tintindex":0},"down":{"uv":[12.3125,8.0,12.0,8.125],"rotation":0,"texture":"#0","tintindex":0}}},{"from":[5.832655,3.5755,16.033379],"to":[10.167345,5.0680313,17.650288],"rotation":{"angle":0.0,"axis":"y","origin":[8.0,4.3217654,16.841833]},"faces":{"east":{"uv":[7.0,7.75,7.125,7.875],"rotation":0,"texture":"#0","tintindex":0},"south":{"uv":[12.0,8.25,12.3125,8.375],"rotation":0,"texture":"#0","tintindex":0},"north":{"uv":[12.0,8.125,12.3125,8.25],"rotation":0,"texture":"#0","tintindex":0},"west":{"uv":[8.25,1.75,8.375,1.875],"rotation":0,"texture":"#0","tintindex":0},"up":{"uv":[12.3125,8.5,12.0,8.375],"rotation":0,"texture":"#0","tintindex":0},"down":{"uv":[12.3125,8.5,12.0,8.625],"rotation":0,"texture":"#0","tintindex":0}}},{"from":[5.832655,11.833399,16.465189],"to":[10.167345,13.32593,18.082098],"rotation":{"angle":0.0,"axis":"y","origin":[8.0,12.579664,17.273643]},"faces":{"east":{"uv":[8.375,2.375,8.5,2.5],"rotation":0,"texture":"#0","tintindex":0},"south":{"uv":[12.0,9.0,12.3125,9.125],"rotation":0,"texture":"#0","tintindex":0},"north":{"uv":[12.0,8.875,12.3125,9.0],"rotation":0,"texture":"#0","tintindex":0},"west":{"uv":[7.125,9.375,7.25,9.5],"rotation":0,"texture":"#0","tintindex":0},"up":{"uv":[12.3125,9.25,12.0,9.125],"rotation":0,"texture":"#0","tintindex":0},"down":{"uv":[12.3125,9.25,12.0,9.375],"rotation":0,"texture":"#0","tintindex":0}}},{"from":[5.832655,10.47139,13.177008],"to":[10.167345,11.963921,14.793917],"rotation":{"angle":-45.0,"axis":"x","origin":[8.0,11.217655,13.985462]},"faces":{"east":{"uv":[5.25,9.625,5.375,9.75],"rotation":0,"texture":"#0","tintindex":0},"south":{"uv":[12.0,9.5,12.3125,9.625],"rotation":0,"texture":"#0","tintindex":0},"north":{"uv":[12.0,9.375,12.3125,9.5],"rotation":0,"texture":"#0","tintindex":0},"west":{"uv":[5.875,9.625,6.0,9.75],"rotation":0,"texture":"#0","tintindex":0},"up":{"uv":[12.3125,9.75,12.0,9.625],"rotation":0,"texture":"#0","tintindex":0},"down":{"uv":[12.3125,9.75,12.0,9.875],"rotation":0,"texture":"#0","tintindex":0}}},{"from":[5.832655,11.385744,14.214677],"to":[10.167345,12.878275,16.851116],"rotation":{"angle":-22.5,"axis":"x","origin":[8.0,12.1320095,15.532896]},"faces":{"east":{"uv":[12.5,1.5,12.6875,1.625],"rotation":0,"texture":"#0","tintindex":0},"south":{"uv":[12.0,10.0,12.3125,10.125],"rotation":0,"texture":"#0","tintindex":0},"north":{"uv":[12.0,9.875,12.3125,10.0],"rotation":0,"texture":"#0","tintindex":0},"west":{"uv":[1.625,12.5,1.8125,12.625],"rotation":0,"texture":"#0","tintindex":0},"up":{"uv":[11.9375,3.5625,11.625,3.375],"rotation":0,"texture":"#0","tintindex":0},"down":{"uv":[11.9375,3.625,11.625,3.8125],"rotation":0,"texture":"#0","tintindex":0}}},{"from":[5.832655,7.426356,20.440422],"to":[10.167345,9.043264,21.932953],"rotation":{"angle":0.0,"axis":"y","origin":[8.0,8.23481,21.186687]},"faces":{"east":{"uv":[10.0,0.875,10.125,1.0],"rotation":0,"texture":"#0","tintindex":0},"south":{"uv":[12.0,10.5,12.3125,10.625],"rotation":0,"texture":"#0","tintindex":0},"north":{"uv":[12.0,10.375,12.3125,10.5],"rotation":0,"texture":"#0","tintindex":0},"west":{"uv":[3.0,10.125,3.125,10.25],"rotation":0,"texture":"#0","tintindex":0},"up":{"uv":[12.3125,10.75,12.0,10.625],"rotation":0,"texture":"#0","tintindex":0},"down":{"uv":[12.3125,11.0,12.0,11.125],"rotation":0,"texture":"#0","tintindex":0}}},{"from":[5.832655,8.657337,19.992767],"to":[10.167345,11.2937765,21.485298],"rotation":{"angle":-22.5,"axis":"x","origin":[8.0,9.975557,20.739033]},"faces":{"east":{"uv":[12.5,1.625,12.625,1.8125],"rotation":0,"texture":"#0","tintindex":0},"south":{"uv":[11.625,3.875,11.9375,4.0625],"rotation":0,"texture":"#0","tintindex":0},"north":{"uv":[3.75,11.625,4.0625,11.8125],"rotation":0,"texture":"#0","tintindex":0},"west":{"uv":[1.875,12.5,2.0,12.6875],"rotation":0,"texture":"#0","tintindex":0},"up":{"uv":[12.3125,11.25,12.0,11.125],"rotation":0,"texture":"#0","tintindex":0},"down":{"uv":[12.3125,11.25,12.0,11.375],"rotation":0,"texture":"#0","tintindex":0}}},{"from":[5.832655,10.714537,19.078413],"to":[10.167345,12.331446,20.570944],"rotation":{"angle":-45.0,"axis":"x","origin":[8.0,11.522991,19.824678]},"faces":{"east":{"uv":[10.25,3.625,10.375,3.75],"rotation":0,"texture":"#0","tintindex":0},"south":{"uv":[12.0,11.5,12.3125,11.625],"rotation":0,"texture":"#0","tintindex":0},"north":{"uv":[12.0,11.375,12.3125,11.5],"rotation":0,"texture":"#0","tintindex":0},"west":{"uv":[10.25,5.75,10.375,5.875],"rotation":0,"texture":"#0","tintindex":0},"up":{"uv":[12.3125,11.75,12.0,11.625],"rotation":0,"texture":"#0","tintindex":0},"down":{"uv":[12.1875,12.0,11.875,12.125],"rotation":0,"texture":"#0","tintindex":0}}},{"from":[5.832655,7.8581657,12.182524],"to":[10.167345,9.475075,13.675055],"rotation":{"angle":0.0,"axis":"y","origin":[8.0,8.66662,12.928789]},"faces":{"east":{"uv":[6.625,10.25,6.75,10.375],"rotation":0,"texture":"#0","tintindex":0},"south":{"uv":[12.125,0.125,12.4375,0.25],"rotation":0,"texture":"#0","tintindex":0},"north":{"uv":[12.125,0.0,12.4375,0.125],"rotation":0,"texture":"#0","tintindex":0},"west":{"uv":[3.75,10.5,3.875,10.625],"rotation":0,"texture":"#0","tintindex":0},"up":{"uv":[0.5625,12.25,0.25,12.125],"rotation":0,"texture":"#0","tintindex":0},"down":{"uv":[12.4375,0.25,12.125,0.375],"rotation":0,"texture":"#0","tintindex":0}}},{"from":[5.832655,4.5699844,13.544533],"to":[10.167345,6.1868935,15.037064],"rotation":{"angle":-45.0,"axis":"x","origin":[8.0,5.378439,14.290798]},"faces":{"east":{"uv":[8.25,10.5,8.375,10.625],"rotation":0,"texture":"#0","tintindex":0},"south":{"uv":[12.125,0.5,12.4375,0.625],"rotation":0,"texture":"#0","tintindex":0},"north":{"uv":[12.125,0.375,12.4375,0.5],"rotation":0,"texture":"#0","tintindex":0},"west":{"uv":[4.5,10.625,4.625,10.75],"rotation":0,"texture":"#0","tintindex":0},"up":{"uv":[0.9375,12.25,0.625,12.125],"rotation":0,"texture":"#0","tintindex":0},"down":{"uv":[12.4375,0.625,12.125,0.75],"rotation":0,"texture":"#0","tintindex":0}}},{"from":[5.832655,5.6076527,12.630178],"to":[10.167345,8.244093,14.122709],"rotation":{"angle":-22.5,"axis":"x","origin":[8.0,6.925873,13.376444]},"faces":{"east":{"uv":[2.0,12.5,2.125,12.6875],"rotation":0,"texture":"#0","tintindex":0},"south":{"uv":[11.625,5.125,11.9375,5.3125],"rotation":0,"texture":"#0","tintindex":0},"north":{"uv":[11.625,4.875,11.9375,5.0625],"rotation":0,"texture":"#0","tintindex":0},"west":{"uv":[2.125,12.5,2.25,12.6875],"rotation":0,"texture":"#0","tintindex":0},"up":{"uv":[12.4375,0.875,12.125,0.75],"rotation":0,"texture":"#0","tintindex":0},"down":{"uv":[12.4375,0.875,12.125,1.0],"rotation":0,"texture":"#0","tintindex":0}}},{"from":[5.832655,9.119514,12.47751],"to":[10.167345,10.958074,13.970041],"rotation":{"angle":22.5,"axis":"x","origin":[8.0,10.0387945,13.223776]},"faces":{"east":{"uv":[5.375,10.625,5.5,10.75],"rotation":0,"texture":"#0","tintindex":0},"south":{"uv":[1.5,12.125,1.8125,12.25],"rotation":0,"texture":"#0","tintindex":0},"north":{"uv":[12.125,1.375,12.4375,1.5],"rotation":0,"texture":"#0","tintindex":0},"west":{"uv":[10.625,5.625,10.75,5.75],"rotation":0,"texture":"#0","tintindex":0},"up":{"uv":[12.4375,1.625,12.125,1.5],"rotation":0,"texture":"#0","tintindex":0},"down":{"uv":[12.4375,1.625,12.125,1.75],"rotation":0,"texture":"#0","tintindex":0}}},{"from":[5.832655,3.8704872,14.55038],"to":[10.167345,5.363018,16.388939],"rotation":{"angle":22.5,"axis":"x","origin":[8.0,4.6167526,15.46966]},"faces":{"east":{"uv":[10.625,7.625,10.75,7.75],"rotation":0,"texture":"#0","tintindex":0},"south":{"uv":[12.125,2.625,12.4375,2.75],"rotation":0,"texture":"#0","tintindex":0},"north":{"uv":[12.125,1.75,12.4375,1.875],"rotation":0,"texture":"#0","tintindex":0},"west":{"uv":[10.625,8.875,10.75,9.0],"rotation":0,"texture":"#0","tintindex":0},"up":{"uv":[12.4375,2.875,12.125,2.75],"rotation":0,"texture":"#0","tintindex":0},"down":{"uv":[12.4375,2.875,12.125,3.0],"rotation":0,"texture":"#0","tintindex":0}}},{"from":[5.832655,11.538412,17.72654],"to":[10.167345,13.030943,19.565098],"rotation":{"angle":22.5,"axis":"x","origin":[8.0,12.2846775,18.645817]},"faces":{"east":{"uv":[10.75,9.875,10.875,10.0],"rotation":0,"texture":"#0","tintindex":0},"south":{"uv":[3.625,12.125,3.9375,12.25],"rotation":0,"texture":"#0","tintindex":0},"north":{"uv":[12.125,3.0,12.4375,3.125],"rotation":0,"texture":"#0","tintindex":0},"west":{"uv":[10.875,2.25,11.0,2.375],"rotation":0,"texture":"#0","tintindex":0},"up":{"uv":[5.5625,12.25,5.25,12.125],"rotation":0,"texture":"#0","tintindex":0},"down":{"uv":[5.9375,12.125,5.625,12.25],"rotation":0,"texture":"#0","tintindex":0}}},{"from":[5.832655,5.9433565,20.145435],"to":[10.167345,7.781915,21.637966],"rotation":{"angle":22.5,"axis":"x","origin":[8.0,6.8626356,20.8917]},"faces":{"east":{"uv":[9.5,10.875,9.625,11.0],"rotation":0,"texture":"#0","tintindex":0},"south":{"uv":[6.875,12.125,7.1875,12.25],"rotation":0,"texture":"#0","tintindex":0},"north":{"uv":[6.0,12.125,6.3125,12.25],"rotation":0,"texture":"#0","tintindex":0},"west":{"uv":[6.875,11.0,7.0,11.125],"rotation":0,"texture":"#0","tintindex":0},"up":{"uv":[12.4375,8.75,12.125,8.625],"rotation":0,"texture":"#0","tintindex":0},"down":{"uv":[9.0625,12.125,8.75,12.25],"rotation":0,"texture":"#0","tintindex":0}}},{"from":[5.9321566,5.2257547,13.816738],"to":[10.067843,11.702433,20.363338],"rotation":{"angle":-22.5,"axis":"x","origin":[8.0,8.464094,17.090038]},"faces":{"east":{"uv":[7.75,9.0,8.25,9.5],"rotation":0,"texture":"#0","tintindex":0},"south":{"uv":[8.75,9.5,9.0625,10.0],"rotation":0,"texture":"#0","tintindex":0},"north":{"uv":[8.375,9.5,8.6875,10.0],"rotation":0,"texture":"#0","tintindex":0},"west":{"uv":[8.25,9.0,8.75,9.5],"rotation":0,"texture":"#0","tintindex":0},"up":{"uv":[3.0625,10.125,2.75,9.625],"rotation":0,"texture":"#0","tintindex":0},"down":{"uv":[5.8125,9.625,5.5,10.125],"rotation":0,"texture":"#0","tintindex":0}}},{"from":[6.3337603,-2.034996,-16.0],"to":[9.66624,5.323651,17.25133],"rotation":{"angle":-22.5,"axis":"x","origin":[8.0,1.6443276,0.6256666]},"faces":{"east":{"uv":[1.25,2.5,3.75,3.0625],"rotation":0,"texture":"#0","tintindex":0},"south":{"uv":[10.125,4.375,10.375,4.9375],"rotation":0,"texture":"#0","tintindex":0},"north":{"uv":[10.125,3.75,10.375,4.3125],"rotation":0,"texture":"#0","tintindex":0},"west":{"uv":[2.5,1.25,5.0,1.8125],"rotation":0,"texture":"#0","tintindex":0},"up":{"uv":[5.0,7.5,4.75,5.0],"rotation":0,"texture":"#0","tintindex":0},"down":{"uv":[3.0,5.125,2.75,7.625],"rotation":0,"texture":"#0","tintindex":0}}},{"from":[9.770973,3.4918475,17.289156],"to":[11.602979,5.1634827,20.241968],"rotation":{"angle":-22.5,"axis":"x","origin":[10.686976,4.327665,18.765562]},"faces":{"east":{"uv":[1.0,4.625,1.25,4.75],"rotation":0,"texture":"#0","tintindex":0},"south":{"uv":[9.125,11.625,9.25,11.75],"rotation":0,"texture":"#0","tintindex":0},"north":{"uv":[11.5,6.0,11.625,6.125],"rotation":0,"texture":"#0","tintindex":0},"west":{"uv":[4.75,0.875,5.0,1.0],"rotation":0,"texture":"#0","tintindex":0},"up":{"uv":[3.75,7.375,3.625,7.125],"rotation":0,"texture":"#0","tintindex":0},"down":{"uv":[2.75,7.25,2.625,7.5],"rotation":0,"texture":"#0","tintindex":0}}},{"from":[9.770973,4.5159245,19.59322],"to":[11.602979,6.187559,21.404156],"rotation":{"angle":-45.0,"axis":"x","origin":[10.686976,5.351742,20.498688]},"faces":{"east":{"uv":[1.875,11.875,2.0,12.0],"rotation":0,"texture":"#0","tintindex":0},"south":{"uv":[8.25,12.625,8.375,12.75],"rotation":0,"texture":"#0","tintindex":0},"north":{"uv":[9.375,11.75,9.5,11.875],"rotation":0,"texture":"#0","tintindex":0},"west":{"uv":[12.625,8.25,12.75,8.375],"rotation":0,"texture":"#0","tintindex":0},"up":{"uv":[8.5,12.75,8.375,12.625],"rotation":0,"texture":"#0","tintindex":0},"down":{"uv":[12.75,8.375,12.625,8.5],"rotation":0,"texture":"#0","tintindex":0}}},{"from":[9.770973,2.9904742,15.910456],"to":[11.602979,4.662109,17.721394],"rotation":{"angle":0.0,"axis":"y","origin":[10.686976,3.8262916,16.815926]},"faces":{"east":{"uv":[12.625,8.625,12.75,8.75],"rotation":0,"texture":"#0","tintindex":0},"south":{"uv":[8.75,12.625,8.875,12.75],"rotation":0,"texture":"#0","tintindex":0},"north":{"uv":[12.625,8.5,12.75,8.625],"rotation":0,"texture":"#0","tintindex":0},"west":{"uv":[12.625,8.75,12.75,8.875],"rotation":0,"texture":"#0","tintindex":0},"up":{"uv":[9.0,12.75,8.875,12.625],"rotation":0,"texture":"#0","tintindex":0},"down":{"uv":[12.75,8.875,12.625,9.0],"rotation":0,"texture":"#0","tintindex":0}}},{"from":[9.770973,12.239321,16.394083],"to":[11.602979,13.910955,18.20502],"rotation":{"angle":0.0,"axis":"y","origin":[10.686976,13.075138,17.299553]},"faces":{"east":{"uv":[12.625,9.0,12.75,9.125],"rotation":0,"texture":"#0","tintindex":0},"south":{"uv":[9.125,12.625,9.25,12.75],"rotation":0,"texture":"#0","tintindex":0},"north":{"uv":[9.0,12.625,9.125,12.75],"rotation":0,"texture":"#0","tintindex":0},"west":{"uv":[12.625,9.125,12.75,9.25],"rotation":0,"texture":"#0","tintindex":0},"up":{"uv":[9.375,12.75,9.25,12.625],"rotation":0,"texture":"#0","tintindex":0},"down":{"uv":[12.75,9.25,12.625,9.375],"rotation":0,"texture":"#0","tintindex":0}}},{"from":[9.770973,10.713871,12.711321],"to":[11.602979,12.385506,14.522259],"rotation":{"angle":-45.0,"axis":"x","origin":[10.686976,11.549688,13.616789]},"faces":{"east":{"uv":[12.625,9.375,12.75,9.5],"rotation":0,"texture":"#0","tintindex":0},"south":{"uv":[9.5,12.625,9.625,12.75],"rotation":0,"texture":"#0","tintindex":0},"north":{"uv":[9.375,12.625,9.5,12.75],"rotation":0,"texture":"#0","tintindex":0},"west":{"uv":[12.625,9.5,12.75,9.625],"rotation":0,"texture":"#0","tintindex":0},"up":{"uv":[9.75,12.75,9.625,12.625],"rotation":0,"texture":"#0","tintindex":0},"down":{"uv":[12.75,9.625,12.625,9.75],"rotation":0,"texture":"#0","tintindex":0}}},{"from":[9.770973,11.737947,13.873509],"to":[11.602979,13.409582,16.82632],"rotation":{"angle":-22.5,"axis":"x","origin":[10.686976,12.573765,15.3499155]},"faces":{"east":{"uv":[5.75,7.0,6.0,7.125],"rotation":0,"texture":"#0","tintindex":0},"south":{"uv":[12.625,9.75,12.75,9.875],"rotation":0,"texture":"#0","tintindex":0},"north":{"uv":[9.75,12.625,9.875,12.75],"rotation":0,"texture":"#0","tintindex":0},"west":{"uv":[3.375,8.625,3.625,8.75],"rotation":0,"texture":"#0","tintindex":0},"up":{"uv":[5.75,8.375,5.625,8.125],"rotation":0,"texture":"#0","tintindex":0},"down":{"uv":[8.375,1.5,8.25,1.75],"rotation":0,"texture":"#0","tintindex":0}}},{"from":[9.770973,7.3034325,20.846344],"to":[11.602979,9.11437,22.517979],"rotation":{"angle":0.0,"axis":"y","origin":[10.686976,8.208901,21.682161]},"faces":{"east":{"uv":[12.625,9.875,12.75,10.0],"rotation":0,"texture":"#0","tintindex":0},"south":{"uv":[10.0,12.625,10.125,12.75],"rotation":0,"texture":"#0","tintindex":0},"north":{"uv":[9.875,12.625,10.0,12.75],"rotation":0,"texture":"#0","tintindex":0},"west":{"uv":[12.625,10.0,12.75,10.125],"rotation":0,"texture":"#0","tintindex":0},"up":{"uv":[12.75,10.25,12.625,10.125],"rotation":0,"texture":"#0","tintindex":0},"down":{"uv":[10.375,12.625,10.25,12.75],"rotation":0,"texture":"#0","tintindex":0}}},{"from":[9.770973,8.682132,20.34497],"to":[11.602979,11.634944,22.016605],"rotation":{"angle":-22.5,"axis":"x","origin":[10.686976,10.158539,21.180788]},"faces":{"east":{"uv":[8.375,2.125,8.5,2.375],"rotation":0,"texture":"#0","tintindex":0},"south":{"uv":[5.625,8.375,5.75,8.625],"rotation":0,"texture":"#0","tintindex":0},"north":{"uv":[8.25,6.25,8.375,6.5],"rotation":0,"texture":"#0","tintindex":0},"west":{"uv":[5.5,8.75,5.625,9.0],"rotation":0,"texture":"#0","tintindex":0},"up":{"uv":[12.75,10.375,12.625,10.25],"rotation":0,"texture":"#0","tintindex":0},"down":{"uv":[10.5,12.625,10.375,12.75],"rotation":0,"texture":"#0","tintindex":0}}},{"from":[9.770973,10.986196,19.320894],"to":[11.602979,12.7971325,20.992529],"rotation":{"angle":-45.0,"axis":"x","origin":[10.686976,11.8916645,20.156712]},"faces":{"east":{"uv":[12.625,10.5,12.75,10.625],"rotation":0,"texture":"#0","tintindex":0},"south":{"uv":[10.625,12.625,10.75,12.75],"rotation":0,"texture":"#0","tintindex":0},"north":{"uv":[12.625,10.375,12.75,10.5],"rotation":0,"texture":"#0","tintindex":0},"west":{"uv":[12.625,10.625,12.75,10.75],"rotation":0,"texture":"#0","tintindex":0},"up":{"uv":[10.875,12.75,10.75,12.625],"rotation":0,"texture":"#0","tintindex":0},"down":{"uv":[12.75,10.75,12.625,10.875],"rotation":0,"texture":"#0","tintindex":0}}},{"from":[9.770973,7.78706,11.597498],"to":[11.602979,9.597998,13.269133],"rotation":{"angle":0.0,"axis":"y","origin":[10.686976,8.692529,12.433315]},"faces":{"east":{"uv":[12.625,10.875,12.75,11.0],"rotation":0,"texture":"#0","tintindex":0},"south":{"uv":[11.0,12.625,11.125,12.75],"rotation":0,"texture":"#0","tintindex":0},"north":{"uv":[10.875,12.625,11.0,12.75],"rotation":0,"texture":"#0","tintindex":0},"west":{"uv":[12.625,11.0,12.75,11.125],"rotation":0,"texture":"#0","tintindex":0},"up":{"uv":[11.25,12.75,11.125,12.625],"rotation":0,"texture":"#0","tintindex":0},"down":{"uv":[12.75,11.125,12.625,11.25],"rotation":0,"texture":"#0","tintindex":0}}},{"from":[9.770973,4.1042967,13.122948],"to":[11.602979,5.9152346,14.794582],"rotation":{"angle":-45.0,"axis":"x","origin":[10.686976,5.0097656,13.958765]},"faces":{"east":{"uv":[11.375,12.625,11.5,12.75],"rotation":0,"texture":"#0","tintindex":0},"south":{"uv":[11.5,12.625,11.625,12.75],"rotation":0,"texture":"#0","tintindex":0},"north":{"uv":[11.25,12.625,11.375,12.75],"rotation":0,"texture":"#0","tintindex":0},"west":{"uv":[12.625,11.5,12.75,11.625],"rotation":0,"texture":"#0","tintindex":0},"up":{"uv":[11.75,12.75,11.625,12.625],"rotation":0,"texture":"#0","tintindex":0},"down":{"uv":[12.75,11.625,12.625,11.75],"rotation":0,"texture":"#0","tintindex":0}}},{"from":[9.770973,5.2664857,12.098871],"to":[11.602979,8.219297,13.770506],"rotation":{"angle":-22.5,"axis":"x","origin":[10.686976,6.742892,12.934689]},"faces":{"east":{"uv":[5.5,9.0,5.625,9.25],"rotation":0,"texture":"#0","tintindex":0},"south":{"uv":[7.125,9.125,7.25,9.375],"rotation":0,"texture":"#0","tintindex":0},"north":{"uv":[8.875,1.875,9.0,2.125],"rotation":0,"texture":"#0","tintindex":0},"west":{"uv":[9.25,6.0,9.375,6.25],"rotation":0,"texture":"#0","tintindex":0},"up":{"uv":[11.875,12.75,11.75,12.625],"rotation":0,"texture":"#0","tintindex":0},"down":{"uv":[12.75,11.75,12.625,11.875],"rotation":0,"texture":"#0","tintindex":0}}},{"from":[9.770973,9.199771,11.927883],"to":[11.602979,11.258957,13.599518],"rotation":{"angle":22.5,"axis":"x","origin":[10.686976,10.229363,12.7637005]},"faces":{"east":{"uv":[12.625,11.875,12.75,12.0],"rotation":0,"texture":"#0","tintindex":0},"south":{"uv":[12.0,12.625,12.125,12.75],"rotation":0,"texture":"#0","tintindex":0},"north":{"uv":[11.875,12.625,12.0,12.75],"rotation":0,"texture":"#0","tintindex":0},"west":{"uv":[12.625,12.0,12.75,12.125],"rotation":0,"texture":"#0","tintindex":0},"up":{"uv":[12.25,12.75,12.125,12.625],"rotation":0,"texture":"#0","tintindex":0},"down":{"uv":[12.375,12.625,12.25,12.75],"rotation":0,"texture":"#0","tintindex":0}}},{"from":[9.770973,3.3208594,14.249496],"to":[11.602979,4.9924946,16.308681],"rotation":{"angle":22.5,"axis":"x","origin":[10.686976,4.1566772,15.27909]},"faces":{"east":{"uv":[12.5,12.625,12.625,12.75],"rotation":0,"texture":"#0","tintindex":0},"south":{"uv":[12.625,12.5,12.75,12.625],"rotation":0,"texture":"#0","tintindex":0},"north":{"uv":[12.625,12.375,12.75,12.5],"rotation":0,"texture":"#0","tintindex":0},"west":{"uv":[12.625,12.625,12.75,12.75],"rotation":0,"texture":"#0","tintindex":0},"up":{"uv":[0.125,12.875,0.0,12.75],"rotation":0,"texture":"#0","tintindex":0},"down":{"uv":[12.875,0.0,12.75,0.125],"rotation":0,"texture":"#0","tintindex":0}}},{"from":[9.770973,11.908936,17.806793],"to":[11.602979,13.58057,19.86598],"rotation":{"angle":22.5,"axis":"x","origin":[10.686976,12.744753,18.836388]},"faces":{"east":{"uv":[12.75,0.125,12.875,0.25],"rotation":0,"texture":"#0","tintindex":0},"south":{"uv":[12.75,0.25,12.875,0.375],"rotation":0,"texture":"#0","tintindex":0},"north":{"uv":[0.125,12.75,0.25,12.875],"rotation":0,"texture":"#0","tintindex":0},"west":{"uv":[12.75,0.375,12.875,0.5],"rotation":0,"texture":"#0","tintindex":0},"up":{"uv":[12.875,0.625,12.75,0.5],"rotation":0,"texture":"#0","tintindex":0},"down":{"uv":[0.875,12.75,0.75,12.875],"rotation":0,"texture":"#0","tintindex":0}}},{"from":[9.770973,5.642473,20.515959],"to":[11.602979,7.701659,22.187593],"rotation":{"angle":22.5,"axis":"x","origin":[10.686976,6.672066,21.351776]},"faces":{"east":{"uv":[12.75,1.0,12.875,1.125],"rotation":0,"texture":"#0","tintindex":0},"south":{"uv":[1.125,12.75,1.25,12.875],"rotation":0,"texture":"#0","tintindex":0},"north":{"uv":[12.75,0.875,12.875,1.0],"rotation":0,"texture":"#0","tintindex":0},"west":{"uv":[12.75,1.125,12.875,1.25],"rotation":0,"texture":"#0","tintindex":0},"up":{"uv":[1.375,12.875,1.25,12.75],"rotation":0,"texture":"#0","tintindex":0},"down":{"uv":[12.875,1.375,12.75,1.5],"rotation":0,"texture":"#0","tintindex":0}}},{"from":[9.882416,4.8387594,13.427818],"to":[11.491536,12.09264,20.76001],"rotation":{"angle":-22.5,"axis":"x","origin":[10.686976,8.465699,17.093914]},"faces":{"east":{"uv":[5.0,6.375,5.6875,7.0625],"rotation":0,"texture":"#0","tintindex":0},"south":{"uv":[5.25,11.25,5.375,11.8125],"rotation":0,"texture":"#0","tintindex":0},"north":{"uv":[3.625,11.25,3.75,11.8125],"rotation":0,"texture":"#0","tintindex":0},"west":{"uv":[7.25,3.75,7.8125,4.3125],"rotation":0,"texture":"#0","tintindex":0},"up":{"uv":[5.5,11.8125,5.375,11.25],"rotation":0,"texture":"#0","tintindex":0},"down":{"uv":[5.625,11.25,5.5,11.8125],"rotation":0,"texture":"#0","tintindex":0}}},{"from":[4.3970213,3.4918475,17.289156],"to":[6.229027,5.1634827,20.241968],"rotation":{"angle":-22.5,"axis":"x","origin":[5.3130236,4.327665,18.765562]},"faces":{"east":{"uv":[9.25,8.25,9.5,8.375],"rotation":0,"texture":"#0","tintindex":0},"south":{"uv":[1.875,12.75,2.0,12.875],"rotation":0,"texture":"#0","tintindex":0},"north":{"uv":[12.75,1.5,12.875,1.625],"rotation":0,"texture":"#0","tintindex":0},"west":{"uv":[3.125,9.625,3.375,9.75],"rotation":0,"texture":"#0","tintindex":0},"up":{"uv":[2.875,9.625,2.75,9.375],"rotation":0,"texture":"#0","tintindex":0},"down":{"uv":[5.375,9.375,5.25,9.625],"rotation":0,"texture":"#0","tintindex":0}}},{"from":[4.3970213,4.5159245,19.59322],"to":[6.229027,6.187559,21.404156],"rotation":{"angle":-45.0,"axis":"x","origin":[5.3130236,5.351742,20.498688]},"faces":{"east":{"uv":[2.0,12.75,2.125,12.875],"rotation":0,"texture":"#0","tintindex":0},"south":{"uv":[12.75,2.0,12.875,2.125],"rotation":0,"texture":"#0","tintindex":0},"north":{"uv":[12.75,1.875,12.875,2.0],"rotation":0,"texture":"#0","tintindex":0},"west":{"uv":[2.125,12.75,2.25,12.875],"rotation":0,"texture":"#0","tintindex":0},"up":{"uv":[12.875,2.25,12.75,2.125],"rotation":0,"texture":"#0","tintindex":0},"down":{"uv":[12.875,2.25,12.75,2.375],"rotation":0,"texture":"#0","tintindex":0}}},{"from":[4.3970213,2.9904742,15.910456],"to":[6.229027,4.662109,17.721394],"rotation":{"angle":0.0,"axis":"y","origin":[5.3130236,3.8262916,16.815926]},"faces":{"east":{"uv":[12.75,2.5,12.875,2.625],"rotation":0,"texture":"#0","tintindex":0},"south":{"uv":[2.75,12.75,2.875,12.875],"rotation":0,"texture":"#0","tintindex":0},"north":{"uv":[12.75,2.375,12.875,2.5],"rotation":0,"texture":"#0","tintindex":0},"west":{"uv":[12.75,2.75,12.875,2.875],"rotation":0,"texture":"#0","tintindex":0},"up":{"uv":[3.0,12.875,2.875,12.75],"rotation":0,"texture":"#0","tintindex":0},"down":{"uv":[12.875,2.875,12.75,3.0],"rotation":0,"texture":"#0","tintindex":0}}},{"from":[4.3970213,12.239321,16.394083],"to":[6.229027,13.910955,18.20502],"rotation":{"angle":0.0,"axis":"y","origin":[5.3130236,13.075138,17.299553]},"faces":{"east":{"uv":[12.75,3.0,12.875,3.125],"rotation":0,"texture":"#0","tintindex":0},"south":{"uv":[3.25,12.75,3.375,12.875],"rotation":0,"texture":"#0","tintindex":0},"north":{"uv":[3.0,12.75,3.125,12.875],"rotation":0,"texture":"#0","tintindex":0},"west":{"uv":[12.75,3.25,12.875,3.375],"rotation":0,"texture":"#0","tintindex":0},"up":{"uv":[3.5,12.875,3.375,12.75],"rotation":0,"texture":"#0","tintindex":0},"down":{"uv":[12.875,3.375,12.75,3.5],"rotation":0,"texture":"#0","tintindex":0}}},{"from":[4.3970213,10.713871,12.711321],"to":[6.229027,12.385506,14.522259],"rotation":{"angle":-45.0,"axis":"x","origin":[5.3130236,11.549688,13.616789]},"faces":{"east":{"uv":[12.75,3.5,12.875,3.625],"rotation":0,"texture":"#0","tintindex":0},"south":{"uv":[3.625,12.75,3.75,12.875],"rotation":0,"texture":"#0","tintindex":0},"north":{"uv":[3.5,12.75,3.625,12.875],"rotation":0,"texture":"#0","tintindex":0},"west":{"uv":[12.75,3.625,12.875,3.75],"rotation":0,"texture":"#0","tintindex":0},"up":{"uv":[3.875,12.875,3.75,12.75],"rotation":0,"texture":"#0","tintindex":0},"down":{"uv":[12.875,3.75,12.75,3.875],"rotation":0,"texture":"#0","tintindex":0}}},{"from":[4.3970213,11.737947,13.873509],"to":[6.229027,13.409582,16.82632],"rotation":{"angle":-22.5,"axis":"x","origin":[5.3130236,12.573765,15.3499155]},"faces":{"east":{"uv":[9.75,5.875,10.0,6.0],"rotation":0,"texture":"#0","tintindex":0},"south":{"uv":[12.75,4.0,12.875,4.125],"rotation":0,"texture":"#0","tintindex":0},"north":{"uv":[12.75,3.875,12.875,4.0],"rotation":0,"texture":"#0","tintindex":0},"west":{"uv":[9.75,9.25,10.0,9.375],"rotation":0,"texture":"#0","tintindex":0},"up":{"uv":[9.25,9.75,9.125,9.5],"rotation":0,"texture":"#0","tintindex":0},"down":{"uv":[7.125,9.75,7.0,10.0],"rotation":0,"texture":"#0","tintindex":0}}},{"from":[4.3970213,7.3034325,20.846344],"to":[6.229027,9.11437,22.517979],"rotation":{"angle":0.0,"axis":"y","origin":[5.3130236,8.208901,21.682161]},"faces":{"east":{"uv":[12.75,4.25,12.875,4.375],"rotation":0,"texture":"#0","tintindex":0},"south":{"uv":[12.75,4.375,12.875,4.5],"rotation":0,"texture":"#0","tintindex":0},"north":{"uv":[12.75,4.125,12.875,4.25],"rotation":0,"texture":"#0","tintindex":0},"west":{"uv":[4.5,12.75,4.625,12.875],"rotation":0,"texture":"#0","tintindex":0},"up":{"uv":[4.75,12.875,4.625,12.75],"rotation":0,"texture":"#0","tintindex":0},"down":{"uv":[12.875,4.625,12.75,4.75],"rotation":0,"texture":"#0","tintindex":0}}},{"from":[4.3970213,8.682132,20.34497],"to":[6.229027,11.634944,22.016605],"rotation":{"angle":-22.5,"axis":"x","origin":[5.3130236,10.158539,21.180788]},"faces":{"east":{"uv":[9.875,2.25,10.0,2.5],"rotation":0,"texture":"#0","tintindex":0},"south":{"uv":[9.875,2.5,10.0,2.75],"rotation":0,"texture":"#0","tintindex":0},"north":{"uv":[9.125,9.75,9.25,10.0],"rotation":0,"texture":"#0","tintindex":0},"west":{"uv":[10.0,0.625,10.125,0.875],"rotation":0,"texture":"#0","tintindex":0},"up":{"uv":[4.875,12.875,4.75,12.75],"rotation":0,"texture":"#0","tintindex":0},"down":{"uv":[12.875,4.75,12.75,4.875],"rotation":0,"texture":"#0","tintindex":0}}},{"from":[4.3970213,10.986196,19.320894],"to":[6.229027,12.7971325,20.992529],"rotation":{"angle":-45.0,"axis":"x","origin":[5.3130236,11.8916645,20.156712]},"faces":{"east":{"uv":[12.75,5.0,12.875,5.125],"rotation":0,"texture":"#0","tintindex":0},"south":{"uv":[12.75,5.125,12.875,5.25],"rotation":0,"texture":"#0","tintindex":0},"north":{"uv":[12.75,4.875,12.875,5.0],"rotation":0,"texture":"#0","tintindex":0},"west":{"uv":[12.75,5.25,12.875,5.375],"rotation":0,"texture":"#0","tintindex":0},"up":{"uv":[12.875,5.75,12.75,5.625],"rotation":0,"texture":"#0","tintindex":0},"down":{"uv":[5.875,12.75,5.75,12.875],"rotation":0,"texture":"#0","tintindex":0}}},{"from":[4.3970213,7.78706,11.597498],"to":[6.229027,9.597998,13.269133],"rotation":{"angle":0.0,"axis":"y","origin":[5.3130236,8.692529,12.433315]},"faces":{"east":{"uv":[5.875,12.75,6.0,12.875],"rotation":0,"texture":"#0","tintindex":0},"south":{"uv":[12.75,5.875,12.875,6.0],"rotation":0,"texture":"#0","tintindex":0},"north":{"uv":[12.75,5.75,12.875,5.875],"rotation":0,"texture":"#0","tintindex":0},"west":{"uv":[6.0,12.75,6.125,12.875],"rotation":0,"texture":"#0","tintindex":0},"up":{"uv":[12.875,6.25,12.75,6.125],"rotation":0,"texture":"#0","tintindex":0},"down":{"uv":[12.875,6.25,12.75,6.375],"rotation":0,"texture":"#0","tintindex":0}}},{"from":[4.3970213,4.1042967,13.122948],"to":[6.229027,5.9152346,14.794582],"rotation":{"angle":-45.0,"axis":"x","origin":[5.3130236,5.0097656,13.958765]},"faces":{"east":{"uv":[12.75,6.5,12.875,6.625],"rotation":0,"texture":"#0","tintindex":0},"south":{"uv":[12.75,6.625,12.875,6.75],"rotation":0,"texture":"#0","tintindex":0},"north":{"uv":[12.75,6.375,12.875,6.5],"rotation":0,"texture":"#0","tintindex":0},"west":{"uv":[12.75,6.75,12.875,6.875],"rotation":0,"texture":"#0","tintindex":0},"up":{"uv":[12.875,7.0,12.75,6.875],"rotation":0,"texture":"#0","tintindex":0},"down":{"uv":[12.875,7.0,12.75,7.125],"rotation":0,"texture":"#0","tintindex":0}}},{"from":[4.3970213,5.2664857,12.098871],"to":[6.229027,8.219297,13.770506],"rotation":{"angle":-22.5,"axis":"x","origin":[5.3130236,6.742892,12.934689]},"faces":{"east":{"uv":[10.0,9.625,10.125,9.875],"rotation":0,"texture":"#0","tintindex":0},"south":{"uv":[5.75,10.125,5.875,10.375],"rotation":0,"texture":"#0","tintindex":0},"north":{"uv":[7.75,10.0,7.875,10.25],"rotation":0,"texture":"#0","tintindex":0},"west":{"uv":[3.75,10.25,3.875,10.5],"rotation":0,"texture":"#0","tintindex":0},"up":{"uv":[7.25,12.875,7.125,12.75],"rotation":0,"texture":"#0","tintindex":0},"down":{"uv":[12.875,7.125,12.75,7.25],"rotation":0,"texture":"#0","tintindex":0}}},{"from":[4.3970213,9.199771,11.927883],"to":[6.229027,11.258957,13.599518],"rotation":{"angle":22.5,"axis":"x","origin":[5.3130236,10.229363,12.7637005]},"faces":{"east":{"uv":[7.375,12.75,7.5,12.875],"rotation":0,"texture":"#0","tintindex":0},"south":{"uv":[12.75,7.375,12.875,7.5],"rotation":0,"texture":"#0","tintindex":0},"north":{"uv":[7.25,12.75,7.375,12.875],"rotation":0,"texture":"#0","tintindex":0},"west":{"uv":[12.75,7.5,12.875,7.625],"rotation":0,"texture":"#0","tintindex":0},"up":{"uv":[7.75,12.875,7.625,12.75],"rotation":0,"texture":"#0","tintindex":0},"down":{"uv":[12.875,7.625,12.75,7.75],"rotation":0,"texture":"#0","tintindex":0}}},{"from":[4.3970213,3.3208594,14.249496],"to":[6.229027,4.9924946,16.308681],"rotation":{"angle":22.5,"axis":"x","origin":[5.3130236,4.1566772,15.27909]},"faces":{"east":{"uv":[7.875,12.75,8.0,12.875],"rotation":0,"texture":"#0","tintindex":0},"south":{"uv":[12.75,7.875,12.875,8.0],"rotation":0,"texture":"#0","tintindex":0},"north":{"uv":[7.75,12.75,7.875,12.875],"rotation":0,"texture":"#0","tintindex":0},"west":{"uv":[8.0,12.75,8.125,12.875],"rotation":0,"texture":"#0","tintindex":0},"up":{"uv":[12.875,8.125,12.75,8.0],"rotation":0,"texture":"#0","tintindex":0},"down":{"uv":[12.875,8.125,12.75,8.25],"rotation":0,"texture":"#0","tintindex":0}}},{"from":[4.3970213,11.908936,17.806793],"to":[6.229027,13.58057,19.86598],"rotation":{"angle":22.5,"axis":"x","origin":[5.3130236,12.744753,18.836388]},"faces":{"east":{"uv":[12.75,8.25,12.875,8.375],"rotation":0,"texture":"#0","tintindex":0},"south":{"uv":[8.375,12.75,8.5,12.875],"rotation":0,"texture":"#0","tintindex":0},"north":{"uv":[8.25,12.75,8.375,12.875],"rotation":0,"texture":"#0","tintindex":0},"west":{"uv":[12.75,8.375,12.875,8.5],"rotation":0,"texture":"#0","tintindex":0},"up":{"uv":[8.625,12.875,8.5,12.75],"rotation":0,"texture":"#0","tintindex":0},"down":{"uv":[12.875,8.5,12.75,8.625],"rotation":0,"texture":"#0","tintindex":0}}},{"from":[4.3970213,5.642473,20.515959],"to":[6.229027,7.701659,22.187593],"rotation":{"angle":22.5,"axis":"x","origin":[5.3130236,6.672066,21.351776]},"faces":{"east":{"uv":[12.75,8.625,12.875,8.75],"rotation":0,"texture":"#0","tintindex":0},"south":{"uv":[8.75,12.75,8.875,12.875],"rotation":0,"texture":"#0","tintindex":0},"north":{"uv":[8.625,12.75,8.75,12.875],"rotation":0,"texture":"#0","tintindex":0},"west":{"uv":[12.75,8.75,12.875,8.875],"rotation":0,"texture":"#0","tintindex":0},"up":{"uv":[9.0,12.875,8.875,12.75],"rotation":0,"texture":"#0","tintindex":0},"down":{"uv":[12.875,8.875,12.75,9.0],"rotation":0,"texture":"#0","tintindex":0}}},{"from":[4.508464,4.8387594,13.427818],"to":[6.117584,12.09264,20.76001],"rotation":{"angle":-22.5,"axis":"x","origin":[5.3130236,8.465699,17.093914]},"faces":{"east":{"uv":[7.25,4.375,7.8125,4.9375],"rotation":0,"texture":"#0","tintindex":0},"south":{"uv":[5.75,11.25,5.875,11.8125],"rotation":0,"texture":"#0","tintindex":0},"north":{"uv":[5.625,11.25,5.75,11.8125],"rotation":0,"texture":"#0","tintindex":0},"west":{"uv":[5.0,6.375,5.6875,7.0625],"rotation":0,"texture":"#0","tintindex":0},"up":{"uv":[6.0,11.8125,5.875,11.25],"rotation":0,"texture":"#0","tintindex":0},"down":{"uv":[6.125,11.25,6.0,11.8125],"rotation":0,"texture":"#0","tintindex":0}}},{"from":[5.91392,-6.053751,-11.589539],"to":[10.086081,2.1445765,-4.5362263],"rotation":{"angle":-22.5,"axis":"x","origin":[8.0,-1.954587,-8.062881]},"faces":{"east":{"uv":[4.75,7.5,5.25,8.125],"rotation":0,"texture":"#0","tintindex":0},"south":{"uv":[0.0,9.25,0.3125,9.875],"rotation":0,"texture":"#0","tintindex":0},"north":{"uv":[6.75,9.125,7.0625,9.75],"rotation":0,"texture":"#0","tintindex":0},"west":{"uv":[5.25,7.5,5.75,8.125],"rotation":0,"texture":"#0","tintindex":0},"up":{"uv":[9.9375,8.25,9.625,7.75],"rotation":0,"texture":"#0","tintindex":0},"down":{"uv":[9.9375,9.375,9.625,9.875],"rotation":0,"texture":"#0","tintindex":0}}},{"from":[5.91392,2.4294047,9.394418],"to":[10.086081,10.627731,15.440114],"rotation":{"angle":-22.5,"axis":"x","origin":[8.0,6.5285683,12.417266]},"faces":{"east":{"uv":[7.75,7.75,8.1875,8.375],"rotation":0,"texture":"#0","tintindex":0},"south":{"uv":[0.75,9.25,1.0625,9.875],"rotation":0,"texture":"#0","tintindex":0},"north":{"uv":[0.375,9.25,0.6875,9.875],"rotation":0,"texture":"#0","tintindex":0},"west":{"uv":[7.875,1.875,8.3125,2.5],"rotation":0,"texture":"#0","tintindex":0},"up":{"uv":[3.6875,10.6875,3.375,10.25],"rotation":0,"texture":"#0","tintindex":0},"down":{"uv":[10.5625,5.25,10.25,5.6875],"rotation":0,"texture":"#0","tintindex":0}}},{"from":[5.91392,1.5286183,-5.551735],"to":[10.086081,3.9751372,10.066313],"rotation":{"angle":-22.5,"axis":"x","origin":[8.0,2.7518778,2.257289]},"faces":{"east":{"uv":[9.0,3.125,10.1875,3.3125],"rotation":0,"texture":"#0","tintindex":0},"south":{"uv":[11.625,5.625,11.9375,5.8125],"rotation":0,"texture":"#0","tintindex":0},"north":{"uv":[11.625,5.375,11.9375,5.5625],"rotation":0,"texture":"#0","tintindex":0},"west":{"uv":[9.0,7.375,10.1875,7.5625],"rotation":0,"texture":"#0","tintindex":0},"up":{"uv":[7.3125,3.6875,7.0,2.5],"rotation":0,"texture":"#0","tintindex":0},"down":{"uv":[3.5625,7.125,3.25,8.3125],"rotation":0,"texture":"#0","tintindex":0}}}],"display":{"head":{"translation":[0.0,-6.4,-31.802666],"scale":[4.0,4.0,4.0]}}}