{"textures":{"0":"minecraft:modelengine/entity/claw_tier1"},"elements":[{"from":[16.350563,3.3381767,9.889107],"to":[20.860844,8.503408,17.782099],"rotation":{"angle":-22.5,"axis":"y","origin":[18.605701,5.9207926,13.835603]},"faces":{"east":{"uv":[10.125,10.625,10.5625,10.875],"rotation":0,"texture":"#0","tintindex":0},"south":{"uv":[3.375,8.375,3.625,8.625],"rotation":0,"texture":"#0","tintindex":0},"north":{"uv":[5.75,7.5,6.0,7.75],"rotation":0,"texture":"#0","tintindex":0},"west":{"uv":[10.625,10.25,11.0625,10.5],"rotation":0,"texture":"#0","tintindex":0},"up":{"uv":[9.5,11.0625,9.25,10.625],"rotation":0,"texture":"#0","tintindex":0},"down":{"uv":[10.875,10.5,10.625,10.9375],"rotation":0,"texture":"#0","tintindex":0}}},{"from":[-5.054406,3.3381767,9.889107],"to":[-0.5441246,8.503408,17.782099],"rotation":{"angle":22.5,"axis":"y","origin":[-2.799265,5.9207926,13.835603]},"faces":{"east":{"uv":[2.25,10.75,2.6875,11.0],"rotation":0,"texture":"#0","tintindex":0},"south":{"uv":[2.625,9.125,2.875,9.375],"rotation":0,"texture":"#0","tintindex":0},"north":{"uv":[2.0,9.125,2.25,9.375],"rotation":0,"texture":"#0","tintindex":0},"west":{"uv":[2.75,10.75,3.1875,11.0],"rotation":0,"texture":"#0","tintindex":0},"up":{"uv":[3.5,11.1875,3.25,10.75],"rotation":0,"texture":"#0","tintindex":0},"down":{"uv":[3.75,10.75,3.5,11.1875],"rotation":0,"texture":"#0","tintindex":0}}},{"from":[-6.3930016,3.3381767,3.0854616],"to":[-1.88272,8.503408,11.052521],"rotation":{"angle":0.0,"axis":"y","origin":[-4.1378613,5.9207926,7.068991]},"faces":{"east":{"uv":[4.5,10.75,4.9375,11.0],"rotation":0,"texture":"#0","tintindex":0},"south":{"uv":[9.75,9.0,10.0,9.25],"rotation":0,"texture":"#0","tintindex":0},"north":{"uv":[9.75,5.625,10.0,5.875],"rotation":0,"texture":"#0","tintindex":0},"west":{"uv":[5.0,10.75,5.4375,11.0],"rotation":0,"texture":"#0","tintindex":0},"up":{"uv":[5.75,11.1875,5.5,10.75],"rotation":0,"texture":"#0","tintindex":0},"down":{"uv":[11.0,5.625,10.75,6.0625],"rotation":0,"texture":"#0","tintindex":0}}},{"from":[-5.054406,3.3381767,-3.6441164],"to":[-0.5441246,8.503408,4.2488756],"rotation":{"angle":-22.5,"axis":"y","origin":[-2.799265,5.9207926,0.3023796]},"faces":{"east":{"uv":[5.75,10.75,6.1875,11.0],"rotation":0,"texture":"#0","tintindex":0},"south":{"uv":[11.375,9.875,11.625,10.125],"rotation":0,"texture":"#0","tintindex":0},"north":{"uv":[11.375,9.375,11.625,9.625],"rotation":0,"texture":"#0","tintindex":0},"west":{"uv":[10.75,6.125,11.1875,6.375],"rotation":0,"texture":"#0","tintindex":0},"up":{"uv":[6.5,11.1875,6.25,10.75],"rotation":0,"texture":"#0","tintindex":0},"down":{"uv":[11.0,6.375,10.75,6.8125],"rotation":0,"texture":"#0","tintindex":0}}},{"from":[3.9196897,3.3381767,16.85493],"to":[11.886748,8.503408,21.365211],"rotation":{"angle":0.0,"axis":"y","origin":[7.9032187,5.9207926,19.110071]},"faces":{"east":{"uv":[11.5,2.25,11.75,2.5],"rotation":0,"texture":"#0","tintindex":0},"south":{"uv":[10.75,6.875,11.1875,7.125],"rotation":0,"texture":"#0","tintindex":0},"north":{"uv":[6.5,10.75,6.9375,11.0],"rotation":0,"texture":"#0","tintindex":0},"west":{"uv":[11.5,2.5,11.75,2.75],"rotation":0,"texture":"#0","tintindex":0},"up":{"uv":[11.1875,7.375,10.75,7.125],"rotation":0,"texture":"#0","tintindex":0},"down":{"uv":[11.1875,7.375,10.75,7.625],"rotation":0,"texture":"#0","tintindex":0}}},{"from":[10.723334,3.3381767,15.516335],"to":[18.616327,8.503408,20.026615],"rotation":{"angle":22.5,"axis":"y","origin":[14.66983,5.9207926,17.771475]},"faces":{"east":{"uv":[11.5,2.75,11.75,3.0],"rotation":0,"texture":"#0","tintindex":0},"south":{"uv":[7.75,10.75,8.1875,11.0],"rotation":0,"texture":"#0","tintindex":0},"north":{"uv":[10.75,7.625,11.1875,7.875],"rotation":0,"texture":"#0","tintindex":0},"west":{"uv":[11.5,4.125,11.75,4.375],"rotation":0,"texture":"#0","tintindex":0},"up":{"uv":[11.1875,8.125,10.75,7.875],"rotation":0,"texture":"#0","tintindex":0},"down":{"uv":[11.1875,8.875,10.75,9.125],"rotation":0,"texture":"#0","tintindex":0}}},{"from":[-2.8098888,3.3381767,15.516335],"to":[5.0831037,8.503408,20.026615],"rotation":{"angle":-22.5,"axis":"y","origin":[1.1366072,5.9207926,17.771475]},"faces":{"east":{"uv":[11.5,8.625,11.75,8.875],"rotation":0,"texture":"#0","tintindex":0},"south":{"uv":[10.75,9.625,11.1875,9.875],"rotation":0,"texture":"#0","tintindex":0},"north":{"uv":[10.75,9.125,11.1875,9.375],"rotation":0,"texture":"#0","tintindex":0},"west":{"uv":[11.5,10.125,11.75,10.375],"rotation":0,"texture":"#0","tintindex":0},"up":{"uv":[0.4375,11.125,0.0,10.875],"rotation":0,"texture":"#0","tintindex":0},"down":{"uv":[11.3125,0.0,10.875,0.25],"rotation":0,"texture":"#0","tintindex":0}}},{"from":[10.723334,3.3381767,-5.8886337],"to":[18.616327,8.503408,-1.3783522],"rotation":{"angle":-22.5,"axis":"y","origin":[14.66983,5.9207926,-3.6334934]},"faces":{"east":{"uv":[11.5,10.375,11.75,10.625],"rotation":0,"texture":"#0","tintindex":0},"south":{"uv":[0.5,10.875,0.9375,11.125],"rotation":0,"texture":"#0","tintindex":0},"north":{"uv":[10.875,0.25,11.3125,0.5],"rotation":0,"texture":"#0","tintindex":0},"west":{"uv":[11.5,10.625,11.75,10.875],"rotation":0,"texture":"#0","tintindex":0},"up":{"uv":[11.3125,0.75,10.875,0.5],"rotation":0,"texture":"#0","tintindex":0},"down":{"uv":[11.3125,0.75,10.875,1.0],"rotation":0,"texture":"#0","tintindex":0}}},{"from":[-2.8098888,3.3381767,-5.8886337],"to":[5.0831037,8.503408,-1.3783522],"rotation":{"angle":22.5,"axis":"y","origin":[1.1366072,5.9207926,-3.6334934]},"faces":{"east":{"uv":[0.25,11.625,0.5,11.875],"rotation":0,"texture":"#0","tintindex":0},"south":{"uv":[10.875,1.0,11.3125,1.25],"rotation":0,"texture":"#0","tintindex":0},"north":{"uv":[1.0,10.875,1.4375,11.125],"rotation":0,"texture":"#0","tintindex":0},"west":{"uv":[0.5,11.625,0.75,11.875],"rotation":0,"texture":"#0","tintindex":0},"up":{"uv":[11.3125,1.5,10.875,1.25],"rotation":0,"texture":"#0","tintindex":0},"down":{"uv":[1.9375,10.875,1.5,11.125],"rotation":0,"texture":"#0","tintindex":0}}},{"from":[3.9196897,3.3381767,-7.22723],"to":[11.886748,8.503408,-2.7169485],"rotation":{"angle":0.0,"axis":"y","origin":[7.9032187,5.9207926,-4.972089]},"faces":{"east":{"uv":[0.75,11.625,1.0,11.875],"rotation":0,"texture":"#0","tintindex":0},"south":{"uv":[10.875,1.75,11.3125,2.0],"rotation":0,"texture":"#0","tintindex":0},"north":{"uv":[10.875,1.5,11.3125,1.75],"rotation":0,"texture":"#0","tintindex":0},"west":{"uv":[1.0,11.625,1.25,11.875],"rotation":0,"texture":"#0","tintindex":0},"up":{"uv":[11.3125,2.25,10.875,2.0],"rotation":0,"texture":"#0","tintindex":0},"down":{"uv":[11.3125,3.125,10.875,3.375],"rotation":0,"texture":"#0","tintindex":0}}},{"from":[-3.3724852,3.281798,-4.2067127],"to":[19.17892,8.559787,18.344694],"rotation":{"angle":0.0,"axis":"y","origin":[7.9032187,5.9207926,7.068991]},"faces":{"east":{"uv":[5.75,7.75,6.9375,8.0],"rotation":0,"texture":"#0","tintindex":0},"south":{"uv":[7.75,7.25,8.9375,7.5],"rotation":0,"texture":"#0","tintindex":0},"north":{"uv":[3.75,1.0,4.9375,1.25],"rotation":0,"texture":"#0","tintindex":0},"west":{"uv":[7.75,7.5,8.9375,7.75],"rotation":0,"texture":"#0","tintindex":0},"up":{"uv":[1.1875,3.6875,0.0,2.5],"rotation":0,"texture":"#0","tintindex":0},"down":{"uv":[3.6875,0.0,2.5,1.1875],"rotation":0,"texture":"#0","tintindex":0}}},{"from":[18.313793,7.7800837,2.831194],"to":[23.111965,19.65556,11.306788],"rotation":{"angle":0.0,"axis":"y","origin":[20.71288,13.717821,7.068991]},"faces":{"east":{"uv":[8.5,0.625,8.9375,1.25],"rotation":0,"texture":"#0","tintindex":0},"south":{"uv":[7.875,9.875,8.125,10.5],"rotation":0,"texture":"#0","tintindex":0},"north":{"uv":[6.375,9.875,6.625,10.5],"rotation":0,"texture":"#0","tintindex":0},"west":{"uv":[8.5,2.125,8.9375,2.75],"rotation":0,"texture":"#0","tintindex":0},"up":{"uv":[2.25,11.3125,2.0,10.875],"rotation":0,"texture":"#0","tintindex":0},"down":{"uv":[11.125,3.375,10.875,3.8125],"rotation":0,"texture":"#0","tintindex":0}}},{"from":[16.889755,7.7800837,-4.3279314],"to":[21.687925,19.65556,4.0688686],"rotation":{"angle":22.5,"axis":"y","origin":[19.28884,13.717821,-0.12953186]},"faces":{"east":{"uv":[8.5,2.75,8.9375,3.375],"rotation":0,"texture":"#0","tintindex":0},"south":{"uv":[9.625,9.875,9.875,10.5],"rotation":0,"texture":"#0","tintindex":0},"north":{"uv":[8.125,9.875,8.375,10.5],"rotation":0,"texture":"#0","tintindex":0},"west":{"uv":[6.75,8.5,7.1875,9.125],"rotation":0,"texture":"#0","tintindex":0},"up":{"uv":[11.125,4.3125,10.875,3.875],"rotation":0,"texture":"#0","tintindex":0},"down":{"uv":[11.125,5.125,10.875,5.5625],"rotation":0,"texture":"#0","tintindex":0}}},{"from":[16.889755,7.7800837,10.069114],"to":[21.687925,19.65556,18.465914],"rotation":{"angle":-22.5,"axis":"y","origin":[19.28884,13.717821,14.267513]},"faces":{"east":{"uv":[8.5,8.375,8.9375,9.0],"rotation":0,"texture":"#0","tintindex":0},"south":{"uv":[10.0,1.875,10.25,2.5],"rotation":0,"texture":"#0","tintindex":0},"north":{"uv":[9.875,9.875,10.125,10.5],"rotation":0,"texture":"#0","tintindex":0},"west":{"uv":[0.75,8.625,1.1875,9.25],"rotation":0,"texture":"#0","tintindex":0},"up":{"uv":[7.5,11.3125,7.25,10.875],"rotation":0,"texture":"#0","tintindex":0},"down":{"uv":[7.75,10.875,7.5,11.3125],"rotation":0,"texture":"#0","tintindex":0}}},{"from":[-5.881488,7.7800837,10.069114],"to":[-1.0833158,19.65556,18.465914],"rotation":{"angle":22.5,"axis":"y","origin":[-3.4824018,13.717821,14.267513]},"faces":{"east":{"uv":[5.625,8.625,6.0625,9.25],"rotation":0,"texture":"#0","tintindex":0},"south":{"uv":[3.875,10.0,4.125,10.625],"rotation":0,"texture":"#0","tintindex":0},"north":{"uv":[10.0,2.5,10.25,3.125],"rotation":0,"texture":"#0","tintindex":0},"west":{"uv":[6.125,8.625,6.5625,9.25],"rotation":0,"texture":"#0","tintindex":0},"up":{"uv":[8.5,11.3125,8.25,10.875],"rotation":0,"texture":"#0","tintindex":0},"down":{"uv":[8.75,10.875,8.5,11.3125],"rotation":0,"texture":"#0","tintindex":0}}}],"display":{"head":{"translation":[0.0,-6.4,0.0],"scale":[4.0,4.0,4.0]}}}