{"textures":{"0":"minecraft:modelengine/entity/gold_nexus","1":"minecraft:modelengine/entity/iron_nexus_logo"},"elements":[{"from":[4.544286,3.3858166,-1.3714285],"to":[11.572857,8.071531,0.9714279],"rotation":{"angle":0.0,"axis":"y","origin":[3.372857,3.3858166,-1.3714285]},"faces":{"east":{"uv":[4.25,7.875,4.5,8.375],"rotation":0,"texture":"#0","tintindex":0},"south":{"uv":[1.5,5.5,2.25,6.0],"rotation":0,"texture":"#0","tintindex":0},"north":{"uv":[0.75,5.5,1.5,6.0],"rotation":0,"texture":"#0","tintindex":0},"west":{"uv":[7.875,4.75,8.125,5.25],"rotation":0,"texture":"#0","tintindex":0},"up":{"uv":[7.875,3.375,7.125,3.125],"rotation":0,"texture":"#0","tintindex":0},"down":{"uv":[7.875,3.375,7.125,3.625],"rotation":0,"texture":"#0","tintindex":0}}},{"from":[4.544286,3.3858166,15.028572],"to":[11.572857,8.071531,17.37143],"rotation":{"angle":0.0,"axis":"y","origin":[3.372857,3.3858166,17.37143]},"faces":{"east":{"uv":[0.0,8.0,0.25,8.5],"rotation":0,"texture":"#0","tintindex":0},"south":{"uv":[5.5,3.25,6.25,3.75],"rotation":0,"texture":"#0","tintindex":0},"north":{"uv":[2.25,5.5,3.0,6.0],"rotation":0,"texture":"#0","tintindex":0},"west":{"uv":[8.0,0.5,8.25,1.0],"rotation":0,"texture":"#0","tintindex":0},"up":{"uv":[8.0,0.75,7.25,0.5],"rotation":0,"texture":"#0","tintindex":0},"down":{"uv":[8.0,0.75,7.25,1.0],"rotation":0,"texture":"#0","tintindex":0}}},{"from":[-1.3128576,3.3858166,4.485714],"to":[1.0299997,8.071531,11.514286],"rotation":{"angle":0.0,"axis":"y","origin":[8.058572,5.728674,8.0]},"faces":{"east":{"uv":[3.75,5.5,4.5,6.0],"rotation":0,"texture":"#0","tintindex":0},"south":{"uv":[8.0,5.25,8.25,5.75],"rotation":0,"texture":"#0","tintindex":0},"north":{"uv":[4.5,8.0,4.75,8.5],"rotation":0,"texture":"#0","tintindex":0},"west":{"uv":[5.625,2.0,6.375,2.5],"rotation":0,"texture":"#0","tintindex":0},"up":{"uv":[3.75,7.75,3.5,7.0],"rotation":0,"texture":"#0","tintindex":0},"down":{"uv":[5.25,7.0,5.0,7.75],"rotation":0,"texture":"#0","tintindex":0}}},{"from":[15.087143,3.3858166,4.485714],"to":[17.43,8.071531,11.514286],"rotation":{"angle":0.0,"axis":"y","origin":[8.058572,5.728674,8.0]},"faces":{"east":{"uv":[5.625,2.5,6.375,3.0],"rotation":0,"texture":"#0","tintindex":0},"south":{"uv":[8.0,6.25,8.25,6.75],"rotation":0,"texture":"#0","tintindex":0},"north":{"uv":[8.0,5.75,8.25,6.25],"rotation":0,"texture":"#0","tintindex":0},"west":{"uv":[5.75,0.0,6.5,0.5],"rotation":0,"texture":"#0","tintindex":0},"up":{"uv":[5.625,7.75,5.375,7.0],"rotation":0,"texture":"#0","tintindex":0},"down":{"uv":[0.25,7.25,0.0,8.0],"rotation":0,"texture":"#0","tintindex":0}}},{"from":[-0.68135643,3.3858166,6.2895136],"to":[1.6615009,8.100817,8.339514],"rotation":{"angle":-22.5,"axis":"y","origin":[8.690073,5.728674,4.8252277]},"faces":{"east":{"uv":[8.0,6.75,8.25,7.25],"rotation":0,"texture":"#0","tintindex":0},"south":{"uv":[6.875,8.0,7.125,8.5],"rotation":0,"texture":"#0","tintindex":0},"north":{"uv":[6.625,8.0,6.875,8.5],"rotation":0,"texture":"#0","tintindex":0},"west":{"uv":[7.125,8.0,7.375,8.5],"rotation":0,"texture":"#0","tintindex":0},"up":{"uv":[4.75,3.5,4.5,3.25],"rotation":0,"texture":"#0","tintindex":0},"down":{"uv":[4.75,5.0,4.5,5.25],"rotation":0,"texture":"#0","tintindex":0}}},{"from":[3.0763264,3.3858166,-0.7881689],"to":[5.1263266,8.071531,1.5546885],"rotation":{"angle":22.5,"axis":"y","origin":[3.3691835,5.728674,0.38325977]},"faces":{"east":{"uv":[8.0,7.75,8.25,8.25],"rotation":0,"texture":"#0","tintindex":0},"south":{"uv":[8.125,0.0,8.375,0.5],"rotation":0,"texture":"#0","tintindex":0},"north":{"uv":[8.0,7.25,8.25,7.75],"rotation":0,"texture":"#0","tintindex":0},"west":{"uv":[0.25,8.125,0.5,8.625],"rotation":0,"texture":"#0","tintindex":0},"up":{"uv":[6.0,1.5,5.75,1.25],"rotation":0,"texture":"#0","tintindex":0},"down":{"uv":[6.0,6.125,5.75,6.375],"rotation":0,"texture":"#0","tintindex":0}}},{"from":[0.969707,3.3858166,-0.31262207],"to":[3.3125648,8.130102,4.1827226],"rotation":{"angle":-45.0,"axis":"y","origin":[2.1411357,5.728674,1.5789189]},"faces":{"east":{"uv":[6.5,0.0,7.0,0.5],"rotation":0,"texture":"#0","tintindex":0},"south":{"uv":[0.75,8.125,1.0,8.625],"rotation":0,"texture":"#0","tintindex":0},"north":{"uv":[0.5,8.125,0.75,8.625],"rotation":0,"texture":"#0","tintindex":0},"west":{"uv":[4.25,6.5,4.75,7.0],"rotation":0,"texture":"#0","tintindex":0},"up":{"uv":[2.875,8.625,2.625,8.125],"rotation":0,"texture":"#0","tintindex":0},"down":{"uv":[8.375,4.75,8.125,5.25],"rotation":0,"texture":"#0","tintindex":0}}},{"from":[10.990816,3.3858166,-0.7881689],"to":[13.040816,8.071531,1.5546885],"rotation":{"angle":-22.5,"axis":"y","origin":[12.747959,5.728674,0.38325977]},"faces":{"east":{"uv":[1.0,8.25,1.25,8.75],"rotation":0,"texture":"#0","tintindex":0},"south":{"uv":[8.25,1.0,8.5,1.5],"rotation":0,"texture":"#0","tintindex":0},"north":{"uv":[8.25,0.5,8.5,1.0],"rotation":0,"texture":"#0","tintindex":0},"west":{"uv":[1.25,8.25,1.5,8.75],"rotation":0,"texture":"#0","tintindex":0},"up":{"uv":[7.875,2.875,7.625,2.625],"rotation":0,"texture":"#0","tintindex":0},"down":{"uv":[3.625,8.875,3.375,9.125],"rotation":0,"texture":"#0","tintindex":0}}},{"from":[12.804579,3.3858166,-0.31262207],"to":[15.147436,8.130102,4.1827226],"rotation":{"angle":45.0,"axis":"y","origin":[13.976007,5.728674,1.5789189]},"faces":{"east":{"uv":[4.75,6.5,5.25,7.0],"rotation":0,"texture":"#0","tintindex":0},"south":{"uv":[8.25,1.5,8.5,2.0],"rotation":0,"texture":"#0","tintindex":0},"north":{"uv":[1.5,8.25,1.75,8.75],"rotation":0,"texture":"#0","tintindex":0},"west":{"uv":[6.75,0.5,7.25,1.0],"rotation":0,"texture":"#0","tintindex":0},"up":{"uv":[2.0,8.75,1.75,8.25],"rotation":0,"texture":"#0","tintindex":0},"down":{"uv":[8.5,2.0,8.25,2.5],"rotation":0,"texture":"#0","tintindex":0}}},{"from":[14.455642,3.3858166,6.2895136],"to":[16.7985,8.100817,8.339514],"rotation":{"angle":22.5,"axis":"y","origin":[7.42707,5.728674,4.8252277]},"faces":{"east":{"uv":[8.25,3.0,8.5,3.5],"rotation":0,"texture":"#0","tintindex":0},"south":{"uv":[8.25,3.5,8.5,4.0],"rotation":0,"texture":"#0","tintindex":0},"north":{"uv":[8.25,2.5,8.5,3.0],"rotation":0,"texture":"#0","tintindex":0},"west":{"uv":[3.75,8.25,4.0,8.75],"rotation":0,"texture":"#0","tintindex":0},"up":{"uv":[4.875,9.125,4.625,8.875],"rotation":0,"texture":"#0","tintindex":0},"down":{"uv":[6.25,8.875,6.0,9.125],"rotation":0,"texture":"#0","tintindex":0}}},{"from":[-0.68135643,3.3858166,7.660486],"to":[1.6615009,8.100817,9.710486],"rotation":{"angle":22.5,"axis":"y","origin":[8.690073,5.728674,11.174772]},"faces":{"east":{"uv":[8.25,4.0,8.5,4.5],"rotation":0,"texture":"#0","tintindex":0},"south":{"uv":[5.125,8.25,5.375,8.75],"rotation":0,"texture":"#0","tintindex":0},"north":{"uv":[4.0,8.25,4.25,8.75],"rotation":0,"texture":"#0","tintindex":0},"west":{"uv":[8.25,5.25,8.5,5.75],"rotation":0,"texture":"#0","tintindex":0},"up":{"uv":[9.125,6.75,8.875,6.5],"rotation":0,"texture":"#0","tintindex":0},"down":{"uv":[6.875,8.875,6.625,9.125],"rotation":0,"texture":"#0","tintindex":0}}},{"from":[0.969707,3.3858166,11.817278],"to":[3.3125648,8.130102,16.312622],"rotation":{"angle":45.0,"axis":"y","origin":[2.1411357,5.728674,14.421082]},"faces":{"east":{"uv":[6.75,1.0,7.25,1.5],"rotation":0,"texture":"#0","tintindex":0},"south":{"uv":[8.25,5.75,8.5,6.25],"rotation":0,"texture":"#0","tintindex":0},"north":{"uv":[5.625,8.25,5.875,8.75],"rotation":0,"texture":"#0","tintindex":0},"west":{"uv":[6.75,1.5,7.25,2.0],"rotation":0,"texture":"#0","tintindex":0},"up":{"uv":[6.125,8.75,5.875,8.25],"rotation":0,"texture":"#0","tintindex":0},"down":{"uv":[6.375,8.25,6.125,8.75],"rotation":0,"texture":"#0","tintindex":0}}},{"from":[3.0763264,3.3858166,14.445312],"to":[5.1263266,8.100817,16.78817],"rotation":{"angle":-22.5,"axis":"y","origin":[3.3691835,5.728674,15.61674]},"faces":{"east":{"uv":[6.375,8.25,6.625,8.75],"rotation":0,"texture":"#0","tintindex":0},"south":{"uv":[8.25,6.75,8.5,7.25],"rotation":0,"texture":"#0","tintindex":0},"north":{"uv":[8.25,6.25,8.5,6.75],"rotation":0,"texture":"#0","tintindex":0},"west":{"uv":[8.25,7.25,8.5,7.75],"rotation":0,"texture":"#0","tintindex":0},"up":{"uv":[9.125,7.0,8.875,6.75],"rotation":0,"texture":"#0","tintindex":0},"down":{"uv":[7.125,8.875,6.875,9.125],"rotation":0,"texture":"#0","tintindex":0}}},{"from":[10.990816,3.3858166,14.445312],"to":[13.040816,8.100817,16.78817],"rotation":{"angle":22.5,"axis":"y","origin":[12.747959,5.728674,15.61674]},"faces":{"east":{"uv":[8.0,8.25,8.25,8.75],"rotation":0,"texture":"#0","tintindex":0},"south":{"uv":[8.25,8.25,8.5,8.75],"rotation":0,"texture":"#0","tintindex":0},"north":{"uv":[8.25,7.75,8.5,8.25],"rotation":0,"texture":"#0","tintindex":0},"west":{"uv":[8.375,0.0,8.625,0.5],"rotation":0,"texture":"#0","tintindex":0},"up":{"uv":[9.125,7.25,8.875,7.0],"rotation":0,"texture":"#0","tintindex":0},"down":{"uv":[7.375,8.875,7.125,9.125],"rotation":0,"texture":"#0","tintindex":0}}},{"from":[12.804579,3.3858166,11.817278],"to":[15.147436,8.130102,16.312622],"rotation":{"angle":-45.0,"axis":"y","origin":[13.976007,5.728674,14.421082]},"faces":{"east":{"uv":[6.75,3.75,7.25,4.25],"rotation":0,"texture":"#0","tintindex":0},"south":{"uv":[3.125,8.375,3.375,8.875],"rotation":0,"texture":"#0","tintindex":0},"north":{"uv":[2.875,8.375,3.125,8.875],"rotation":0,"texture":"#0","tintindex":0},"west":{"uv":[6.75,4.25,7.25,4.75],"rotation":0,"texture":"#0","tintindex":0},"up":{"uv":[3.625,8.875,3.375,8.375],"rotation":0,"texture":"#0","tintindex":0},"down":{"uv":[4.5,8.375,4.25,8.875],"rotation":0,"texture":"#0","tintindex":0}}},{"from":[14.455642,3.3858166,7.660486],"to":[16.7985,8.100817,9.710486],"rotation":{"angle":-22.5,"axis":"y","origin":[7.42707,5.728674,11.174772]},"faces":{"east":{"uv":[8.375,4.75,8.625,5.25],"rotation":0,"texture":"#0","tintindex":0},"south":{"uv":[5.375,8.375,5.625,8.875],"rotation":0,"texture":"#0","tintindex":0},"north":{"uv":[4.75,8.375,5.0,8.875],"rotation":0,"texture":"#0","tintindex":0},"west":{"uv":[7.375,8.375,7.625,8.875],"rotation":0,"texture":"#0","tintindex":0},"up":{"uv":[9.125,7.5,8.875,7.25],"rotation":0,"texture":"#0","tintindex":0},"down":{"uv":[7.625,8.875,7.375,9.125],"rotation":0,"texture":"#0","tintindex":0}}},{"from":[-2.6307144,3.8543878,5.95],"to":[-0.4050007,9.24296,10.05],"rotation":{"angle":-22.5,"axis":"z","origin":[-1.898572,5.728674,8.0]},"faces":{"east":{"uv":[6.75,4.75,7.1875,5.3125],"rotation":0,"texture":"#0","tintindex":0},"south":{"uv":[7.75,5.875,8.0,6.4375],"rotation":0,"texture":"#0","tintindex":0},"north":{"uv":[5.375,7.75,5.625,8.3125],"rotation":0,"texture":"#0","tintindex":0},"west":{"uv":[6.75,5.375,7.1875,5.9375],"rotation":0,"texture":"#0","tintindex":0},"up":{"uv":[0.25,8.9375,0.0,8.5],"rotation":0,"texture":"#0","tintindex":0},"down":{"uv":[8.75,2.375,8.5,2.8125],"rotation":0,"texture":"#0","tintindex":0}}},{"from":[0.34907436,7.6795826,6.36],"to":[2.3697886,10.84244,9.64],"rotation":{"angle":-45.0,"axis":"z","origin":[1.4619317,10.373869,8.0]},"faces":{"east":{"uv":[7.625,8.375,8.0,8.6875],"rotation":0,"texture":"#0","tintindex":0},"south":{"uv":[8.625,8.875,8.8125,9.1875],"rotation":0,"texture":"#0","tintindex":0},"north":{"uv":[8.875,8.5,9.0625,8.8125],"rotation":0,"texture":"#0","tintindex":0},"west":{"uv":[8.5,0.5,8.875,0.8125],"rotation":0,"texture":"#0","tintindex":0},"up":{"uv":[9.0625,2.0,8.875,1.625],"rotation":0,"texture":"#0","tintindex":0},"down":{"uv":[9.0625,2.0,8.875,2.375],"rotation":0,"texture":"#0","tintindex":0}}},{"from":[16.522144,3.8543878,5.95],"to":[18.747858,9.24296,10.05],"rotation":{"angle":22.5,"axis":"z","origin":[18.015715,5.728674,8.0]},"faces":{"east":{"uv":[6.75,6.375,7.1875,6.9375],"rotation":0,"texture":"#0","tintindex":0},"south":{"uv":[7.75,7.125,8.0,7.6875],"rotation":0,"texture":"#0","tintindex":0},"north":{"uv":[7.75,6.5,8.0,7.0625],"rotation":0,"texture":"#0","tintindex":0},"west":{"uv":[1.125,6.875,1.5625,7.4375],"rotation":0,"texture":"#0","tintindex":0},"up":{"uv":[8.75,3.3125,8.5,2.875],"rotation":0,"texture":"#0","tintindex":0},"down":{"uv":[8.75,3.375,8.5,3.8125],"rotation":0,"texture":"#0","tintindex":0}}},{"from":[13.7473545,7.6795826,6.36],"to":[15.768068,10.84244,9.64],"rotation":{"angle":45.0,"axis":"z","origin":[14.6552105,10.373869,8.0]},"faces":{"east":{"uv":[8.5,0.875,8.875,1.1875],"rotation":0,"texture":"#0","tintindex":0},"south":{"uv":[0.0,9.0,0.1875,9.3125],"rotation":0,"texture":"#0","tintindex":0},"north":{"uv":[8.875,8.875,9.0625,9.1875],"rotation":0,"texture":"#0","tintindex":0},"west":{"uv":[8.5,1.25,8.875,1.5625],"rotation":0,"texture":"#0","tintindex":0},"up":{"uv":[3.0625,9.25,2.875,8.875],"rotation":0,"texture":"#0","tintindex":0},"down":{"uv":[3.3125,8.875,3.125,9.25],"rotation":0,"texture":"#0","tintindex":0}}},{"from":[3.6657143,0.21684885,-1.0621452],"to":[12.451429,6.776849,2.2178555],"rotation":{"angle":22.5,"axis":"x","origin":[8.058572,8.0,8.0]},"faces":{"east":{"uv":[0.375,6.375,0.75,7.0625],"rotation":0,"texture":"#0","tintindex":0},"south":{"uv":[3.75,4.25,4.6875,4.9375],"rotation":0,"texture":"#0","tintindex":0},"north":{"uv":[3.75,3.5,4.6875,4.1875],"rotation":0,"texture":"#0","tintindex":0},"west":{"uv":[0.75,6.375,1.125,7.0625],"rotation":0,"texture":"#0","tintindex":0},"up":{"uv":[6.6875,0.875,5.75,0.5],"rotation":0,"texture":"#0","tintindex":0},"down":{"uv":[6.6875,0.875,5.75,1.25],"rotation":0,"texture":"#0","tintindex":0}}},{"from":[6.0085716,0.21684885,14.836431],"to":[10.108572,5.60542,17.062145],"rotation":{"angle":-22.5,"axis":"x","origin":[8.058572,8.0,8.0]},"faces":{"east":{"uv":[7.5,7.75,7.75,8.3125],"rotation":0,"texture":"#0","tintindex":0},"south":{"uv":[6.875,2.0,7.3125,2.5625],"rotation":0,"texture":"#0","tintindex":0},"north":{"uv":[1.625,6.875,2.0625,7.4375],"rotation":0,"texture":"#0","tintindex":0},"west":{"uv":[7.75,7.75,8.0,8.3125],"rotation":0,"texture":"#0","tintindex":0},"up":{"uv":[6.0625,3.25,5.625,3.0],"rotation":0,"texture":"#0","tintindex":0},"down":{"uv":[8.9375,3.875,8.5,4.125],"rotation":0,"texture":"#0","tintindex":0}}},{"from":[6.4185715,2.3197641,13.435249],"to":[9.698571,5.482621,15.455964],"rotation":{"angle":-45.0,"axis":"x","origin":[8.058572,8.0,8.0]},"faces":{"east":{"uv":[9.0,0.0,9.1875,0.3125],"rotation":0,"texture":"#0","tintindex":0},"south":{"uv":[8.5,2.0,8.875,2.3125],"rotation":0,"texture":"#0","tintindex":0},"north":{"uv":[8.5,1.625,8.875,1.9375],"rotation":0,"texture":"#0","tintindex":0},"west":{"uv":[0.25,9.0,0.4375,9.3125],"rotation":0,"texture":"#0","tintindex":0},"up":{"uv":[5.625,2.1875,5.25,2.0],"rotation":0,"texture":"#0","tintindex":0},"down":{"uv":[4.625,8.875,4.25,9.0625],"rotation":0,"texture":"#0","tintindex":0}}},{"from":[-4.358572,3.3858166,5.3642855],"to":[-1.3128576,4.762245,10.635715],"rotation":{"angle":0.0,"axis":"y","origin":[8.058572,5.728674,8.0]},"faces":{"east":{"uv":[5.375,8.875,5.9375,9.0],"rotation":0,"texture":"#0","tintindex":0},"south":{"uv":[9.0,5.0,9.3125,5.125],"rotation":0,"texture":"#0","tintindex":0},"north":{"uv":[6.875,6.25,7.1875,6.375],"rotation":0,"texture":"#0","tintindex":0},"west":{"uv":[8.875,5.875,9.4375,6.0],"rotation":0,"texture":"#0","tintindex":0},"up":{"uv":[7.5625,1.5625,7.25,1.0],"rotation":0,"texture":"#0","tintindex":0},"down":{"uv":[7.5625,3.625,7.25,4.1875],"rotation":0,"texture":"#0","tintindex":0}}},{"from":[17.43,3.3858166,5.3642855],"to":[20.475716,4.762245,10.635715],"rotation":{"angle":0.0,"axis":"y","origin":[8.058572,5.728674,8.0]},"faces":{"east":{"uv":[8.875,6.0,9.4375,6.125],"rotation":0,"texture":"#0","tintindex":0},"south":{"uv":[6.125,9.125,6.4375,9.25],"rotation":0,"texture":"#0","tintindex":0},"north":{"uv":[9.125,2.25,9.4375,2.375],"rotation":0,"texture":"#0","tintindex":0},"west":{"uv":[8.875,6.125,9.4375,6.25],"rotation":0,"texture":"#0","tintindex":0},"up":{"uv":[4.5625,7.8125,4.25,7.25],"rotation":0,"texture":"#0","tintindex":0},"down":{"uv":[7.5625,4.25,7.25,4.8125],"rotation":0,"texture":"#0","tintindex":0}}},{"from":[3.08,3.3858166,-4.417143],"to":[13.037143,4.762245,-0.5514288],"rotation":{"angle":0.0,"axis":"y","origin":[8.058572,3.971531,8.0]},"faces":{"east":{"uv":[0.5,9.0,0.9375,9.125],"rotation":0,"texture":"#0","tintindex":0},"south":{"uv":[7.875,4.625,8.9375,4.75],"rotation":0,"texture":"#0","tintindex":0},"north":{"uv":[7.875,4.5,8.9375,4.625],"rotation":0,"texture":"#0","tintindex":0},"west":{"uv":[2.0,9.0,2.4375,9.125],"rotation":0,"texture":"#0","tintindex":0},"up":{"uv":[5.5625,2.6875,4.5,2.25],"rotation":0,"texture":"#0","tintindex":0},"down":{"uv":[5.5625,2.75,4.5,3.1875],"rotation":0,"texture":"#0","tintindex":0}}},{"from":[5.422857,3.3858166,17.37143],"to":[10.694286,4.762245,20.417143],"rotation":{"angle":0.0,"axis":"y","origin":[8.058572,3.971531,8.0]},"faces":{"east":{"uv":[6.5,9.125,6.8125,9.25],"rotation":0,"texture":"#0","tintindex":0},"south":{"uv":[8.875,6.375,9.4375,6.5],"rotation":0,"texture":"#0","tintindex":0},"north":{"uv":[8.875,6.25,9.4375,6.375],"rotation":0,"texture":"#0","tintindex":0},"west":{"uv":[9.125,6.5,9.4375,6.625],"rotation":0,"texture":"#0","tintindex":0},"up":{"uv":[7.8125,1.9375,7.25,1.625],"rotation":0,"texture":"#0","tintindex":0},"down":{"uv":[7.8125,4.875,7.25,5.1875],"rotation":0,"texture":"#0","tintindex":0}}},{"from":[11.420684,3.408718,15.390195],"to":[14.356928,4.5929155,18.076515],"rotation":{"angle":22.5,"axis":"y","origin":[13.435423,5.6932383,16.733355]},"faces":{"east":{"uv":[9.125,6.75,9.4375,6.875],"rotation":0,"texture":"#0","tintindex":0},"south":{"uv":[6.875,9.125,7.1875,9.25],"rotation":0,"texture":"#0","tintindex":0},"north":{"uv":[9.125,6.625,9.4375,6.75],"rotation":0,"texture":"#0","tintindex":0},"west":{"uv":[9.125,6.875,9.4375,7.0],"rotation":0,"texture":"#0","tintindex":0},"up":{"uv":[8.8125,6.1875,8.5,5.875],"rotation":0,"texture":"#0","tintindex":0},"down":{"uv":[8.8125,6.25,8.5,6.5625],"rotation":0,"texture":"#0","tintindex":0}}},{"from":[4.0290914,3.408718,16.05896],"to":[12.088052,4.5929155,18.745281],"rotation":{"angle":0.0,"axis":"y","origin":[2.6859312,3.006918,18.745281]},"faces":{"east":{"uv":[9.125,7.0,9.4375,7.125],"rotation":0,"texture":"#0","tintindex":0},"south":{"uv":[8.5,4.25,9.375,4.375],"rotation":0,"texture":"#0","tintindex":0},"north":{"uv":[8.5,4.125,9.375,4.25],"rotation":0,"texture":"#0","tintindex":0},"west":{"uv":[9.125,7.125,9.4375,7.25],"rotation":0,"texture":"#0","tintindex":0},"up":{"uv":[6.875,6.3125,6.0,6.0],"rotation":0,"texture":"#0","tintindex":0},"down":{"uv":[5.375,6.125,4.5,6.4375],"rotation":0,"texture":"#0","tintindex":0}}},{"from":[15.393452,3.408718,7.6107135],"to":[18.079773,4.5929155,10.546958],"rotation":{"angle":-22.5,"axis":"y","origin":[7.3344917,5.6932383,11.640194]},"faces":{"east":{"uv":[9.125,7.25,9.4375,7.375],"rotation":0,"texture":"#0","tintindex":0},"south":{"uv":[9.125,7.375,9.4375,7.5],"rotation":0,"texture":"#0","tintindex":0},"north":{"uv":[7.25,9.125,7.5625,9.25],"rotation":0,"texture":"#0","tintindex":0},"west":{"uv":[9.125,7.5,9.4375,7.625],"rotation":0,"texture":"#0","tintindex":0},"up":{"uv":[6.9375,8.8125,6.625,8.5],"rotation":0,"texture":"#0","tintindex":0},"down":{"uv":[8.8125,6.625,8.5,6.9375],"rotation":0,"texture":"#0","tintindex":0}}},{"from":[16.11753,3.408718,3.97052],"to":[18.803852,4.5929155,12.02948],"rotation":{"angle":0.0,"axis":"y","origin":[8.058572,5.6932383,8.0]},"faces":{"east":{"uv":[8.5,4.375,9.375,4.5],"rotation":0,"texture":"#0","tintindex":0},"south":{"uv":[9.125,7.625,9.4375,7.75],"rotation":0,"texture":"#0","tintindex":0},"north":{"uv":[7.625,9.125,7.9375,9.25],"rotation":0,"texture":"#0","tintindex":0},"west":{"uv":[8.5,5.25,9.375,5.375],"rotation":0,"texture":"#0","tintindex":0},"up":{"uv":[3.3125,7.0,3.0,6.125],"rotation":0,"texture":"#0","tintindex":0},"down":{"uv":[3.6875,6.125,3.375,7.0],"rotation":0,"texture":"#0","tintindex":0}}},{"from":[4.0290914,3.408718,-2.7452803],"to":[12.088052,4.5929155,-0.05895996],"rotation":{"angle":0.0,"axis":"y","origin":[2.6859312,3.006918,-2.7452803]},"faces":{"east":{"uv":[9.125,7.75,9.4375,7.875],"rotation":0,"texture":"#0","tintindex":0},"south":{"uv":[8.5,5.5,9.375,5.625],"rotation":0,"texture":"#0","tintindex":0},"north":{"uv":[8.5,5.375,9.375,5.5],"rotation":0,"texture":"#0","tintindex":0},"west":{"uv":[9.125,7.875,9.4375,8.0],"rotation":0,"texture":"#0","tintindex":0},"up":{"uv":[7.125,3.3125,6.25,3.0],"rotation":0,"texture":"#0","tintindex":0},"down":{"uv":[7.125,3.375,6.25,3.6875],"rotation":0,"texture":"#0","tintindex":0}}},{"from":[-2.6867094,3.408718,3.97052],"to":[-3.8909912E-4,4.5929155,12.02948],"rotation":{"angle":0.0,"axis":"y","origin":[8.058572,5.6932383,8.0]},"faces":{"east":{"uv":[8.5,5.625,9.375,5.75],"rotation":0,"texture":"#0","tintindex":0},"south":{"uv":[9.125,8.0,9.4375,8.125],"rotation":0,"texture":"#0","tintindex":0},"north":{"uv":[8.0,9.125,8.3125,9.25],"rotation":0,"texture":"#0","tintindex":0},"west":{"uv":[8.5,5.75,9.375,5.875],"rotation":0,"texture":"#0","tintindex":0},"up":{"uv":[5.6875,7.0,5.375,6.125],"rotation":0,"texture":"#0","tintindex":0},"down":{"uv":[0.3125,6.375,0.0,7.25],"rotation":0,"texture":"#0","tintindex":0}}},{"from":[13.500343,3.408718,12.904034],"to":[16.420948,4.5929155,17.00411],"rotation":{"angle":-45.0,"axis":"y","origin":[14.843503,5.6932383,15.3624115]},"faces":{"east":{"uv":[9.0,2.375,9.4375,2.5],"rotation":0,"texture":"#0","tintindex":0},"south":{"uv":[9.125,8.25,9.4375,8.375],"rotation":0,"texture":"#0","tintindex":0},"north":{"uv":[9.125,8.125,9.4375,8.25],"rotation":0,"texture":"#0","tintindex":0},"west":{"uv":[9.0,2.5,9.4375,2.625],"rotation":0,"texture":"#0","tintindex":0},"up":{"uv":[8.0625,0.4375,7.75,0.0],"rotation":0,"texture":"#0","tintindex":0},"down":{"uv":[8.1875,1.0,7.875,1.4375],"rotation":0,"texture":"#0","tintindex":0}}},{"from":[-1.9626293,3.408718,7.6107135],"to":[0.723691,4.5929155,10.546958],"rotation":{"angle":22.5,"axis":"y","origin":[8.782651,5.6932383,11.640194]},"faces":{"east":{"uv":[9.125,8.5,9.4375,8.625],"rotation":0,"texture":"#0","tintindex":0},"south":{"uv":[9.125,8.625,9.4375,8.75],"rotation":0,"texture":"#0","tintindex":0},"north":{"uv":[9.125,8.375,9.4375,8.5],"rotation":0,"texture":"#0","tintindex":0},"west":{"uv":[9.125,8.75,9.4375,8.875],"rotation":0,"texture":"#0","tintindex":0},"up":{"uv":[7.3125,8.8125,7.0,8.5],"rotation":0,"texture":"#0","tintindex":0},"down":{"uv":[8.8125,7.0,8.5,7.3125],"rotation":0,"texture":"#0","tintindex":0}}},{"from":[-0.3038063,3.408718,12.904034],"to":[2.6167998,4.5929155,17.00411],"rotation":{"angle":45.0,"axis":"y","origin":[1.2736402,5.6932383,15.3624115]},"faces":{"east":{"uv":[9.0,2.625,9.4375,2.75],"rotation":0,"texture":"#0","tintindex":0},"south":{"uv":[9.125,9.0,9.4375,9.125],"rotation":0,"texture":"#0","tintindex":0},"north":{"uv":[9.125,8.875,9.4375,9.0],"rotation":0,"texture":"#0","tintindex":0},"west":{"uv":[9.0,2.75,9.4375,2.875],"rotation":0,"texture":"#0","tintindex":0},"up":{"uv":[8.1875,1.9375,7.875,1.5],"rotation":0,"texture":"#0","tintindex":0},"down":{"uv":[8.1875,2.0,7.875,2.4375],"rotation":0,"texture":"#0","tintindex":0}}},{"from":[1.7602148,3.408718,15.390195],"to":[4.6964593,4.5929155,18.076515],"rotation":{"angle":-22.5,"axis":"y","origin":[2.6817193,5.6932383,16.733355]},"faces":{"east":{"uv":[9.25,0.0,9.5625,0.125],"rotation":0,"texture":"#0","tintindex":0},"south":{"uv":[9.25,0.125,9.5625,0.25],"rotation":0,"texture":"#0","tintindex":0},"north":{"uv":[9.125,9.125,9.4375,9.25],"rotation":0,"texture":"#0","tintindex":0},"west":{"uv":[9.25,0.25,9.5625,0.375],"rotation":0,"texture":"#0","tintindex":0},"up":{"uv":[8.8125,7.6875,8.5,7.375],"rotation":0,"texture":"#0","tintindex":0},"down":{"uv":[8.8125,7.75,8.5,8.0625],"rotation":0,"texture":"#0","tintindex":0}}},{"from":[15.393452,3.408718,5.453042],"to":[18.079773,4.5929155,8.389287],"rotation":{"angle":22.5,"axis":"y","origin":[7.3344917,5.6932383,4.3598065]},"faces":{"east":{"uv":[9.25,3.375,9.5625,3.5],"rotation":0,"texture":"#0","tintindex":0},"south":{"uv":[9.25,3.5,9.5625,3.625],"rotation":0,"texture":"#0","tintindex":0},"north":{"uv":[2.875,9.25,3.1875,9.375],"rotation":0,"texture":"#0","tintindex":0},"west":{"uv":[9.25,3.625,9.5625,3.75],"rotation":0,"texture":"#0","tintindex":0},"up":{"uv":[8.8125,8.4375,8.5,8.125],"rotation":0,"texture":"#0","tintindex":0},"down":{"uv":[8.8125,8.5,8.5,8.8125],"rotation":0,"texture":"#0","tintindex":0}}},{"from":[13.500343,3.408718,-1.0041103],"to":[16.420948,4.5929155,3.0959668],"rotation":{"angle":45.0,"axis":"y","origin":[14.843503,5.6932383,0.637588]},"faces":{"east":{"uv":[9.0,2.875,9.4375,3.0],"rotation":0,"texture":"#0","tintindex":0},"south":{"uv":[9.25,3.875,9.5625,4.0],"rotation":0,"texture":"#0","tintindex":0},"north":{"uv":[9.25,3.75,9.5625,3.875],"rotation":0,"texture":"#0","tintindex":0},"west":{"uv":[9.0,3.0,9.4375,3.125],"rotation":0,"texture":"#0","tintindex":0},"up":{"uv":[8.1875,2.9375,7.875,2.5],"rotation":0,"texture":"#0","tintindex":0},"down":{"uv":[8.1875,3.0,7.875,3.4375],"rotation":0,"texture":"#0","tintindex":0}}},{"from":[11.420684,3.408718,-2.0765142],"to":[14.356928,4.5929155,0.6098051],"rotation":{"angle":-22.5,"axis":"y","origin":[13.435423,5.6932383,-0.73335457]},"faces":{"east":{"uv":[9.25,4.5,9.5625,4.625],"rotation":0,"texture":"#0","tintindex":0},"south":{"uv":[9.25,4.625,9.5625,4.75],"rotation":0,"texture":"#0","tintindex":0},"north":{"uv":[9.25,4.0,9.5625,4.125],"rotation":0,"texture":"#0","tintindex":0},"west":{"uv":[9.25,4.75,9.5625,4.875],"rotation":0,"texture":"#0","tintindex":0},"up":{"uv":[8.9375,0.3125,8.625,0.0],"rotation":0,"texture":"#0","tintindex":0},"down":{"uv":[0.5625,8.625,0.25,8.9375],"rotation":0,"texture":"#0","tintindex":0}}},{"from":[-1.9626293,3.408718,5.453042],"to":[0.723691,4.5929155,8.389287],"rotation":{"angle":-22.5,"axis":"y","origin":[8.782651,5.6932383,4.3598065]},"faces":{"east":{"uv":[5.375,9.25,5.6875,9.375],"rotation":0,"texture":"#0","tintindex":0},"south":{"uv":[6.125,9.25,6.4375,9.375],"rotation":0,"texture":"#0","tintindex":0},"north":{"uv":[9.25,4.875,9.5625,5.0],"rotation":0,"texture":"#0","tintindex":0},"west":{"uv":[6.5,9.25,6.8125,9.375],"rotation":0,"texture":"#0","tintindex":0},"up":{"uv":[0.9375,8.9375,0.625,8.625],"rotation":0,"texture":"#0","tintindex":0},"down":{"uv":[2.3125,8.625,2.0,8.9375],"rotation":0,"texture":"#0","tintindex":0}}},{"from":[-0.3038063,3.408718,-1.0041103],"to":[2.6167998,4.5929155,3.0959668],"rotation":{"angle":-45.0,"axis":"y","origin":[1.2736402,5.6932383,0.637588]},"faces":{"east":{"uv":[9.0,3.125,9.4375,3.25],"rotation":0,"texture":"#0","tintindex":0},"south":{"uv":[7.25,9.25,7.5625,9.375],"rotation":0,"texture":"#0","tintindex":0},"north":{"uv":[6.875,9.25,7.1875,9.375],"rotation":0,"texture":"#0","tintindex":0},"west":{"uv":[9.0,3.25,9.4375,3.375],"rotation":0,"texture":"#0","tintindex":0},"up":{"uv":[8.1875,3.9375,7.875,3.5],"rotation":0,"texture":"#0","tintindex":0},"down":{"uv":[8.1875,4.0,7.875,4.4375],"rotation":0,"texture":"#0","tintindex":0}}},{"from":[1.7602148,3.408718,-2.0765142],"to":[4.6964593,4.5929155,0.6098051],"rotation":{"angle":22.5,"axis":"y","origin":[2.6817193,5.6932383,-0.73335457]},"faces":{"east":{"uv":[8.0,9.25,8.3125,9.375],"rotation":0,"texture":"#0","tintindex":0},"south":{"uv":[8.375,9.25,8.6875,9.375],"rotation":0,"texture":"#0","tintindex":0},"north":{"uv":[7.625,9.25,7.9375,9.375],"rotation":0,"texture":"#0","tintindex":0},"west":{"uv":[8.75,9.25,9.0625,9.375],"rotation":0,"texture":"#0","tintindex":0},"up":{"uv":[2.6875,8.9375,2.375,8.625],"rotation":0,"texture":"#0","tintindex":0},"down":{"uv":[8.9375,4.75,8.625,5.0625],"rotation":0,"texture":"#0","tintindex":0}}},{"from":[5.54,0.68542004,-1.0914307],"to":[10.577143,6.132563,-1.0914307],"rotation":{"angle":22.5,"axis":"x","origin":[8.0,8.0,8.0]},"faces":{"east":{"uv":[9.6875,15.3,9.6875,16.0],"rotation":0,"texture":"#1","tintindex":0},"south":{"uv":[16.0,0.0,0.0,16.0],"rotation":0,"texture":"#1","tintindex":0},"north":{"uv":[0.0,0.0,16.0,16.0],"rotation":0,"texture":"#1","tintindex":0},"west":{"uv":[10.0625,15.3,10.0625,16.0],"rotation":0,"texture":"#1","tintindex":0},"up":{"uv":[16.0,9.4375,15.0625,9.4375],"rotation":0,"texture":"#1","tintindex":0},"down":{"uv":[16.0,9.8125,15.0625,9.8125],"rotation":0,"texture":"#1","tintindex":0}}}],"display":{"head":{"translation":[0.0,-6.4,0.0],"scale":[4.0,4.0,4.0]}}}