{"textures":{"0":"minecraft:modelengine/entity/gold_nexus"},"elements":[{"from":[10.34886,10.555644,6.43175],"to":[11.478338,12.264978,9.56825],"rotation":{"angle":22.5,"axis":"z","origin":[8.0,8.0,8.0]},"faces":{"east":{"uv":[4.5,5.75,5.25,6.125],"rotation":0,"texture":"#0","tintindex":0},"south":{"uv":[4.5,8.5,4.75,8.875],"rotation":0,"texture":"#0","tintindex":0},"north":{"uv":[1.0,8.75,1.25,9.125],"rotation":0,"texture":"#0","tintindex":0},"west":{"uv":[3.0,5.75,3.75,6.125],"rotation":0,"texture":"#0","tintindex":0},"up":{"uv":[3.75,6.875,4.0,7.625],"rotation":0,"texture":"#0","tintindex":0},"down":{"uv":[4.0,7.625,4.25,6.875],"rotation":0,"texture":"#0","tintindex":0}}},{"from":[10.34886,3.7350216,6.43175],"to":[11.478338,5.444356,9.56825],"rotation":{"angle":-22.5,"axis":"z","origin":[8.0,8.0,8.0]},"faces":{"east":{"uv":[0.0,6.0,0.75,6.375],"rotation":0,"texture":"#0","tintindex":0},"south":{"uv":[1.25,8.75,1.5,9.125],"rotation":0,"texture":"#0","tintindex":0},"north":{"uv":[1.5,8.75,1.75,9.125],"rotation":0,"texture":"#0","tintindex":0},"west":{"uv":[5.25,5.75,6.0,6.125],"rotation":0,"texture":"#0","tintindex":0},"up":{"uv":[5.75,6.875,6.0,7.625],"rotation":0,"texture":"#0","tintindex":0},"down":{"uv":[6.0,7.625,6.25,6.875],"rotation":0,"texture":"#0","tintindex":0}}},{"from":[9.580514,4.3077908,6.4185715],"to":[10.235563,11.692209,9.581429],"rotation":{"angle":0.0,"axis":"y","origin":[8.0,8.0,8.0]},"faces":{"east":{"uv":[3.0,1.75,3.75,3.5],"rotation":0,"texture":"#0","tintindex":0},"south":{"uv":[2.625,6.375,2.75,8.125],"rotation":0,"texture":"#0","tintindex":0},"north":{"uv":[2.75,6.375,2.875,8.125],"rotation":0,"texture":"#0","tintindex":0},"west":{"uv":[3.0,0.0,3.75,1.75],"rotation":0,"texture":"#0","tintindex":0},"up":{"uv":[2.0,7.5,2.125,8.25],"rotation":0,"texture":"#0","tintindex":0},"down":{"uv":[3.625,9.125,3.75,8.375],"rotation":0,"texture":"#0","tintindex":0}}},{"from":[5.764437,4.3077908,6.4185715],"to":[6.4194865,11.692209,9.581429],"rotation":{"angle":0.0,"axis":"y","origin":[8.0,8.0,8.0]},"faces":{"east":{"uv":[0.0,3.75,0.75,5.5],"rotation":0,"texture":"#0","tintindex":0},"south":{"uv":[2.875,6.375,3.0,8.125],"rotation":0,"texture":"#0","tintindex":0},"north":{"uv":[5.25,6.5,5.375,8.25],"rotation":0,"texture":"#0","tintindex":0},"west":{"uv":[3.0,3.5,3.75,5.25],"rotation":0,"texture":"#0","tintindex":0},"up":{"uv":[5.0,8.375,5.125,9.125],"rotation":0,"texture":"#0","tintindex":0},"down":{"uv":[2.75,9.375,2.875,8.625],"rotation":0,"texture":"#0","tintindex":0}}},{"from":[4.5216618,3.7350216,6.43175],"to":[5.6511397,5.444356,9.56825],"rotation":{"angle":22.5,"axis":"z","origin":[8.0,8.0,8.0]},"faces":{"east":{"uv":[6.0,1.25,6.75,1.625],"rotation":0,"texture":"#0","tintindex":0},"south":{"uv":[1.75,8.75,2.0,9.125],"rotation":0,"texture":"#0","tintindex":0},"north":{"uv":[8.75,2.375,9.0,2.75],"rotation":0,"texture":"#0","tintindex":0},"west":{"uv":[0.75,6.0,1.5,6.375],"rotation":0,"texture":"#0","tintindex":0},"up":{"uv":[6.25,6.875,6.5,7.625],"rotation":0,"texture":"#0","tintindex":0},"down":{"uv":[6.5,7.625,6.75,6.875],"rotation":0,"texture":"#0","tintindex":0}}},{"from":[4.5216618,10.555644,6.43175],"to":[5.6511397,12.264978,9.56825],"rotation":{"angle":-22.5,"axis":"z","origin":[8.0,8.0,8.0]},"faces":{"east":{"uv":[6.0,1.625,6.75,2.0],"rotation":0,"texture":"#0","tintindex":0},"south":{"uv":[8.75,2.75,9.0,3.125],"rotation":0,"texture":"#0","tintindex":0},"north":{"uv":[8.75,3.125,9.0,3.5],"rotation":0,"texture":"#0","tintindex":0},"west":{"uv":[1.5,6.0,2.25,6.375],"rotation":0,"texture":"#0","tintindex":0},"up":{"uv":[3.0,7.0,3.25,7.75],"rotation":0,"texture":"#0","tintindex":0},"down":{"uv":[3.25,7.75,3.5,7.0],"rotation":0,"texture":"#0","tintindex":0}}},{"from":[6.43175,10.555644,4.5216618],"to":[9.56825,12.264978,5.6511397],"rotation":{"angle":22.5,"axis":"x","origin":[8.0,8.0,8.0]},"faces":{"east":{"uv":[3.75,8.75,4.0,9.125],"rotation":0,"texture":"#0","tintindex":0},"south":{"uv":[2.25,6.0,3.0,6.375],"rotation":0,"texture":"#0","tintindex":0},"north":{"uv":[3.75,6.0,4.5,6.375],"rotation":0,"texture":"#0","tintindex":0},"west":{"uv":[8.75,3.5,9.0,3.875],"rotation":0,"texture":"#0","tintindex":0},"up":{"uv":[6.875,2.625,7.625,2.875],"rotation":0,"texture":"#0","tintindex":0},"down":{"uv":[6.875,6.25,7.625,6.0],"rotation":0,"texture":"#0","tintindex":0}}},{"from":[6.43175,3.7350216,4.5216618],"to":[9.56825,5.444356,5.6511397],"rotation":{"angle":-22.5,"axis":"x","origin":[8.0,8.0,8.0]},"faces":{"east":{"uv":[5.125,8.75,5.375,9.125],"rotation":0,"texture":"#0","tintindex":0},"south":{"uv":[6.0,3.75,6.75,4.125],"rotation":0,"texture":"#0","tintindex":0},"north":{"uv":[6.0,4.125,6.75,4.5],"rotation":0,"texture":"#0","tintindex":0},"west":{"uv":[4.0,8.75,4.25,9.125],"rotation":0,"texture":"#0","tintindex":0},"up":{"uv":[7.0,0.0,7.75,0.25],"rotation":0,"texture":"#0","tintindex":0},"down":{"uv":[7.0,0.5,7.75,0.25],"rotation":0,"texture":"#0","tintindex":0}}},{"from":[6.4185715,4.3077908,5.764437],"to":[9.581429,11.692209,6.4194865],"rotation":{"angle":0.0,"axis":"y","origin":[8.0,8.0,8.0]},"faces":{"east":{"uv":[2.25,6.875,2.375,8.625],"rotation":0,"texture":"#0","tintindex":0},"south":{"uv":[3.75,0.0,4.5,1.75],"rotation":0,"texture":"#0","tintindex":0},"north":{"uv":[0.75,3.75,1.5,5.5],"rotation":0,"texture":"#0","tintindex":0},"west":{"uv":[2.125,6.875,2.25,8.625],"rotation":0,"texture":"#0","tintindex":0},"up":{"uv":[8.625,0.375,9.375,0.5],"rotation":0,"texture":"#0","tintindex":0},"down":{"uv":[8.625,5.25,9.375,5.125],"rotation":0,"texture":"#0","tintindex":0}}},{"from":[6.4185715,4.3077908,9.580514],"to":[9.581429,11.692209,10.235563],"rotation":{"angle":0.0,"axis":"y","origin":[8.0,8.0,8.0]},"faces":{"east":{"uv":[2.5,6.875,2.625,8.625],"rotation":0,"texture":"#0","tintindex":0},"south":{"uv":[1.5,3.75,2.25,5.5],"rotation":0,"texture":"#0","tintindex":0},"north":{"uv":[3.75,1.75,4.5,3.5],"rotation":0,"texture":"#0","tintindex":0},"west":{"uv":[2.375,6.875,2.5,8.625],"rotation":0,"texture":"#0","tintindex":0},"up":{"uv":[5.625,8.75,6.375,8.875],"rotation":0,"texture":"#0","tintindex":0},"down":{"uv":[7.625,8.875,8.375,8.75],"rotation":0,"texture":"#0","tintindex":0}}},{"from":[6.43175,3.7350216,10.34886],"to":[9.56825,5.444356,11.478338],"rotation":{"angle":22.5,"axis":"x","origin":[8.0,8.0,8.0]},"faces":{"east":{"uv":[8.875,0.5,9.125,0.875],"rotation":0,"texture":"#0","tintindex":0},"south":{"uv":[6.0,4.5,6.75,4.875],"rotation":0,"texture":"#0","tintindex":0},"north":{"uv":[6.0,4.875,6.75,5.25],"rotation":0,"texture":"#0","tintindex":0},"west":{"uv":[6.375,8.75,6.625,9.125],"rotation":0,"texture":"#0","tintindex":0},"up":{"uv":[4.25,7.0,5.0,7.25],"rotation":0,"texture":"#0","tintindex":0},"down":{"uv":[6.75,7.25,7.5,7.0],"rotation":0,"texture":"#0","tintindex":0}}},{"from":[6.43175,10.555644,10.34886],"to":[9.56825,12.264978,11.478338],"rotation":{"angle":-22.5,"axis":"x","origin":[8.0,8.0,8.0]},"faces":{"east":{"uv":[8.875,1.25,9.125,1.625],"rotation":0,"texture":"#0","tintindex":0},"south":{"uv":[6.0,5.25,6.75,5.625],"rotation":0,"texture":"#0","tintindex":0},"north":{"uv":[6.0,5.625,6.75,6.0],"rotation":0,"texture":"#0","tintindex":0},"west":{"uv":[8.875,0.875,9.125,1.25],"rotation":0,"texture":"#0","tintindex":0},"up":{"uv":[0.375,7.125,1.125,7.375],"rotation":0,"texture":"#0","tintindex":0},"down":{"uv":[7.125,3.125,7.875,2.875],"rotation":0,"texture":"#0","tintindex":0}}}],"display":{"head":{"translation":[0.0,-6.4,0.0],"scale":[4.0,4.0,4.0]}}}