{"textures":{"0":"minecraft:modelengine/entity/block_type_drill_tier5"},"elements":[{"from":[17.12,-8.529564,5.942857],"to":[20.548573,1.3104353,10.057143],"rotation":{"angle":-22.5,"axis":"z","origin":[17.325714,-3.7295647,8.0]},"faces":{"east":{"uv":[6.375,6.25,6.75,7.125],"rotation":0,"texture":"#0","tintindex":0},"south":{"uv":[4.375,7.375,4.6875,8.25],"rotation":0,"texture":"#0","tintindex":0},"north":{"uv":[2.125,7.25,2.4375,8.125],"rotation":0,"texture":"#0","tintindex":0},"west":{"uv":[3.625,6.5,4.0,7.375],"rotation":0,"texture":"#0","tintindex":0},"up":{"uv":[9.0625,9.625,8.75,9.25],"rotation":0,"texture":"#0","tintindex":0},"down":{"uv":[9.4375,9.25,9.125,9.625],"rotation":0,"texture":"#0","tintindex":0}}},{"from":[19.28,-1.6825705,6.08],"to":[21.645714,5.9631443,9.92],"rotation":{"angle":22.5,"axis":"z","origin":[18.560001,0.3402872,8.0]},"faces":{"east":{"uv":[2.5,7.5,2.875,8.1875],"rotation":0,"texture":"#0","tintindex":0},"south":{"uv":[0.75,9.125,0.9375,9.8125],"rotation":0,"texture":"#0","tintindex":0},"north":{"uv":[1.875,9.0,2.0625,9.6875],"rotation":0,"texture":"#0","tintindex":0},"west":{"uv":[2.875,7.5,3.25,8.1875],"rotation":0,"texture":"#0","tintindex":0},"up":{"uv":[2.8125,4.75,2.625,4.375],"rotation":0,"texture":"#0","tintindex":0},"down":{"uv":[2.1875,5.75,2.0,6.125],"rotation":0,"texture":"#0","tintindex":0}}},{"from":[15.200001,7.241864,5.6],"to":[20.0,12.041864,10.4],"rotation":{"angle":0.0,"axis":"y","origin":[8.0,-2.6349392,8.0]},"faces":{"east":{"uv":[8.25,4.625,8.6875,5.0625],"rotation":0,"texture":"#0","tintindex":0},"south":{"uv":[8.25,5.125,8.6875,5.5625],"rotation":0,"texture":"#0","tintindex":0},"north":{"uv":[4.5,8.25,4.9375,8.6875],"rotation":0,"texture":"#0","tintindex":0},"west":{"uv":[8.25,5.625,8.6875,6.0625],"rotation":0,"texture":"#0","tintindex":0},"up":{"uv":[8.6875,6.5625,8.25,6.125],"rotation":0,"texture":"#0","tintindex":0},"down":{"uv":[6.8125,8.25,6.375,8.6875],"rotation":0,"texture":"#0","tintindex":0}}},{"from":[15.234285,7.4005046,14.462452],"to":[19.965715,10.006219,15.83388],"rotation":{"angle":-22.5,"axis":"x","origin":[8.0,-2.6349392,8.0]},"faces":{"east":{"uv":[1.0,8.625,1.125,8.875],"rotation":0,"texture":"#0","tintindex":0},"south":{"uv":[7.625,0.75,8.0625,1.0],"rotation":0,"texture":"#0","tintindex":0},"north":{"uv":[2.75,6.75,3.1875,7.0],"rotation":0,"texture":"#0","tintindex":0},"west":{"uv":[8.625,3.0,8.75,3.25],"rotation":0,"texture":"#0","tintindex":0},"up":{"uv":[3.0625,2.5,2.625,2.375],"rotation":0,"texture":"#0","tintindex":0},"down":{"uv":[3.9375,1.875,3.5,2.0],"rotation":0,"texture":"#0","tintindex":0}}},{"from":[15.234285,7.408478,5.0661936],"to":[19.965715,10.014193,6.437622],"rotation":{"angle":22.5,"axis":"x","origin":[8.0,-2.6349392,8.0]},"faces":{"east":{"uv":[8.75,8.125,8.875,8.375],"rotation":0,"texture":"#0","tintindex":0},"south":{"uv":[9.5,9.25,9.9375,9.5],"rotation":0,"texture":"#0","tintindex":0},"north":{"uv":[6.75,9.5,7.1875,9.75],"rotation":0,"texture":"#0","tintindex":0},"west":{"uv":[8.75,8.875,8.875,9.125],"rotation":0,"texture":"#0","tintindex":0},"up":{"uv":[4.4375,2.0,4.0,1.875],"rotation":0,"texture":"#0","tintindex":0},"down":{"uv":[4.9375,1.875,4.5,2.0],"rotation":0,"texture":"#0","tintindex":0}}},{"from":[15.234285,7.408478,9.562378],"to":[19.965715,10.014193,10.933806],"rotation":{"angle":-22.5,"axis":"x","origin":[8.0,-2.6349392,8.0]},"faces":{"east":{"uv":[3.875,9.25,4.0,9.5],"rotation":0,"texture":"#0","tintindex":0},"south":{"uv":[0.0,9.625,0.4375,9.875],"rotation":0,"texture":"#0","tintindex":0},"north":{"uv":[9.5,9.5,9.9375,9.75],"rotation":0,"texture":"#0","tintindex":0},"west":{"uv":[9.375,2.25,9.5,2.5],"rotation":0,"texture":"#0","tintindex":0},"up":{"uv":[4.9375,4.0,4.5,3.875],"rotation":0,"texture":"#0","tintindex":0},"down":{"uv":[5.5625,1.0,5.125,1.125],"rotation":0,"texture":"#0","tintindex":0}}},{"from":[15.234285,7.4005046,0.16611958],"to":[19.965715,10.006219,1.5375485],"rotation":{"angle":22.5,"axis":"x","origin":[8.0,-2.6349392,8.0]},"faces":{"east":{"uv":[8.625,9.375,8.75,9.625],"rotation":0,"texture":"#0","tintindex":0},"south":{"uv":[9.625,6.875,10.0625,7.125],"rotation":0,"texture":"#0","tintindex":0},"north":{"uv":[9.625,6.625,10.0625,6.875],"rotation":0,"texture":"#0","tintindex":0},"west":{"uv":[8.125,9.875,8.25,10.125],"rotation":0,"texture":"#0","tintindex":0},"up":{"uv":[5.8125,3.375,5.375,3.25],"rotation":0,"texture":"#0","tintindex":0},"down":{"uv":[6.3125,3.25,5.875,3.375],"rotation":0,"texture":"#0","tintindex":0}}},{"from":[15.234285,5.571597,2.0030003],"to":[19.965715,6.9430256,4.608714],"rotation":{"angle":22.5,"axis":"x","origin":[8.0,-2.6349392,8.0]},"faces":{"east":{"uv":[3.125,2.375,3.375,2.5],"rotation":0,"texture":"#0","tintindex":0},"south":{"uv":[7.0,3.75,7.4375,3.875],"rotation":0,"texture":"#0","tintindex":0},"north":{"uv":[6.375,3.25,6.8125,3.375],"rotation":0,"texture":"#0","tintindex":0},"west":{"uv":[5.0,3.875,5.25,4.0],"rotation":0,"texture":"#0","tintindex":0},"up":{"uv":[10.0625,7.375,9.625,7.125],"rotation":0,"texture":"#0","tintindex":0},"down":{"uv":[7.6875,9.625,7.25,9.875],"rotation":0,"texture":"#0","tintindex":0}}},{"from":[15.234285,5.571597,11.391286],"to":[19.965715,6.9430256,13.997],"rotation":{"angle":-22.5,"axis":"x","origin":[8.0,-2.6349392,8.0]},"faces":{"east":{"uv":[1.0,7.5,1.25,7.625],"rotation":0,"texture":"#0","tintindex":0},"south":{"uv":[10.375,6.125,10.8125,6.25],"rotation":0,"texture":"#0","tintindex":0},"north":{"uv":[7.5,5.75,7.9375,5.875],"rotation":0,"texture":"#0","tintindex":0},"west":{"uv":[7.5,3.75,7.75,3.875],"rotation":0,"texture":"#0","tintindex":0},"up":{"uv":[10.0625,7.625,9.625,7.375],"rotation":0,"texture":"#0","tintindex":0},"down":{"uv":[10.0625,7.625,9.625,7.875],"rotation":0,"texture":"#0","tintindex":0}}},{"from":[15.234285,10.471671,11.399259],"to":[19.965715,11.8431,14.004972],"rotation":{"angle":-22.5,"axis":"x","origin":[8.0,-2.6349392,8.0]},"faces":{"east":{"uv":[5.125,7.5,5.375,7.625],"rotation":0,"texture":"#0","tintindex":0},"south":{"uv":[10.5,2.875,10.9375,3.0],"rotation":0,"texture":"#0","tintindex":0},"north":{"uv":[10.5,0.375,10.9375,0.5],"rotation":0,"texture":"#0","tintindex":0},"west":{"uv":[7.625,2.625,7.875,2.75],"rotation":0,"texture":"#0","tintindex":0},"up":{"uv":[8.1875,9.875,7.75,9.625],"rotation":0,"texture":"#0","tintindex":0},"down":{"uv":[10.0625,7.875,9.625,8.125],"rotation":0,"texture":"#0","tintindex":0}}},{"from":[15.234285,10.471671,1.9950271],"to":[19.965715,11.8431,4.6007414],"rotation":{"angle":22.5,"axis":"x","origin":[8.0,-2.6349392,8.0]},"faces":{"east":{"uv":[8.0,5.75,8.25,5.875],"rotation":0,"texture":"#0","tintindex":0},"south":{"uv":[5.25,10.75,5.6875,10.875],"rotation":0,"texture":"#0","tintindex":0},"north":{"uv":[10.5,8.75,10.9375,8.875],"rotation":0,"texture":"#0","tintindex":0},"west":{"uv":[7.875,8.25,8.125,8.375],"rotation":0,"texture":"#0","tintindex":0},"up":{"uv":[10.0625,8.375,9.625,8.125],"rotation":0,"texture":"#0","tintindex":0},"down":{"uv":[10.0625,8.375,9.625,8.625],"rotation":0,"texture":"#0","tintindex":0}}},{"from":[-3.9657154,10.471671,1.9950271],"to":[0.76571417,11.8431,4.6007414],"rotation":{"angle":22.5,"axis":"x","origin":[8.0,-2.6349392,8.0]},"faces":{"east":{"uv":[8.5,4.5,8.75,4.625],"rotation":0,"texture":"#0","tintindex":0},"south":{"uv":[10.75,5.75,11.1875,5.875],"rotation":0,"texture":"#0","tintindex":0},"north":{"uv":[10.75,5.625,11.1875,5.75],"rotation":0,"texture":"#0","tintindex":0},"west":{"uv":[9.5,3.875,9.75,4.0],"rotation":0,"texture":"#0","tintindex":0},"up":{"uv":[9.0625,9.875,8.625,9.625],"rotation":0,"texture":"#0","tintindex":0},"down":{"uv":[10.0625,8.625,9.625,8.875],"rotation":0,"texture":"#0","tintindex":0}}},{"from":[-3.9657154,10.471671,11.399259],"to":[0.76571417,11.8431,14.004972],"rotation":{"angle":-22.5,"axis":"x","origin":[8.0,-2.6349392,8.0]},"faces":{"east":{"uv":[7.25,9.5,7.5,9.625],"rotation":0,"texture":"#0","tintindex":0},"south":{"uv":[10.75,6.0,11.1875,6.125],"rotation":0,"texture":"#0","tintindex":0},"north":{"uv":[10.75,5.875,11.1875,6.0],"rotation":0,"texture":"#0","tintindex":0},"west":{"uv":[7.0,9.75,7.25,9.875],"rotation":0,"texture":"#0","tintindex":0},"up":{"uv":[10.1875,0.25,9.75,0.0],"rotation":0,"texture":"#0","tintindex":0},"down":{"uv":[10.1875,0.25,9.75,0.5],"rotation":0,"texture":"#0","tintindex":0}}},{"from":[-3.9657154,5.571597,11.391286],"to":[0.76571417,6.9430256,13.997],"rotation":{"angle":-22.5,"axis":"x","origin":[8.0,-2.6349392,8.0]},"faces":{"east":{"uv":[0.75,9.875,1.0,10.0],"rotation":0,"texture":"#0","tintindex":0},"south":{"uv":[10.75,6.75,11.1875,6.875],"rotation":0,"texture":"#0","tintindex":0},"north":{"uv":[10.75,6.625,11.1875,6.75],"rotation":0,"texture":"#0","tintindex":0},"west":{"uv":[10.0,9.625,10.25,9.75],"rotation":0,"texture":"#0","tintindex":0},"up":{"uv":[1.4375,10.0,1.0,9.75],"rotation":0,"texture":"#0","tintindex":0},"down":{"uv":[10.1875,1.5,9.75,1.75],"rotation":0,"texture":"#0","tintindex":0}}},{"from":[-3.9657154,5.571597,2.0030003],"to":[0.76571417,6.9430256,4.608714],"rotation":{"angle":22.5,"axis":"x","origin":[8.0,-2.6349392,8.0]},"faces":{"east":{"uv":[10.875,6.125,11.125,6.25],"rotation":0,"texture":"#0","tintindex":0},"south":{"uv":[10.75,6.875,11.1875,7.0],"rotation":0,"texture":"#0","tintindex":0},"north":{"uv":[6.875,10.75,7.3125,10.875],"rotation":0,"texture":"#0","tintindex":0},"west":{"uv":[10.875,9.5,11.125,9.625],"rotation":0,"texture":"#0","tintindex":0},"up":{"uv":[10.1875,2.0,9.75,1.75],"rotation":0,"texture":"#0","tintindex":0},"down":{"uv":[2.3125,9.75,1.875,10.0],"rotation":0,"texture":"#0","tintindex":0}}},{"from":[-3.9657154,7.4005046,0.16611958],"to":[0.76571417,10.006219,1.5375485],"rotation":{"angle":22.5,"axis":"x","origin":[8.0,-2.6349392,8.0]},"faces":{"east":{"uv":[8.5,10.375,8.625,10.625],"rotation":0,"texture":"#0","tintindex":0},"south":{"uv":[2.375,9.75,2.8125,10.0],"rotation":0,"texture":"#0","tintindex":0},"north":{"uv":[9.75,2.0,10.1875,2.25],"rotation":0,"texture":"#0","tintindex":0},"west":{"uv":[10.25,10.875,10.375,11.125],"rotation":0,"texture":"#0","tintindex":0},"up":{"uv":[11.1875,7.125,10.75,7.0],"rotation":0,"texture":"#0","tintindex":0},"down":{"uv":[11.1875,7.125,10.75,7.25],"rotation":0,"texture":"#0","tintindex":0}}},{"from":[-3.9657154,7.408478,9.562378],"to":[0.76571417,10.014193,10.933806],"rotation":{"angle":-22.5,"axis":"x","origin":[8.0,-2.6349392,8.0]},"faces":{"east":{"uv":[3.875,11.0,4.0,11.25],"rotation":0,"texture":"#0","tintindex":0},"south":{"uv":[3.375,9.75,3.8125,10.0],"rotation":0,"texture":"#0","tintindex":0},"north":{"uv":[2.875,9.75,3.3125,10.0],"rotation":0,"texture":"#0","tintindex":0},"west":{"uv":[4.0,11.0,4.125,11.25],"rotation":0,"texture":"#0","tintindex":0},"up":{"uv":[11.1875,7.375,10.75,7.25],"rotation":0,"texture":"#0","tintindex":0},"down":{"uv":[7.8125,10.75,7.375,10.875],"rotation":0,"texture":"#0","tintindex":0}}},{"from":[-3.9657154,7.408478,5.0661936],"to":[0.76571417,10.014193,6.437622],"rotation":{"angle":22.5,"axis":"x","origin":[8.0,-2.6349392,8.0]},"faces":{"east":{"uv":[4.125,11.0,4.25,11.25],"rotation":0,"texture":"#0","tintindex":0},"south":{"uv":[9.75,3.875,10.1875,4.125],"rotation":0,"texture":"#0","tintindex":0},"north":{"uv":[3.875,9.75,4.3125,10.0],"rotation":0,"texture":"#0","tintindex":0},"west":{"uv":[11.0,4.25,11.125,4.5],"rotation":0,"texture":"#0","tintindex":0},"up":{"uv":[11.1875,7.5,10.75,7.375],"rotation":0,"texture":"#0","tintindex":0},"down":{"uv":[11.1875,7.5,10.75,7.625],"rotation":0,"texture":"#0","tintindex":0}}},{"from":[-3.9657154,7.4005046,14.462452],"to":[0.76571417,10.006219,15.83388],"rotation":{"angle":-22.5,"axis":"x","origin":[8.0,-2.6349392,8.0]},"faces":{"east":{"uv":[4.5,11.0,4.625,11.25],"rotation":0,"texture":"#0","tintindex":0},"south":{"uv":[9.75,4.5,10.1875,4.75],"rotation":0,"texture":"#0","tintindex":0},"north":{"uv":[4.375,9.75,4.8125,10.0],"rotation":0,"texture":"#0","tintindex":0},"west":{"uv":[11.0,4.5,11.125,4.75],"rotation":0,"texture":"#0","tintindex":0},"up":{"uv":[11.1875,7.75,10.75,7.625],"rotation":0,"texture":"#0","tintindex":0},"down":{"uv":[11.1875,7.75,10.75,7.875],"rotation":0,"texture":"#0","tintindex":0}}},{"from":[-4.000001,7.241864,5.6],"to":[0.79999924,12.041864,10.4],"rotation":{"angle":0.0,"axis":"y","origin":[8.0,-2.6349392,8.0]},"faces":{"east":{"uv":[6.875,8.25,7.3125,8.6875],"rotation":0,"texture":"#0","tintindex":0},"south":{"uv":[8.25,7.125,8.6875,7.5625],"rotation":0,"texture":"#0","tintindex":0},"north":{"uv":[8.25,6.625,8.6875,7.0625],"rotation":0,"texture":"#0","tintindex":0},"west":{"uv":[7.375,8.25,7.8125,8.6875],"rotation":0,"texture":"#0","tintindex":0},"up":{"uv":[1.5625,8.8125,1.125,8.375],"rotation":0,"texture":"#0","tintindex":0},"down":{"uv":[5.4375,8.375,5.0,8.8125],"rotation":0,"texture":"#0","tintindex":0}}},{"from":[-5.265829,9.843736,2.4394584],"to":[21.26583,10.776308,4.211344],"rotation":{"angle":22.5,"axis":"x","origin":[8.0,-2.6349392,8.0]},"faces":{"east":{"uv":[11.25,6.0,11.4375,6.0625],"rotation":0,"texture":"#0","tintindex":0},"south":{"uv":[9.25,0.5,11.6875,0.5625],"rotation":0,"texture":"#0","tintindex":0},"north":{"uv":[8.75,9.125,11.1875,9.1875],"rotation":0,"texture":"#0","tintindex":0},"west":{"uv":[11.25,6.875,11.4375,6.9375],"rotation":0,"texture":"#0","tintindex":0},"up":{"uv":[6.9375,3.5625,4.5,3.375],"rotation":0,"texture":"#0","tintindex":0},"down":{"uv":[6.9375,3.625,4.5,3.8125],"rotation":0,"texture":"#0","tintindex":0}}},{"from":[-5.265829,9.843736,11.788656],"to":[21.26583,10.776308,13.560541],"rotation":{"angle":-22.5,"axis":"x","origin":[8.0,-2.6349392,8.0]},"faces":{"east":{"uv":[7.0,11.25,7.1875,11.3125],"rotation":0,"texture":"#0","tintindex":0},"south":{"uv":[9.25,0.75,11.6875,0.8125],"rotation":0,"texture":"#0","tintindex":0},"north":{"uv":[9.25,0.625,11.6875,0.6875],"rotation":0,"texture":"#0","tintindex":0},"west":{"uv":[11.25,7.0,11.4375,7.0625],"rotation":0,"texture":"#0","tintindex":0},"up":{"uv":[7.5625,0.1875,5.125,0.0],"rotation":0,"texture":"#0","tintindex":0},"down":{"uv":[7.5625,0.25,5.125,0.4375],"rotation":0,"texture":"#0","tintindex":0}}},{"from":[-5.265829,6.511686,11.783235],"to":[21.26583,7.4442573,13.55512],"rotation":{"angle":-22.5,"axis":"x","origin":[8.0,-2.6349392,8.0]},"faces":{"east":{"uv":[11.25,7.125,11.4375,7.1875],"rotation":0,"texture":"#0","tintindex":0},"south":{"uv":[9.25,1.0,11.6875,1.0625],"rotation":0,"texture":"#0","tintindex":0},"north":{"uv":[9.25,0.875,11.6875,0.9375],"rotation":0,"texture":"#0","tintindex":0},"west":{"uv":[7.25,11.25,7.4375,11.3125],"rotation":0,"texture":"#0","tintindex":0},"up":{"uv":[7.5625,0.6875,5.125,0.5],"rotation":0,"texture":"#0","tintindex":0},"down":{"uv":[7.5625,0.75,5.125,0.9375],"rotation":0,"texture":"#0","tintindex":0}}},{"from":[-5.265829,6.511686,2.4448795],"to":[21.26583,7.4442573,4.2167654],"rotation":{"angle":22.5,"axis":"x","origin":[8.0,-2.6349392,8.0]},"faces":{"east":{"uv":[11.25,7.25,11.4375,7.3125],"rotation":0,"texture":"#0","tintindex":0},"south":{"uv":[9.25,1.25,11.6875,1.3125],"rotation":0,"texture":"#0","tintindex":0},"north":{"uv":[9.25,1.125,11.6875,1.1875],"rotation":0,"texture":"#0","tintindex":0},"west":{"uv":[11.25,7.375,11.4375,7.4375],"rotation":0,"texture":"#0","tintindex":0},"up":{"uv":[7.5625,2.0625,5.125,1.875],"rotation":0,"texture":"#0","tintindex":0},"down":{"uv":[7.5625,2.125,5.125,2.3125],"rotation":0,"texture":"#0","tintindex":0}}},{"from":[-5.265829,7.755343,1.1958013],"to":[21.26583,9.527229,2.1283727],"rotation":{"angle":22.5,"axis":"x","origin":[8.0,-2.6349392,8.0]},"faces":{"east":{"uv":[7.5,11.25,7.5625,11.4375],"rotation":0,"texture":"#0","tintindex":0},"south":{"uv":[5.125,4.875,7.5625,5.0625],"rotation":0,"texture":"#0","tintindex":0},"north":{"uv":[5.125,4.625,7.5625,4.8125],"rotation":0,"texture":"#0","tintindex":0},"west":{"uv":[11.25,7.5,11.3125,7.6875],"rotation":0,"texture":"#0","tintindex":0},"up":{"uv":[11.6875,1.4375,9.25,1.375],"rotation":0,"texture":"#0","tintindex":0},"down":{"uv":[11.6875,3.0,9.25,3.0625],"rotation":0,"texture":"#0","tintindex":0}}},{"from":[-5.265829,7.7607646,10.5395775],"to":[21.26583,9.53265,11.472149],"rotation":{"angle":-22.5,"axis":"x","origin":[8.0,-2.6349392,8.0]},"faces":{"east":{"uv":[11.25,7.75,11.3125,7.9375],"rotation":0,"texture":"#0","tintindex":0},"south":{"uv":[5.25,3.875,7.6875,4.0625],"rotation":0,"texture":"#0","tintindex":0},"north":{"uv":[5.125,5.125,7.5625,5.3125],"rotation":0,"texture":"#0","tintindex":0},"west":{"uv":[11.25,8.0,11.3125,8.1875],"rotation":0,"texture":"#0","tintindex":0},"up":{"uv":[11.6875,3.1875,9.25,3.125],"rotation":0,"texture":"#0","tintindex":0},"down":{"uv":[11.6875,3.25,9.25,3.3125],"rotation":0,"texture":"#0","tintindex":0}}},{"from":[-5.265829,7.7607646,4.527851],"to":[21.26583,9.53265,5.4604225],"rotation":{"angle":22.5,"axis":"x","origin":[8.0,-2.6349392,8.0]},"faces":{"east":{"uv":[8.125,11.25,8.1875,11.4375],"rotation":0,"texture":"#0","tintindex":0},"south":{"uv":[5.25,4.375,7.6875,4.5625],"rotation":0,"texture":"#0","tintindex":0},"north":{"uv":[5.25,4.125,7.6875,4.3125],"rotation":0,"texture":"#0","tintindex":0},"west":{"uv":[11.25,8.25,11.3125,8.4375],"rotation":0,"texture":"#0","tintindex":0},"up":{"uv":[11.6875,3.4375,9.25,3.375],"rotation":0,"texture":"#0","tintindex":0},"down":{"uv":[11.6875,6.25,9.25,6.3125],"rotation":0,"texture":"#0","tintindex":0}}},{"from":[-5.265829,7.755343,13.871628],"to":[21.26583,9.527229,14.804199],"rotation":{"angle":-22.5,"axis":"x","origin":[8.0,-2.6349392,8.0]},"faces":{"east":{"uv":[8.5,11.25,8.5625,11.4375],"rotation":0,"texture":"#0","tintindex":0},"south":{"uv":[5.375,3.0,7.8125,3.1875],"rotation":0,"texture":"#0","tintindex":0},"north":{"uv":[5.375,2.75,7.8125,2.9375],"rotation":0,"texture":"#0","tintindex":0},"west":{"uv":[11.25,8.5,11.3125,8.6875],"rotation":0,"texture":"#0","tintindex":0},"up":{"uv":[11.6875,6.4375,9.25,6.375],"rotation":0,"texture":"#0","tintindex":0},"down":{"uv":[11.6875,6.5,9.25,6.5625],"rotation":0,"texture":"#0","tintindex":0}}},{"from":[-5.2891436,7.941293,6.368],"to":[21.289143,11.205293,9.632],"rotation":{"angle":0.0,"axis":"y","origin":[8.0,-2.6349392,8.0]},"faces":{"east":{"uv":[9.125,9.625,9.4375,9.9375],"rotation":0,"texture":"#0","tintindex":0},"south":{"uv":[3.375,2.375,5.8125,2.6875],"rotation":0,"texture":"#0","tintindex":0},"north":{"uv":[2.625,2.0,5.0625,2.3125],"rotation":0,"texture":"#0","tintindex":0},"west":{"uv":[9.75,5.75,10.0625,6.0625],"rotation":0,"texture":"#0","tintindex":0},"up":{"uv":[5.9375,1.4375,3.5,1.125],"rotation":0,"texture":"#0","tintindex":0},"down":{"uv":[5.9375,1.5,3.5,1.8125],"rotation":0,"texture":"#0","tintindex":0}}},{"from":[16.297144,3.8132925,5.2571425],"to":[20.548573,5.8704357,10.742857],"rotation":{"angle":22.5,"axis":"z","origin":[18.148571,5.699007,8.0]},"faces":{"east":{"uv":[9.875,8.875,10.375,9.0625],"rotation":0,"texture":"#0","tintindex":0},"south":{"uv":[4.75,10.375,5.125,10.5625],"rotation":0,"texture":"#0","tintindex":0},"north":{"uv":[4.375,10.375,4.75,10.5625],"rotation":0,"texture":"#0","tintindex":0},"west":{"uv":[10.125,4.125,10.625,4.3125],"rotation":0,"texture":"#0","tintindex":0},"up":{"uv":[2.625,5.5,2.25,5.0],"rotation":0,"texture":"#0","tintindex":0},"down":{"uv":[4.125,5.5,3.75,6.0],"rotation":0,"texture":"#0","tintindex":0}}},{"from":[16.64,4.499007,5.6],"to":[20.205715,8.613293,10.4],"rotation":{"angle":22.5,"axis":"z","origin":[18.148571,5.699007,8.0]},"faces":{"east":{"uv":[2.625,8.875,3.0625,9.25],"rotation":0,"texture":"#0","tintindex":0},"south":{"uv":[9.375,1.5,9.6875,1.875],"rotation":0,"texture":"#0","tintindex":0},"north":{"uv":[9.375,0.0,9.6875,0.375],"rotation":0,"texture":"#0","tintindex":0},"west":{"uv":[5.0,8.875,5.4375,9.25],"rotation":0,"texture":"#0","tintindex":0},"up":{"uv":[7.8125,9.5625,7.5,9.125],"rotation":0,"texture":"#0","tintindex":0},"down":{"uv":[2.9375,9.25,2.625,9.6875],"rotation":0,"texture":"#0","tintindex":0}}},{"from":[-4.5485716,-8.529564,5.942857],"to":[-1.1200008,1.3104353,10.057143],"rotation":{"angle":22.5,"axis":"z","origin":[-1.3257141,-3.7295647,8.0]},"faces":{"east":{"uv":[4.0,6.5,4.375,7.375],"rotation":0,"texture":"#0","tintindex":0},"south":{"uv":[0.0,7.5,0.3125,8.375],"rotation":0,"texture":"#0","tintindex":0},"north":{"uv":[7.375,6.625,7.6875,7.5],"rotation":0,"texture":"#0","tintindex":0},"west":{"uv":[4.375,6.5,4.75,7.375],"rotation":0,"texture":"#0","tintindex":0},"up":{"uv":[9.6875,2.25,9.375,1.875],"rotation":0,"texture":"#0","tintindex":0},"down":{"uv":[3.3125,9.375,3.0,9.75],"rotation":0,"texture":"#0","tintindex":0}}},{"from":[-5.6457148,-1.6825705,6.08],"to":[-3.2800007,5.9631443,9.92],"rotation":{"angle":-22.5,"axis":"z","origin":[-2.5600004,0.3402872,8.0]},"faces":{"east":{"uv":[4.75,7.5,5.125,8.1875],"rotation":0,"texture":"#0","tintindex":0},"south":{"uv":[5.375,9.25,5.5625,9.9375],"rotation":0,"texture":"#0","tintindex":0},"north":{"uv":[5.125,9.25,5.3125,9.9375],"rotation":0,"texture":"#0","tintindex":0},"west":{"uv":[7.375,7.5,7.75,8.1875],"rotation":0,"texture":"#0","tintindex":0},"up":{"uv":[2.3125,9.75,2.125,9.375],"rotation":0,"texture":"#0","tintindex":0},"down":{"uv":[5.3125,10.375,5.125,10.75],"rotation":0,"texture":"#0","tintindex":0}}},{"from":[-4.5485716,3.8132925,5.2571425],"to":[-0.29714394,5.8704357,10.742857],"rotation":{"angle":-22.5,"axis":"z","origin":[-2.148572,5.699007,8.0]},"faces":{"east":{"uv":[8.125,10.125,8.625,10.3125],"rotation":0,"texture":"#0","tintindex":0},"south":{"uv":[10.375,5.875,10.75,6.0625],"rotation":0,"texture":"#0","tintindex":0},"north":{"uv":[10.375,5.625,10.75,5.8125],"rotation":0,"texture":"#0","tintindex":0},"west":{"uv":[10.125,8.125,10.625,8.3125],"rotation":0,"texture":"#0","tintindex":0},"up":{"uv":[6.375,8.875,6.0,8.375],"rotation":0,"texture":"#0","tintindex":0},"down":{"uv":[9.125,3.5,8.75,4.0],"rotation":0,"texture":"#0","tintindex":0}}},{"from":[-4.205715,4.499007,5.6],"to":[-0.64000034,8.613293,10.4],"rotation":{"angle":-22.5,"axis":"z","origin":[-2.148572,5.699007,8.0]},"faces":{"east":{"uv":[5.5,8.875,5.9375,9.25],"rotation":0,"texture":"#0","tintindex":0},"south":{"uv":[9.375,5.125,9.6875,5.5],"rotation":0,"texture":"#0","tintindex":0},"north":{"uv":[9.375,4.75,9.6875,5.125],"rotation":0,"texture":"#0","tintindex":0},"west":{"uv":[7.875,8.875,8.3125,9.25],"rotation":0,"texture":"#0","tintindex":0},"up":{"uv":[3.8125,9.6875,3.5,9.25],"rotation":0,"texture":"#0","tintindex":0},"down":{"uv":[5.0625,9.25,4.75,9.6875],"rotation":0,"texture":"#0","tintindex":0}}}],"display":{"head":{"translation":[0.0,-6.4,0.0],"scale":[4.0,4.0,4.0]}}}