{"textures":{"0":"minecraft:modelengine/entity/block_type_drill_tier5"},"elements":[{"from":[2.6572433,8.891429,4.714386],"to":[13.342756,10.674286,11.285614],"rotation":{"angle":0.0,"axis":"y","origin":[8.0,4.4685717,8.0]},"faces":{"east":{"uv":[3.875,9.5,4.5,9.6875],"rotation":0,"texture":"#0","tintindex":0},"south":{"uv":[8.75,4.5,9.75,4.6875],"rotation":0,"texture":"#0","tintindex":0},"north":{"uv":[8.75,4.0,9.75,4.1875],"rotation":0,"texture":"#0","tintindex":0},"west":{"uv":[9.5,4.25,10.125,4.4375],"rotation":0,"texture":"#0","tintindex":0},"up":{"uv":[1.875,4.375,0.875,3.75],"rotation":0,"texture":"#0","tintindex":0},"down":{"uv":[2.875,3.75,1.875,4.375],"rotation":0,"texture":"#0","tintindex":0}}},{"from":[6.428672,2.7885714,6.428672],"to":[9.571328,9.645715,9.571328],"rotation":{"angle":0.0,"axis":"y","origin":[8.0,10.931429,8.0]},"faces":{"east":{"uv":[8.25,2.625,8.5625,3.25],"rotation":0,"texture":"#0","tintindex":0},"south":{"uv":[2.75,8.25,3.0625,8.875],"rotation":0,"texture":"#0","tintindex":0},"north":{"uv":[2.375,8.25,2.6875,8.875],"rotation":0,"texture":"#0","tintindex":0},"west":{"uv":[3.125,8.25,3.4375,8.875],"rotation":0,"texture":"#0","tintindex":0},"up":{"uv":[9.3125,10.3125,9.0,10.0],"rotation":0,"texture":"#0","tintindex":0},"down":{"uv":[10.3125,9.25,10.0,9.5625],"rotation":0,"texture":"#0","tintindex":0}}}],"display":{"head":{"translation":[0.0,-6.4,0.0],"scale":[4.0,4.0,4.0]}}}