{"textures":{"0":"minecraft:modelengine/entity/block_type_drill_tier5"},"elements":[{"from":[4.005428,15.824554,4.018577],"to":[11.968225,20.662956,11.981422],"rotation":{"angle":0.0,"axis":"y","origin":[8.000819,6.6780434,8.0]},"faces":{"east":{"uv":[5.5,6.5,6.25,6.9375],"rotation":0,"texture":"#0","tintindex":0},"south":{"uv":[2.0,6.75,2.75,7.1875],"rotation":0,"texture":"#0","tintindex":0},"north":{"uv":[4.75,6.5,5.5,6.9375],"rotation":0,"texture":"#0","tintindex":0},"west":{"uv":[6.75,5.375,7.5,5.8125],"rotation":0,"texture":"#0","tintindex":0},"up":{"uv":[3.625,4.75,2.875,4.0],"rotation":0,"texture":"#0","tintindex":0},"down":{"uv":[4.375,4.0,3.625,4.75],"rotation":0,"texture":"#0","tintindex":0}}},{"from":[5.8690825,15.824554,2.8033848],"to":[10.142599,20.662956,4.96015],"rotation":{"angle":-22.5,"axis":"y","origin":[8.000819,6.6780434,8.0]},"faces":{"east":{"uv":[7.125,10.25,7.3125,10.6875],"rotation":0,"texture":"#0","tintindex":0},"south":{"uv":[6.0,8.875,6.375,9.3125],"rotation":0,"texture":"#0","tintindex":0},"north":{"uv":[3.125,8.875,3.5,9.3125],"rotation":0,"texture":"#0","tintindex":0},"west":{"uv":[7.375,10.25,7.5625,10.6875],"rotation":0,"texture":"#0","tintindex":0},"up":{"uv":[10.75,6.8125,10.375,6.625],"rotation":0,"texture":"#0","tintindex":0},"down":{"uv":[10.75,6.875,10.375,7.0625],"rotation":0,"texture":"#0","tintindex":0}}},{"from":[5.833228,15.824554,2.7926931],"to":[10.167225,20.662956,4.949458],"rotation":{"angle":22.5,"axis":"y","origin":[8.000819,6.6780434,8.0]},"faces":{"east":{"uv":[7.625,10.25,7.8125,10.6875],"rotation":0,"texture":"#0","tintindex":0},"south":{"uv":[8.375,8.875,8.75,9.3125],"rotation":0,"texture":"#0","tintindex":0},"north":{"uv":[8.875,8.125,9.25,8.5625],"rotation":0,"texture":"#0","tintindex":0},"west":{"uv":[7.875,10.25,8.0625,10.6875],"rotation":0,"texture":"#0","tintindex":0},"up":{"uv":[10.75,7.3125,10.375,7.125],"rotation":0,"texture":"#0","tintindex":0},"down":{"uv":[10.75,7.375,10.375,7.5625],"rotation":0,"texture":"#0","tintindex":0}}},{"from":[5.833228,15.824554,11.050542],"to":[10.167225,20.662956,13.207307],"rotation":{"angle":-22.5,"axis":"y","origin":[8.000819,6.6780434,8.0]},"faces":{"east":{"uv":[8.625,10.25,8.8125,10.6875],"rotation":0,"texture":"#0","tintindex":0},"south":{"uv":[9.0,0.0,9.375,0.4375],"rotation":0,"texture":"#0","tintindex":0},"north":{"uv":[8.875,8.625,9.25,9.0625],"rotation":0,"texture":"#0","tintindex":0},"west":{"uv":[10.25,9.625,10.4375,10.0625],"rotation":0,"texture":"#0","tintindex":0},"up":{"uv":[10.75,7.8125,10.375,7.625],"rotation":0,"texture":"#0","tintindex":0},"down":{"uv":[10.75,7.875,10.375,8.0625],"rotation":0,"texture":"#0","tintindex":0}}},{"from":[5.8690825,15.824554,11.03985],"to":[10.142599,20.662956,13.196615],"rotation":{"angle":22.5,"axis":"y","origin":[8.000819,6.6780434,8.0]},"faces":{"east":{"uv":[10.25,10.125,10.4375,10.5625],"rotation":0,"texture":"#0","tintindex":0},"south":{"uv":[9.0,1.5,9.375,1.9375],"rotation":0,"texture":"#0","tintindex":0},"north":{"uv":[1.5,9.0,1.875,9.4375],"rotation":0,"texture":"#0","tintindex":0},"west":{"uv":[0.75,10.375,0.9375,10.8125],"rotation":0,"texture":"#0","tintindex":0},"up":{"uv":[8.5,10.5625,8.125,10.375],"rotation":0,"texture":"#0","tintindex":0},"down":{"uv":[9.25,10.375,8.875,10.5625],"rotation":0,"texture":"#0","tintindex":0}}},{"from":[11.051361,15.824554,5.8324084],"to":[13.208126,20.662956,10.166406],"rotation":{"angle":22.5,"axis":"y","origin":[8.000819,6.6780434,8.0]},"faces":{"east":{"uv":[9.0,2.0,9.375,2.4375],"rotation":0,"texture":"#0","tintindex":0},"south":{"uv":[1.25,10.375,1.4375,10.8125],"rotation":0,"texture":"#0","tintindex":0},"north":{"uv":[1.0,10.375,1.1875,10.8125],"rotation":0,"texture":"#0","tintindex":0},"west":{"uv":[4.0,9.0,4.375,9.4375],"rotation":0,"texture":"#0","tintindex":0},"up":{"uv":[5.5625,10.75,5.375,10.375],"rotation":0,"texture":"#0","tintindex":0},"down":{"uv":[9.4375,10.375,9.25,10.75],"rotation":0,"texture":"#0","tintindex":0}}},{"from":[11.040669,15.824554,5.8682632],"to":[13.197435,20.662956,10.14178],"rotation":{"angle":-22.5,"axis":"y","origin":[8.000819,6.6780434,8.0]},"faces":{"east":{"uv":[4.375,9.0,4.75,9.4375],"rotation":0,"texture":"#0","tintindex":0},"south":{"uv":[2.0,10.375,2.1875,10.8125],"rotation":0,"texture":"#0","tintindex":0},"north":{"uv":[1.75,10.375,1.9375,10.8125],"rotation":0,"texture":"#0","tintindex":0},"west":{"uv":[0.0,9.125,0.375,9.5625],"rotation":0,"texture":"#0","tintindex":0},"up":{"uv":[10.5625,9.625,10.375,9.25],"rotation":0,"texture":"#0","tintindex":0},"down":{"uv":[9.6875,10.375,9.5,10.75],"rotation":0,"texture":"#0","tintindex":0}}},{"from":[2.7935128,15.824554,5.8324084],"to":[4.9502783,20.662956,10.166406],"rotation":{"angle":-22.5,"axis":"y","origin":[8.000819,6.6780434,8.0]},"faces":{"east":{"uv":[0.375,9.125,0.75,9.5625],"rotation":0,"texture":"#0","tintindex":0},"south":{"uv":[2.5,10.375,2.6875,10.8125],"rotation":0,"texture":"#0","tintindex":0},"north":{"uv":[2.25,10.375,2.4375,10.8125],"rotation":0,"texture":"#0","tintindex":0},"west":{"uv":[9.125,2.5,9.5,2.9375],"rotation":0,"texture":"#0","tintindex":0},"up":{"uv":[10.6875,0.375,10.5,0.0],"rotation":0,"texture":"#0","tintindex":0},"down":{"uv":[10.6875,1.5,10.5,1.875],"rotation":0,"texture":"#0","tintindex":0}}},{"from":[2.8042045,15.824554,5.8682632],"to":[4.9609694,20.662956,10.14178],"rotation":{"angle":22.5,"axis":"y","origin":[8.000819,6.6780434,8.0]},"faces":{"east":{"uv":[9.125,3.5,9.5,3.9375],"rotation":0,"texture":"#0","tintindex":0},"south":{"uv":[3.0,10.375,3.1875,10.8125],"rotation":0,"texture":"#0","tintindex":0},"north":{"uv":[2.75,10.375,2.9375,10.8125],"rotation":0,"texture":"#0","tintindex":0},"west":{"uv":[6.375,9.125,6.75,9.5625],"rotation":0,"texture":"#0","tintindex":0},"up":{"uv":[10.6875,2.25,10.5,1.875],"rotation":0,"texture":"#0","tintindex":0},"down":{"uv":[10.6875,2.25,10.5,2.625],"rotation":0,"texture":"#0","tintindex":0}}},{"from":[4.519121,13.105835,4.5304747],"to":[11.45813,16.853676,11.469525],"rotation":{"angle":0.0,"axis":"y","origin":[8.000819,7.7632885,8.0]},"faces":{"east":{"uv":[1.75,8.125,2.375,8.4375],"rotation":0,"texture":"#0","tintindex":0},"south":{"uv":[8.125,7.625,8.75,7.9375],"rotation":0,"texture":"#0","tintindex":0},"north":{"uv":[8.125,1.125,8.75,1.4375],"rotation":0,"texture":"#0","tintindex":0},"west":{"uv":[8.125,8.0,8.75,8.3125],"rotation":0,"texture":"#0","tintindex":0},"up":{"uv":[1.375,6.375,0.75,5.75],"rotation":0,"texture":"#0","tintindex":0},"down":{"uv":[2.0,5.75,1.375,6.375],"rotation":0,"texture":"#0","tintindex":0}}},{"from":[6.143163,13.105835,3.471521],"to":[9.867228,16.853676,5.3509874],"rotation":{"angle":-22.5,"axis":"y","origin":[8.000819,7.7632885,8.0]},"faces":{"east":{"uv":[4.5,10.625,4.6875,10.9375],"rotation":0,"texture":"#0","tintindex":0},"south":{"uv":[6.625,9.75,6.9375,10.0625],"rotation":0,"texture":"#0","tintindex":0},"north":{"uv":[5.875,9.75,6.1875,10.0625],"rotation":0,"texture":"#0","tintindex":0},"west":{"uv":[4.75,10.625,4.9375,10.9375],"rotation":0,"texture":"#0","tintindex":0},"up":{"uv":[10.9375,5.5625,10.625,5.375],"rotation":0,"texture":"#0","tintindex":0},"down":{"uv":[6.1875,10.625,5.875,10.8125],"rotation":0,"texture":"#0","tintindex":0}}},{"from":[6.1119184,13.105835,3.462204],"to":[9.888687,16.853676,5.341671],"rotation":{"angle":22.5,"axis":"y","origin":[8.000819,7.7632885,8.0]},"faces":{"east":{"uv":[6.625,10.625,6.8125,10.9375],"rotation":0,"texture":"#0","tintindex":0},"south":{"uv":[9.375,5.875,9.75,6.1875],"rotation":0,"texture":"#0","tintindex":0},"north":{"uv":[9.375,5.5,9.75,5.8125],"rotation":0,"texture":"#0","tintindex":0},"west":{"uv":[8.125,10.625,8.3125,10.9375],"rotation":0,"texture":"#0","tintindex":0},"up":{"uv":[10.75,9.0625,10.375,8.875],"rotation":0,"texture":"#0","tintindex":0},"down":{"uv":[10.875,2.625,10.5,2.8125],"rotation":0,"texture":"#0","tintindex":0}}},{"from":[6.1119184,13.105835,10.658329],"to":[9.888687,16.853676,12.537796],"rotation":{"angle":-22.5,"axis":"y","origin":[8.000819,7.7632885,8.0]},"faces":{"east":{"uv":[8.375,10.625,8.5625,10.9375],"rotation":0,"texture":"#0","tintindex":0},"south":{"uv":[8.25,9.375,8.625,9.6875],"rotation":0,"texture":"#0","tintindex":0},"north":{"uv":[6.0,9.375,6.375,9.6875],"rotation":0,"texture":"#0","tintindex":0},"west":{"uv":[8.875,10.625,9.0625,10.9375],"rotation":0,"texture":"#0","tintindex":0},"up":{"uv":[10.875,3.6875,10.5,3.5],"rotation":0,"texture":"#0","tintindex":0},"down":{"uv":[10.875,3.75,10.5,3.9375],"rotation":0,"texture":"#0","tintindex":0}}},{"from":[6.143163,13.105835,10.649013],"to":[9.867228,16.853676,12.528479],"rotation":{"angle":22.5,"axis":"y","origin":[8.000819,7.7632885,8.0]},"faces":{"east":{"uv":[10.625,9.25,10.8125,9.5625],"rotation":0,"texture":"#0","tintindex":0},"south":{"uv":[9.5,9.75,9.8125,10.0625],"rotation":0,"texture":"#0","tintindex":0},"north":{"uv":[8.25,9.75,8.5625,10.0625],"rotation":0,"texture":"#0","tintindex":0},"west":{"uv":[9.75,10.625,9.9375,10.9375],"rotation":0,"texture":"#0","tintindex":0},"up":{"uv":[10.9375,8.3125,10.625,8.125],"rotation":0,"texture":"#0","tintindex":0},"down":{"uv":[10.3125,10.625,10.0,10.8125],"rotation":0,"texture":"#0","tintindex":0}}},{"from":[10.659149,13.105835,6.111099],"to":[12.538616,16.853676,9.887868],"rotation":{"angle":22.5,"axis":"y","origin":[8.000819,7.7632885,8.0]},"faces":{"east":{"uv":[1.5,9.5,1.875,9.8125],"rotation":0,"texture":"#0","tintindex":0},"south":{"uv":[10.75,0.0,10.9375,0.3125],"rotation":0,"texture":"#0","tintindex":0},"north":{"uv":[0.0,10.75,0.1875,11.0625],"rotation":0,"texture":"#0","tintindex":0},"west":{"uv":[9.5,2.25,9.875,2.5625],"rotation":0,"texture":"#0","tintindex":0},"up":{"uv":[10.6875,4.75,10.5,4.375],"rotation":0,"texture":"#0","tintindex":0},"down":{"uv":[10.6875,4.75,10.5,5.125],"rotation":0,"texture":"#0","tintindex":0}}},{"from":[10.649832,13.105835,6.1423435],"to":[12.529299,16.853676,9.866408],"rotation":{"angle":-22.5,"axis":"y","origin":[8.000819,7.7632885,8.0]},"faces":{"east":{"uv":[0.0,9.875,0.3125,10.1875],"rotation":0,"texture":"#0","tintindex":0},"south":{"uv":[0.5,10.75,0.6875,11.0625],"rotation":0,"texture":"#0","tintindex":0},"north":{"uv":[0.25,10.75,0.4375,11.0625],"rotation":0,"texture":"#0","tintindex":0},"west":{"uv":[1.5,9.875,1.8125,10.1875],"rotation":0,"texture":"#0","tintindex":0},"up":{"uv":[1.6875,11.0625,1.5,10.75],"rotation":0,"texture":"#0","tintindex":0},"down":{"uv":[10.9375,1.5,10.75,1.8125],"rotation":0,"texture":"#0","tintindex":0}}},{"from":[3.4630237,13.105835,6.111099],"to":[5.34249,16.853676,9.887868],"rotation":{"angle":-22.5,"axis":"y","origin":[8.000819,7.7632885,8.0]},"faces":{"east":{"uv":[9.5,2.625,9.875,2.9375],"rotation":0,"texture":"#0","tintindex":0},"south":{"uv":[10.75,2.25,10.9375,2.5625],"rotation":0,"texture":"#0","tintindex":0},"north":{"uv":[10.75,1.875,10.9375,2.1875],"rotation":0,"texture":"#0","tintindex":0},"west":{"uv":[9.5,3.5,9.875,3.8125],"rotation":0,"texture":"#0","tintindex":0},"up":{"uv":[10.6875,8.75,10.5,8.375],"rotation":0,"texture":"#0","tintindex":0},"down":{"uv":[10.6875,9.625,10.5,10.0],"rotation":0,"texture":"#0","tintindex":0}}},{"from":[3.4723406,13.105835,6.1423435],"to":[5.3518076,16.853676,9.866408],"rotation":{"angle":22.5,"axis":"y","origin":[8.000819,7.7632885,8.0]},"faces":{"east":{"uv":[9.875,2.25,10.1875,2.5625],"rotation":0,"texture":"#0","tintindex":0},"south":{"uv":[10.75,4.625,10.9375,4.9375],"rotation":0,"texture":"#0","tintindex":0},"north":{"uv":[10.75,4.25,10.9375,4.5625],"rotation":0,"texture":"#0","tintindex":0},"west":{"uv":[9.875,2.625,10.1875,2.9375],"rotation":0,"texture":"#0","tintindex":0},"up":{"uv":[5.1875,11.0625,5.0,10.75],"rotation":0,"texture":"#0","tintindex":0},"down":{"uv":[10.9375,5.0,10.75,5.3125],"rotation":0,"texture":"#0","tintindex":0}}},{"from":[5.03738,10.628804,5.0469217],"to":[10.9435005,13.954705,10.953078],"rotation":{"angle":0.0,"axis":"y","origin":[8.000819,8.483734,8.0]},"faces":{"east":{"uv":[8.75,5.125,9.3125,5.4375],"rotation":0,"texture":"#0","tintindex":0},"south":{"uv":[8.75,5.5,9.3125,5.8125],"rotation":0,"texture":"#0","tintindex":0},"north":{"uv":[8.75,4.75,9.3125,5.0625],"rotation":0,"texture":"#0","tintindex":0},"west":{"uv":[8.75,5.875,9.3125,6.1875],"rotation":0,"texture":"#0","tintindex":0},"up":{"uv":[7.3125,6.4375,6.75,5.875],"rotation":0,"texture":"#0","tintindex":0},"down":{"uv":[7.3125,6.5,6.75,7.0625],"rotation":0,"texture":"#0","tintindex":0}}},{"from":[6.4196796,10.628804,4.1455965],"to":[9.589409,13.954705,5.7453],"rotation":{"angle":-22.5,"axis":"y","origin":[8.000819,8.483734,8.0]},"faces":{"east":{"uv":[5.75,10.75,5.875,11.0625],"rotation":0,"texture":"#0","tintindex":0},"south":{"uv":[7.0,9.875,7.3125,10.1875],"rotation":0,"texture":"#0","tintindex":0},"north":{"uv":[9.875,3.5,10.1875,3.8125],"rotation":0,"texture":"#0","tintindex":0},"west":{"uv":[9.625,10.75,9.75,11.0625],"rotation":0,"texture":"#0","tintindex":0},"up":{"uv":[11.0625,8.75,10.75,8.625],"rotation":0,"texture":"#0","tintindex":0},"down":{"uv":[11.0625,10.625,10.75,10.75],"rotation":0,"texture":"#0","tintindex":0}}},{"from":[6.393086,10.628804,4.137666],"to":[9.607674,13.954705,5.7373695],"rotation":{"angle":22.5,"axis":"y","origin":[8.000819,8.483734,8.0]},"faces":{"east":{"uv":[2.75,10.875,2.875,11.1875],"rotation":0,"texture":"#0","tintindex":0},"south":{"uv":[7.75,9.875,8.0625,10.1875],"rotation":0,"texture":"#0","tintindex":0},"north":{"uv":[7.375,9.875,7.6875,10.1875],"rotation":0,"texture":"#0","tintindex":0},"west":{"uv":[2.875,10.875,3.0,11.1875],"rotation":0,"texture":"#0","tintindex":0},"up":{"uv":[3.3125,11.0,3.0,10.875],"rotation":0,"texture":"#0","tintindex":0},"down":{"uv":[3.6875,10.875,3.375,11.0],"rotation":0,"texture":"#0","tintindex":0}}},{"from":[6.393086,10.628804,10.26263],"to":[9.607674,13.954705,11.862333],"rotation":{"angle":-22.5,"axis":"y","origin":[8.000819,8.483734,8.0]},"faces":{"east":{"uv":[10.875,3.5,11.0,3.8125],"rotation":0,"texture":"#0","tintindex":0},"south":{"uv":[9.875,9.75,10.1875,10.0625],"rotation":0,"texture":"#0","tintindex":0},"north":{"uv":[8.625,9.875,8.9375,10.1875],"rotation":0,"texture":"#0","tintindex":0},"west":{"uv":[3.75,10.875,3.875,11.1875],"rotation":0,"texture":"#0","tintindex":0},"up":{"uv":[4.1875,11.0,3.875,10.875],"rotation":0,"texture":"#0","tintindex":0},"down":{"uv":[11.1875,3.875,10.875,4.0],"rotation":0,"texture":"#0","tintindex":0}}},{"from":[6.4196796,10.628804,10.2547],"to":[9.589409,13.954705,11.8544035],"rotation":{"angle":22.5,"axis":"y","origin":[8.000819,8.483734,8.0]},"faces":{"east":{"uv":[4.25,10.875,4.375,11.1875],"rotation":0,"texture":"#0","tintindex":0},"south":{"uv":[1.125,10.0,1.4375,10.3125],"rotation":0,"texture":"#0","tintindex":0},"north":{"uv":[0.75,10.0,1.0625,10.3125],"rotation":0,"texture":"#0","tintindex":0},"west":{"uv":[4.375,10.875,4.5,11.1875],"rotation":0,"texture":"#0","tintindex":0},"up":{"uv":[11.1875,4.125,10.875,4.0],"rotation":0,"texture":"#0","tintindex":0},"down":{"uv":[11.1875,4.125,10.875,4.25],"rotation":0,"texture":"#0","tintindex":0}}},{"from":[10.26345,10.628804,6.3922663],"to":[11.863153,13.954705,9.6068535],"rotation":{"angle":22.5,"axis":"y","origin":[8.000819,8.483734,8.0]},"faces":{"east":{"uv":[1.875,10.0,2.1875,10.3125],"rotation":0,"texture":"#0","tintindex":0},"south":{"uv":[5.375,10.875,5.5,11.1875],"rotation":0,"texture":"#0","tintindex":0},"north":{"uv":[5.25,10.875,5.375,11.1875],"rotation":0,"texture":"#0","tintindex":0},"west":{"uv":[2.25,10.0,2.5625,10.3125],"rotation":0,"texture":"#0","tintindex":0},"up":{"uv":[5.625,11.1875,5.5,10.875],"rotation":0,"texture":"#0","tintindex":0},"down":{"uv":[5.75,10.875,5.625,11.1875],"rotation":0,"texture":"#0","tintindex":0}}},{"from":[10.25552,10.628804,6.4188604],"to":[11.855224,13.954705,9.588589],"rotation":{"angle":-22.5,"axis":"y","origin":[8.000819,8.483734,8.0]},"faces":{"east":{"uv":[2.625,10.0,2.9375,10.3125],"rotation":0,"texture":"#0","tintindex":0},"south":{"uv":[6.0,10.875,6.125,11.1875],"rotation":0,"texture":"#0","tintindex":0},"north":{"uv":[5.875,10.875,6.0,11.1875],"rotation":0,"texture":"#0","tintindex":0},"west":{"uv":[3.0,10.0,3.3125,10.3125],"rotation":0,"texture":"#0","tintindex":0},"up":{"uv":[6.25,11.1875,6.125,10.875],"rotation":0,"texture":"#0","tintindex":0},"down":{"uv":[6.375,10.875,6.25,11.1875],"rotation":0,"texture":"#0","tintindex":0}}},{"from":[4.138486,10.628804,6.3922663],"to":[5.7381897,13.954705,9.6068535],"rotation":{"angle":-22.5,"axis":"y","origin":[8.000819,8.483734,8.0]},"faces":{"east":{"uv":[3.375,10.0,3.6875,10.3125],"rotation":0,"texture":"#0","tintindex":0},"south":{"uv":[6.5,10.875,6.625,11.1875],"rotation":0,"texture":"#0","tintindex":0},"north":{"uv":[6.375,10.875,6.5,11.1875],"rotation":0,"texture":"#0","tintindex":0},"west":{"uv":[3.75,10.0,4.0625,10.3125],"rotation":0,"texture":"#0","tintindex":0},"up":{"uv":[7.0,11.1875,6.875,10.875],"rotation":0,"texture":"#0","tintindex":0},"down":{"uv":[7.125,10.875,7.0,11.1875],"rotation":0,"texture":"#0","tintindex":0}}},{"from":[4.1464157,10.628804,6.4188604],"to":[5.7461195,13.954705,9.588589],"rotation":{"angle":22.5,"axis":"y","origin":[8.000819,8.483734,8.0]},"faces":{"east":{"uv":[4.125,10.0,4.4375,10.3125],"rotation":0,"texture":"#0","tintindex":0},"south":{"uv":[7.25,10.875,7.375,11.1875],"rotation":0,"texture":"#0","tintindex":0},"north":{"uv":[7.125,10.875,7.25,11.1875],"rotation":0,"texture":"#0","tintindex":0},"west":{"uv":[4.5,10.0,4.8125,10.3125],"rotation":0,"texture":"#0","tintindex":0},"up":{"uv":[7.5,11.1875,7.375,10.875],"rotation":0,"texture":"#0","tintindex":0},"down":{"uv":[7.625,10.875,7.5,11.1875],"rotation":0,"texture":"#0","tintindex":0}}},{"from":[5.4693394,8.185642,5.4773703],"to":[10.514567,10.981163,10.52263],"rotation":{"angle":0.0,"axis":"y","origin":[8.000819,9.002365,8.0]},"faces":{"east":{"uv":[9.75,5.0,10.1875,5.25],"rotation":0,"texture":"#0","tintindex":0},"south":{"uv":[9.75,5.25,10.1875,5.5],"rotation":0,"texture":"#0","tintindex":0},"north":{"uv":[9.75,4.75,10.1875,5.0],"rotation":0,"texture":"#0","tintindex":0},"west":{"uv":[9.75,5.5,10.1875,5.75],"rotation":0,"texture":"#0","tintindex":0},"up":{"uv":[5.9375,8.8125,5.5,8.375],"rotation":0,"texture":"#0","tintindex":0},"down":{"uv":[8.3125,8.375,7.875,8.8125],"rotation":0,"texture":"#0","tintindex":0}}},{"from":[6.6501513,8.185642,4.7074246],"to":[9.357851,10.981163,6.073951],"rotation":{"angle":-22.5,"axis":"y","origin":[8.000819,9.002365,8.0]},"faces":{"east":{"uv":[4.625,11.0,4.75,11.25],"rotation":0,"texture":"#0","tintindex":0},"south":{"uv":[3.25,7.5,3.5,7.75],"rotation":0,"texture":"#0","tintindex":0},"north":{"uv":[2.5,7.25,2.75,7.5],"rotation":0,"texture":"#0","tintindex":0},"west":{"uv":[4.75,11.0,4.875,11.25],"rotation":0,"texture":"#0","tintindex":0},"up":{"uv":[11.25,2.625,11.0,2.5],"rotation":0,"texture":"#0","tintindex":0},"down":{"uv":[11.25,2.875,11.0,3.0],"rotation":0,"texture":"#0","tintindex":0}}},{"from":[6.627434,8.185642,4.70065],"to":[9.373454,10.981163,6.067177],"rotation":{"angle":22.5,"axis":"y","origin":[8.000819,9.002365,8.0]},"faces":{"east":{"uv":[11.0,4.75,11.125,5.0],"rotation":0,"texture":"#0","tintindex":0},"south":{"uv":[4.75,9.0,5.0,9.25],"rotation":0,"texture":"#0","tintindex":0},"north":{"uv":[8.5,0.5,8.75,0.75],"rotation":0,"texture":"#0","tintindex":0},"west":{"uv":[4.875,11.0,5.0,11.25],"rotation":0,"texture":"#0","tintindex":0},"up":{"uv":[11.25,3.875,11.0,3.75],"rotation":0,"texture":"#0","tintindex":0},"down":{"uv":[11.25,5.0,11.0,5.125],"rotation":0,"texture":"#0","tintindex":0}}},{"from":[6.627434,8.185642,9.932823],"to":[9.373454,10.981163,11.29935],"rotation":{"angle":-22.5,"axis":"y","origin":[8.000819,9.002365,8.0]},"faces":{"east":{"uv":[11.0,5.125,11.125,5.375],"rotation":0,"texture":"#0","tintindex":0},"south":{"uv":[4.875,9.75,5.125,10.0],"rotation":0,"texture":"#0","tintindex":0},"north":{"uv":[4.5,9.5,4.75,9.75],"rotation":0,"texture":"#0","tintindex":0},"west":{"uv":[11.0,5.375,11.125,5.625],"rotation":0,"texture":"#0","tintindex":0},"up":{"uv":[6.875,11.125,6.625,11.0],"rotation":0,"texture":"#0","tintindex":0},"down":{"uv":[8.125,11.0,7.875,11.125],"rotation":0,"texture":"#0","tintindex":0}}},{"from":[6.6501513,8.185642,9.926049],"to":[9.357851,10.981163,11.292576],"rotation":{"angle":22.5,"axis":"y","origin":[8.000819,9.002365,8.0]},"faces":{"east":{"uv":[8.125,11.0,8.25,11.25],"rotation":0,"texture":"#0","tintindex":0},"south":{"uv":[10.5,10.0,10.75,10.25],"rotation":0,"texture":"#0","tintindex":0},"north":{"uv":[10.5,5.125,10.75,5.375],"rotation":0,"texture":"#0","tintindex":0},"west":{"uv":[11.0,8.125,11.125,8.375],"rotation":0,"texture":"#0","tintindex":0},"up":{"uv":[8.5,11.125,8.25,11.0],"rotation":0,"texture":"#0","tintindex":0},"down":{"uv":[11.25,8.375,11.0,8.5],"rotation":0,"texture":"#0","tintindex":0}}},{"from":[9.933642,8.185642,6.626614],"to":[11.300169,10.981163,9.372635],"rotation":{"angle":22.5,"axis":"y","origin":[8.000819,9.002365,8.0]},"faces":{"east":{"uv":[10.5,10.25,10.75,10.5],"rotation":0,"texture":"#0","tintindex":0},"south":{"uv":[8.625,11.0,8.75,11.25],"rotation":0,"texture":"#0","tintindex":0},"north":{"uv":[8.5,11.0,8.625,11.25],"rotation":0,"texture":"#0","tintindex":0},"west":{"uv":[10.5,10.5,10.75,10.75],"rotation":0,"texture":"#0","tintindex":0},"up":{"uv":[8.875,11.25,8.75,11.0],"rotation":0,"texture":"#0","tintindex":0},"down":{"uv":[11.125,8.75,11.0,9.0],"rotation":0,"texture":"#0","tintindex":0}}},{"from":[9.926868,8.185642,6.6493316],"to":[11.293395,10.981163,9.357032],"rotation":{"angle":-22.5,"axis":"y","origin":[8.000819,9.002365,8.0]},"faces":{"east":{"uv":[3.25,10.625,3.5,10.875],"rotation":0,"texture":"#0","tintindex":0},"south":{"uv":[9.0,11.0,9.125,11.25],"rotation":0,"texture":"#0","tintindex":0},"north":{"uv":[8.875,11.0,9.0,11.25],"rotation":0,"texture":"#0","tintindex":0},"west":{"uv":[3.5,10.625,3.75,10.875],"rotation":0,"texture":"#0","tintindex":0},"up":{"uv":[9.25,11.25,9.125,11.0],"rotation":0,"texture":"#0","tintindex":0},"down":{"uv":[9.375,11.0,9.25,11.25],"rotation":0,"texture":"#0","tintindex":0}}},{"from":[4.7014704,8.185642,6.626614],"to":[6.0679965,10.981163,9.372635],"rotation":{"angle":-22.5,"axis":"y","origin":[8.000819,9.002365,8.0]},"faces":{"east":{"uv":[3.75,10.625,4.0,10.875],"rotation":0,"texture":"#0","tintindex":0},"south":{"uv":[9.5,11.0,9.625,11.25],"rotation":0,"texture":"#0","tintindex":0},"north":{"uv":[9.375,11.0,9.5,11.25],"rotation":0,"texture":"#0","tintindex":0},"west":{"uv":[4.0,10.625,4.25,10.875],"rotation":0,"texture":"#0","tintindex":0},"up":{"uv":[11.125,9.875,11.0,9.625],"rotation":0,"texture":"#0","tintindex":0},"down":{"uv":[9.875,11.0,9.75,11.25],"rotation":0,"texture":"#0","tintindex":0}}},{"from":[4.7082443,8.185642,6.6493316],"to":[6.074771,10.981163,9.357032],"rotation":{"angle":22.5,"axis":"y","origin":[8.000819,9.002365,8.0]},"faces":{"east":{"uv":[10.625,4.0,10.875,4.25],"rotation":0,"texture":"#0","tintindex":0},"south":{"uv":[11.0,9.875,11.125,10.125],"rotation":0,"texture":"#0","tintindex":0},"north":{"uv":[9.875,11.0,10.0,11.25],"rotation":0,"texture":"#0","tintindex":0},"west":{"uv":[4.25,10.625,4.5,10.875],"rotation":0,"texture":"#0","tintindex":0},"up":{"uv":[11.125,10.375,11.0,10.125],"rotation":0,"texture":"#0","tintindex":0},"down":{"uv":[10.5,11.0,10.375,11.25],"rotation":0,"texture":"#0","tintindex":0}}},{"from":[5.8879375,5.995748,5.8945055],"to":[10.098902,9.0644455,10.1054945],"rotation":{"angle":0.0,"axis":"y","origin":[8.000819,9.455803,8.0]},"faces":{"east":{"uv":[10.125,8.375,10.5,8.625],"rotation":0,"texture":"#0","tintindex":0},"south":{"uv":[10.125,8.625,10.5,8.875],"rotation":0,"texture":"#0","tintindex":0},"north":{"uv":[0.0,8.375,0.375,8.625],"rotation":0,"texture":"#0","tintindex":0},"west":{"uv":[9.375,10.125,9.75,10.375],"rotation":0,"texture":"#0","tintindex":0},"up":{"uv":[7.125,9.5,6.75,9.125],"rotation":0,"texture":"#0","tintindex":0},"down":{"uv":[7.5,9.125,7.125,9.5],"rotation":0,"texture":"#0","tintindex":0}}},{"from":[6.8734937,5.995748,5.2518754],"to":[9.133456,9.0644455,6.392437],"rotation":{"angle":-22.5,"axis":"y","origin":[8.000819,9.455803,8.0]},"faces":{"east":{"uv":[11.0,10.375,11.125,10.625],"rotation":0,"texture":"#0","tintindex":0},"south":{"uv":[10.75,8.375,10.9375,8.625],"rotation":0,"texture":"#0","tintindex":0},"north":{"uv":[7.875,10.75,8.0625,11.0],"rotation":0,"texture":"#0","tintindex":0},"west":{"uv":[10.5,11.0,10.625,11.25],"rotation":0,"texture":"#0","tintindex":0},"up":{"uv":[11.4375,0.125,11.25,0.0],"rotation":0,"texture":"#0","tintindex":0},"down":{"uv":[11.4375,0.125,11.25,0.25],"rotation":0,"texture":"#0","tintindex":0}}},{"from":[6.8545327,5.995748,5.2462215],"to":[9.14648,9.0644455,6.386783],"rotation":{"angle":22.5,"axis":"y","origin":[8.000819,9.455803,8.0]},"faces":{"east":{"uv":[10.625,11.0,10.75,11.25],"rotation":0,"texture":"#0","tintindex":0},"south":{"uv":[10.75,8.875,10.9375,9.125],"rotation":0,"texture":"#0","tintindex":0},"north":{"uv":[8.625,10.75,8.8125,11.0],"rotation":0,"texture":"#0","tintindex":0},"west":{"uv":[10.75,11.0,10.875,11.25],"rotation":0,"texture":"#0","tintindex":0},"up":{"uv":[11.4375,0.375,11.25,0.25],"rotation":0,"texture":"#0","tintindex":0},"down":{"uv":[11.4375,0.375,11.25,0.5],"rotation":0,"texture":"#0","tintindex":0}}},{"from":[6.8545327,5.995748,9.613217],"to":[9.14648,9.0644455,10.753778],"rotation":{"angle":-22.5,"axis":"y","origin":[8.000819,9.455803,8.0]},"faces":{"east":{"uv":[10.875,11.0,11.0,11.25],"rotation":0,"texture":"#0","tintindex":0},"south":{"uv":[9.375,10.75,9.5625,11.0],"rotation":0,"texture":"#0","tintindex":0},"north":{"uv":[9.125,10.75,9.3125,11.0],"rotation":0,"texture":"#0","tintindex":0},"west":{"uv":[11.0,11.0,11.125,11.25],"rotation":0,"texture":"#0","tintindex":0},"up":{"uv":[11.4375,1.625,11.25,1.5],"rotation":0,"texture":"#0","tintindex":0},"down":{"uv":[11.4375,1.625,11.25,1.75],"rotation":0,"texture":"#0","tintindex":0}}},{"from":[6.8734937,5.995748,9.607563],"to":[9.133456,9.0644455,10.748125],"rotation":{"angle":22.5,"axis":"y","origin":[8.000819,9.455803,8.0]},"faces":{"east":{"uv":[0.0,11.125,0.125,11.375],"rotation":0,"texture":"#0","tintindex":0},"south":{"uv":[10.75,9.875,10.9375,10.125],"rotation":0,"texture":"#0","tintindex":0},"north":{"uv":[10.75,9.625,10.9375,9.875],"rotation":0,"texture":"#0","tintindex":0},"west":{"uv":[0.125,11.125,0.25,11.375],"rotation":0,"texture":"#0","tintindex":0},"up":{"uv":[11.4375,1.875,11.25,1.75],"rotation":0,"texture":"#0","tintindex":0},"down":{"uv":[11.4375,1.875,11.25,2.0],"rotation":0,"texture":"#0","tintindex":0}}},{"from":[9.614037,5.995748,6.853713],"to":[10.754599,9.0644455,9.145659],"rotation":{"angle":22.5,"axis":"y","origin":[8.000819,9.455803,8.0]},"faces":{"east":{"uv":[10.75,10.125,10.9375,10.375],"rotation":0,"texture":"#0","tintindex":0},"south":{"uv":[0.375,11.125,0.5,11.375],"rotation":0,"texture":"#0","tintindex":0},"north":{"uv":[0.25,11.125,0.375,11.375],"rotation":0,"texture":"#0","tintindex":0},"west":{"uv":[10.375,10.75,10.5625,11.0],"rotation":0,"texture":"#0","tintindex":0},"up":{"uv":[11.375,2.1875,11.25,2.0],"rotation":0,"texture":"#0","tintindex":0},"down":{"uv":[11.375,2.25,11.25,2.4375],"rotation":0,"texture":"#0","tintindex":0}}},{"from":[9.608383,5.995748,6.872674],"to":[10.748944,9.0644455,9.132637],"rotation":{"angle":-22.5,"axis":"y","origin":[8.000819,9.455803,8.0]},"faces":{"east":{"uv":[10.75,10.375,10.9375,10.625],"rotation":0,"texture":"#0","tintindex":0},"south":{"uv":[0.625,11.125,0.75,11.375],"rotation":0,"texture":"#0","tintindex":0},"north":{"uv":[0.5,11.125,0.625,11.375],"rotation":0,"texture":"#0","tintindex":0},"west":{"uv":[10.625,10.75,10.8125,11.0],"rotation":0,"texture":"#0","tintindex":0},"up":{"uv":[11.375,2.6875,11.25,2.5],"rotation":0,"texture":"#0","tintindex":0},"down":{"uv":[2.875,11.25,2.75,11.4375],"rotation":0,"texture":"#0","tintindex":0}}},{"from":[5.2470407,5.995748,6.853713],"to":[6.387603,9.0644455,9.145659],"rotation":{"angle":-22.5,"axis":"y","origin":[8.000819,9.455803,8.0]},"faces":{"east":{"uv":[0.75,10.875,0.9375,11.125],"rotation":0,"texture":"#0","tintindex":0},"south":{"uv":[0.875,11.125,1.0,11.375],"rotation":0,"texture":"#0","tintindex":0},"north":{"uv":[0.75,11.125,0.875,11.375],"rotation":0,"texture":"#0","tintindex":0},"west":{"uv":[1.0,10.875,1.1875,11.125],"rotation":0,"texture":"#0","tintindex":0},"up":{"uv":[11.375,2.9375,11.25,2.75],"rotation":0,"texture":"#0","tintindex":0},"down":{"uv":[3.0,11.25,2.875,11.4375],"rotation":0,"texture":"#0","tintindex":0}}},{"from":[5.252695,5.995748,6.872674],"to":[6.3932567,9.0644455,9.132637],"rotation":{"angle":22.5,"axis":"y","origin":[8.000819,9.455803,8.0]},"faces":{"east":{"uv":[1.25,10.875,1.4375,11.125],"rotation":0,"texture":"#0","tintindex":0},"south":{"uv":[1.125,11.125,1.25,11.375],"rotation":0,"texture":"#0","tintindex":0},"north":{"uv":[1.0,11.125,1.125,11.375],"rotation":0,"texture":"#0","tintindex":0},"west":{"uv":[1.75,10.875,1.9375,11.125],"rotation":0,"texture":"#0","tintindex":0},"up":{"uv":[3.125,11.4375,3.0,11.25],"rotation":0,"texture":"#0","tintindex":0},"down":{"uv":[3.25,11.25,3.125,11.4375],"rotation":0,"texture":"#0","tintindex":0}}},{"from":[6.437287,3.6537323,6.441934],"to":[9.5534,6.367844,9.558066],"rotation":{"angle":0.0,"axis":"y","origin":[8.000819,9.455803,8.0]},"faces":{"east":{"uv":[3.25,10.375,3.5625,10.625],"rotation":0,"texture":"#0","tintindex":0},"south":{"uv":[3.625,10.375,3.9375,10.625],"rotation":0,"texture":"#0","tintindex":0},"north":{"uv":[10.25,5.375,10.5625,5.625],"rotation":0,"texture":"#0","tintindex":0},"west":{"uv":[4.0,10.375,4.3125,10.625],"rotation":0,"texture":"#0","tintindex":0},"up":{"uv":[5.1875,10.3125,4.875,10.0],"rotation":0,"texture":"#0","tintindex":0},"down":{"uv":[5.5625,10.0,5.25,10.3125],"rotation":0,"texture":"#0","tintindex":0}}},{"from":[7.1665983,3.6537323,5.9663877],"to":[8.838971,6.367844,6.8104033],"rotation":{"angle":-22.5,"axis":"y","origin":[8.000819,9.455803,8.0]},"faces":{"east":{"uv":[3.625,11.25,3.6875,11.5],"rotation":0,"texture":"#0","tintindex":0},"south":{"uv":[1.375,11.125,1.5,11.375],"rotation":0,"texture":"#0","tintindex":0},"north":{"uv":[1.25,11.125,1.375,11.375],"rotation":0,"texture":"#0","tintindex":0},"west":{"uv":[3.75,11.25,3.8125,11.5],"rotation":0,"texture":"#0","tintindex":0},"up":{"uv":[7.0,3.3125,6.875,3.25],"rotation":0,"texture":"#0","tintindex":0},"down":{"uv":[6.375,6.875,6.25,6.9375],"rotation":0,"texture":"#0","tintindex":0}}},{"from":[7.1525674,3.6537323,5.962204],"to":[8.848608,6.367844,6.8062196],"rotation":{"angle":22.5,"axis":"y","origin":[8.000819,9.455803,8.0]},"faces":{"east":{"uv":[11.25,3.75,11.3125,4.0],"rotation":0,"texture":"#0","tintindex":0},"south":{"uv":[1.625,11.125,1.75,11.375],"rotation":0,"texture":"#0","tintindex":0},"north":{"uv":[1.5,11.125,1.625,11.375],"rotation":0,"texture":"#0","tintindex":0},"west":{"uv":[3.875,11.25,3.9375,11.5],"rotation":0,"texture":"#0","tintindex":0},"up":{"uv":[1.875,8.0625,1.75,8.0],"rotation":0,"texture":"#0","tintindex":0},"down":{"uv":[2.5,8.125,2.375,8.1875],"rotation":0,"texture":"#0","tintindex":0}}},{"from":[7.1525674,3.6537323,9.193781],"to":[8.848608,6.367844,10.037796],"rotation":{"angle":-22.5,"axis":"y","origin":[8.000819,9.455803,8.0]},"faces":{"east":{"uv":[4.0,11.25,4.0625,11.5],"rotation":0,"texture":"#0","tintindex":0},"south":{"uv":[1.875,11.125,2.0,11.375],"rotation":0,"texture":"#0","tintindex":0},"north":{"uv":[1.75,11.125,1.875,11.375],"rotation":0,"texture":"#0","tintindex":0},"west":{"uv":[11.25,4.0,11.3125,4.25],"rotation":0,"texture":"#0","tintindex":0},"up":{"uv":[4.375,8.1875,4.25,8.125],"rotation":0,"texture":"#0","tintindex":0},"down":{"uv":[5.125,8.25,5.0,8.3125],"rotation":0,"texture":"#0","tintindex":0}}},{"from":[7.1665983,3.6537323,9.189596],"to":[8.838971,6.367844,10.033612],"rotation":{"angle":22.5,"axis":"y","origin":[8.000819,9.455803,8.0]},"faces":{"east":{"uv":[4.125,11.25,4.1875,11.5],"rotation":0,"texture":"#0","tintindex":0},"south":{"uv":[2.125,11.125,2.25,11.375],"rotation":0,"texture":"#0","tintindex":0},"north":{"uv":[2.0,11.125,2.125,11.375],"rotation":0,"texture":"#0","tintindex":0},"west":{"uv":[4.25,11.25,4.3125,11.5],"rotation":0,"texture":"#0","tintindex":0},"up":{"uv":[1.75,8.4375,1.625,8.375],"rotation":0,"texture":"#0","tintindex":0},"down":{"uv":[8.625,2.5,8.5,2.5625],"rotation":0,"texture":"#0","tintindex":0}}},{"from":[9.1946,3.6537323,7.1517477],"to":[10.038616,6.367844,8.847788],"rotation":{"angle":22.5,"axis":"y","origin":[8.000819,9.455803,8.0]},"faces":{"east":{"uv":[2.25,11.125,2.375,11.375],"rotation":0,"texture":"#0","tintindex":0},"south":{"uv":[4.375,11.25,4.4375,11.5],"rotation":0,"texture":"#0","tintindex":0},"north":{"uv":[11.25,4.25,11.3125,4.5],"rotation":0,"texture":"#0","tintindex":0},"west":{"uv":[2.375,11.125,2.5,11.375],"rotation":0,"texture":"#0","tintindex":0},"up":{"uv":[1.5625,9.0,1.5,8.875],"rotation":0,"texture":"#0","tintindex":0},"down":{"uv":[3.0625,9.25,3.0,9.375],"rotation":0,"texture":"#0","tintindex":0}}},{"from":[9.190416,3.6537323,7.165779],"to":[10.034431,6.367844,8.838151],"rotation":{"angle":-22.5,"axis":"y","origin":[8.000819,9.455803,8.0]},"faces":{"east":{"uv":[2.5,11.125,2.625,11.375],"rotation":0,"texture":"#0","tintindex":0},"south":{"uv":[11.25,4.5,11.3125,4.75],"rotation":0,"texture":"#0","tintindex":0},"north":{"uv":[4.5,11.25,4.5625,11.5],"rotation":0,"texture":"#0","tintindex":0},"west":{"uv":[2.625,11.125,2.75,11.375],"rotation":0,"texture":"#0","tintindex":0},"up":{"uv":[8.3125,9.375,8.25,9.25],"rotation":0,"texture":"#0","tintindex":0},"down":{"uv":[5.9375,9.625,5.875,9.75],"rotation":0,"texture":"#0","tintindex":0}}},{"from":[5.963023,3.6537323,7.1517477],"to":[6.8070393,6.367844,8.847788],"rotation":{"angle":-22.5,"axis":"y","origin":[8.000819,9.455803,8.0]},"faces":{"east":{"uv":[11.125,2.625,11.25,2.875],"rotation":0,"texture":"#0","tintindex":0},"south":{"uv":[4.75,11.25,4.8125,11.5],"rotation":0,"texture":"#0","tintindex":0},"north":{"uv":[4.625,11.25,4.6875,11.5],"rotation":0,"texture":"#0","tintindex":0},"west":{"uv":[11.125,4.25,11.25,4.5],"rotation":0,"texture":"#0","tintindex":0},"up":{"uv":[6.6875,9.75,6.625,9.625],"rotation":0,"texture":"#0","tintindex":0},"down":{"uv":[9.0625,9.875,9.0,10.0],"rotation":0,"texture":"#0","tintindex":0}}},{"from":[5.9672074,3.6537323,7.165779],"to":[6.811223,6.367844,8.838151],"rotation":{"angle":22.5,"axis":"y","origin":[8.000819,9.455803,8.0]},"faces":{"east":{"uv":[11.125,4.5,11.25,4.75],"rotation":0,"texture":"#0","tintindex":0},"south":{"uv":[4.875,11.25,4.9375,11.5],"rotation":0,"texture":"#0","tintindex":0},"north":{"uv":[11.25,4.75,11.3125,5.0],"rotation":0,"texture":"#0","tintindex":0},"west":{"uv":[11.125,4.75,11.25,5.0],"rotation":0,"texture":"#0","tintindex":0},"up":{"uv":[9.4375,10.125,9.375,10.0],"rotation":0,"texture":"#0","tintindex":0},"down":{"uv":[10.1875,4.375,10.125,4.5],"rotation":0,"texture":"#0","tintindex":0}}},{"from":[6.522348,1.8403187,7.3935065],"to":[7.135962,4.458646,8.60935],"rotation":{"angle":22.5,"axis":"y","origin":[8.000819,9.774435,8.0]},"faces":{"east":{"uv":[5.0,11.125,5.125,11.375],"rotation":0,"texture":"#0","tintindex":0},"south":{"uv":[5.25,11.25,5.3125,11.5],"rotation":0,"texture":"#0","tintindex":0},"north":{"uv":[11.25,5.0,11.3125,5.25],"rotation":0,"texture":"#0","tintindex":0},"west":{"uv":[5.125,11.125,5.25,11.375],"rotation":0,"texture":"#0","tintindex":0},"up":{"uv":[6.9375,10.25,6.875,10.125],"rotation":0,"texture":"#0","tintindex":0},"down":{"uv":[1.8125,10.25,1.75,10.375],"rotation":0,"texture":"#0","tintindex":0}}},{"from":[6.519306,1.8403187,7.3833055],"to":[7.1329203,4.458646,8.616357],"rotation":{"angle":-22.5,"axis":"y","origin":[8.000819,9.774435,8.0]},"faces":{"east":{"uv":[11.125,5.125,11.25,5.375],"rotation":0,"texture":"#0","tintindex":0},"south":{"uv":[5.375,11.25,5.4375,11.5],"rotation":0,"texture":"#0","tintindex":0},"north":{"uv":[11.25,5.25,11.3125,5.5],"rotation":0,"texture":"#0","tintindex":0},"west":{"uv":[11.125,5.375,11.25,5.625],"rotation":0,"texture":"#0","tintindex":0},"up":{"uv":[10.3125,5.75,10.25,5.625],"rotation":0,"texture":"#0","tintindex":0},"down":{"uv":[8.9375,10.25,8.875,10.375],"rotation":0,"texture":"#0","tintindex":0}}},{"from":[8.865677,1.8403187,7.3935065],"to":[9.479292,4.458646,8.60935],"rotation":{"angle":-22.5,"axis":"y","origin":[8.000819,9.774435,8.0]},"faces":{"east":{"uv":[5.75,11.125,5.875,11.375],"rotation":0,"texture":"#0","tintindex":0},"south":{"uv":[11.25,5.5,11.3125,5.75],"rotation":0,"texture":"#0","tintindex":0},"north":{"uv":[5.5,11.25,5.5625,11.5],"rotation":0,"texture":"#0","tintindex":0},"west":{"uv":[6.625,11.125,6.75,11.375],"rotation":0,"texture":"#0","tintindex":0},"up":{"uv":[10.6875,4.375,10.625,4.25],"rotation":0,"texture":"#0","tintindex":0},"down":{"uv":[5.0625,10.625,5.0,10.75],"rotation":0,"texture":"#0","tintindex":0}}},{"from":[8.868719,1.8403187,7.3833055],"to":[9.482333,4.458646,8.616357],"rotation":{"angle":22.5,"axis":"y","origin":[8.000819,9.774435,8.0]},"faces":{"east":{"uv":[6.75,11.125,6.875,11.375],"rotation":0,"texture":"#0","tintindex":0},"south":{"uv":[11.25,5.75,11.3125,6.0],"rotation":0,"texture":"#0","tintindex":0},"north":{"uv":[5.625,11.25,5.6875,11.5],"rotation":0,"texture":"#0","tintindex":0},"west":{"uv":[7.625,11.125,7.75,11.375],"rotation":0,"texture":"#0","tintindex":0},"up":{"uv":[6.3125,10.75,6.25,10.625],"rotation":0,"texture":"#0","tintindex":0},"down":{"uv":[9.1875,10.625,9.125,10.75],"rotation":0,"texture":"#0","tintindex":0}}},{"from":[7.394326,1.8403187,8.864858],"to":[8.61017,4.458646,9.478472],"rotation":{"angle":22.5,"axis":"y","origin":[8.000819,9.774435,8.0]},"faces":{"east":{"uv":[5.875,11.25,5.9375,11.5],"rotation":0,"texture":"#0","tintindex":0},"south":{"uv":[7.875,11.125,8.0,11.375],"rotation":0,"texture":"#0","tintindex":0},"north":{"uv":[7.75,11.125,7.875,11.375],"rotation":0,"texture":"#0","tintindex":0},"west":{"uv":[6.0,11.25,6.0625,11.5],"rotation":0,"texture":"#0","tintindex":0},"up":{"uv":[10.5,10.6875,10.375,10.625],"rotation":0,"texture":"#0","tintindex":0},"down":{"uv":[11.125,8.5,11.0,8.5625],"rotation":0,"texture":"#0","tintindex":0}}},{"from":[7.384125,1.8403187,8.867899],"to":[8.617176,4.458646,9.481514],"rotation":{"angle":-22.5,"axis":"y","origin":[8.000819,9.774435,8.0]},"faces":{"east":{"uv":[6.125,11.25,6.1875,11.5],"rotation":0,"texture":"#0","tintindex":0},"south":{"uv":[8.0,11.125,8.125,11.375],"rotation":0,"texture":"#0","tintindex":0},"north":{"uv":[11.125,7.875,11.25,8.125],"rotation":0,"texture":"#0","tintindex":0},"west":{"uv":[6.25,11.25,6.3125,11.5],"rotation":0,"texture":"#0","tintindex":0},"up":{"uv":[11.5,6.1875,11.375,6.125],"rotation":0,"texture":"#0","tintindex":0},"down":{"uv":[8.0,11.375,7.875,11.4375],"rotation":0,"texture":"#0","tintindex":0}}},{"from":[7.384125,1.8403187,6.5184865],"to":[8.617176,4.458646,7.1321006],"rotation":{"angle":22.5,"axis":"y","origin":[8.000819,9.774435,8.0]},"faces":{"east":{"uv":[6.375,11.25,6.4375,11.5],"rotation":0,"texture":"#0","tintindex":0},"south":{"uv":[8.25,11.125,8.375,11.375],"rotation":0,"texture":"#0","tintindex":0},"north":{"uv":[11.125,8.125,11.25,8.375],"rotation":0,"texture":"#0","tintindex":0},"west":{"uv":[6.5,11.25,6.5625,11.5],"rotation":0,"texture":"#0","tintindex":0},"up":{"uv":[8.125,11.4375,8.0,11.375],"rotation":0,"texture":"#0","tintindex":0},"down":{"uv":[11.5,8.0,11.375,8.0625],"rotation":0,"texture":"#0","tintindex":0}}},{"from":[7.394326,1.8403187,6.5215282],"to":[8.61017,4.458646,7.1351423],"rotation":{"angle":-22.5,"axis":"y","origin":[8.000819,9.774435,8.0]},"faces":{"east":{"uv":[11.25,6.625,11.3125,6.875],"rotation":0,"texture":"#0","tintindex":0},"south":{"uv":[11.125,8.5,11.25,8.75],"rotation":0,"texture":"#0","tintindex":0},"north":{"uv":[8.375,11.125,8.5,11.375],"rotation":0,"texture":"#0","tintindex":0},"west":{"uv":[6.875,11.25,6.9375,11.5],"rotation":0,"texture":"#0","tintindex":0},"up":{"uv":[11.5,8.1875,11.375,8.125],"rotation":0,"texture":"#0","tintindex":0},"down":{"uv":[8.375,11.375,8.25,11.4375],"rotation":0,"texture":"#0","tintindex":0}}},{"from":[6.8641043,1.8403187,6.8672585],"to":[9.129573,4.458646,9.132741],"rotation":{"angle":0.0,"axis":"y","origin":[8.000819,9.774435,8.0]},"faces":{"east":{"uv":[2.25,10.875,2.4375,11.125],"rotation":0,"texture":"#0","tintindex":0},"south":{"uv":[2.5,10.875,2.6875,11.125],"rotation":0,"texture":"#0","tintindex":0},"north":{"uv":[2.0,10.875,2.1875,11.125],"rotation":0,"texture":"#0","tintindex":0},"west":{"uv":[10.875,2.625,11.0625,2.875],"rotation":0,"texture":"#0","tintindex":0},"up":{"uv":[3.6875,11.1875,3.5,11.0],"rotation":0,"texture":"#0","tintindex":0},"down":{"uv":[11.1875,3.5,11.0,3.6875],"rotation":0,"texture":"#0","tintindex":0}}},{"from":[7.0767746,0.21925545,7.6209416],"to":[7.4602838,2.4317098,8.380844],"rotation":{"angle":22.5,"axis":"y","origin":[8.000819,9.064619,8.0]},"faces":{"east":{"uv":[9.5,11.25,9.5625,11.4375],"rotation":0,"texture":"#0","tintindex":0},"south":{"uv":[11.25,9.5,11.3125,9.6875],"rotation":0,"texture":"#0","tintindex":0},"north":{"uv":[11.25,9.25,11.3125,9.4375],"rotation":0,"texture":"#0","tintindex":0},"west":{"uv":[9.75,11.25,9.8125,11.4375],"rotation":0,"texture":"#0","tintindex":0},"up":{"uv":[11.4375,8.3125,11.375,8.25],"rotation":0,"texture":"#0","tintindex":0},"down":{"uv":[8.4375,11.375,8.375,11.4375],"rotation":0,"texture":"#0","tintindex":0}}},{"from":[7.074874,0.21925545,7.6145663],"to":[7.4583826,2.4317098,8.385223],"rotation":{"angle":-22.5,"axis":"y","origin":[8.000819,9.064619,8.0]},"faces":{"east":{"uv":[11.25,10.0,11.3125,10.1875],"rotation":0,"texture":"#0","tintindex":0},"south":{"uv":[11.25,10.25,11.3125,10.4375],"rotation":0,"texture":"#0","tintindex":0},"north":{"uv":[9.875,11.25,9.9375,11.4375],"rotation":0,"texture":"#0","tintindex":0},"west":{"uv":[10.375,11.25,10.4375,11.4375],"rotation":0,"texture":"#0","tintindex":0},"up":{"uv":[11.4375,8.4375,11.375,8.375],"rotation":0,"texture":"#0","tintindex":0},"down":{"uv":[11.4375,8.5,11.375,8.5625],"rotation":0,"texture":"#0","tintindex":0}}},{"from":[8.541355,0.21925545,7.6209416],"to":[8.924865,2.4317098,8.380844],"rotation":{"angle":-22.5,"axis":"y","origin":[8.000819,9.064619,8.0]},"faces":{"east":{"uv":[11.25,10.5,11.3125,10.6875],"rotation":0,"texture":"#0","tintindex":0},"south":{"uv":[10.625,11.25,10.6875,11.4375],"rotation":0,"texture":"#0","tintindex":0},"north":{"uv":[10.5,11.25,10.5625,11.4375],"rotation":0,"texture":"#0","tintindex":0},"west":{"uv":[10.75,11.25,10.8125,11.4375],"rotation":0,"texture":"#0","tintindex":0},"up":{"uv":[11.4375,8.6875,11.375,8.625],"rotation":0,"texture":"#0","tintindex":0},"down":{"uv":[8.9375,11.375,8.875,11.4375],"rotation":0,"texture":"#0","tintindex":0}}},{"from":[8.543257,0.21925545,7.6145663],"to":[8.926765,2.4317098,8.385223],"rotation":{"angle":22.5,"axis":"y","origin":[8.000819,9.064619,8.0]},"faces":{"east":{"uv":[10.875,11.25,10.9375,11.4375],"rotation":0,"texture":"#0","tintindex":0},"south":{"uv":[11.0,11.25,11.0625,11.4375],"rotation":0,"texture":"#0","tintindex":0},"north":{"uv":[11.25,10.75,11.3125,10.9375],"rotation":0,"texture":"#0","tintindex":0},"west":{"uv":[11.25,11.0,11.3125,11.1875],"rotation":0,"texture":"#0","tintindex":0},"up":{"uv":[11.4375,8.9375,11.375,8.875],"rotation":0,"texture":"#0","tintindex":0},"down":{"uv":[9.0625,11.375,9.0,11.4375],"rotation":0,"texture":"#0","tintindex":0}}},{"from":[7.6217613,0.21925545,8.540536],"to":[8.381664,2.4317098,8.924045],"rotation":{"angle":22.5,"axis":"y","origin":[8.000819,9.064619,8.0]},"faces":{"east":{"uv":[11.25,11.25,11.3125,11.4375],"rotation":0,"texture":"#0","tintindex":0},"south":{"uv":[0.0,11.375,0.0625,11.5625],"rotation":0,"texture":"#0","tintindex":0},"north":{"uv":[11.125,11.25,11.1875,11.4375],"rotation":0,"texture":"#0","tintindex":0},"west":{"uv":[0.125,11.375,0.1875,11.5625],"rotation":0,"texture":"#0","tintindex":0},"up":{"uv":[11.4375,9.0625,11.375,9.0],"rotation":0,"texture":"#0","tintindex":0},"down":{"uv":[9.3125,11.375,9.25,11.4375],"rotation":0,"texture":"#0","tintindex":0}}},{"from":[7.6153855,0.21925545,8.542438],"to":[8.386043,2.4317098,8.925946],"rotation":{"angle":-22.5,"axis":"y","origin":[8.000819,9.064619,8.0]},"faces":{"east":{"uv":[0.375,11.375,0.4375,11.5625],"rotation":0,"texture":"#0","tintindex":0},"south":{"uv":[0.5,11.375,0.5625,11.5625],"rotation":0,"texture":"#0","tintindex":0},"north":{"uv":[0.25,11.375,0.3125,11.5625],"rotation":0,"texture":"#0","tintindex":0},"west":{"uv":[0.625,11.375,0.6875,11.5625],"rotation":0,"texture":"#0","tintindex":0},"up":{"uv":[11.4375,9.3125,11.375,9.25],"rotation":0,"texture":"#0","tintindex":0},"down":{"uv":[9.4375,11.375,9.375,11.4375],"rotation":0,"texture":"#0","tintindex":0}}},{"from":[7.6153855,0.21925545,7.0740542],"to":[8.386043,2.4317098,7.457563],"rotation":{"angle":22.5,"axis":"y","origin":[8.000819,9.064619,8.0]},"faces":{"east":{"uv":[0.875,11.375,0.9375,11.5625],"rotation":0,"texture":"#0","tintindex":0},"south":{"uv":[1.0,11.375,1.0625,11.5625],"rotation":0,"texture":"#0","tintindex":0},"north":{"uv":[0.75,11.375,0.8125,11.5625],"rotation":0,"texture":"#0","tintindex":0},"west":{"uv":[1.125,11.375,1.1875,11.5625],"rotation":0,"texture":"#0","tintindex":0},"up":{"uv":[11.4375,9.4375,11.375,9.375],"rotation":0,"texture":"#0","tintindex":0},"down":{"uv":[11.4375,9.5,11.375,9.5625],"rotation":0,"texture":"#0","tintindex":0}}},{"from":[7.6217613,0.21925545,7.0759554],"to":[8.381664,2.4317098,7.459464],"rotation":{"angle":-22.5,"axis":"y","origin":[8.000819,9.064619,8.0]},"faces":{"east":{"uv":[1.375,11.375,1.4375,11.5625],"rotation":0,"texture":"#0","tintindex":0},"south":{"uv":[1.5,11.375,1.5625,11.5625],"rotation":0,"texture":"#0","tintindex":0},"north":{"uv":[1.25,11.375,1.3125,11.5625],"rotation":0,"texture":"#0","tintindex":0},"west":{"uv":[1.625,11.375,1.6875,11.5625],"rotation":0,"texture":"#0","tintindex":0},"up":{"uv":[9.6875,11.4375,9.625,11.375],"rotation":0,"texture":"#0","tintindex":0},"down":{"uv":[11.4375,9.625,11.375,9.6875],"rotation":0,"texture":"#0","tintindex":0}}},{"from":[7.2903724,0.21925545,7.2920365],"to":[8.70629,2.4317098,8.707963],"rotation":{"angle":0.0,"axis":"y","origin":[8.000819,9.064619,8.0]},"faces":{"east":{"uv":[3.375,11.25,3.5,11.4375],"rotation":0,"texture":"#0","tintindex":0},"south":{"uv":[3.5,11.25,3.625,11.4375],"rotation":0,"texture":"#0","tintindex":0},"north":{"uv":[3.25,11.25,3.375,11.4375],"rotation":0,"texture":"#0","tintindex":0},"west":{"uv":[11.25,3.5,11.375,3.6875],"rotation":0,"texture":"#0","tintindex":0},"up":{"uv":[3.5,2.875,3.375,2.75],"rotation":0,"texture":"#0","tintindex":0},"down":{"uv":[5.125,1.875,5.0,2.0],"rotation":0,"texture":"#0","tintindex":0}}},{"from":[7.4020386,-1.301753,7.75437],"to":[7.6505523,1.0727177,8.246787],"rotation":{"angle":22.5,"axis":"y","origin":[8.000819,9.064619,8.0]},"faces":{"east":{"uv":[1.875,11.375,1.9375,11.5625],"rotation":0,"texture":"#0","tintindex":0},"south":{"uv":[2.0,11.375,2.0625,11.5625],"rotation":0,"texture":"#0","tintindex":0},"north":{"uv":[1.75,11.375,1.8125,11.5625],"rotation":0,"texture":"#0","tintindex":0},"west":{"uv":[11.375,2.0,11.4375,2.1875],"rotation":0,"texture":"#0","tintindex":0},"up":{"uv":[11.4375,9.8125,11.375,9.75],"rotation":0,"texture":"#0","tintindex":0},"down":{"uv":[11.4375,9.875,11.375,9.9375],"rotation":0,"texture":"#0","tintindex":0}}},{"from":[7.4008064,-1.301753,7.750239],"to":[7.6493206,1.0727177,8.249624],"rotation":{"angle":-22.5,"axis":"y","origin":[8.000819,9.064619,8.0]},"faces":{"east":{"uv":[2.25,11.375,2.3125,11.5625],"rotation":0,"texture":"#0","tintindex":0},"south":{"uv":[11.375,2.25,11.4375,2.4375],"rotation":0,"texture":"#0","tintindex":0},"north":{"uv":[2.125,11.375,2.1875,11.5625],"rotation":0,"texture":"#0","tintindex":0},"west":{"uv":[2.375,11.375,2.4375,11.5625],"rotation":0,"texture":"#0","tintindex":0},"up":{"uv":[10.0625,11.4375,10.0,11.375],"rotation":0,"texture":"#0","tintindex":0},"down":{"uv":[11.4375,10.0,11.375,10.0625],"rotation":0,"texture":"#0","tintindex":0}}},{"from":[8.351087,-1.301753,7.75437],"to":[8.599601,1.0727177,8.246787],"rotation":{"angle":-22.5,"axis":"y","origin":[8.000819,9.064619,8.0]},"faces":{"east":{"uv":[11.375,2.5,11.4375,2.6875],"rotation":0,"texture":"#0","tintindex":0},"south":{"uv":[2.625,11.375,2.6875,11.5625],"rotation":0,"texture":"#0","tintindex":0},"north":{"uv":[2.5,11.375,2.5625,11.5625],"rotation":0,"texture":"#0","tintindex":0},"west":{"uv":[11.375,2.75,11.4375,2.9375],"rotation":0,"texture":"#0","tintindex":0},"up":{"uv":[10.1875,11.4375,10.125,11.375],"rotation":0,"texture":"#0","tintindex":0},"down":{"uv":[11.4375,10.125,11.375,10.1875],"rotation":0,"texture":"#0","tintindex":0}}},{"from":[8.352319,-1.301753,7.750239],"to":[8.600833,1.0727177,8.249624],"rotation":{"angle":22.5,"axis":"y","origin":[8.000819,9.064619,8.0]},"faces":{"east":{"uv":[11.375,3.75,11.4375,3.9375],"rotation":0,"texture":"#0","tintindex":0},"south":{"uv":[11.375,4.0,11.4375,4.1875],"rotation":0,"texture":"#0","tintindex":0},"north":{"uv":[11.375,3.5,11.4375,3.6875],"rotation":0,"texture":"#0","tintindex":0},"west":{"uv":[11.375,4.25,11.4375,4.4375],"rotation":0,"texture":"#0","tintindex":0},"up":{"uv":[10.3125,11.4375,10.25,11.375],"rotation":0,"texture":"#0","tintindex":0},"down":{"uv":[11.4375,10.25,11.375,10.3125],"rotation":0,"texture":"#0","tintindex":0}}},{"from":[7.75519,-1.301753,8.350267],"to":[8.247606,1.0727177,8.598781],"rotation":{"angle":22.5,"axis":"y","origin":[8.000819,9.064619,8.0]},"faces":{"east":{"uv":[11.375,4.75,11.4375,4.9375],"rotation":0,"texture":"#0","tintindex":0},"south":{"uv":[5.0,11.375,5.0625,11.5625],"rotation":0,"texture":"#0","tintindex":0},"north":{"uv":[11.375,4.5,11.4375,4.6875],"rotation":0,"texture":"#0","tintindex":0},"west":{"uv":[11.375,5.0,11.4375,5.1875],"rotation":0,"texture":"#0","tintindex":0},"up":{"uv":[11.4375,10.4375,11.375,10.375],"rotation":0,"texture":"#0","tintindex":0},"down":{"uv":[11.4375,10.5,11.375,10.5625],"rotation":0,"texture":"#0","tintindex":0}}},{"from":[7.7510586,-1.301753,8.3515],"to":[8.250444,1.0727177,8.600013],"rotation":{"angle":-22.5,"axis":"y","origin":[8.000819,9.064619,8.0]},"faces":{"east":{"uv":[11.375,5.25,11.4375,5.4375],"rotation":0,"texture":"#0","tintindex":0},"south":{"uv":[11.375,5.5,11.4375,5.6875],"rotation":0,"texture":"#0","tintindex":0},"north":{"uv":[5.125,11.375,5.1875,11.5625],"rotation":0,"texture":"#0","tintindex":0},"west":{"uv":[5.75,11.375,5.8125,11.5625],"rotation":0,"texture":"#0","tintindex":0},"up":{"uv":[11.4375,10.6875,11.375,10.625],"rotation":0,"texture":"#0","tintindex":0},"down":{"uv":[11.4375,10.75,11.375,10.8125],"rotation":0,"texture":"#0","tintindex":0}}},{"from":[7.7510586,-1.301753,7.399987],"to":[8.250444,1.0727177,7.648501],"rotation":{"angle":22.5,"axis":"y","origin":[8.000819,9.064619,8.0]},"faces":{"east":{"uv":[6.625,11.375,6.6875,11.5625],"rotation":0,"texture":"#0","tintindex":0},"south":{"uv":[11.375,6.625,11.4375,6.8125],"rotation":0,"texture":"#0","tintindex":0},"north":{"uv":[11.375,5.75,11.4375,5.9375],"rotation":0,"texture":"#0","tintindex":0},"west":{"uv":[6.75,11.375,6.8125,11.5625],"rotation":0,"texture":"#0","tintindex":0},"up":{"uv":[11.4375,10.9375,11.375,10.875],"rotation":0,"texture":"#0","tintindex":0},"down":{"uv":[11.4375,11.0,11.375,11.0625],"rotation":0,"texture":"#0","tintindex":0}}},{"from":[7.75519,-1.301753,7.401219],"to":[8.247606,1.0727177,7.6497326],"rotation":{"angle":-22.5,"axis":"y","origin":[8.000819,9.064619,8.0]},"faces":{"east":{"uv":[7.125,11.375,7.1875,11.5625],"rotation":0,"texture":"#0","tintindex":0},"south":{"uv":[7.25,11.375,7.3125,11.5625],"rotation":0,"texture":"#0","tintindex":0},"north":{"uv":[7.0,11.375,7.0625,11.5625],"rotation":0,"texture":"#0","tintindex":0},"west":{"uv":[7.375,11.375,7.4375,11.5625],"rotation":0,"texture":"#0","tintindex":0},"up":{"uv":[11.4375,11.1875,11.375,11.125],"rotation":0,"texture":"#0","tintindex":0},"down":{"uv":[11.4375,11.25,11.375,11.3125],"rotation":0,"texture":"#0","tintindex":0}}},{"from":[7.5404496,-1.301753,7.5412397],"to":[8.457965,1.0727177,8.45876],"rotation":{"angle":0.0,"axis":"y","origin":[8.000819,9.064619,8.0]},"faces":{"east":{"uv":[7.625,11.375,7.6875,11.5625],"rotation":0,"texture":"#0","tintindex":0},"south":{"uv":[7.75,11.375,7.8125,11.5625],"rotation":0,"texture":"#0","tintindex":0},"north":{"uv":[11.375,7.5,11.4375,7.6875],"rotation":0,"texture":"#0","tintindex":0},"west":{"uv":[11.375,7.75,11.4375,7.9375],"rotation":0,"texture":"#0","tintindex":0},"up":{"uv":[11.4375,11.4375,11.375,11.375],"rotation":0,"texture":"#0","tintindex":0},"down":{"uv":[11.5625,0.0,11.5,0.0625],"rotation":0,"texture":"#0","tintindex":0}}}],"display":{"head":{"translation":[0.0,-6.4,0.0],"scale":[4.0,4.0,4.0]}}}