{"textures":{"0":"minecraft:modelengine/entity/block_type_drill_tier5"},"elements":[{"from":[4.371529,2.362598,4.371529],"to":[11.628471,9.61954,11.628471],"rotation":{"angle":45.0,"axis":"z","origin":[8.0,5.991069,8.0]},"faces":{"east":{"uv":[2.625,4.75,3.3125,5.4375],"rotation":0,"texture":"#0","tintindex":0},"south":{"uv":[3.375,4.75,4.0625,5.4375],"rotation":0,"texture":"#0","tintindex":0},"north":{"uv":[4.0625,4.75,3.375,5.4375],"rotation":0,"texture":"#0","tintindex":0},"west":{"uv":[0.0,5.0,0.6875,5.6875],"rotation":0,"texture":"#0","tintindex":0},"up":{"uv":[1.4375,5.6875,0.75,5.0],"rotation":0,"texture":"#0","tintindex":0},"down":{"uv":[2.1875,5.0,1.5,5.6875],"rotation":0,"texture":"#0","tintindex":0}}},{"from":[4.371529,7.0138254,4.714386],"to":[11.628471,10.168112,11.285614],"rotation":{"angle":0.0,"axis":"y","origin":[8.0,5.991069,8.0]},"faces":{"east":{"uv":[5.75,8.0,6.375,8.3125],"rotation":0,"texture":"#0","tintindex":0},"south":{"uv":[7.75,4.25,8.4375,4.5625],"rotation":0,"texture":"#0","tintindex":0},"north":{"uv":[7.75,1.5,8.4375,1.8125],"rotation":0,"texture":"#0","tintindex":0},"west":{"uv":[8.125,0.75,8.75,1.0625],"rotation":0,"texture":"#0","tintindex":0},"up":{"uv":[4.8125,6.0,4.125,5.375],"rotation":0,"texture":"#0","tintindex":0},"down":{"uv":[5.5625,5.375,4.875,6.0],"rotation":0,"texture":"#0","tintindex":0}}},{"from":[4.371529,0.7052536,4.714386],"to":[11.628471,4.81954,11.285614],"rotation":{"angle":0.0,"axis":"y","origin":[8.0,0.36821175,8.0]},"faces":{"east":{"uv":[7.625,4.625,8.25,5.0],"rotation":0,"texture":"#0","tintindex":0},"south":{"uv":[7.625,0.0,8.3125,0.375],"rotation":0,"texture":"#0","tintindex":0},"north":{"uv":[7.5,5.375,8.1875,5.75],"rotation":0,"texture":"#0","tintindex":0},"west":{"uv":[7.625,5.0,8.25,5.375],"rotation":0,"texture":"#0","tintindex":0},"up":{"uv":[2.9375,6.125,2.25,5.5],"rotation":0,"texture":"#0","tintindex":0},"down":{"uv":[3.6875,5.5,3.0,6.125],"rotation":0,"texture":"#0","tintindex":0}}},{"from":[4.714386,-4.0947466,5.0572433],"to":[11.285614,1.048111,10.942757],"rotation":{"angle":0.0,"axis":"y","origin":[8.0,0.36821175,8.0]},"faces":{"east":{"uv":[1.125,8.0,1.6875,8.375],"rotation":0,"texture":"#0","tintindex":0},"south":{"uv":[5.75,7.625,6.375,8.0],"rotation":0,"texture":"#0","tintindex":0},"north":{"uv":[5.125,7.625,5.75,8.0],"rotation":0,"texture":"#0","tintindex":0},"west":{"uv":[5.125,8.0,5.6875,8.375],"rotation":0,"texture":"#0","tintindex":0},"up":{"uv":[2.625,6.6875,2.0,6.125],"rotation":0,"texture":"#0","tintindex":0},"down":{"uv":[3.25,6.125,2.625,6.6875],"rotation":0,"texture":"#0","tintindex":0}}},{"from":[2.6572433,14.213826,4.714386],"to":[13.342756,15.996683,11.285614],"rotation":{"angle":0.0,"axis":"y","origin":[8.0,16.305256,8.0]},"faces":{"east":{"uv":[2.875,3.75,3.5,3.9375],"rotation":0,"texture":"#0","tintindex":0},"south":{"uv":[4.0,8.75,5.0,8.9375],"rotation":0,"texture":"#0","tintindex":0},"north":{"uv":[8.5,4.25,9.5,4.4375],"rotation":0,"texture":"#0","tintindex":0},"west":{"uv":[9.25,8.875,9.875,9.0625],"rotation":0,"texture":"#0","tintindex":0},"up":{"uv":[4.5,3.375,3.5,2.75],"rotation":0,"texture":"#0","tintindex":0},"down":{"uv":[4.5,3.375,3.5,4.0],"rotation":0,"texture":"#0","tintindex":0}}},{"from":[4.714386,10.168112,5.0572433],"to":[11.285614,15.653826,10.942757],"rotation":{"angle":0.0,"axis":"y","origin":[8.0,5.991069,8.0]},"faces":{"east":{"uv":[0.625,7.0,1.1875,7.5],"rotation":0,"texture":"#0","tintindex":0},"south":{"uv":[0.0,7.0,0.625,7.5],"rotation":0,"texture":"#0","tintindex":0},"north":{"uv":[6.875,1.0,7.5,1.5],"rotation":0,"texture":"#0","tintindex":0},"west":{"uv":[4.75,7.0,5.3125,7.5],"rotation":0,"texture":"#0","tintindex":0},"up":{"uv":[0.625,6.9375,0.0,6.375],"rotation":0,"texture":"#0","tintindex":0},"down":{"uv":[1.25,6.375,0.625,6.9375],"rotation":0,"texture":"#0","tintindex":0}}},{"from":[3.6172433,10.168112,5.091529],"to":[5.834185,16.476685,10.908471],"rotation":{"angle":22.5,"axis":"z","origin":[8.0,13.5966835,8.0]},"faces":{"east":{"uv":[5.375,7.0,5.875,7.5625],"rotation":0,"texture":"#0","tintindex":0},"south":{"uv":[0.5,9.625,0.6875,10.1875],"rotation":0,"texture":"#0","tintindex":0},"north":{"uv":[4.125,4.75,4.3125,5.3125],"rotation":0,"texture":"#0","tintindex":0},"west":{"uv":[5.875,7.0,6.375,7.5625],"rotation":0,"texture":"#0","tintindex":0},"up":{"uv":[9.9375,10.625,9.75,10.125],"rotation":0,"texture":"#0","tintindex":0},"down":{"uv":[10.1875,10.125,10.0,10.625],"rotation":0,"texture":"#0","tintindex":0}}},{"from":[10.165815,10.168112,5.091529],"to":[12.382757,16.476685,10.908471],"rotation":{"angle":-22.5,"axis":"z","origin":[8.0,13.5966835,8.0]},"faces":{"east":{"uv":[6.375,7.125,6.875,7.6875],"rotation":0,"texture":"#0","tintindex":0},"south":{"uv":[6.375,9.625,6.5625,10.1875],"rotation":0,"texture":"#0","tintindex":0},"north":{"uv":[5.625,9.625,5.8125,10.1875],"rotation":0,"texture":"#0","tintindex":0},"west":{"uv":[6.875,7.125,7.375,7.6875],"rotation":0,"texture":"#0","tintindex":0},"up":{"uv":[0.1875,10.75,0.0,10.25],"rotation":0,"texture":"#0","tintindex":0},"down":{"uv":[10.4375,0.0,10.25,0.5],"rotation":0,"texture":"#0","tintindex":0}}},{"from":[8.885613,3.5720882,5.5810194],"to":[13.523676,8.410049,10.418981],"rotation":{"angle":-45.0,"axis":"x","origin":[8.0,5.991069,8.0]},"faces":{"east":{"uv":[8.5,0.0,8.9375,0.4375],"rotation":0,"texture":"#0","tintindex":0},"south":{"uv":[8.5,1.5,8.9375,1.9375],"rotation":0,"texture":"#0","tintindex":0},"north":{"uv":[8.375,8.375,8.8125,8.8125],"rotation":0,"texture":"#0","tintindex":0},"west":{"uv":[1.625,8.5,2.0625,8.9375],"rotation":0,"texture":"#0","tintindex":0},"up":{"uv":[8.9375,2.4375,8.5,2.0],"rotation":0,"texture":"#0","tintindex":0},"down":{"uv":[0.4375,8.625,0.0,9.0625],"rotation":0,"texture":"#0","tintindex":0}}},{"from":[2.476324,3.5720882,5.5810194],"to":[7.114386,8.410049,10.418981],"rotation":{"angle":-45.0,"axis":"x","origin":[8.0,5.991069,8.0]},"faces":{"east":{"uv":[8.625,2.5,9.0625,2.9375],"rotation":0,"texture":"#0","tintindex":0},"south":{"uv":[8.75,0.5,9.1875,0.9375],"rotation":0,"texture":"#0","tintindex":0},"north":{"uv":[0.5,8.625,0.9375,9.0625],"rotation":0,"texture":"#0","tintindex":0},"west":{"uv":[8.75,1.0,9.1875,1.4375],"rotation":0,"texture":"#0","tintindex":0},"up":{"uv":[9.1875,3.4375,8.75,3.0],"rotation":0,"texture":"#0","tintindex":0},"down":{"uv":[3.9375,8.75,3.5,9.1875],"rotation":0,"texture":"#0","tintindex":0}}}],"display":{"head":{"translation":[0.0,-6.4,0.0],"scale":[4.0,4.0,4.0]}}}