{"textures":{"0":"minecraft:modelengine/entity/block_type_drill_tier5"},"elements":[{"from":[6.9772434,6.9772434,7.8628573],"to":[9.022757,9.022757,8.137143],"rotation":{"angle":45.0,"axis":"z","origin":[8.0,8.0,11.765614]},"faces":{"east":{"uv":[8.625,11.25,8.6875,11.4375],"rotation":0,"texture":"#0","tintindex":0},"south":{"uv":[10.875,9.25,11.0625,9.4375],"rotation":0,"texture":"#0","tintindex":0},"north":{"uv":[7.625,10.875,7.8125,11.0625],"rotation":0,"texture":"#0","tintindex":0},"west":{"uv":[8.75,11.25,8.8125,11.4375],"rotation":0,"texture":"#0","tintindex":0},"up":{"uv":[11.4375,8.8125,11.25,8.75],"rotation":0,"texture":"#0","tintindex":0},"down":{"uv":[9.0625,11.25,8.875,11.3125],"rotation":0,"texture":"#0","tintindex":0}}}],"display":{"head":{"translation":[0.0,-6.4,0.0],"scale":[4.0,4.0,4.0]}}}