{"textures":{"0":"minecraft:modelengine/entity/block_type_drill_tier5"},"elements":[{"from":[6.9772434,6.9772434,7.8628573],"to":[9.022757,9.022757,8.137143],"rotation":{"angle":45.0,"axis":"z","origin":[8.0,8.0,4.234386]},"faces":{"east":{"uv":[11.25,8.875,11.3125,9.0625],"rotation":0,"texture":"#0","tintindex":0},"south":{"uv":[10.875,10.75,11.0625,10.9375],"rotation":0,"texture":"#0","tintindex":0},"north":{"uv":[10.0,10.875,10.1875,11.0625],"rotation":0,"texture":"#0","tintindex":0},"west":{"uv":[9.125,11.25,9.1875,11.4375],"rotation":0,"texture":"#0","tintindex":0},"up":{"uv":[11.4375,9.1875,11.25,9.125],"rotation":0,"texture":"#0","tintindex":0},"down":{"uv":[9.4375,11.25,9.25,11.3125],"rotation":0,"texture":"#0","tintindex":0}}}],"display":{"head":{"translation":[0.0,-6.4,0.0],"scale":[4.0,4.0,4.0]}}}