{"textures":{"0":"minecraft:modelengine/entity/block_type_drill_tier5"},"elements":[{"from":[12.8,2.368918,-5.7160463],"to":[21.714287,5.660347,21.712526],"rotation":{"angle":0.0,"axis":"y","origin":[8.0,4.9746327,7.99824]},"faces":{"east":{"uv":[0.875,2.5,3.375,2.8125],"rotation":0,"texture":"#0","tintindex":0},"south":{"uv":[1.0,7.625,1.8125,7.9375],"rotation":0,"texture":"#0","tintindex":0},"north":{"uv":[7.625,0.375,8.4375,0.6875],"rotation":0,"texture":"#0","tintindex":0},"west":{"uv":[2.625,0.0,5.125,0.3125],"rotation":0,"texture":"#0","tintindex":0},"up":{"uv":[0.8125,2.5,0.0,0.0],"rotation":0,"texture":"#0","tintindex":0},"down":{"uv":[1.6875,0.0,0.875,2.5],"rotation":0,"texture":"#0","tintindex":0}}},{"from":[3.1999998,2.368918,-5.7160463],"to":[12.8,5.660347,3.883954],"rotation":{"angle":0.0,"axis":"y","origin":[8.0,4.9746327,7.99824]},"faces":{"east":{"uv":[6.0,1.5,6.875,1.8125],"rotation":0,"texture":"#0","tintindex":0},"south":{"uv":[6.75,2.375,7.625,2.6875],"rotation":0,"texture":"#0","tintindex":0},"north":{"uv":[5.875,2.375,6.75,2.6875],"rotation":0,"texture":"#0","tintindex":0},"west":{"uv":[6.875,1.5,7.75,1.8125],"rotation":0,"texture":"#0","tintindex":0},"up":{"uv":[3.5,2.0,2.625,1.125],"rotation":0,"texture":"#0","tintindex":0},"down":{"uv":[1.75,2.875,0.875,3.75],"rotation":0,"texture":"#0","tintindex":0}}},{"from":[3.1999998,2.368918,12.112526],"to":[12.8,5.660347,21.712526],"rotation":{"angle":0.0,"axis":"y","origin":[8.0,4.9746327,7.99824]},"faces":{"east":{"uv":[3.5,7.375,4.375,7.6875],"rotation":0,"texture":"#0","tintindex":0},"south":{"uv":[7.375,5.875,8.25,6.1875],"rotation":0,"texture":"#0","tintindex":0},"north":{"uv":[1.25,7.25,2.125,7.5625],"rotation":0,"texture":"#0","tintindex":0},"west":{"uv":[7.375,6.25,8.25,6.5625],"rotation":0,"texture":"#0","tintindex":0},"up":{"uv":[2.625,3.75,1.75,2.875],"rotation":0,"texture":"#0","tintindex":0},"down":{"uv":[3.5,2.875,2.625,3.75],"rotation":0,"texture":"#0","tintindex":0}}},{"from":[-5.714287,2.368918,-5.7160463],"to":[3.1999998,5.660347,21.712526],"rotation":{"angle":0.0,"axis":"y","origin":[8.0,4.9746327,7.99824]},"faces":{"east":{"uv":[2.625,0.375,5.125,0.6875],"rotation":0,"texture":"#0","tintindex":0},"south":{"uv":[7.625,2.25,8.4375,2.5625],"rotation":0,"texture":"#0","tintindex":0},"north":{"uv":[7.625,1.875,8.4375,2.1875],"rotation":0,"texture":"#0","tintindex":0},"west":{"uv":[2.625,0.75,5.125,1.0625],"rotation":0,"texture":"#0","tintindex":0},"up":{"uv":[2.5625,2.5,1.75,0.0],"rotation":0,"texture":"#0","tintindex":0},"down":{"uv":[0.8125,2.5,0.0,5.0],"rotation":0,"texture":"#0","tintindex":0}}},{"from":[15.131429,9.774632,5.59824],"to":[19.794285,13.888919,10.39824],"rotation":{"angle":0.0,"axis":"y","origin":[8.0,20.46926,7.99824]},"faces":{"east":{"uv":[6.375,8.75,6.8125,9.125],"rotation":0,"texture":"#0","tintindex":0},"south":{"uv":[8.75,6.625,9.1875,7.0],"rotation":0,"texture":"#0","tintindex":0},"north":{"uv":[8.75,6.25,9.1875,6.625],"rotation":0,"texture":"#0","tintindex":0},"west":{"uv":[6.875,8.75,7.3125,9.125],"rotation":0,"texture":"#0","tintindex":0},"up":{"uv":[8.6875,3.6875,8.25,3.25],"rotation":0,"texture":"#0","tintindex":0},"down":{"uv":[3.9375,8.25,3.5,8.6875],"rotation":0,"texture":"#0","tintindex":0}}},{"from":[15.268572,8.266062,5.59824],"to":[19.657143,11.420347,6.8325257],"rotation":{"angle":22.5,"axis":"x","origin":[17.6,11.831776,7.99824]},"faces":{"east":{"uv":[3.625,6.125,3.75,6.4375],"rotation":0,"texture":"#0","tintindex":0},"south":{"uv":[9.25,6.625,9.625,6.9375],"rotation":0,"texture":"#0","tintindex":0},"north":{"uv":[5.625,9.25,6.0,9.5625],"rotation":0,"texture":"#0","tintindex":0},"west":{"uv":[6.25,6.5,6.375,6.8125],"rotation":0,"texture":"#0","tintindex":0},"up":{"uv":[6.0,1.125,5.625,1.0],"rotation":0,"texture":"#0","tintindex":0},"down":{"uv":[9.75,0.375,9.375,0.5],"rotation":0,"texture":"#0","tintindex":0}}},{"from":[15.268572,8.266062,9.163955],"to":[19.657143,11.420347,10.39824],"rotation":{"angle":-22.5,"axis":"x","origin":[17.6,11.831776,7.99824]},"faces":{"east":{"uv":[3.5,7.0,3.625,7.3125],"rotation":0,"texture":"#0","tintindex":0},"south":{"uv":[9.25,7.375,9.625,7.6875],"rotation":0,"texture":"#0","tintindex":0},"north":{"uv":[9.25,7.0,9.625,7.3125],"rotation":0,"texture":"#0","tintindex":0},"west":{"uv":[4.25,7.75,4.375,8.0625],"rotation":0,"texture":"#0","tintindex":0},"up":{"uv":[10.125,4.25,9.75,4.125],"rotation":0,"texture":"#0","tintindex":0},"down":{"uv":[10.125,6.125,9.75,6.25],"rotation":0,"texture":"#0","tintindex":0}}},{"from":[-3.7942858,9.774632,5.59824],"to":[0.8685713,13.888919,10.39824],"rotation":{"angle":0.0,"axis":"y","origin":[8.0,20.46926,7.99824]},"faces":{"east":{"uv":[7.375,8.75,7.8125,9.125],"rotation":0,"texture":"#0","tintindex":0},"south":{"uv":[8.75,7.375,9.1875,7.75],"rotation":0,"texture":"#0","tintindex":0},"north":{"uv":[8.75,7.0,9.1875,7.375],"rotation":0,"texture":"#0","tintindex":0},"west":{"uv":[8.75,7.75,9.1875,8.125],"rotation":0,"texture":"#0","tintindex":0},"up":{"uv":[8.6875,4.1875,8.25,3.75],"rotation":0,"texture":"#0","tintindex":0},"down":{"uv":[4.4375,8.25,4.0,8.6875],"rotation":0,"texture":"#0","tintindex":0}}},{"from":[-3.6571436,8.266062,9.163955],"to":[0.73142815,11.420347,10.39824],"rotation":{"angle":-22.5,"axis":"x","origin":[-1.6000004,11.831776,7.99824]},"faces":{"east":{"uv":[8.375,0.0,8.5,0.3125],"rotation":0,"texture":"#0","tintindex":0},"south":{"uv":[7.875,9.25,8.25,9.5625],"rotation":0,"texture":"#0","tintindex":0},"north":{"uv":[9.25,7.75,9.625,8.0625],"rotation":0,"texture":"#0","tintindex":0},"west":{"uv":[3.375,9.375,3.5,9.6875],"rotation":0,"texture":"#0","tintindex":0},"up":{"uv":[10.625,4.125,10.25,4.0],"rotation":0,"texture":"#0","tintindex":0},"down":{"uv":[6.625,10.75,6.25,10.875],"rotation":0,"texture":"#0","tintindex":0}}},{"from":[-3.6571436,8.266062,5.59824],"to":[0.73142815,11.420347,6.8325257],"rotation":{"angle":22.5,"axis":"x","origin":[-1.6000004,11.831776,7.99824]},"faces":{"east":{"uv":[6.25,9.75,6.375,10.0625],"rotation":0,"texture":"#0","tintindex":0},"south":{"uv":[9.25,8.5,9.625,8.8125],"rotation":0,"texture":"#0","tintindex":0},"north":{"uv":[9.25,8.125,9.625,8.4375],"rotation":0,"texture":"#0","tintindex":0},"west":{"uv":[0.375,9.875,0.5,10.1875],"rotation":0,"texture":"#0","tintindex":0},"up":{"uv":[11.125,8.0,10.75,7.875],"rotation":0,"texture":"#0","tintindex":0},"down":{"uv":[11.125,8.0,10.75,8.125],"rotation":0,"texture":"#0","tintindex":0}}},{"from":[14.788572,4.1517754,3.1982398],"to":[19.245716,10.323204,12.798241],"rotation":{"angle":0.0,"axis":"y","origin":[6.902857,20.46926,7.99824]},"faces":{"east":{"uv":[0.875,4.375,1.75,4.9375],"rotation":0,"texture":"#0","tintindex":0},"south":{"uv":[7.875,2.625,8.25,3.1875],"rotation":0,"texture":"#0","tintindex":0},"north":{"uv":[7.75,7.625,8.125,8.1875],"rotation":0,"texture":"#0","tintindex":0},"west":{"uv":[1.75,4.375,2.625,4.9375],"rotation":0,"texture":"#0","tintindex":0},"up":{"uv":[3.625,7.0,3.25,6.125],"rotation":0,"texture":"#0","tintindex":0},"down":{"uv":[1.625,6.375,1.25,7.25],"rotation":0,"texture":"#0","tintindex":0}}},{"from":[0.7447767,4.596681,3.2325258],"to":[2.5619197,9.705253,12.763955],"rotation":{"angle":22.5,"axis":"z","origin":[0.33334875,6.6195383,7.99824]},"faces":{"east":{"uv":[6.0,1.0,6.875,1.4375],"rotation":0,"texture":"#0","tintindex":0},"south":{"uv":[0.5,10.25,0.6875,10.6875],"rotation":0,"texture":"#0","tintindex":0},"north":{"uv":[0.25,10.25,0.4375,10.6875],"rotation":0,"texture":"#0","tintindex":0},"west":{"uv":[3.75,6.0,4.625,6.4375],"rotation":0,"texture":"#0","tintindex":0},"up":{"uv":[2.3125,9.375,2.125,8.5],"rotation":0,"texture":"#0","tintindex":0},"down":{"uv":[1.1875,8.875,1.0,9.75],"rotation":0,"texture":"#0","tintindex":0}}},{"from":[13.43808,4.596681,3.2325258],"to":[15.255223,9.705253,12.763955],"rotation":{"angle":-22.5,"axis":"z","origin":[15.666651,6.6195383,7.99824]},"faces":{"east":{"uv":[4.625,6.0,5.5,6.4375],"rotation":0,"texture":"#0","tintindex":0},"south":{"uv":[10.25,1.5,10.4375,1.9375],"rotation":0,"texture":"#0","tintindex":0},"north":{"uv":[1.5,10.25,1.6875,10.6875],"rotation":0,"texture":"#0","tintindex":0},"west":{"uv":[5.5,6.0,6.375,6.4375],"rotation":0,"texture":"#0","tintindex":0},"up":{"uv":[1.4375,9.75,1.25,8.875],"rotation":0,"texture":"#0","tintindex":0},"down":{"uv":[2.5625,8.875,2.375,9.75],"rotation":0,"texture":"#0","tintindex":0}}},{"from":[19.097097,5.660347,3.8825078],"to":[21.291382,10.2889185,9.093937],"rotation":{"angle":22.5,"axis":"y","origin":[18.548527,7.2374897,8.682508]},"faces":{"east":{"uv":[3.25,7.75,3.75,8.1875],"rotation":0,"texture":"#0","tintindex":0},"south":{"uv":[10.25,2.5,10.4375,2.9375],"rotation":0,"texture":"#0","tintindex":0},"north":{"uv":[10.25,2.0,10.4375,2.4375],"rotation":0,"texture":"#0","tintindex":0},"west":{"uv":[7.75,3.25,8.25,3.6875],"rotation":0,"texture":"#0","tintindex":0},"up":{"uv":[2.0625,8.125,1.875,7.625],"rotation":0,"texture":"#0","tintindex":0},"down":{"uv":[10.3125,5.75,10.125,6.25],"rotation":0,"texture":"#0","tintindex":0}}},{"from":[19.097097,5.660347,6.9368296],"to":[21.291382,10.254633,12.113973],"rotation":{"angle":-22.5,"axis":"y","origin":[18.548527,7.2374897,7.3139725]},"faces":{"east":{"uv":[3.75,7.75,4.25,8.1875],"rotation":0,"texture":"#0","tintindex":0},"south":{"uv":[10.25,4.375,10.4375,4.8125],"rotation":0,"texture":"#0","tintindex":0},"north":{"uv":[10.25,3.5,10.4375,3.9375],"rotation":0,"texture":"#0","tintindex":0},"west":{"uv":[7.75,3.75,8.25,4.1875],"rotation":0,"texture":"#0","tintindex":0},"up":{"uv":[6.0625,10.625,5.875,10.125],"rotation":0,"texture":"#0","tintindex":0},"down":{"uv":[6.3125,10.125,6.125,10.625],"rotation":0,"texture":"#0","tintindex":0}}},{"from":[-3.2457151,4.1517754,3.1982398],"to":[1.2114282,10.323204,12.798241],"rotation":{"angle":0.0,"axis":"y","origin":[9.097143,20.46926,7.99824]},"faces":{"east":{"uv":[4.375,4.0,5.25,4.5625],"rotation":0,"texture":"#0","tintindex":0},"south":{"uv":[0.75,8.0,1.125,8.5625],"rotation":0,"texture":"#0","tintindex":0},"north":{"uv":[0.375,8.0,0.75,8.5625],"rotation":0,"texture":"#0","tintindex":0},"west":{"uv":[4.5,2.75,5.375,3.3125],"rotation":0,"texture":"#0","tintindex":0},"up":{"uv":[2.0,7.25,1.625,6.375],"rotation":0,"texture":"#0","tintindex":0},"down":{"uv":[6.75,5.375,6.375,6.25],"rotation":0,"texture":"#0","tintindex":0}}},{"from":[-5.291383,5.660347,3.8825078],"to":[-3.0970974,10.2889185,9.093937],"rotation":{"angle":-22.5,"axis":"y","origin":[-2.5485258,7.2374897,8.682508]},"faces":{"east":{"uv":[6.375,7.75,6.875,8.1875],"rotation":0,"texture":"#0","tintindex":0},"south":{"uv":[5.625,10.25,5.8125,10.6875],"rotation":0,"texture":"#0","tintindex":0},"north":{"uv":[10.25,4.875,10.4375,5.3125],"rotation":0,"texture":"#0","tintindex":0},"west":{"uv":[7.75,6.625,8.25,7.0625],"rotation":0,"texture":"#0","tintindex":0},"up":{"uv":[6.8125,10.625,6.625,10.125],"rotation":0,"texture":"#0","tintindex":0},"down":{"uv":[10.3125,6.625,10.125,7.125],"rotation":0,"texture":"#0","tintindex":0}}},{"from":[-5.291383,5.660347,6.9368296],"to":[-3.0970974,10.254633,12.113973],"rotation":{"angle":22.5,"axis":"y","origin":[-2.5485258,7.2374897,7.3139725]},"faces":{"east":{"uv":[6.875,7.75,7.375,8.1875],"rotation":0,"texture":"#0","tintindex":0},"south":{"uv":[6.875,10.25,7.0625,10.6875],"rotation":0,"texture":"#0","tintindex":0},"north":{"uv":[6.375,10.25,6.5625,10.6875],"rotation":0,"texture":"#0","tintindex":0},"west":{"uv":[7.75,7.125,8.25,7.5625],"rotation":0,"texture":"#0","tintindex":0},"up":{"uv":[10.3125,7.625,10.125,7.125],"rotation":0,"texture":"#0","tintindex":0},"down":{"uv":[10.3125,7.625,10.125,8.125],"rotation":0,"texture":"#0","tintindex":0}}}],"display":{"head":{"translation":[0.0,-6.4,0.0],"scale":[4.0,4.0,4.0]}}}