{"textures":{"0":"minecraft:modelengine/entity/block_type_drill_tier5"},"elements":[{"from":[4.371529,5.6,4.714386],"to":[11.628471,10.4,11.285614],"rotation":{"angle":0.0,"axis":"y","origin":[8.0,5.948672,8.0]},"faces":{"east":{"uv":[0.375,7.5,1.0,7.9375],"rotation":0,"texture":"#0","tintindex":0},"south":{"uv":[7.0,3.25,7.6875,3.6875],"rotation":0,"texture":"#0","tintindex":0},"north":{"uv":[2.75,7.0,3.4375,7.4375],"rotation":0,"texture":"#0","tintindex":0},"west":{"uv":[7.5,1.0,8.125,1.4375],"rotation":0,"texture":"#0","tintindex":0},"up":{"uv":[6.3125,6.0,5.625,5.375],"rotation":0,"texture":"#0","tintindex":0},"down":{"uv":[0.6875,5.75,0.0,6.375],"rotation":0,"texture":"#0","tintindex":0}}},{"from":[7.114386,6.9714284,3.3429575],"to":[8.885613,9.028571,4.714386],"rotation":{"angle":0.0,"axis":"y","origin":[8.0,5.948672,8.0]},"faces":{"east":{"uv":[11.125,8.75,11.25,8.9375],"rotation":0,"texture":"#0","tintindex":0},"south":{"uv":[11.0,0.25,11.1875,0.4375],"rotation":0,"texture":"#0","tintindex":0},"north":{"uv":[11.0,0.0,11.1875,0.1875],"rotation":0,"texture":"#0","tintindex":0},"west":{"uv":[11.125,9.25,11.25,9.4375],"rotation":0,"texture":"#0","tintindex":0},"up":{"uv":[11.1875,9.125,11.0,9.0],"rotation":0,"texture":"#0","tintindex":0},"down":{"uv":[11.3125,6.125,11.125,6.25],"rotation":0,"texture":"#0","tintindex":0}}},{"from":[7.114386,6.9714284,11.285614],"to":[8.885613,9.028571,12.6570425],"rotation":{"angle":0.0,"axis":"y","origin":[8.0,5.948672,8.0]},"faces":{"east":{"uv":[11.125,9.5,11.25,9.6875],"rotation":0,"texture":"#0","tintindex":0},"south":{"uv":[11.0,1.75,11.1875,1.9375],"rotation":0,"texture":"#0","tintindex":0},"north":{"uv":[11.0,1.5,11.1875,1.6875],"rotation":0,"texture":"#0","tintindex":0},"west":{"uv":[9.625,11.125,9.75,11.3125],"rotation":0,"texture":"#0","tintindex":0},"up":{"uv":[11.3125,9.875,11.125,9.75],"rotation":0,"texture":"#0","tintindex":0},"down":{"uv":[11.3125,9.875,11.125,10.0],"rotation":0,"texture":"#0","tintindex":0}}},{"from":[11.285614,6.9714284,7.114386],"to":[12.6570425,9.028571,8.885613],"rotation":{"angle":0.0,"axis":"y","origin":[8.0,8.0,8.0]},"faces":{"east":{"uv":[11.0,2.0,11.1875,2.1875],"rotation":0,"texture":"#0","tintindex":0},"south":{"uv":[11.125,10.0,11.25,10.1875],"rotation":0,"texture":"#0","tintindex":0},"north":{"uv":[10.0,11.125,10.125,11.3125],"rotation":0,"texture":"#0","tintindex":0},"west":{"uv":[11.0,2.25,11.1875,2.4375],"rotation":0,"texture":"#0","tintindex":0},"up":{"uv":[10.25,11.3125,10.125,11.125],"rotation":0,"texture":"#0","tintindex":0},"down":{"uv":[10.375,11.125,10.25,11.3125],"rotation":0,"texture":"#0","tintindex":0}}},{"from":[3.3429575,6.9714284,7.114386],"to":[4.714386,9.028571,8.885613],"rotation":{"angle":0.0,"axis":"y","origin":[8.0,8.0,8.0]},"faces":{"east":{"uv":[3.0,11.0,3.1875,11.1875],"rotation":0,"texture":"#0","tintindex":0},"south":{"uv":[11.125,10.5,11.25,10.6875],"rotation":0,"texture":"#0","tintindex":0},"north":{"uv":[11.125,10.25,11.25,10.4375],"rotation":0,"texture":"#0","tintindex":0},"west":{"uv":[3.25,11.0,3.4375,11.1875],"rotation":0,"texture":"#0","tintindex":0},"up":{"uv":[11.25,10.9375,11.125,10.75],"rotation":0,"texture":"#0","tintindex":0},"down":{"uv":[11.25,11.0,11.125,11.1875],"rotation":0,"texture":"#0","tintindex":0}}}],"display":{"head":{"translation":[0.0,-6.4,0.0],"scale":[4.0,4.0,4.0]}}}