{"textures":{"1":"minecraft:modelengine/entity/slot"},"elements":[{"from":[7.428571,7.428571,7.428571],"to":[8.571428,8.571428,14.857143],"rotation":{"angle":0.0,"axis":"y","origin":[8.0,7.428571,8.0]},"faces":{"east":{"uv":[4.375,7.25,6.0,7.5],"rotation":0,"texture":"#1","tintindex":0},"south":{"uv":[1.5,5.375,1.75,5.625],"rotation":0,"texture":"#1","tintindex":0},"north":{"uv":[4.75,4.0,5.0,4.25],"rotation":0,"texture":"#1","tintindex":0},"west":{"uv":[7.25,5.25,8.875,5.5],"rotation":0,"texture":"#1","tintindex":0},"up":{"uv":[1.25,8.625,1.0,7.0],"rotation":0,"texture":"#1","tintindex":0},"down":{"uv":[1.5,7.0,1.25,8.625],"rotation":0,"texture":"#1","tintindex":0}}},{"from":[6.857143,6.857143,13.714286],"to":[9.142858,9.142858,16.57143],"rotation":{"angle":0.0,"axis":"y","origin":[8.0,7.428571,8.0]},"faces":{"east":{"uv":[3.125,6.25,3.75,6.75],"rotation":0,"texture":"#1","tintindex":0},"south":{"uv":[3.125,7.5,3.625,8.0],"rotation":0,"texture":"#1","tintindex":0},"north":{"uv":[4.375,6.75,4.875,7.25],"rotation":0,"texture":"#1","tintindex":0},"west":{"uv":[7.375,2.0,8.0,2.5],"rotation":0,"texture":"#1","tintindex":0},"up":{"uv":[7.875,3.125,7.375,2.5],"rotation":0,"texture":"#1","tintindex":0},"down":{"uv":[7.875,6.375,7.375,7.0],"rotation":0,"texture":"#1","tintindex":0}}}],"display":{"head":{"translation":[0.0,-6.4,0.0],"scale":[4.0,4.0,4.0]}}}