{"textures":{"2":"minecraft:modelengine/entity/sloth"},"elements":[{"from":[7.4544916,7.0913143,7.481674],"to":[11.805178,8.831589,8.65052],"rotation":{"angle":0.0,"axis":"y","origin":[-3.817789,7.0913143,13.095652]},"faces":{"east":{"uv":[10.75,2.0,10.25,2.75],"rotation":0,"texture":"#2","tintindex":0},"south":{"uv":[8.75,4.25,6.75,5.0],"rotation":0,"texture":"#2","tintindex":0},"north":{"uv":[8.25,6.5,6.25,7.25],"rotation":0,"texture":"#2","tintindex":0},"west":{"uv":[4.25,10.0,3.75,10.75],"rotation":0,"texture":"#2","tintindex":0},"up":{"uv":[8.25,6.75,10.25,6.25],"rotation":0,"texture":"#2","tintindex":0},"down":{"uv":[8.25,6.75,10.25,7.25],"rotation":0,"texture":"#2","tintindex":0}}},{"from":[14.11688,6.8614454,7.0466056],"to":[16.428583,6.8614454,7.457],"rotation":{"angle":-22.5,"axis":"z","origin":[15.84416,6.8614454,8.066097]},"faces":{"east":{"uv":[0.25,0.0,0.0,0.0],"rotation":0,"texture":"#2","tintindex":0},"south":{"uv":[1.0,0.0,0.0,0.0],"rotation":0,"texture":"#2","tintindex":0},"north":{"uv":[1.0,0.0,0.0,0.0],"rotation":0,"texture":"#2","tintindex":0},"west":{"uv":[0.25,0.0,0.0,0.0],"rotation":0,"texture":"#2","tintindex":0},"up":{"uv":[4.25,8.25,5.25,8.0],"rotation":0,"texture":"#2","tintindex":0},"down":{"uv":[9.75,9.5,10.75,9.75],"rotation":0,"texture":"#2","tintindex":0}}},{"from":[14.11688,6.8614454,8.675195],"to":[16.428583,6.8614454,9.085588],"rotation":{"angle":-22.5,"axis":"z","origin":[15.84416,6.8614454,8.066097]},"faces":{"east":{"uv":[0.25,0.0,0.0,0.0],"rotation":0,"texture":"#2","tintindex":0},"south":{"uv":[1.0,0.0,0.0,0.0],"rotation":0,"texture":"#2","tintindex":0},"north":{"uv":[1.0,0.0,0.0,0.0],"rotation":0,"texture":"#2","tintindex":0},"west":{"uv":[0.25,0.0,0.0,0.0],"rotation":0,"texture":"#2","tintindex":0},"up":{"uv":[10.25,4.25,11.25,4.0],"rotation":0,"texture":"#2","tintindex":0},"down":{"uv":[10.25,4.25,11.25,4.5],"rotation":0,"texture":"#2","tintindex":0}}},{"from":[12.077898,6.7185884,7.0466056],"to":[14.688309,7.7315826,9.085588],"rotation":{"angle":0.0,"axis":"y","origin":[13.550355,7.9661655,8.118508]},"faces":{"east":{"uv":[8.5,9.75,7.5,10.25],"rotation":0,"texture":"#2","tintindex":0},"south":{"uv":[10.75,0.5,9.5,1.0],"rotation":0,"texture":"#2","tintindex":0},"north":{"uv":[10.75,0.0,9.5,0.5],"rotation":0,"texture":"#2","tintindex":0},"west":{"uv":[10.75,4.5,9.75,5.0],"rotation":0,"texture":"#2","tintindex":0},"up":{"uv":[7.0,8.25,8.25,7.25],"rotation":0,"texture":"#2","tintindex":0},"down":{"uv":[7.5,0.0,8.75,1.0],"rotation":0,"texture":"#2","tintindex":0}}},{"from":[7.1175656,17.417578,7.264143],"to":[9.429269,18.859142,8.868057],"rotation":{"angle":-45.0,"axis":"z","origin":[-2.0775146,8.53288,13.381366]},"faces":{"east":{"uv":[6.75,9.5,6.0,10.25],"rotation":0,"texture":"#2","tintindex":0},"south":{"uv":[6.75,8.75,5.75,9.5],"rotation":0,"texture":"#2","tintindex":0},"north":{"uv":[9.75,4.5,8.75,5.25],"rotation":0,"texture":"#2","tintindex":0},"west":{"uv":[6.0,9.5,5.25,10.25],"rotation":0,"texture":"#2","tintindex":0},"up":{"uv":[6.75,9.5,7.75,8.75],"rotation":0,"texture":"#2","tintindex":0},"down":{"uv":[7.75,9.0,8.75,9.75],"rotation":0,"texture":"#2","tintindex":0}}},{"from":[14.11688,6.8614454,7.860897],"to":[16.428583,6.8614454,8.271297],"rotation":{"angle":-22.5,"axis":"z","origin":[15.84416,6.8614454,8.066097]},"faces":{"east":{"uv":[0.25,0.0,0.0,0.0],"rotation":0,"texture":"#2","tintindex":0},"south":{"uv":[1.0,0.0,0.0,0.0],"rotation":0,"texture":"#2","tintindex":0},"north":{"uv":[1.0,0.0,0.0,0.0],"rotation":0,"texture":"#2","tintindex":0},"west":{"uv":[0.25,0.0,0.0,0.0],"rotation":0,"texture":"#2","tintindex":0},"up":{"uv":[8.0,10.5,9.0,10.25],"rotation":0,"texture":"#2","tintindex":0},"down":{"uv":[10.25,8.5,11.25,8.75],"rotation":0,"texture":"#2","tintindex":0}}}],"display":{"head":{"translation":[0.0,-6.4,0.0],"scale":[4.0,4.0,4.0]}}}