{"textures":{"2":"minecraft:modelengine/entity/sloth"},"elements":[{"from":[6.5454397,4.5655885,5.0736513],"to":[9.45456,7.176,7.956783],"rotation":{"angle":0.0,"axis":"y","origin":[8.285714,5.699748,5.5427427]},"faces":{"east":{"uv":[4.25,4.5,5.5,5.75],"rotation":0,"texture":"#2","tintindex":0},"south":{"uv":[5.5,4.5,6.75,5.75],"rotation":0,"texture":"#2","tintindex":0},"north":{"uv":[3.0,4.5,4.25,5.75],"rotation":0,"texture":"#2","tintindex":0},"west":{"uv":[0.0,5.75,1.25,7.0],"rotation":0,"texture":"#2","tintindex":0},"up":{"uv":[2.5,7.0,1.25,5.75],"rotation":0,"texture":"#2","tintindex":0},"down":{"uv":[3.75,5.75,2.5,7.0],"rotation":0,"texture":"#2","tintindex":0}}},{"from":[6.6882973,6.4227314,6.2165084],"to":[9.311703,9.033143,7.5282116],"rotation":{"angle":45.0,"axis":"x","origin":[8.0,8.156508,6.515217]},"faces":{"east":{"uv":[4.25,9.25,4.75,10.5],"rotation":0,"texture":"#2","tintindex":0},"south":{"uv":[5.0,5.75,6.25,7.0],"rotation":0,"texture":"#2","tintindex":0},"north":{"uv":[3.75,5.75,5.0,7.0],"rotation":0,"texture":"#2","tintindex":0},"west":{"uv":[4.75,9.25,5.25,10.5],"rotation":0,"texture":"#2","tintindex":0},"up":{"uv":[10.0,5.75,8.75,5.25],"rotation":0,"texture":"#2","tintindex":0},"down":{"uv":[1.25,9.5,0.0,10.0],"rotation":0,"texture":"#2","tintindex":0}}},{"from":[6.6882973,6.9941597,6.9307942],"to":[9.311703,9.033143,8.671068],"rotation":{"angle":0.0,"axis":"y","origin":[8.0,8.156508,6.515217]},"faces":{"east":{"uv":[8.75,0.0,9.5,1.0],"rotation":0,"texture":"#2","tintindex":0},"south":{"uv":[5.75,7.25,7.0,8.25],"rotation":0,"texture":"#2","tintindex":0},"north":{"uv":[4.5,7.0,5.75,8.0],"rotation":0,"texture":"#2","tintindex":0},"west":{"uv":[8.75,1.0,9.5,2.0],"rotation":0,"texture":"#2","tintindex":0},"up":{"uv":[9.5,9.0,8.25,8.25],"rotation":0,"texture":"#2","tintindex":0},"down":{"uv":[1.25,8.75,0.0,9.5],"rotation":0,"texture":"#2","tintindex":0}}},{"from":[7.27272,3.9736166,6.2918115],"to":[8.72728,4.5710344,7.8892283],"rotation":{"angle":0.0,"axis":"y","origin":[8.0,4.700897,6.876234]},"faces":{"east":{"uv":[1.25,7.75,2.0,8.0],"rotation":0,"texture":"#2","tintindex":0},"south":{"uv":[8.0,4.0,8.75,4.25],"rotation":0,"texture":"#2","tintindex":0},"north":{"uv":[6.0,4.25,6.75,4.5],"rotation":0,"texture":"#2","tintindex":0},"west":{"uv":[1.0,10.5,1.75,10.75],"rotation":0,"texture":"#2","tintindex":0},"up":{"uv":[10.25,2.75,9.5,2.0],"rotation":0,"texture":"#2","tintindex":0},"down":{"uv":[10.25,2.75,9.5,3.5],"rotation":0,"texture":"#2","tintindex":0}}},{"from":[9.0,4.5142856,6.285714],"to":[9.285714,4.6571426,6.428571],"rotation":{"angle":0.0,"axis":"y","origin":[8.0,8.0,8.0]},"faces":{"east":{"uv":[6.25,10.5,6.3125,10.5625],"rotation":0,"texture":"#2","tintindex":0},"south":{"uv":[6.25,10.5,6.3125,10.5625],"rotation":0,"texture":"#2","tintindex":0},"north":{"uv":[6.25,10.5,6.3125,10.5625],"rotation":0,"texture":"#2","tintindex":0},"west":{"uv":[6.25,10.5,6.3125,10.5625],"rotation":0,"texture":"#2","tintindex":0},"up":{"uv":[6.25,10.5,6.3125,10.5625],"rotation":0,"texture":"#2","tintindex":0},"down":{"uv":[6.25,10.5,6.3125,10.5625],"rotation":0,"texture":"#2","tintindex":0}}},{"from":[6.714286,4.5142856,6.285714],"to":[7.0,4.6571426,6.428571],"rotation":{"angle":0.0,"axis":"y","origin":[8.0,8.0,8.0]},"faces":{"east":{"uv":[6.25,10.5,6.3125,10.5625],"rotation":0,"texture":"#2","tintindex":0},"south":{"uv":[6.25,10.5,6.3125,10.5625],"rotation":0,"texture":"#2","tintindex":0},"north":{"uv":[6.25,10.5,6.3125,10.5625],"rotation":0,"texture":"#2","tintindex":0},"west":{"uv":[6.25,10.5,6.3125,10.5625],"rotation":0,"texture":"#2","tintindex":0},"up":{"uv":[6.25,10.5,6.3125,10.5625],"rotation":0,"texture":"#2","tintindex":0},"down":{"uv":[6.25,10.5,6.3125,10.5625],"rotation":0,"texture":"#2","tintindex":0}}}],"display":{"head":{"translation":[0.0,-6.4,0.0],"scale":[4.0,4.0,4.0]}}}