{"textures":{"2":"minecraft:modelengine/entity/sloth"},"elements":[{"from":[2.6609826,7.460766,7.03064],"to":[8.583097,8.629611,8.770914],"rotation":{"angle":0.0,"axis":"y","origin":[15.863503,7.460766,-1.392623]},"faces":{"east":{"uv":[9.5,9.75,10.25,10.25],"rotation":0,"texture":"#2","tintindex":0},"south":{"uv":[4.25,8.25,6.25,8.75],"rotation":0,"texture":"#2","tintindex":0},"north":{"uv":[8.0,3.5,10.0,4.0],"rotation":0,"texture":"#2","tintindex":0},"west":{"uv":[0.0,10.0,0.75,10.5],"rotation":0,"texture":"#2","tintindex":0},"up":{"uv":[8.0,2.75,6.0,2.0],"rotation":0,"texture":"#2","tintindex":0},"down":{"uv":[8.0,2.75,6.0,3.5],"rotation":0,"texture":"#2","tintindex":0}}},{"from":[1.2802172,3.7944627,7.167],"to":[1.2802172,6.0801773,7.5773945],"rotation":{"angle":-22.5,"axis":"z","origin":[1.8646398,5.005497,7.515057]},"faces":{"east":{"uv":[10.25,5.5,10.5,6.5],"rotation":0,"texture":"#2","tintindex":0},"south":{"uv":[0.0,0.0,0.0,1.0],"rotation":0,"texture":"#2","tintindex":0},"north":{"uv":[0.0,0.0,0.0,1.0],"rotation":0,"texture":"#2","tintindex":0},"west":{"uv":[5.75,10.25,6.0,11.25],"rotation":0,"texture":"#2","tintindex":0},"up":{"uv":[0.0,0.25,0.0,0.0],"rotation":0,"texture":"#2","tintindex":0},"down":{"uv":[0.0,0.0,0.0,0.25],"rotation":0,"texture":"#2","tintindex":0}}},{"from":[1.2802172,3.7944627,7.7384286],"to":[1.2802172,6.0801773,8.148823],"rotation":{"angle":-22.5,"axis":"z","origin":[1.8646398,5.005497,7.515057]},"faces":{"east":{"uv":[6.0,10.25,6.25,11.25],"rotation":0,"texture":"#2","tintindex":0},"south":{"uv":[0.0,0.0,0.0,1.0],"rotation":0,"texture":"#2","tintindex":0},"north":{"uv":[0.0,0.0,0.0,1.0],"rotation":0,"texture":"#2","tintindex":0},"west":{"uv":[6.25,10.25,6.5,11.25],"rotation":0,"texture":"#2","tintindex":0},"up":{"uv":[0.0,0.25,0.0,0.0],"rotation":0,"texture":"#2","tintindex":0},"down":{"uv":[0.0,0.0,0.0,0.25],"rotation":0,"texture":"#2","tintindex":0}}},{"from":[1.2802172,3.7944627,8.309857],"to":[1.2802172,6.0801773,8.720251],"rotation":{"angle":-22.5,"axis":"z","origin":[1.8646398,5.005497,7.515057]},"faces":{"east":{"uv":[6.5,10.25,6.75,11.25],"rotation":0,"texture":"#2","tintindex":0},"south":{"uv":[0.0,0.0,0.0,1.0],"rotation":0,"texture":"#2","tintindex":0},"north":{"uv":[0.0,0.0,0.0,1.0],"rotation":0,"texture":"#2","tintindex":0},"west":{"uv":[10.25,6.5,10.5,7.5],"rotation":0,"texture":"#2","tintindex":0},"up":{"uv":[0.0,0.25,0.0,0.0],"rotation":0,"texture":"#2","tintindex":0},"down":{"uv":[0.0,0.0,0.0,0.25],"rotation":0,"texture":"#2","tintindex":0}}},{"from":[2.3452916,12.915326,7.0988226],"to":[5.7998514,14.0711775,8.702737],"rotation":{"angle":45.0,"axis":"z","origin":[11.266086,8.330903,-1.392623]},"faces":{"east":{"uv":[0.75,10.0,1.5,10.5],"rotation":0,"texture":"#2","tintindex":0},"south":{"uv":[2.75,8.75,4.25,9.25],"rotation":0,"texture":"#2","tintindex":0},"north":{"uv":[1.25,8.75,2.75,9.25],"rotation":0,"texture":"#2","tintindex":0},"west":{"uv":[1.5,10.0,2.25,10.5],"rotation":0,"texture":"#2","tintindex":0},"up":{"uv":[2.75,8.75,1.25,8.0],"rotation":0,"texture":"#2","tintindex":0},"down":{"uv":[9.5,2.0,8.0,2.75],"rotation":0,"texture":"#2","tintindex":0}}}],"display":{"head":{"translation":[0.0,-6.4,0.0],"scale":[4.0,4.0,4.0]}}}