{"textures":{"2":"minecraft:modelengine/entity/sloth"},"elements":[{"from":[7.819017,7.48628,7.108903],"to":[13.741132,8.655126,8.849177],"rotation":{"angle":0.0,"axis":"y","origin":[0.5386057,7.48628,-1.3143663]},"faces":{"east":{"uv":[0.75,10.0,0.0,10.5],"rotation":0,"texture":"#2","tintindex":0},"south":{"uv":[6.25,8.25,4.25,8.75],"rotation":0,"texture":"#2","tintindex":0},"north":{"uv":[10.0,3.5,8.0,4.0],"rotation":0,"texture":"#2","tintindex":0},"west":{"uv":[10.25,9.75,9.5,10.25],"rotation":0,"texture":"#2","tintindex":0},"up":{"uv":[6.0,2.75,8.0,2.0],"rotation":0,"texture":"#2","tintindex":0},"down":{"uv":[6.0,2.75,8.0,3.5],"rotation":0,"texture":"#2","tintindex":0}}},{"from":[15.121892,3.8199768,7.2452626],"to":[15.121892,6.1056914,7.6556573],"rotation":{"angle":22.5,"axis":"z","origin":[14.537469,5.031017,7.593314]},"faces":{"east":{"uv":[6.0,10.25,5.75,11.25],"rotation":0,"texture":"#2","tintindex":0},"south":{"uv":[0.0,0.0,0.0,1.0],"rotation":0,"texture":"#2","tintindex":0},"north":{"uv":[0.0,0.0,0.0,1.0],"rotation":0,"texture":"#2","tintindex":0},"west":{"uv":[10.5,5.5,10.25,6.5],"rotation":0,"texture":"#2","tintindex":0},"up":{"uv":[0.0,0.25,0.0,0.0],"rotation":0,"texture":"#2","tintindex":0},"down":{"uv":[0.0,0.0,0.0,0.25],"rotation":0,"texture":"#2","tintindex":0}}},{"from":[15.121892,3.8199768,7.8166914],"to":[15.121892,6.1056914,8.227086],"rotation":{"angle":22.5,"axis":"z","origin":[14.537469,5.031017,7.593314]},"faces":{"east":{"uv":[6.5,10.25,6.25,11.25],"rotation":0,"texture":"#2","tintindex":0},"south":{"uv":[0.0,0.0,0.0,1.0],"rotation":0,"texture":"#2","tintindex":0},"north":{"uv":[0.0,0.0,0.0,1.0],"rotation":0,"texture":"#2","tintindex":0},"west":{"uv":[6.25,10.25,6.0,11.25],"rotation":0,"texture":"#2","tintindex":0},"up":{"uv":[0.0,0.25,0.0,0.0],"rotation":0,"texture":"#2","tintindex":0},"down":{"uv":[0.0,0.0,0.0,0.25],"rotation":0,"texture":"#2","tintindex":0}}},{"from":[15.121892,3.8199768,8.38812],"to":[15.121892,6.1056914,8.798514],"rotation":{"angle":22.5,"axis":"z","origin":[14.537469,5.031017,7.593314]},"faces":{"east":{"uv":[10.5,6.5,10.25,7.5],"rotation":0,"texture":"#2","tintindex":0},"south":{"uv":[0.0,0.0,0.0,1.0],"rotation":0,"texture":"#2","tintindex":0},"north":{"uv":[0.0,0.0,0.0,1.0],"rotation":0,"texture":"#2","tintindex":0},"west":{"uv":[6.75,10.25,6.5,11.25],"rotation":0,"texture":"#2","tintindex":0},"up":{"uv":[0.0,0.25,0.0,0.0],"rotation":0,"texture":"#2","tintindex":0},"down":{"uv":[0.0,0.0,0.0,0.25],"rotation":0,"texture":"#2","tintindex":0}}},{"from":[10.6022625,12.94084,7.17708],"to":[14.056823,14.096692,8.780994],"rotation":{"angle":-45.0,"axis":"z","origin":[5.1360226,8.356417,-1.3143663]},"faces":{"east":{"uv":[2.25,10.0,1.5,10.5],"rotation":0,"texture":"#2","tintindex":0},"south":{"uv":[4.25,8.75,2.75,9.25],"rotation":0,"texture":"#2","tintindex":0},"north":{"uv":[2.75,8.75,1.25,9.25],"rotation":0,"texture":"#2","tintindex":0},"west":{"uv":[1.5,10.0,0.75,10.5],"rotation":0,"texture":"#2","tintindex":0},"up":{"uv":[1.25,8.75,2.75,8.0],"rotation":0,"texture":"#2","tintindex":0},"down":{"uv":[8.0,2.0,9.5,2.75],"rotation":0,"texture":"#2","tintindex":0}}}],"display":{"head":{"translation":[0.0,-6.4,0.0],"scale":[4.0,4.0,4.0]}}}