{"textures":{"1":"minecraft:modelengine/entity/slot"},"elements":[{"from":[4.0,7.341577,6.991217],"to":[12.0,13.055863,11.562646],"rotation":{"angle":-45.0,"axis":"y","origin":[8.0,8.0,8.0]},"faces":{"east":{"uv":[3.875,5.5,4.875,6.75],"rotation":0,"texture":"#1","tintindex":0},"south":{"uv":[1.75,2.0,3.5,3.25],"rotation":0,"texture":"#1","tintindex":0},"north":{"uv":[0.0,2.0,1.75,3.25],"rotation":0,"texture":"#1","tintindex":0},"west":{"uv":[5.625,0.875,6.625,2.125],"rotation":0,"texture":"#1","tintindex":0},"up":{"uv":[4.75,4.25,3.0,3.25],"rotation":0,"texture":"#1","tintindex":0},"down":{"uv":[5.25,0.0,3.5,1.0],"rotation":0,"texture":"#1","tintindex":0}}},{"from":[4.5714283,13.055863,6.991217],"to":[11.428572,14.198721,10.991218],"rotation":{"angle":-45.0,"axis":"y","origin":[8.0,8.0,8.0]},"faces":{"east":{"uv":[3.5,3.0,4.375,3.25],"rotation":0,"texture":"#1","tintindex":0},"south":{"uv":[7.25,5.75,8.75,6.0],"rotation":0,"texture":"#1","tintindex":0},"north":{"uv":[7.25,5.5,8.75,5.75],"rotation":0,"texture":"#1","tintindex":0},"west":{"uv":[3.625,7.5,4.5,7.75],"rotation":0,"texture":"#1","tintindex":0},"up":{"uv":[6.625,5.25,5.125,4.375],"rotation":0,"texture":"#1","tintindex":0},"down":{"uv":[6.75,0.0,5.25,0.875],"rotation":0,"texture":"#1","tintindex":0}}},{"from":[7.0,13.055863,7.562646],"to":[8.714286,14.770149,11.562646],"rotation":{"angle":-45.0,"axis":"y","origin":[8.0,8.0,8.0]},"faces":{"east":{"uv":[2.125,5.75,3.0,6.125],"rotation":0,"texture":"#1","tintindex":0},"south":{"uv":[6.0,7.25,6.375,7.625],"rotation":0,"texture":"#1","tintindex":0},"north":{"uv":[1.125,5.375,1.5,5.75],"rotation":0,"texture":"#1","tintindex":0},"west":{"uv":[7.25,6.0,8.125,6.375],"rotation":0,"texture":"#1","tintindex":0},"up":{"uv":[5.125,4.0,4.75,3.125],"rotation":0,"texture":"#1","tintindex":0},"down":{"uv":[1.875,7.0,1.5,7.875],"rotation":0,"texture":"#1","tintindex":0}}},{"from":[7.428571,-1.1428576,5.3389425],"to":[13.142858,0.0,11.053228],"rotation":{"angle":-45.0,"axis":"y","origin":[8.0,-0.57142925,4.767514]},"faces":{"east":{"uv":[7.375,7.0,8.625,7.25],"rotation":0,"texture":"#1","tintindex":0},"south":{"uv":[7.375,7.25,8.625,7.5],"rotation":0,"texture":"#1","tintindex":0},"north":{"uv":[7.375,3.125,8.625,3.375],"rotation":0,"texture":"#1","tintindex":0},"west":{"uv":[1.875,7.5,3.125,7.75],"rotation":0,"texture":"#1","tintindex":0},"up":{"uv":[5.125,5.5,3.875,4.25],"rotation":0,"texture":"#1","tintindex":0},"down":{"uv":[5.625,1.0,4.375,2.25],"rotation":0,"texture":"#1","tintindex":0}}},{"from":[6.285714,-0.57142925,5.9103713],"to":[14.285715,8.571428,9.910372],"rotation":{"angle":-45.0,"axis":"y","origin":[8.0,-0.57142925,4.767514]},"faces":{"east":{"uv":[3.5,1.0,4.375,3.0],"rotation":0,"texture":"#1","tintindex":0},"south":{"uv":[1.75,0.0,3.5,2.0],"rotation":0,"texture":"#1","tintindex":0},"north":{"uv":[0.0,0.0,1.75,2.0],"rotation":0,"texture":"#1","tintindex":0},"west":{"uv":[3.0,4.25,3.875,6.25],"rotation":0,"texture":"#1","tintindex":0},"up":{"uv":[6.125,3.125,4.375,2.25],"rotation":0,"texture":"#1","tintindex":0},"down":{"uv":[1.75,4.5,0.0,5.375],"rotation":0,"texture":"#1","tintindex":0}}},{"from":[3.7873025,0.35395956,5.355554],"to":[10.644445,3.7825313,11.06984],"rotation":{"angle":-45.0,"axis":"y","origin":[7.215874,4.35396,8.784125]},"faces":{"east":{"uv":[6.75,0.0,8.0,0.75],"rotation":0,"texture":"#1","tintindex":0},"south":{"uv":[4.875,6.5,6.375,7.25],"rotation":0,"texture":"#1","tintindex":0},"north":{"uv":[6.375,3.375,7.875,4.125],"rotation":0,"texture":"#1","tintindex":0},"west":{"uv":[3.125,6.75,4.375,7.5],"rotation":0,"texture":"#1","tintindex":0},"up":{"uv":[1.5,4.5,0.0,3.25],"rotation":0,"texture":"#1","tintindex":0},"down":{"uv":[3.0,3.25,1.5,4.5],"rotation":0,"texture":"#1","tintindex":0}}}],"display":{"head":{"translation":[0.0,-6.4,0.0],"scale":[4.0,4.0,4.0]}}}