{"textures":{"2":"minecraft:modelengine/entity/sloth"},"elements":[{"from":[5.824657,7.4025826,4.519451],"to":[10.175343,10.883131,11.480549],"rotation":{"angle":0.0,"axis":"y","origin":[7.129863,9.142858,7.129863]},"faces":{"east":{"uv":[0.0,3.0,3.0,4.5],"rotation":0,"texture":"#2","tintindex":0},"south":{"uv":[4.0,1.5,6.0,3.0],"rotation":0,"texture":"#2","tintindex":0},"north":{"uv":[4.0,0.0,6.0,1.5],"rotation":0,"texture":"#2","tintindex":0},"west":{"uv":[3.0,3.0,6.0,4.5],"rotation":0,"texture":"#2","tintindex":0},"up":{"uv":[2.0,3.0,0.0,0.0],"rotation":0,"texture":"#2","tintindex":0},"down":{"uv":[4.0,0.0,2.0,3.0],"rotation":0,"texture":"#2","tintindex":0}}}],"display":{"head":{"translation":[0.0,-6.4,0.0],"scale":[4.0,4.0,4.0]}}}