{"textures":{"0":"minecraft:modelengine/entity/tree"},"elements":[{"from":[4.5714283,-12.005867,6.857143],"to":[8.571428,15.422707,10.857143],"rotation":{"angle":0.0,"axis":"y","origin":[8.0,-12.005867,8.0]},"faces":{"east":{"uv":[6.75,5.25,7.625,11.25],"rotation":0,"texture":"#0","tintindex":0},"south":{"uv":[7.625,5.25,8.5,11.25],"rotation":0,"texture":"#0","tintindex":0},"north":{"uv":[5.875,5.25,6.75,11.25],"rotation":0,"texture":"#0","tintindex":0},"west":{"uv":[0.0,8.5,0.875,14.5],"rotation":0,"texture":"#0","tintindex":0},"up":{"uv":[10.5,7.0,9.625,6.125],"rotation":0,"texture":"#0","tintindex":0},"down":{"uv":[10.5,7.0,9.625,7.875],"rotation":0,"texture":"#0","tintindex":0}}},{"from":[5.142857,12.565563,10.857143],"to":[7.428571,15.422707,17.714287],"rotation":{"angle":0.0,"axis":"y","origin":[6.285714,13.422705,10.857143]},"faces":{"east":{"uv":[9.25,4.25,10.75,4.875],"rotation":0,"texture":"#0","tintindex":0},"south":{"uv":[10.625,8.25,11.125,8.875],"rotation":0,"texture":"#0","tintindex":0},"north":{"uv":[3.125,10.625,3.625,11.25],"rotation":0,"texture":"#0","tintindex":0},"west":{"uv":[9.0,9.5,10.5,10.125],"rotation":0,"texture":"#0","tintindex":0},"up":{"uv":[10.125,9.375,9.625,7.875],"rotation":0,"texture":"#0","tintindex":0},"down":{"uv":[10.25,0.0,9.75,1.5],"rotation":0,"texture":"#0","tintindex":0}}},{"from":[5.142857,15.422707,16.0],"to":[7.428571,19.422707,17.714287],"rotation":{"angle":0.0,"axis":"y","origin":[6.285714,13.422705,10.857143]},"faces":{"east":{"uv":[10.625,2.5,11.0,3.375],"rotation":0,"texture":"#0","tintindex":0},"south":{"uv":[0.875,10.25,1.375,11.125],"rotation":0,"texture":"#0","tintindex":0},"north":{"uv":[10.25,0.0,10.75,0.875],"rotation":0,"texture":"#0","tintindex":0},"west":{"uv":[2.75,10.625,3.125,11.5],"rotation":0,"texture":"#0","tintindex":0},"up":{"uv":[11.375,7.75,10.875,7.375],"rotation":0,"texture":"#0","tintindex":0},"down":{"uv":[11.5,2.5,11.0,2.875],"rotation":0,"texture":"#0","tintindex":0}}},{"from":[5.714286,17.70842,17.714287],"to":[6.857143,19.422707,22.285715],"rotation":{"angle":0.0,"axis":"y","origin":[6.285714,13.422705,10.857143]},"faces":{"east":{"uv":[10.5,6.125,11.5,6.5],"rotation":0,"texture":"#0","tintindex":0},"south":{"uv":[2.0,11.125,2.25,11.5],"rotation":0,"texture":"#0","tintindex":0},"north":{"uv":[9.25,4.875,9.5,5.25],"rotation":0,"texture":"#0","tintindex":0},"west":{"uv":[10.5,6.5,11.5,6.875],"rotation":0,"texture":"#0","tintindex":0},"up":{"uv":[5.875,9.5,5.625,8.5],"rotation":0,"texture":"#0","tintindex":0},"down":{"uv":[5.875,9.5,5.625,10.5],"rotation":0,"texture":"#0","tintindex":0}}},{"from":[6.857143,10.279848,8.0],"to":[13.714286,13.1369915,10.285714],"rotation":{"angle":22.5,"axis":"z","origin":[10.857143,13.422705,9.714286]},"faces":{"east":{"uv":[9.0,10.625,9.5,11.25],"rotation":0,"texture":"#0","tintindex":0},"south":{"uv":[9.625,5.5,11.125,6.125],"rotation":0,"texture":"#0","tintindex":0},"north":{"uv":[9.625,4.875,11.125,5.5],"rotation":0,"texture":"#0","tintindex":0},"west":{"uv":[9.5,10.625,10.0,11.25],"rotation":0,"texture":"#0","tintindex":0},"up":{"uv":[11.25,2.0,9.75,1.5],"rotation":0,"texture":"#0","tintindex":0},"down":{"uv":[11.25,2.0,9.75,2.5],"rotation":0,"texture":"#0","tintindex":0}}},{"from":[12.0,13.1369915,8.0],"to":[13.714286,18.279848,10.285714],"rotation":{"angle":22.5,"axis":"z","origin":[10.857143,13.422705,9.714286]},"faces":{"east":{"uv":[9.75,2.5,10.25,3.625],"rotation":0,"texture":"#0","tintindex":0},"south":{"uv":[10.25,2.5,10.625,3.625],"rotation":0,"texture":"#0","tintindex":0},"north":{"uv":[2.375,10.25,2.75,11.375],"rotation":0,"texture":"#0","tintindex":0},"west":{"uv":[10.125,7.875,10.625,9.0],"rotation":0,"texture":"#0","tintindex":0},"up":{"uv":[11.375,3.375,11.0,2.875],"rotation":0,"texture":"#0","tintindex":0},"down":{"uv":[1.5,11.125,1.125,11.625],"rotation":0,"texture":"#0","tintindex":0}}},{"from":[13.714286,16.565563,8.571428],"to":[20.0,18.279848,9.714286],"rotation":{"angle":22.5,"axis":"z","origin":[10.857143,13.422705,9.714286]},"faces":{"east":{"uv":[11.125,8.25,11.375,8.625],"rotation":0,"texture":"#0","tintindex":0},"south":{"uv":[10.125,10.125,11.5,10.5],"rotation":0,"texture":"#0","tintindex":0},"north":{"uv":[10.125,9.0,11.5,9.375],"rotation":0,"texture":"#0","tintindex":0},"west":{"uv":[11.125,8.625,11.375,9.0],"rotation":0,"texture":"#0","tintindex":0},"up":{"uv":[11.625,1.5,10.25,1.25],"rotation":0,"texture":"#0","tintindex":0},"down":{"uv":[11.875,9.375,10.5,9.625],"rotation":0,"texture":"#0","tintindex":0}}},{"from":[9.142858,19.422707,-2.285715],"to":[10.285714,23.994133,-0.57142925],"rotation":{"angle":-22.5,"axis":"x","origin":[7.428571,18.851276,4.285714]},"faces":{"east":{"uv":[3.875,10.25,4.25,11.25],"rotation":0,"texture":"#0","tintindex":0},"south":{"uv":[3.625,10.625,3.875,11.625],"rotation":0,"texture":"#0","tintindex":0},"north":{"uv":[5.625,10.5,5.875,11.5],"rotation":0,"texture":"#0","tintindex":0},"west":{"uv":[10.5,6.875,10.875,7.875],"rotation":0,"texture":"#0","tintindex":0},"up":{"uv":[11.375,10.875,11.125,10.5],"rotation":0,"texture":"#0","tintindex":0},"down":{"uv":[11.375,10.875,11.125,11.25],"rotation":0,"texture":"#0","tintindex":0}}},{"from":[8.571428,17.70842,-2.285715],"to":[10.857143,19.422707,1.7142854],"rotation":{"angle":-22.5,"axis":"x","origin":[7.428571,18.851276,4.285714]},"faces":{"east":{"uv":[10.5,9.625,11.375,10.0],"rotation":0,"texture":"#0","tintindex":0},"south":{"uv":[11.125,4.75,11.625,5.125],"rotation":0,"texture":"#0","tintindex":0},"north":{"uv":[1.5,11.125,2.0,11.5],"rotation":0,"texture":"#0","tintindex":0},"west":{"uv":[10.625,7.875,11.5,8.25],"rotation":0,"texture":"#0","tintindex":0},"up":{"uv":[1.875,11.125,1.375,10.25],"rotation":0,"texture":"#0","tintindex":0},"down":{"uv":[2.375,10.25,1.875,11.125],"rotation":0,"texture":"#0","tintindex":0}}},{"from":[8.571428,3.4227047,1.7142854],"to":[10.857143,19.422707,4.5714283],"rotation":{"angle":-22.5,"axis":"x","origin":[7.428571,18.851276,4.285714]},"faces":{"east":{"uv":[4.375,8.5,5.0,12.0],"rotation":0,"texture":"#0","tintindex":0},"south":{"uv":[8.5,8.75,9.0,12.25],"rotation":0,"texture":"#0","tintindex":0},"north":{"uv":[8.5,5.25,9.0,8.75],"rotation":0,"texture":"#0","tintindex":0},"west":{"uv":[5.0,8.5,5.625,12.0],"rotation":0,"texture":"#0","tintindex":0},"up":{"uv":[11.25,0.625,10.75,0.0],"rotation":0,"texture":"#0","tintindex":0},"down":{"uv":[11.25,4.125,10.75,4.75],"rotation":0,"texture":"#0","tintindex":0}}},{"from":[-6.332777,13.945032,8.0],"to":[-4.618491,18.51646,9.142858],"rotation":{"angle":45.0,"axis":"z","origin":[-3.7613487,17.373604,8.571428]},"faces":{"east":{"uv":[10.875,10.5,11.125,11.5],"rotation":0,"texture":"#0","tintindex":0},"south":{"uv":[10.5,10.5,10.875,11.5],"rotation":0,"texture":"#0","tintindex":0},"north":{"uv":[10.125,10.5,10.5,11.5],"rotation":0,"texture":"#0","tintindex":0},"west":{"uv":[0.875,11.125,1.125,12.125],"rotation":0,"texture":"#0","tintindex":0},"up":{"uv":[11.125,0.875,10.75,0.625],"rotation":0,"texture":"#0","tintindex":0},"down":{"uv":[11.25,3.875,10.875,4.125],"rotation":0,"texture":"#0","tintindex":0}}},{"from":[-7.143367,10.285711,8.571428],"to":[19.713778,29.714283,8.571428],"rotation":{"angle":0.0,"axis":"y","origin":[3.713777,20.0,8.571428]},"faces":{"east":{"uv":[0.0,0.0,0.0,4.25],"rotation":0,"texture":"#0","tintindex":0},"south":{"uv":[0.0,4.25,5.875,8.5],"rotation":0,"texture":"#0","tintindex":0},"north":{"uv":[5.875,4.25,0.0,8.5],"rotation":0,"texture":"#0","tintindex":0},"west":{"uv":[0.0,0.0,0.0,4.25],"rotation":0,"texture":"#0","tintindex":0},"up":{"uv":[5.875,0.0,0.0,0.0],"rotation":0,"texture":"#0","tintindex":0},"down":{"uv":[5.875,0.0,0.0,0.0],"rotation":0,"texture":"#0","tintindex":0}}},{"from":[9.142858,12.571426,-2.0005093],"to":[9.142858,32.0,24.856634],"rotation":{"angle":0.0,"axis":"y","origin":[9.142858,22.285713,8.856634]},"faces":{"east":{"uv":[5.875,4.25,0.0,8.5],"rotation":0,"texture":"#0","tintindex":0},"south":{"uv":[0.0,0.0,0.0,4.25],"rotation":0,"texture":"#0","tintindex":0},"north":{"uv":[0.0,0.0,0.0,4.25],"rotation":0,"texture":"#0","tintindex":0},"west":{"uv":[0.0,4.25,5.875,8.5],"rotation":0,"texture":"#0","tintindex":0},"up":{"uv":[5.875,0.0,0.0,0.0],"rotation":90,"texture":"#0","tintindex":0},"down":{"uv":[5.875,0.0,0.0,0.0],"rotation":270,"texture":"#0","tintindex":0}}},{"from":[5.999491,17.142855,-2.285715],"to":[13.999492,25.142857,-2.285715],"rotation":{"angle":-22.5,"axis":"x","origin":[3.713777,20.0,-2.285715]},"faces":{"east":{"uv":[0.0,0.0,0.0,1.75],"rotation":0,"texture":"#0","tintindex":0},"south":{"uv":[2.625,8.5,0.875,10.25],"rotation":0,"texture":"#0","tintindex":0},"north":{"uv":[0.875,8.5,2.625,10.25],"rotation":0,"texture":"#0","tintindex":0},"west":{"uv":[0.0,0.0,0.0,1.75],"rotation":0,"texture":"#0","tintindex":0},"up":{"uv":[1.75,0.0,0.0,0.0],"rotation":0,"texture":"#0","tintindex":0},"down":{"uv":[1.75,0.0,0.0,0.0],"rotation":0,"texture":"#0","tintindex":0}}},{"from":[17.714287,18.857141,5.428063],"to":[17.714287,26.85714,13.428063],"rotation":{"angle":-22.5,"axis":"z","origin":[17.714287,21.714283,3.1423483]},"faces":{"east":{"uv":[0.875,8.5,2.625,10.25],"rotation":0,"texture":"#0","tintindex":0},"south":{"uv":[0.0,0.0,0.0,1.75],"rotation":0,"texture":"#0","tintindex":0},"north":{"uv":[0.0,0.0,0.0,1.75],"rotation":0,"texture":"#0","tintindex":0},"west":{"uv":[2.625,8.5,0.875,10.25],"rotation":0,"texture":"#0","tintindex":0},"up":{"uv":[1.75,0.0,0.0,0.0],"rotation":90,"texture":"#0","tintindex":0},"down":{"uv":[1.75,0.0,0.0,0.0],"rotation":270,"texture":"#0","tintindex":0}}},{"from":[-5.1428576,14.285711,5.428063],"to":[-5.1428576,22.285713,13.428063],"rotation":{"angle":22.5,"axis":"z","origin":[-5.1428576,17.142855,3.1423483]},"faces":{"east":{"uv":[0.875,8.5,2.625,10.25],"rotation":0,"texture":"#0","tintindex":0},"south":{"uv":[0.0,0.0,0.0,1.75],"rotation":0,"texture":"#0","tintindex":0},"north":{"uv":[0.0,0.0,0.0,1.75],"rotation":0,"texture":"#0","tintindex":0},"west":{"uv":[2.625,8.5,0.875,10.25],"rotation":0,"texture":"#0","tintindex":0},"up":{"uv":[1.75,0.0,0.0,0.0],"rotation":90,"texture":"#0","tintindex":0},"down":{"uv":[1.75,0.0,0.0,0.0],"rotation":270,"texture":"#0","tintindex":0}}},{"from":[0.28520536,17.142855,22.285715],"to":[15.713778,29.142857,22.285715],"rotation":{"angle":22.5,"axis":"x","origin":[6.856634,23.142857,22.857143]},"faces":{"east":{"uv":[0.0,0.0,0.0,2.625],"rotation":0,"texture":"#0","tintindex":0},"south":{"uv":[5.875,2.625,9.25,5.25],"rotation":0,"texture":"#0","tintindex":0},"north":{"uv":[9.25,2.625,5.875,5.25],"rotation":0,"texture":"#0","tintindex":0},"west":{"uv":[0.0,0.0,0.0,2.625],"rotation":0,"texture":"#0","tintindex":0},"up":{"uv":[3.375,0.0,0.0,0.0],"rotation":0,"texture":"#0","tintindex":0},"down":{"uv":[3.375,0.0,0.0,0.0],"rotation":0,"texture":"#0","tintindex":0}}},{"from":[2.57092,22.27985,6.2915773],"to":[17.999493,22.27985,18.291576],"rotation":{"angle":-22.5,"axis":"x","origin":[10.285206,22.27985,12.291577]},"faces":{"east":{"uv":[0.0,0.0,0.0,2.625],"rotation":270,"texture":"#0","tintindex":0},"south":{"uv":[3.375,0.0,0.0,0.0],"rotation":0,"texture":"#0","tintindex":0},"north":{"uv":[3.375,0.0,0.0,0.0],"rotation":180,"texture":"#0","tintindex":0},"west":{"uv":[0.0,0.0,0.0,2.625],"rotation":90,"texture":"#0","tintindex":0},"up":{"uv":[9.25,2.625,5.875,5.25],"rotation":180,"texture":"#0","tintindex":0},"down":{"uv":[5.875,2.625,9.25,5.25],"rotation":0,"texture":"#0","tintindex":0}}},{"from":[-3.714795,25.136993,6.2915773],"to":[11.713778,25.136993,18.291576],"rotation":{"angle":-22.5,"axis":"x","origin":[3.9994912,25.136993,12.291577]},"faces":{"east":{"uv":[0.0,0.0,0.0,2.625],"rotation":270,"texture":"#0","tintindex":0},"south":{"uv":[3.375,0.0,0.0,0.0],"rotation":0,"texture":"#0","tintindex":0},"north":{"uv":[3.375,0.0,0.0,0.0],"rotation":180,"texture":"#0","tintindex":0},"west":{"uv":[0.0,0.0,0.0,2.625],"rotation":90,"texture":"#0","tintindex":0},"up":{"uv":[9.25,2.625,5.875,5.25],"rotation":180,"texture":"#0","tintindex":0},"down":{"uv":[5.875,2.625,9.25,5.25],"rotation":0,"texture":"#0","tintindex":0}}},{"from":[0.28520536,21.136993,-2.279852],"to":[15.713778,21.136993,9.720149],"rotation":{"angle":22.5,"axis":"x","origin":[7.999491,21.136993,3.7201486]},"faces":{"east":{"uv":[0.0,0.0,0.0,2.625],"rotation":270,"texture":"#0","tintindex":0},"south":{"uv":[3.375,0.0,0.0,0.0],"rotation":0,"texture":"#0","tintindex":0},"north":{"uv":[3.375,0.0,0.0,0.0],"rotation":180,"texture":"#0","tintindex":0},"west":{"uv":[0.0,0.0,0.0,2.625],"rotation":90,"texture":"#0","tintindex":0},"up":{"uv":[9.25,2.625,5.875,5.25],"rotation":180,"texture":"#0","tintindex":0},"down":{"uv":[5.875,2.625,9.25,5.25],"rotation":0,"texture":"#0","tintindex":0}}},{"from":[4.0,11.999998,1.4290795],"to":[4.0,24.0,16.85765],"rotation":{"angle":22.5,"axis":"z","origin":[4.0,17.999998,9.143366]},"faces":{"east":{"uv":[5.875,2.625,9.25,5.25],"rotation":0,"texture":"#0","tintindex":0},"south":{"uv":[0.0,0.0,0.0,2.625],"rotation":0,"texture":"#0","tintindex":0},"north":{"uv":[0.0,0.0,0.0,2.625],"rotation":0,"texture":"#0","tintindex":0},"west":{"uv":[9.25,2.625,5.875,5.25],"rotation":0,"texture":"#0","tintindex":0},"up":{"uv":[3.375,0.0,0.0,0.0],"rotation":270,"texture":"#0","tintindex":0},"down":{"uv":[3.375,0.0,0.0,0.0],"rotation":90,"texture":"#0","tintindex":0}}},{"from":[-4.5714293,16.565563,7.428571],"to":[0.5714283,18.279848,9.714286],"rotation":{"angle":22.5,"axis":"z","origin":[4.285714,18.851276,9.142858]},"faces":{"east":{"uv":[11.125,5.125,11.625,5.5],"rotation":0,"texture":"#0","tintindex":0},"south":{"uv":[2.75,10.25,3.875,10.625],"rotation":0,"texture":"#0","tintindex":0},"north":{"uv":[10.25,0.875,11.375,1.25],"rotation":0,"texture":"#0","tintindex":0},"west":{"uv":[11.125,5.5,11.625,5.875],"rotation":0,"texture":"#0","tintindex":0},"up":{"uv":[10.875,4.125,9.75,3.625],"rotation":0,"texture":"#0","tintindex":0},"down":{"uv":[10.125,10.125,9.0,10.625],"rotation":0,"texture":"#0","tintindex":0}}},{"from":[0.5714283,8.565563,7.428571],"to":[3.4285712,18.279848,9.714286],"rotation":{"angle":22.5,"axis":"z","origin":[4.285714,18.851276,9.142858]},"faces":{"east":{"uv":[9.25,0.0,9.75,2.125],"rotation":0,"texture":"#0","tintindex":0},"south":{"uv":[9.0,7.375,9.625,9.5],"rotation":0,"texture":"#0","tintindex":0},"north":{"uv":[9.0,5.25,9.625,7.375],"rotation":0,"texture":"#0","tintindex":0},"west":{"uv":[9.25,2.125,9.75,4.25],"rotation":0,"texture":"#0","tintindex":0},"up":{"uv":[11.5,3.875,10.875,3.375],"rotation":0,"texture":"#0","tintindex":0},"down":{"uv":[11.5,6.875,10.875,7.375],"rotation":0,"texture":"#0","tintindex":0}}}],"display":{"head":{"translation":[0.0,73.62347,0.0],"scale":[4.0,4.0,4.0]}}}