{"textures":{"0":"minecraft:modelengine/entity/mystery_lockbox"},"elements":[{"from":[0.11414242,7.985562,4.024543],"to":[15.885858,8.474362,11.975457],"rotation":{"angle":0.0,"axis":"y","origin":[8.0,7.985562,4.0895996]},"faces":{"east":{"uv":[10.25,9.875,12.0,10.0],"rotation":0,"texture":"#0","tintindex":0},"south":{"uv":[9.0,0.375,12.5,0.5],"rotation":0,"texture":"#0","tintindex":0},"north":{"uv":[9.0,0.25,12.5,0.375],"rotation":0,"texture":"#0","tintindex":0},"west":{"uv":[10.375,3.25,12.125,3.375],"rotation":0,"texture":"#0","tintindex":0},"up":{"uv":[3.5,1.75,0.0,0.0],"rotation":0,"texture":"#0","tintindex":0},"down":{"uv":[3.5,1.75,0.0,3.5],"rotation":0,"texture":"#0","tintindex":0}}},{"from":[0.17919922,8.474362,4.0895996],"to":[15.820801,12.873562,5.1498284],"rotation":{"angle":0.0,"axis":"y","origin":[8.0,7.985562,4.0895996]},"faces":{"east":{"uv":[0.5,9.875,0.75,10.875],"rotation":0,"texture":"#0","tintindex":0},"south":{"uv":[3.5,2.75,6.875,3.75],"rotation":0,"texture":"#0","tintindex":0},"north":{"uv":[3.5,1.75,6.875,2.75],"rotation":0,"texture":"#0","tintindex":0},"west":{"uv":[0.75,9.875,1.0,10.875],"rotation":0,"texture":"#0","tintindex":0},"up":{"uv":[10.25,4.0,6.875,3.75],"rotation":0,"texture":"#0","tintindex":0},"down":{"uv":[10.25,4.0,6.875,4.25],"rotation":0,"texture":"#0","tintindex":0}}},{"from":[0.17919922,8.474362,10.850172],"to":[15.820801,12.873562,11.9104],"rotation":{"angle":0.0,"axis":"y","origin":[8.0,7.985562,11.9104]},"faces":{"east":{"uv":[8.375,10.0,8.625,11.0],"rotation":0,"texture":"#0","tintindex":0},"south":{"uv":[3.5,4.75,6.875,5.75],"rotation":0,"texture":"#0","tintindex":0},"north":{"uv":[3.5,3.75,6.875,4.75],"rotation":0,"texture":"#0","tintindex":0},"west":{"uv":[9.5,10.0,9.75,11.0],"rotation":0,"texture":"#0","tintindex":0},"up":{"uv":[10.25,4.5,6.875,4.25],"rotation":0,"texture":"#0","tintindex":0},"down":{"uv":[10.25,4.5,6.875,4.75],"rotation":0,"texture":"#0","tintindex":0}}},{"from":[14.760572,8.474362,4.0895996],"to":[15.820801,12.873562,11.9104],"rotation":{"angle":0.0,"axis":"y","origin":[8.0,7.985562,4.0895996]},"faces":{"east":{"uv":[3.5,5.75,5.25,6.75],"rotation":0,"texture":"#0","tintindex":0},"south":{"uv":[7.25,5.75,7.5,6.75],"rotation":0,"texture":"#0","tintindex":0},"north":{"uv":[7.0,5.75,7.25,6.75],"rotation":0,"texture":"#0","tintindex":0},"west":{"uv":[5.25,5.75,7.0,6.75],"rotation":0,"texture":"#0","tintindex":0},"up":{"uv":[1.25,10.75,1.0,9.0],"rotation":0,"texture":"#0","tintindex":0},"down":{"uv":[1.5,9.0,1.25,10.75],"rotation":0,"texture":"#0","tintindex":0}}},{"from":[0.17919922,8.474362,4.0895996],"to":[1.239428,12.873562,11.9104],"rotation":{"angle":0.0,"axis":"y","origin":[8.0,7.985562,4.0895996]},"faces":{"east":{"uv":[0.0,6.625,1.75,7.625],"rotation":0,"texture":"#0","tintindex":0},"south":{"uv":[0.25,9.875,0.5,10.875],"rotation":0,"texture":"#0","tintindex":0},"north":{"uv":[0.0,9.875,0.25,10.875],"rotation":0,"texture":"#0","tintindex":0},"west":{"uv":[1.75,6.625,3.5,7.625],"rotation":0,"texture":"#0","tintindex":0},"up":{"uv":[1.75,10.75,1.5,9.0],"rotation":0,"texture":"#0","tintindex":0},"down":{"uv":[2.0,9.0,1.75,10.75],"rotation":0,"texture":"#0","tintindex":0}}},{"from":[13.709938,7.985562,3.6220493],"to":[15.787337,12.873562,4.013089],"rotation":{"angle":22.5,"axis":"y","origin":[14.870838,10.429562,4.8440495]},"faces":{"east":{"uv":[10.5,10.25,10.625,11.375],"rotation":0,"texture":"#0","tintindex":0},"south":{"uv":[8.125,6.875,8.625,8.0],"rotation":0,"texture":"#0","tintindex":0},"north":{"uv":[8.125,5.75,8.625,6.875],"rotation":0,"texture":"#0","tintindex":0},"west":{"uv":[3.5,10.625,3.625,11.75],"rotation":0,"texture":"#0","tintindex":0},"up":{"uv":[6.25,9.625,5.75,9.5],"rotation":0,"texture":"#0","tintindex":0},"down":{"uv":[11.375,2.5,10.875,2.625],"rotation":0,"texture":"#0","tintindex":0}}},{"from":[15.77241,7.985562,4.5065775],"to":[16.163452,12.873562,6.5839777],"rotation":{"angle":-22.5,"axis":"y","origin":[15.967931,10.429562,5.5452776]},"faces":{"east":{"uv":[3.75,8.375,4.25,9.5],"rotation":0,"texture":"#0","tintindex":0},"south":{"uv":[3.75,10.625,3.875,11.75],"rotation":0,"texture":"#0","tintindex":0},"north":{"uv":[3.625,10.625,3.75,11.75],"rotation":0,"texture":"#0","tintindex":0},"west":{"uv":[4.25,8.375,4.75,9.5],"rotation":0,"texture":"#0","tintindex":0},"up":{"uv":[6.875,11.375,6.75,10.875],"rotation":0,"texture":"#0","tintindex":0},"down":{"uv":[8.125,10.875,8.0,11.375],"rotation":0,"texture":"#0","tintindex":0}}},{"from":[-0.1634512,7.985562,4.5065775],"to":[0.2275896,12.873562,6.5839777],"rotation":{"angle":22.5,"axis":"y","origin":[0.032069206,10.429562,5.5452776]},"faces":{"east":{"uv":[5.75,8.375,6.25,9.5],"rotation":0,"texture":"#0","tintindex":0},"south":{"uv":[4.25,10.625,4.375,11.75],"rotation":0,"texture":"#0","tintindex":0},"north":{"uv":[4.125,10.625,4.25,11.75],"rotation":0,"texture":"#0","tintindex":0},"west":{"uv":[6.25,8.5,6.75,9.625],"rotation":0,"texture":"#0","tintindex":0},"up":{"uv":[8.5,11.5,8.375,11.0],"rotation":0,"texture":"#0","tintindex":0},"down":{"uv":[8.625,11.0,8.5,11.5],"rotation":0,"texture":"#0","tintindex":0}}},{"from":[0.2126627,7.985562,3.6220493],"to":[2.2900624,12.873562,4.013089],"rotation":{"angle":-22.5,"axis":"y","origin":[1.1291618,10.429562,4.8440495]},"faces":{"east":{"uv":[3.875,10.625,4.0,11.75],"rotation":0,"texture":"#0","tintindex":0},"south":{"uv":[5.25,8.375,5.75,9.5],"rotation":0,"texture":"#0","tintindex":0},"north":{"uv":[4.75,8.375,5.25,9.5],"rotation":0,"texture":"#0","tintindex":0},"west":{"uv":[4.0,10.625,4.125,11.75],"rotation":0,"texture":"#0","tintindex":0},"up":{"uv":[11.5,8.25,11.0,8.125],"rotation":0,"texture":"#0","tintindex":0},"down":{"uv":[11.625,7.0,11.125,7.125],"rotation":0,"texture":"#0","tintindex":0}}},{"from":[-0.1634512,7.985562,9.416022],"to":[0.2275896,12.873562,11.4934225],"rotation":{"angle":-22.5,"axis":"y","origin":[0.032069206,10.429562,10.454722]},"faces":{"east":{"uv":[0.0,8.75,0.5,9.875],"rotation":0,"texture":"#0","tintindex":0},"south":{"uv":[8.75,10.625,8.875,11.75],"rotation":0,"texture":"#0","tintindex":0},"north":{"uv":[8.625,10.625,8.75,11.75],"rotation":0,"texture":"#0","tintindex":0},"west":{"uv":[0.5,8.75,1.0,9.875],"rotation":0,"texture":"#0","tintindex":0},"up":{"uv":[0.75,11.625,0.625,11.125],"rotation":0,"texture":"#0","tintindex":0},"down":{"uv":[5.5,11.125,5.375,11.625],"rotation":0,"texture":"#0","tintindex":0}}},{"from":[0.17919922,7.985562,9.9552],"to":[2.0121999,12.873562,12.3992],"rotation":{"angle":-45.0,"axis":"y","origin":[1.0956993,10.429562,10.9939]},"faces":{"east":{"uv":[2.5,7.625,3.125,8.75],"rotation":0,"texture":"#0","tintindex":0},"south":{"uv":[9.125,9.25,9.5,10.375],"rotation":0,"texture":"#0","tintindex":0},"north":{"uv":[8.75,9.25,9.125,10.375],"rotation":0,"texture":"#0","tintindex":0},"west":{"uv":[3.125,7.875,3.75,9.0],"rotation":0,"texture":"#0","tintindex":0},"up":{"uv":[10.125,10.875,9.75,10.25],"rotation":0,"texture":"#0","tintindex":0},"down":{"uv":[10.5,10.25,10.125,10.875],"rotation":0,"texture":"#0","tintindex":0}}},{"from":[0.17919922,7.985562,3.6008],"to":[2.0121999,12.873562,6.0448],"rotation":{"angle":45.0,"axis":"y","origin":[1.0956993,10.429562,5.0060997]},"faces":{"east":{"uv":[3.125,7.625,2.5,8.75],"rotation":0,"texture":"#0","tintindex":0},"south":{"uv":[9.125,9.25,8.75,10.375],"rotation":0,"texture":"#0","tintindex":0},"north":{"uv":[9.5,9.25,9.125,10.375],"rotation":0,"texture":"#0","tintindex":0},"west":{"uv":[3.75,7.875,3.125,9.0],"rotation":0,"texture":"#0","tintindex":0},"up":{"uv":[10.125,10.25,9.75,10.875],"rotation":0,"texture":"#0","tintindex":0},"down":{"uv":[10.5,10.875,10.125,10.25],"rotation":0,"texture":"#0","tintindex":0}}},{"from":[13.987801,7.985562,9.9552],"to":[15.820801,12.873562,12.3992],"rotation":{"angle":45.0,"axis":"y","origin":[14.904301,10.429562,10.9939]},"faces":{"east":{"uv":[3.75,7.875,3.125,9.0],"rotation":0,"texture":"#0","tintindex":0},"south":{"uv":[9.5,9.25,9.125,10.375],"rotation":0,"texture":"#0","tintindex":0},"north":{"uv":[9.125,9.25,8.75,10.375],"rotation":0,"texture":"#0","tintindex":0},"west":{"uv":[3.125,7.625,2.5,8.75],"rotation":0,"texture":"#0","tintindex":0},"up":{"uv":[9.75,10.875,10.125,10.25],"rotation":0,"texture":"#0","tintindex":0},"down":{"uv":[10.125,10.25,10.5,10.875],"rotation":0,"texture":"#0","tintindex":0}}},{"from":[13.987801,7.985562,3.6008],"to":[15.820801,12.873562,6.0448],"rotation":{"angle":-45.0,"axis":"y","origin":[14.904301,10.429562,5.0060997]},"faces":{"east":{"uv":[3.125,7.875,3.75,9.0],"rotation":0,"texture":"#0","tintindex":0},"south":{"uv":[8.75,9.25,9.125,10.375],"rotation":0,"texture":"#0","tintindex":0},"north":{"uv":[9.125,9.25,9.5,10.375],"rotation":0,"texture":"#0","tintindex":0},"west":{"uv":[2.5,7.625,3.125,8.75],"rotation":0,"texture":"#0","tintindex":0},"up":{"uv":[9.75,10.25,10.125,10.875],"rotation":0,"texture":"#0","tintindex":0},"down":{"uv":[10.125,10.875,10.5,10.25],"rotation":0,"texture":"#0","tintindex":0}}},{"from":[0.2126627,7.985562,11.986911],"to":[2.2900624,12.873562,12.377951],"rotation":{"angle":22.5,"axis":"y","origin":[1.1291618,10.429562,11.155951]},"faces":{"east":{"uv":[4.875,10.625,5.0,11.75],"rotation":0,"texture":"#0","tintindex":0},"south":{"uv":[8.625,6.875,9.125,8.0],"rotation":0,"texture":"#0","tintindex":0},"north":{"uv":[8.625,5.75,9.125,6.875],"rotation":0,"texture":"#0","tintindex":0},"west":{"uv":[10.625,6.75,10.75,7.875],"rotation":0,"texture":"#0","tintindex":0},"up":{"uv":[11.625,11.25,11.125,11.125],"rotation":0,"texture":"#0","tintindex":0},"down":{"uv":[11.75,0.5,11.25,0.625],"rotation":0,"texture":"#0","tintindex":0}}},{"from":[13.709938,7.985562,11.986911],"to":[15.787337,12.873562,12.377951],"rotation":{"angle":-22.5,"axis":"y","origin":[14.870838,10.429562,11.155951]},"faces":{"east":{"uv":[4.625,10.625,4.75,11.75],"rotation":0,"texture":"#0","tintindex":0},"south":{"uv":[8.25,8.5,8.75,9.625],"rotation":0,"texture":"#0","tintindex":0},"north":{"uv":[7.75,8.5,8.25,9.625],"rotation":0,"texture":"#0","tintindex":0},"west":{"uv":[4.75,10.625,4.875,11.75],"rotation":0,"texture":"#0","tintindex":0},"up":{"uv":[10.25,11.25,9.75,11.125],"rotation":0,"texture":"#0","tintindex":0},"down":{"uv":[11.625,11.0,11.125,11.125],"rotation":0,"texture":"#0","tintindex":0}}},{"from":[15.77241,7.985562,9.416022],"to":[16.163452,12.873562,11.4934225],"rotation":{"angle":22.5,"axis":"y","origin":[15.967931,10.429562,10.454722]},"faces":{"east":{"uv":[6.75,8.5,7.25,9.625],"rotation":0,"texture":"#0","tintindex":0},"south":{"uv":[4.5,10.625,4.625,11.75],"rotation":0,"texture":"#0","tintindex":0},"north":{"uv":[4.375,10.625,4.5,11.75],"rotation":0,"texture":"#0","tintindex":0},"west":{"uv":[7.25,8.5,7.75,9.625],"rotation":0,"texture":"#0","tintindex":0},"up":{"uv":[9.625,11.5,9.5,11.0],"rotation":0,"texture":"#0","tintindex":0},"down":{"uv":[9.75,11.0,9.625,11.5],"rotation":0,"texture":"#0","tintindex":0}}}],"display":{"head":{"translation":[0.0,-6.4,0.0],"scale":[4.0,4.0,4.0]}}}