{"textures":{"0":"minecraft:modelengine/entity/mystery_lockbox"},"elements":[{"from":[2.7919302,8.59094,0.57835627],"to":[3.5974727,10.705489,6.6199245],"rotation":{"angle":-45.0,"axis":"z","origin":[3.1947012,10.00064,3.5991406]},"faces":{"east":{"uv":[6.5,8.0,7.875,8.5],"rotation":0,"texture":"#0","tintindex":0},"south":{"uv":[0.0,11.375,0.125,11.875],"rotation":0,"texture":"#0","tintindex":0},"north":{"uv":[11.25,11.25,11.375,11.75],"rotation":0,"texture":"#0","tintindex":0},"west":{"uv":[7.875,8.0,9.25,8.5],"rotation":0,"texture":"#0","tintindex":0},"up":{"uv":[7.0,11.75,6.875,10.375],"rotation":0,"texture":"#0","tintindex":0},"down":{"uv":[9.5,10.375,9.375,11.75],"rotation":0,"texture":"#0","tintindex":0}}},{"from":[2.0237775,9.500012,1.0314741],"to":[2.7034535,10.179689,6.166807],"rotation":{"angle":45.0,"axis":"z","origin":[2.4265485,9.902783,3.5991406]},"faces":{"east":{"uv":[10.5,2.75,11.625,2.875],"rotation":0,"texture":"#0","tintindex":0},"south":{"uv":[0.75,11.5,0.875,11.625],"rotation":0,"texture":"#0","tintindex":0},"north":{"uv":[8.0,11.375,8.125,11.5],"rotation":0,"texture":"#0","tintindex":0},"west":{"uv":[10.625,8.25,11.75,8.375],"rotation":0,"texture":"#0","tintindex":0},"up":{"uv":[1.875,11.875,1.75,10.75],"rotation":0,"texture":"#0","tintindex":0},"down":{"uv":[2.0,10.75,1.875,11.875],"rotation":0,"texture":"#0","tintindex":0}}},{"from":[12.583565,8.59094,0.57835627],"to":[13.389107,10.705489,6.6199245],"rotation":{"angle":45.0,"axis":"z","origin":[12.986336,10.00064,3.5991406]},"faces":{"east":{"uv":[3.75,7.875,5.125,8.375],"rotation":0,"texture":"#0","tintindex":0},"south":{"uv":[9.125,11.25,9.25,11.75],"rotation":0,"texture":"#0","tintindex":0},"north":{"uv":[6.375,11.125,6.5,11.625],"rotation":0,"texture":"#0","tintindex":0},"west":{"uv":[5.125,7.875,6.5,8.375],"rotation":0,"texture":"#0","tintindex":0},"up":{"uv":[8.25,11.625,8.125,10.25],"rotation":0,"texture":"#0","tintindex":0},"down":{"uv":[8.375,10.25,8.25,11.625],"rotation":0,"texture":"#0","tintindex":0}}},{"from":[3.4083033,9.218961,6.9011564],"to":[12.772734,10.779699,7.2032347],"rotation":{"angle":-22.5,"axis":"x","origin":[8.090519,10.07485,7.0521955]},"faces":{"east":{"uv":[2.25,11.375,2.375,11.75],"rotation":0,"texture":"#0","tintindex":0},"south":{"uv":[7.0,0.375,9.0,0.75],"rotation":0,"texture":"#0","tintindex":0},"north":{"uv":[7.0,0.0,9.0,0.375],"rotation":0,"texture":"#0","tintindex":0},"west":{"uv":[2.375,11.375,2.5,11.75],"rotation":0,"texture":"#0","tintindex":0},"up":{"uv":[12.25,4.25,10.25,4.125],"rotation":0,"texture":"#0","tintindex":0},"down":{"uv":[12.25,4.25,10.25,4.375],"rotation":0,"texture":"#0","tintindex":0}}},{"from":[3.4083033,9.218961,-0.0049533844],"to":[12.772734,10.779699,0.29712486],"rotation":{"angle":22.5,"axis":"x","origin":[8.090519,10.07485,0.14608574]},"faces":{"east":{"uv":[8.625,10.0,8.75,10.375],"rotation":0,"texture":"#0","tintindex":0},"south":{"uv":[6.875,5.125,8.875,5.5],"rotation":0,"texture":"#0","tintindex":0},"north":{"uv":[6.875,4.75,8.875,5.125],"rotation":0,"texture":"#0","tintindex":0},"west":{"uv":[11.375,2.0,11.5,2.375],"rotation":0,"texture":"#0","tintindex":0},"up":{"uv":[12.25,4.0,10.25,3.875],"rotation":0,"texture":"#0","tintindex":0},"down":{"uv":[12.25,4.0,10.25,4.125],"rotation":0,"texture":"#0","tintindex":0}}},{"from":[3.4083033,9.751744,7.047869],"to":[12.772734,10.406248,7.551333],"rotation":{"angle":0.0,"axis":"y","origin":[8.090519,10.016064,7.299601]},"faces":{"east":{"uv":[6.25,11.375,6.375,11.5],"rotation":0,"texture":"#0","tintindex":0},"south":{"uv":[9.75,10.0,11.75,10.125],"rotation":0,"texture":"#0","tintindex":0},"north":{"uv":[9.75,3.125,11.75,3.25],"rotation":0,"texture":"#0","tintindex":0},"west":{"uv":[6.75,11.375,6.875,11.5],"rotation":0,"texture":"#0","tintindex":0},"up":{"uv":[11.75,10.25,9.75,10.125],"rotation":0,"texture":"#0","tintindex":0},"down":{"uv":[12.25,3.75,10.25,3.875],"rotation":0,"texture":"#0","tintindex":0}}},{"from":[3.4083033,9.751744,-0.35305214],"to":[12.772734,10.406248,0.15041208],"rotation":{"angle":0.0,"axis":"y","origin":[8.090519,10.016064,-0.10132027]},"faces":{"east":{"uv":[11.5,0.75,11.625,0.875],"rotation":0,"texture":"#0","tintindex":0},"south":{"uv":[10.25,4.5,12.25,4.625],"rotation":0,"texture":"#0","tintindex":0},"north":{"uv":[10.25,4.375,12.25,4.5],"rotation":0,"texture":"#0","tintindex":0},"west":{"uv":[0.875,11.5,1.0,11.625],"rotation":0,"texture":"#0","tintindex":0},"up":{"uv":[12.25,4.75,10.25,4.625],"rotation":0,"texture":"#0","tintindex":0},"down":{"uv":[7.0,10.25,5.0,10.375],"rotation":0,"texture":"#0","tintindex":0}}},{"from":[3.4083033,9.374146,6.0484962],"to":[12.772734,10.783846,6.922003],"rotation":{"angle":0.0,"axis":"y","origin":[8.090519,3.3325782,-0.4285717]},"faces":{"east":{"uv":[0.125,11.375,0.375,11.625],"rotation":0,"texture":"#0","tintindex":0},"south":{"uv":[8.875,5.0,10.875,5.25],"rotation":0,"texture":"#0","tintindex":0},"north":{"uv":[8.875,4.75,10.875,5.0],"rotation":0,"texture":"#0","tintindex":0},"west":{"uv":[0.375,11.375,0.625,11.625],"rotation":0,"texture":"#0","tintindex":0},"up":{"uv":[10.875,5.5,8.875,5.25],"rotation":0,"texture":"#0","tintindex":0},"down":{"uv":[11.0,0.0,9.0,0.25],"rotation":0,"texture":"#0","tintindex":0}}},{"from":[-0.3425045,8.025059,1.0818205],"to":[1.1779513,9.336387,6.116461],"rotation":{"angle":0.0,"axis":"y","origin":[8.090519,3.3325782,-0.4285717]},"faces":{"east":{"uv":[9.875,0.75,11.0,1.0],"rotation":0,"texture":"#0","tintindex":0},"south":{"uv":[11.125,5.0,11.5,5.25],"rotation":0,"texture":"#0","tintindex":0},"north":{"uv":[5.0,11.125,5.375,11.375],"rotation":0,"texture":"#0","tintindex":0},"west":{"uv":[9.875,1.0,11.0,1.25],"rotation":0,"texture":"#0","tintindex":0},"up":{"uv":[4.625,10.625,4.25,9.5],"rotation":0,"texture":"#0","tintindex":0},"down":{"uv":[5.0,9.5,4.625,10.625],"rotation":0,"texture":"#0","tintindex":0}}},{"from":[15.003086,8.025059,1.0818205],"to":[16.52354,9.336387,6.116461],"rotation":{"angle":0.0,"axis":"y","origin":[8.090519,3.3325782,-0.4285717]},"faces":{"east":{"uv":[9.75,2.875,10.875,3.125],"rotation":0,"texture":"#0","tintindex":0},"south":{"uv":[11.125,4.75,11.5,5.0],"rotation":0,"texture":"#0","tintindex":0},"north":{"uv":[11.125,3.375,11.5,3.625],"rotation":0,"texture":"#0","tintindex":0},"west":{"uv":[9.75,5.5,10.875,5.75],"rotation":0,"texture":"#0","tintindex":0},"up":{"uv":[3.875,10.625,3.5,9.5],"rotation":0,"texture":"#0","tintindex":0},"down":{"uv":[4.25,9.5,3.875,10.625],"rotation":0,"texture":"#0","tintindex":0}}},{"from":[1.545486,8.025059,6.4839954],"to":[14.6355505,9.336387,8.004451],"rotation":{"angle":0.0,"axis":"y","origin":[8.090519,3.3325782,7.6268525]},"faces":{"east":{"uv":[2.75,11.125,3.125,11.375],"rotation":0,"texture":"#0","tintindex":0},"south":{"uv":[7.0,1.25,9.875,1.5],"rotation":0,"texture":"#0","tintindex":0},"north":{"uv":[7.0,1.0,9.875,1.25],"rotation":0,"texture":"#0","tintindex":0},"west":{"uv":[3.125,11.125,3.5,11.375],"rotation":0,"texture":"#0","tintindex":0},"up":{"uv":[9.75,2.875,6.875,2.5],"rotation":0,"texture":"#0","tintindex":0},"down":{"uv":[9.75,2.875,6.875,3.25],"rotation":0,"texture":"#0","tintindex":0}}},{"from":[1.545486,8.025059,-0.8061695],"to":[14.6355505,9.336387,0.7142854],"rotation":{"angle":0.0,"axis":"y","origin":[8.090519,3.3325782,-0.4285717]},"faces":{"east":{"uv":[2.0,11.125,2.375,11.375],"rotation":0,"texture":"#0","tintindex":0},"south":{"uv":[7.0,0.75,9.875,1.0],"rotation":0,"texture":"#0","tintindex":0},"north":{"uv":[6.875,5.5,9.75,5.75],"rotation":0,"texture":"#0","tintindex":0},"west":{"uv":[2.375,11.125,2.75,11.375],"rotation":0,"texture":"#0","tintindex":0},"up":{"uv":[9.75,2.125,6.875,1.75],"rotation":0,"texture":"#0","tintindex":0},"down":{"uv":[9.75,2.125,6.875,2.5],"rotation":0,"texture":"#0","tintindex":0}}},{"from":[1.9265871,11.444643,-0.4159851],"to":[5.6018744,12.955034,1.0692339],"rotation":{"angle":22.5,"axis":"z","origin":[9.982012,6.4100027,3.5991406]},"faces":{"east":{"uv":[1.375,10.75,1.75,11.125],"rotation":0,"texture":"#0","tintindex":0},"south":{"uv":[9.75,1.75,10.5,2.125],"rotation":0,"texture":"#0","tintindex":0},"north":{"uv":[9.5,9.625,10.25,10.0],"rotation":0,"texture":"#0","tintindex":0},"west":{"uv":[10.75,6.75,11.125,7.125],"rotation":0,"texture":"#0","tintindex":0},"up":{"uv":[10.5,2.5,9.75,2.125],"rotation":0,"texture":"#0","tintindex":0},"down":{"uv":[10.5,2.5,9.75,2.875],"rotation":0,"texture":"#0","tintindex":0}}},{"from":[1.9265871,11.444643,6.1290474],"to":[5.6018744,12.955034,7.614266],"rotation":{"angle":22.5,"axis":"z","origin":[9.982012,6.4100027,3.5991406]},"faces":{"east":{"uv":[10.625,9.375,11.0,9.75],"rotation":0,"texture":"#0","tintindex":0},"south":{"uv":[6.5,9.625,7.25,10.0],"rotation":0,"texture":"#0","tintindex":0},"north":{"uv":[5.75,9.625,6.5,10.0],"rotation":0,"texture":"#0","tintindex":0},"west":{"uv":[1.0,10.75,1.375,11.125],"rotation":0,"texture":"#0","tintindex":0},"up":{"uv":[8.0,10.0,7.25,9.625],"rotation":0,"texture":"#0","tintindex":0},"down":{"uv":[8.75,9.625,8.0,10.0],"rotation":0,"texture":"#0","tintindex":0}}},{"from":[4.2138453,9.374146,0.57835627],"to":[11.967192,10.481768,6.6199245],"rotation":{"angle":0.0,"axis":"y","origin":[8.090519,3.3325782,7.6268525]},"faces":{"east":{"uv":[9.25,8.0,10.625,8.25],"rotation":0,"texture":"#0","tintindex":0},"south":{"uv":[8.75,9.0,10.5,9.25],"rotation":0,"texture":"#0","tintindex":0},"north":{"uv":[2.0,9.0,3.75,9.25],"rotation":0,"texture":"#0","tintindex":0},"west":{"uv":[9.25,8.25,10.625,8.5],"rotation":0,"texture":"#0","tintindex":0},"up":{"uv":[1.75,6.625,0.0,5.25],"rotation":0,"texture":"#0","tintindex":0},"down":{"uv":[3.5,5.25,1.75,6.625],"rotation":0,"texture":"#0","tintindex":0}}},{"from":[3.4083033,9.374146,1.149785],"to":[8.09956,10.783846,6.0484962],"rotation":{"angle":0.0,"axis":"y","origin":[8.090519,3.3325782,7.6268525]},"faces":{"east":{"uv":[9.875,1.25,11.0,1.5],"rotation":0,"texture":"#0","tintindex":0},"south":{"uv":[10.25,6.0,11.25,6.25],"rotation":0,"texture":"#0","tintindex":0},"north":{"uv":[10.25,5.75,11.25,6.0],"rotation":0,"texture":"#0","tintindex":0},"west":{"uv":[5.0,10.0,6.125,10.25],"rotation":0,"texture":"#0","tintindex":0},"up":{"uv":[4.5,7.875,3.5,6.75],"rotation":0,"texture":"#0","tintindex":0},"down":{"uv":[5.5,6.75,4.5,7.875],"rotation":0,"texture":"#0","tintindex":0}}},{"from":[8.081477,9.374146,1.149785],"to":[12.772734,10.783846,6.0484962],"rotation":{"angle":0.0,"axis":"y","origin":[8.090519,3.3325782,7.6268525]},"faces":{"east":{"uv":[6.125,10.0,7.25,10.25],"rotation":0,"texture":"#0","tintindex":0},"south":{"uv":[10.25,6.5,11.25,6.75],"rotation":0,"texture":"#0","tintindex":0},"north":{"uv":[10.25,6.25,11.25,6.5],"rotation":0,"texture":"#0","tintindex":0},"west":{"uv":[7.25,10.0,8.375,10.25],"rotation":0,"texture":"#0","tintindex":0},"up":{"uv":[6.5,7.875,5.5,6.75],"rotation":0,"texture":"#0","tintindex":0},"down":{"uv":[7.5,6.75,6.5,7.875],"rotation":0,"texture":"#0","tintindex":0}}},{"from":[3.4083033,9.374146,0.27627802],"to":[12.772734,10.783846,1.149785],"rotation":{"angle":0.0,"axis":"y","origin":[8.090519,3.3325782,7.6268525]},"faces":{"east":{"uv":[10.75,11.25,11.0,11.5],"rotation":0,"texture":"#0","tintindex":0},"south":{"uv":[1.0,8.75,3.0,9.0],"rotation":0,"texture":"#0","tintindex":0},"north":{"uv":[7.0,1.5,9.0,1.75],"rotation":0,"texture":"#0","tintindex":0},"west":{"uv":[11.0,11.25,11.25,11.5],"rotation":0,"texture":"#0","tintindex":0},"up":{"uv":[10.75,8.75,8.75,8.5],"rotation":0,"texture":"#0","tintindex":0},"down":{"uv":[10.75,8.75,8.75,9.0],"rotation":0,"texture":"#0","tintindex":0}}},{"from":[6.61221,10.698025,5.4209843],"to":[9.568827,11.06831,6.128525],"rotation":{"angle":0.0,"axis":"y","origin":[8.090519,4.6624975,7.209235]},"faces":{"east":{"uv":[7.25,7.875,7.5,8.0],"rotation":0,"texture":"#0","tintindex":0},"south":{"uv":[5.0,9.875,5.75,10.0],"rotation":0,"texture":"#0","tintindex":0},"north":{"uv":[6.5,7.875,7.25,8.0],"rotation":0,"texture":"#0","tintindex":0},"west":{"uv":[6.25,8.375,6.5,8.5],"rotation":0,"texture":"#0","tintindex":0},"up":{"uv":[11.125,3.625,10.375,3.375],"rotation":0,"texture":"#0","tintindex":0},"down":{"uv":[9.375,10.375,8.625,10.625],"rotation":0,"texture":"#0","tintindex":0}}},{"from":[6.61221,10.698025,3.1066985],"to":[8.05297,11.06831,3.814239],"rotation":{"angle":0.0,"axis":"y","origin":[8.090519,4.6624975,7.209235]},"faces":{"east":{"uv":[10.75,8.875,11.0,9.0],"rotation":0,"texture":"#0","tintindex":0},"south":{"uv":[11.375,2.375,11.75,2.5],"rotation":0,"texture":"#0","tintindex":0},"north":{"uv":[10.625,9.75,11.0,9.875],"rotation":0,"texture":"#0","tintindex":0},"west":{"uv":[11.375,3.0,11.625,3.125],"rotation":0,"texture":"#0","tintindex":0},"up":{"uv":[6.375,11.375,6.0,11.125],"rotation":0,"texture":"#0","tintindex":0},"down":{"uv":[11.5,6.75,11.125,7.0],"rotation":0,"texture":"#0","tintindex":0}}},{"from":[7.6536384,10.698025,2.1809835],"to":[8.758827,11.06831,3.1066985],"rotation":{"angle":0.0,"axis":"y","origin":[8.090519,4.6624975,7.209235]},"faces":{"east":{"uv":[5.0,11.375,5.25,11.5],"rotation":0,"texture":"#0","tintindex":0},"south":{"uv":[11.375,5.25,11.625,5.375],"rotation":0,"texture":"#0","tintindex":0},"north":{"uv":[3.25,11.375,3.5,11.5],"rotation":0,"texture":"#0","tintindex":0},"west":{"uv":[11.375,5.375,11.625,5.5],"rotation":0,"texture":"#0","tintindex":0},"up":{"uv":[1.5,11.625,1.25,11.375],"rotation":0,"texture":"#0","tintindex":0},"down":{"uv":[1.75,11.375,1.5,11.625],"rotation":0,"texture":"#0","tintindex":0}}},{"from":[7.6536384,10.698025,1.0238409],"to":[8.758827,11.06831,1.8338413],"rotation":{"angle":0.0,"axis":"y","origin":[8.090519,4.6624975,5.936378]},"faces":{"east":{"uv":[11.375,11.375,11.625,11.5],"rotation":0,"texture":"#0","tintindex":0},"south":{"uv":[11.5,0.0,11.75,0.125],"rotation":0,"texture":"#0","tintindex":0},"north":{"uv":[11.375,11.25,11.625,11.375],"rotation":0,"texture":"#0","tintindex":0},"west":{"uv":[11.5,0.125,11.75,0.25],"rotation":0,"texture":"#0","tintindex":0},"up":{"uv":[11.625,2.0,11.375,1.75],"rotation":0,"texture":"#0","tintindex":0},"down":{"uv":[2.25,11.375,2.0,11.625],"rotation":0,"texture":"#0","tintindex":0}}},{"from":[8.056023,10.698025,2.6622095],"to":[8.559497,11.056739,3.6573524],"rotation":{"angle":-45.0,"axis":"y","origin":[8.122617,10.929453,3.1250668]},"faces":{"east":{"uv":[5.5,11.375,5.75,11.5],"rotation":0,"texture":"#0","tintindex":0},"south":{"uv":[1.0,11.5,1.125,11.625],"rotation":0,"texture":"#0","tintindex":0},"north":{"uv":[11.5,0.875,11.625,1.0],"rotation":0,"texture":"#0","tintindex":0},"west":{"uv":[11.375,5.5,11.625,5.625],"rotation":0,"texture":"#0","tintindex":0},"up":{"uv":[3.125,9.0,3.0,8.75],"rotation":0,"texture":"#0","tintindex":0},"down":{"uv":[10.625,9.0,10.5,9.25],"rotation":0,"texture":"#0","tintindex":0}}},{"from":[5.981101,10.709596,3.01822],"to":[6.9590044,11.056739,3.5389338],"rotation":{"angle":45.0,"axis":"y","origin":[6.8924103,10.941025,3.4810772]},"faces":{"east":{"uv":[11.5,1.0,11.625,1.125],"rotation":0,"texture":"#0","tintindex":0},"south":{"uv":[5.75,11.375,6.0,11.5],"rotation":0,"texture":"#0","tintindex":0},"north":{"uv":[11.375,5.625,11.625,5.75],"rotation":0,"texture":"#0","tintindex":0},"west":{"uv":[1.125,11.5,1.25,11.625],"rotation":0,"texture":"#0","tintindex":0},"up":{"uv":[6.25,11.5,6.0,11.375],"rotation":0,"texture":"#0","tintindex":0},"down":{"uv":[6.75,11.375,6.5,11.5],"rotation":0,"texture":"#0","tintindex":0}}},{"from":[5.981101,10.709596,5.696928],"to":[6.9590044,11.056739,6.217643],"rotation":{"angle":-45.0,"axis":"y","origin":[6.8924103,10.941025,5.7547855]},"faces":{"east":{"uv":[11.5,1.125,11.625,1.25],"rotation":0,"texture":"#0","tintindex":0},"south":{"uv":[7.25,11.375,7.5,11.5],"rotation":0,"texture":"#0","tintindex":0},"north":{"uv":[7.0,11.375,7.25,11.5],"rotation":0,"texture":"#0","tintindex":0},"west":{"uv":[11.5,1.25,11.625,1.375],"rotation":0,"texture":"#0","tintindex":0},"up":{"uv":[7.75,11.5,7.5,11.375],"rotation":0,"texture":"#0","tintindex":0},"down":{"uv":[8.0,11.375,7.75,11.5],"rotation":0,"texture":"#0","tintindex":0}}},{"from":[9.222033,10.709596,5.696928],"to":[10.199936,11.056739,6.217643],"rotation":{"angle":45.0,"axis":"y","origin":[9.288627,10.941025,5.7547855]},"faces":{"east":{"uv":[11.5,1.375,11.625,1.5],"rotation":0,"texture":"#0","tintindex":0},"south":{"uv":[10.5,11.375,10.75,11.5],"rotation":0,"texture":"#0","tintindex":0},"north":{"uv":[10.25,11.375,10.5,11.5],"rotation":0,"texture":"#0","tintindex":0},"west":{"uv":[11.5,1.5,11.625,1.625],"rotation":0,"texture":"#0","tintindex":0},"up":{"uv":[11.625,10.625,11.375,10.5],"rotation":0,"texture":"#0","tintindex":0},"down":{"uv":[11.625,10.625,11.375,10.75],"rotation":0,"texture":"#0","tintindex":0}}},{"from":[5.917924,10.698025,3.800984],"to":[7.1388273,11.06831,5.4342394],"rotation":{"angle":0.0,"axis":"y","origin":[8.090519,4.6624975,7.209235]},"faces":{"east":{"uv":[11.25,0.625,11.75,0.75],"rotation":0,"texture":"#0","tintindex":0},"south":{"uv":[11.375,2.5,11.75,2.625],"rotation":0,"texture":"#0","tintindex":0},"north":{"uv":[2.5,11.375,2.875,11.5],"rotation":0,"texture":"#0","tintindex":0},"west":{"uv":[0.75,11.375,1.25,11.5],"rotation":0,"texture":"#0","tintindex":0},"up":{"uv":[6.875,10.875,6.5,10.375],"rotation":0,"texture":"#0","tintindex":0},"down":{"uv":[10.875,1.75,10.5,2.25],"rotation":0,"texture":"#0","tintindex":0}}},{"from":[9.04221,10.698025,4.3795557],"to":[10.263113,11.06831,5.4342394],"rotation":{"angle":0.0,"axis":"y","origin":[11.214805,4.6624975,7.209235]},"faces":{"east":{"uv":[11.375,10.75,11.625,10.875],"rotation":0,"texture":"#0","tintindex":0},"south":{"uv":[11.375,2.875,11.75,3.0],"rotation":0,"texture":"#0","tintindex":0},"north":{"uv":[2.875,11.375,3.25,11.5],"rotation":0,"texture":"#0","tintindex":0},"west":{"uv":[11.375,10.875,11.625,11.0],"rotation":0,"texture":"#0","tintindex":0},"up":{"uv":[7.375,11.375,7.0,11.125],"rotation":0,"texture":"#0","tintindex":0},"down":{"uv":[7.75,11.125,7.375,11.375],"rotation":0,"texture":"#0","tintindex":0}}},{"from":[13.477583,9.500012,1.0314741],"to":[14.15726,10.179689,6.166807],"rotation":{"angle":-45.0,"axis":"z","origin":[13.754488,9.902783,3.5991406]},"faces":{"east":{"uv":[10.375,3.625,11.5,3.75],"rotation":0,"texture":"#0","tintindex":0},"south":{"uv":[5.25,11.375,5.375,11.5],"rotation":0,"texture":"#0","tintindex":0},"north":{"uv":[10.625,8.375,10.75,8.5],"rotation":0,"texture":"#0","tintindex":0},"west":{"uv":[10.5,2.625,11.625,2.75],"rotation":0,"texture":"#0","tintindex":0},"up":{"uv":[9.375,11.75,9.25,10.625],"rotation":0,"texture":"#0","tintindex":0},"down":{"uv":[10.75,10.25,10.625,11.375],"rotation":0,"texture":"#0","tintindex":0}}},{"from":[10.579163,11.444643,-0.4159851],"to":[14.25445,12.955034,1.0692339],"rotation":{"angle":-22.5,"axis":"z","origin":[6.1990256,6.4100027,3.5991406]},"faces":{"east":{"uv":[8.875,10.625,9.25,11.0],"rotation":0,"texture":"#0","tintindex":0},"south":{"uv":[9.5,7.25,10.25,7.625],"rotation":0,"texture":"#0","tintindex":0},"north":{"uv":[9.5,6.875,10.25,7.25],"rotation":0,"texture":"#0","tintindex":0},"west":{"uv":[10.625,9.0,11.0,9.375],"rotation":0,"texture":"#0","tintindex":0},"up":{"uv":[10.25,8.0,9.5,7.625],"rotation":0,"texture":"#0","tintindex":0},"down":{"uv":[10.25,9.25,9.5,9.625],"rotation":0,"texture":"#0","tintindex":0}}},{"from":[10.579163,11.444643,6.1290474],"to":[14.25445,12.955034,7.614266],"rotation":{"angle":-22.5,"axis":"z","origin":[6.1990256,6.4100027,3.5991406]},"faces":{"east":{"uv":[10.5,2.25,10.875,2.625],"rotation":0,"texture":"#0","tintindex":0},"south":{"uv":[9.5,5.75,10.25,6.125],"rotation":0,"texture":"#0","tintindex":0},"north":{"uv":[5.0,9.5,5.75,9.875],"rotation":0,"texture":"#0","tintindex":0},"west":{"uv":[10.625,7.875,11.0,8.25],"rotation":0,"texture":"#0","tintindex":0},"up":{"uv":[10.25,6.5,9.5,6.125],"rotation":0,"texture":"#0","tintindex":0},"down":{"uv":[10.25,6.5,9.5,6.875],"rotation":0,"texture":"#0","tintindex":0}}},{"from":[-0.3178358,8.025059,5.057644],"to":[0.65636396,9.348973,7.1973658],"rotation":{"angle":-22.5,"axis":"y","origin":[-0.11645031,5.8498983,6.127505]},"faces":{"east":{"uv":[11.0,9.375,11.5,9.625],"rotation":0,"texture":"#0","tintindex":0},"south":{"uv":[11.25,10.25,11.5,10.5],"rotation":0,"texture":"#0","tintindex":0},"north":{"uv":[10.0,11.25,10.25,11.5],"rotation":0,"texture":"#0","tintindex":0},"west":{"uv":[11.0,9.625,11.5,9.875],"rotation":0,"texture":"#0","tintindex":0},"up":{"uv":[6.75,11.375,6.5,10.875],"rotation":0,"texture":"#0","tintindex":0},"down":{"uv":[10.5,10.875,10.25,11.375],"rotation":0,"texture":"#0","tintindex":0}}},{"from":[0.03509426,8.025059,5.6129966],"to":[1.9230838,9.373413,8.130317],"rotation":{"angle":-45.0,"axis":"y","origin":[0.97908926,5.8498983,6.6828575]},"faces":{"east":{"uv":[11.0,8.875,11.5,9.125],"rotation":0,"texture":"#0","tintindex":0},"south":{"uv":[1.375,11.125,1.75,11.375],"rotation":0,"texture":"#0","tintindex":0},"north":{"uv":[1.0,11.125,1.375,11.375],"rotation":0,"texture":"#0","tintindex":0},"west":{"uv":[11.0,9.125,11.5,9.375],"rotation":0,"texture":"#0","tintindex":0},"up":{"uv":[6.125,10.875,5.75,10.375],"rotation":0,"texture":"#0","tintindex":0},"down":{"uv":[6.5,10.375,6.125,10.875],"rotation":0,"texture":"#0","tintindex":0}}},{"from":[0.06956053,8.025059,7.1342297],"to":[2.2092829,9.348973,8.10843],"rotation":{"angle":22.5,"axis":"y","origin":[1.0135555,5.8498983,6.8497696]},"faces":{"east":{"uv":[8.875,11.25,9.125,11.5],"rotation":0,"texture":"#0","tintindex":0},"south":{"uv":[11.0,1.0,11.5,1.25],"rotation":0,"texture":"#0","tintindex":0},"north":{"uv":[11.0,0.75,11.5,1.0],"rotation":0,"texture":"#0","tintindex":0},"west":{"uv":[9.75,11.25,10.0,11.5],"rotation":0,"texture":"#0","tintindex":0},"up":{"uv":[11.5,1.5,11.0,1.25],"rotation":0,"texture":"#0","tintindex":0},"down":{"uv":[11.5,7.875,11.0,8.125],"rotation":0,"texture":"#0","tintindex":0}}},{"from":[13.971754,8.025059,7.1342297],"to":[16.111477,9.348973,8.10843],"rotation":{"angle":-22.5,"axis":"y","origin":[15.167481,5.8498983,6.8497696]},"faces":{"east":{"uv":[11.25,8.375,11.5,8.625],"rotation":0,"texture":"#0","tintindex":0},"south":{"uv":[7.5,10.875,8.0,11.125],"rotation":0,"texture":"#0","tintindex":0},"north":{"uv":[7.0,10.875,7.5,11.125],"rotation":0,"texture":"#0","tintindex":0},"west":{"uv":[11.25,8.625,11.5,8.875],"rotation":0,"texture":"#0","tintindex":0},"up":{"uv":[10.25,11.125,9.75,10.875],"rotation":0,"texture":"#0","tintindex":0},"down":{"uv":[11.5,0.0,11.0,0.25],"rotation":0,"texture":"#0","tintindex":0}}},{"from":[14.257953,8.025059,5.6129966],"to":[16.145943,9.373413,8.130317],"rotation":{"angle":45.0,"axis":"y","origin":[15.201948,5.8498983,6.6828575]},"faces":{"east":{"uv":[10.875,5.5,11.375,5.75],"rotation":0,"texture":"#0","tintindex":0},"south":{"uv":[0.25,11.125,0.625,11.375],"rotation":0,"texture":"#0","tintindex":0},"north":{"uv":[11.0,10.75,11.375,11.0],"rotation":0,"texture":"#0","tintindex":0},"west":{"uv":[6.0,10.875,6.5,11.125],"rotation":0,"texture":"#0","tintindex":0},"up":{"uv":[5.375,10.875,5.0,10.375],"rotation":0,"texture":"#0","tintindex":0},"down":{"uv":[5.75,10.375,5.375,10.875],"rotation":0,"texture":"#0","tintindex":0}}},{"from":[15.5246725,8.025059,5.057644],"to":[16.498873,9.348973,7.1973658],"rotation":{"angle":22.5,"axis":"y","origin":[16.297487,5.8498983,6.127505]},"faces":{"east":{"uv":[5.0,10.875,5.5,11.125],"rotation":0,"texture":"#0","tintindex":0},"south":{"uv":[11.25,7.625,11.5,7.875],"rotation":0,"texture":"#0","tintindex":0},"north":{"uv":[11.25,7.375,11.5,7.625],"rotation":0,"texture":"#0","tintindex":0},"west":{"uv":[10.875,5.25,11.375,5.5],"rotation":0,"texture":"#0","tintindex":0},"up":{"uv":[5.75,11.375,5.5,10.875],"rotation":0,"texture":"#0","tintindex":0},"down":{"uv":[6.0,10.875,5.75,11.375],"rotation":0,"texture":"#0","tintindex":0}}},{"from":[-0.3178358,8.025059,9.150505E-4],"to":[0.65636396,9.348973,2.1406374],"rotation":{"angle":22.5,"axis":"y","origin":[-0.11645031,5.8498983,1.0707765]},"faces":{"east":{"uv":[10.875,2.875,11.375,3.125],"rotation":0,"texture":"#0","tintindex":0},"south":{"uv":[11.25,7.125,11.5,7.375],"rotation":0,"texture":"#0","tintindex":0},"north":{"uv":[11.25,6.5,11.5,6.75],"rotation":0,"texture":"#0","tintindex":0},"west":{"uv":[3.0,10.875,3.5,11.125],"rotation":0,"texture":"#0","tintindex":0},"up":{"uv":[1.0,11.375,0.75,10.875],"rotation":0,"texture":"#0","tintindex":0},"down":{"uv":[11.125,4.75,10.875,5.25],"rotation":0,"texture":"#0","tintindex":0}}},{"from":[0.03509426,8.025059,-0.93203545],"to":[1.9230838,9.373413,1.5852842],"rotation":{"angle":45.0,"axis":"y","origin":[0.97908926,5.8498983,0.5154238]},"faces":{"east":{"uv":[10.875,2.25,11.375,2.5],"rotation":0,"texture":"#0","tintindex":0},"south":{"uv":[10.75,11.0,11.125,11.25],"rotation":0,"texture":"#0","tintindex":0},"north":{"uv":[11.0,10.5,11.375,10.75],"rotation":0,"texture":"#0","tintindex":0},"west":{"uv":[2.5,10.875,3.0,11.125],"rotation":0,"texture":"#0","tintindex":0},"up":{"uv":[3.125,10.875,2.75,10.375],"rotation":0,"texture":"#0","tintindex":0},"down":{"uv":[3.5,10.375,3.125,10.875],"rotation":0,"texture":"#0","tintindex":0}}},{"from":[0.06956053,8.025059,-0.9101486],"to":[2.2092829,9.348973,0.06405115],"rotation":{"angle":-22.5,"axis":"y","origin":[1.0135555,5.8498983,0.3485117]},"faces":{"east":{"uv":[11.25,6.0,11.5,6.25],"rotation":0,"texture":"#0","tintindex":0},"south":{"uv":[10.875,1.75,11.375,2.0],"rotation":0,"texture":"#0","tintindex":0},"north":{"uv":[0.25,10.875,0.75,11.125],"rotation":0,"texture":"#0","tintindex":0},"west":{"uv":[11.25,6.25,11.5,6.5],"rotation":0,"texture":"#0","tintindex":0},"up":{"uv":[2.5,11.125,2.0,10.875],"rotation":0,"texture":"#0","tintindex":0},"down":{"uv":[11.375,2.0,10.875,2.25],"rotation":0,"texture":"#0","tintindex":0}}},{"from":[15.5246725,8.025059,9.150505E-4],"to":[16.498873,9.348973,2.1406374],"rotation":{"angle":-22.5,"axis":"y","origin":[16.297487,5.8498983,1.0707765]},"faces":{"east":{"uv":[10.75,8.625,11.25,8.875],"rotation":0,"texture":"#0","tintindex":0},"south":{"uv":[11.25,5.75,11.5,6.0],"rotation":0,"texture":"#0","tintindex":0},"north":{"uv":[11.25,1.5,11.5,1.75],"rotation":0,"texture":"#0","tintindex":0},"west":{"uv":[10.75,10.25,11.25,10.5],"rotation":0,"texture":"#0","tintindex":0},"up":{"uv":[11.0,11.0,10.75,10.5],"rotation":0,"texture":"#0","tintindex":0},"down":{"uv":[0.25,10.875,0.0,11.375],"rotation":0,"texture":"#0","tintindex":0}}},{"from":[14.257953,8.025059,-0.93203545],"to":[16.145943,9.373413,1.5852842],"rotation":{"angle":-45.0,"axis":"y","origin":[15.201948,5.8498983,0.5154238]},"faces":{"east":{"uv":[10.75,7.625,11.25,7.875],"rotation":0,"texture":"#0","tintindex":0},"south":{"uv":[8.875,11.0,9.25,11.25],"rotation":0,"texture":"#0","tintindex":0},"north":{"uv":[3.125,7.625,3.5,7.875],"rotation":0,"texture":"#0","tintindex":0},"west":{"uv":[10.75,8.375,11.25,8.625],"rotation":0,"texture":"#0","tintindex":0},"up":{"uv":[2.375,10.875,2.0,10.375],"rotation":0,"texture":"#0","tintindex":0},"down":{"uv":[2.75,10.375,2.375,10.875],"rotation":0,"texture":"#0","tintindex":0}}},{"from":[13.971754,8.025059,-0.9101486],"to":[16.111477,9.348973,0.06405115],"rotation":{"angle":22.5,"axis":"y","origin":[15.167481,5.8498983,0.3485117]},"faces":{"east":{"uv":[3.5,9.25,3.75,9.5],"rotation":0,"texture":"#0","tintindex":0},"south":{"uv":[10.75,1.5,11.25,1.75],"rotation":0,"texture":"#0","tintindex":0},"north":{"uv":[10.75,0.5,11.25,0.75],"rotation":0,"texture":"#0","tintindex":0},"west":{"uv":[7.75,11.125,8.0,11.375],"rotation":0,"texture":"#0","tintindex":0},"up":{"uv":[11.25,7.375,10.75,7.125],"rotation":0,"texture":"#0","tintindex":0},"down":{"uv":[11.25,7.375,10.75,7.625],"rotation":0,"texture":"#0","tintindex":0}}},{"from":[0.03509426,8.367218,-0.4285717],"to":[16.145943,9.374146,7.6268525],"rotation":{"angle":0.0,"axis":"y","origin":[8.090519,3.3325782,-0.4285717]},"faces":{"east":{"uv":[9.0,0.5,10.75,0.75],"rotation":0,"texture":"#0","tintindex":0},"south":{"uv":[6.875,3.5,10.375,3.75],"rotation":0,"texture":"#0","tintindex":0},"north":{"uv":[6.875,3.25,10.375,3.5],"rotation":0,"texture":"#0","tintindex":0},"west":{"uv":[9.0,1.5,10.75,1.75],"rotation":0,"texture":"#0","tintindex":0},"up":{"uv":[3.5,5.25,0.0,3.5],"rotation":0,"texture":"#0","tintindex":0},"down":{"uv":[7.0,0.0,3.5,1.75],"rotation":0,"texture":"#0","tintindex":0}}}],"display":{"head":{"translation":[0.0,-6.4,0.0],"scale":[4.0,4.0,4.0]}}}