{"textures":{"0":"minecraft:modelengine/entity/lazer_tower_tier1"},"elements":[{"from":[6.4355564,7.2400646,9.5132265],"to":[9.564444,20.759937,11.792591],"rotation":{"angle":0.0,"axis":"y","origin":[8.0,7.942706,8.0]},"faces":{"east":{"uv":[3.75,6.5,3.9375,7.5],"rotation":0,"texture":"#0","tintindex":0},"south":{"uv":[0.75,4.875,1.0,5.875],"rotation":0,"texture":"#0","tintindex":0},"north":{"uv":[0.5,4.875,0.75,5.875],"rotation":0,"texture":"#0","tintindex":0},"west":{"uv":[4.0,6.5,4.1875,7.5],"rotation":0,"texture":"#0","tintindex":0},"up":{"uv":[10.0,11.4375,9.75,11.25],"rotation":0,"texture":"#0","tintindex":0},"down":{"uv":[10.25,11.25,10.0,11.4375],"rotation":0,"texture":"#0","tintindex":0}}},{"from":[9.519294,7.2400646,6.4355564],"to":[11.792591,20.759937,9.564444],"rotation":{"angle":0.0,"axis":"y","origin":[8.0,7.942706,8.0]},"faces":{"east":{"uv":[3.0,4.875,3.25,5.875],"rotation":0,"texture":"#0","tintindex":0},"south":{"uv":[6.375,6.5,6.5625,7.5],"rotation":0,"texture":"#0","tintindex":0},"north":{"uv":[6.125,6.5,6.3125,7.5],"rotation":0,"texture":"#0","tintindex":0},"west":{"uv":[3.25,4.875,3.5,5.875],"rotation":0,"texture":"#0","tintindex":0},"up":{"uv":[11.1875,11.5,11.0,11.25],"rotation":0,"texture":"#0","tintindex":0},"down":{"uv":[11.4375,11.0,11.25,11.25],"rotation":0,"texture":"#0","tintindex":0}}},{"from":[9.941798,7.2400646,6.4237046],"to":[11.792591,20.759937,9.576296],"rotation":{"angle":-45.0,"axis":"y","origin":[8.0,7.942706,8.0]},"faces":{"east":{"uv":[3.5,4.875,3.75,5.875],"rotation":0,"texture":"#0","tintindex":0},"south":{"uv":[8.875,9.375,9.0,10.375],"rotation":0,"texture":"#0","tintindex":0},"north":{"uv":[8.5,9.375,8.625,10.375],"rotation":0,"texture":"#0","tintindex":0},"west":{"uv":[3.75,4.875,4.0,5.875],"rotation":0,"texture":"#0","tintindex":0},"up":{"uv":[5.375,11.25,5.25,11.0],"rotation":0,"texture":"#0","tintindex":0},"down":{"uv":[1.125,11.5,1.0,11.75],"rotation":0,"texture":"#0","tintindex":0}}},{"from":[4.207408,7.2400646,6.4355564],"to":[6.4807057,20.759937,9.564444],"rotation":{"angle":0.0,"axis":"y","origin":[7.999999,7.942706,8.0]},"faces":{"east":{"uv":[3.5,4.875,3.25,5.875],"rotation":0,"texture":"#0","tintindex":0},"south":{"uv":[6.5625,6.5,6.375,7.5],"rotation":0,"texture":"#0","tintindex":0},"north":{"uv":[6.3125,6.5,6.125,7.5],"rotation":0,"texture":"#0","tintindex":0},"west":{"uv":[3.25,4.875,3.0,5.875],"rotation":0,"texture":"#0","tintindex":0},"up":{"uv":[11.0,11.5,11.1875,11.25],"rotation":0,"texture":"#0","tintindex":0},"down":{"uv":[11.25,11.0,11.4375,11.25],"rotation":0,"texture":"#0","tintindex":0}}},{"from":[4.207408,7.2400646,6.4237046],"to":[6.0582013,20.759937,9.576296],"rotation":{"angle":45.0,"axis":"y","origin":[7.999999,7.942706,8.0]},"faces":{"east":{"uv":[4.0,4.875,3.75,5.875],"rotation":0,"texture":"#0","tintindex":0},"south":{"uv":[9.0,9.375,8.875,10.375],"rotation":0,"texture":"#0","tintindex":0},"north":{"uv":[8.625,9.375,8.5,10.375],"rotation":0,"texture":"#0","tintindex":0},"west":{"uv":[3.75,4.875,3.5,5.875],"rotation":0,"texture":"#0","tintindex":0},"up":{"uv":[5.25,11.25,5.375,11.0],"rotation":0,"texture":"#0","tintindex":0},"down":{"uv":[1.0,11.5,1.125,11.75],"rotation":0,"texture":"#0","tintindex":0}}},{"from":[6.4355564,7.2400646,4.207409],"to":[9.564444,20.759937,6.4867735],"rotation":{"angle":0.0,"axis":"y","origin":[8.0,7.942706,8.0]},"faces":{"east":{"uv":[3.9375,6.5,3.75,7.5],"rotation":0,"texture":"#0","tintindex":0},"south":{"uv":[0.75,4.875,0.5,5.875],"rotation":0,"texture":"#0","tintindex":0},"north":{"uv":[1.0,4.875,0.75,5.875],"rotation":0,"texture":"#0","tintindex":0},"west":{"uv":[4.1875,6.5,4.0,7.5],"rotation":0,"texture":"#0","tintindex":0},"up":{"uv":[10.0,11.25,9.75,11.4375],"rotation":0,"texture":"#0","tintindex":0},"down":{"uv":[10.25,11.4375,10.0,11.25],"rotation":0,"texture":"#0","tintindex":0}}},{"from":[9.941798,7.2400646,6.4237046],"to":[11.792591,20.759937,9.576296],"rotation":{"angle":45.0,"axis":"y","origin":[8.0,7.942706,8.0]},"faces":{"east":{"uv":[3.75,4.875,3.5,5.875],"rotation":0,"texture":"#0","tintindex":0},"south":{"uv":[8.625,9.375,8.5,10.375],"rotation":0,"texture":"#0","tintindex":0},"north":{"uv":[9.0,9.375,8.875,10.375],"rotation":0,"texture":"#0","tintindex":0},"west":{"uv":[4.0,4.875,3.75,5.875],"rotation":0,"texture":"#0","tintindex":0},"up":{"uv":[5.375,11.0,5.25,11.25],"rotation":0,"texture":"#0","tintindex":0},"down":{"uv":[1.125,11.75,1.0,11.5],"rotation":0,"texture":"#0","tintindex":0}}},{"from":[4.207408,7.2400646,6.4237046],"to":[6.0582013,20.759937,9.576296],"rotation":{"angle":-45.0,"axis":"y","origin":[7.999999,7.942706,8.0]},"faces":{"east":{"uv":[3.75,4.875,4.0,5.875],"rotation":0,"texture":"#0","tintindex":0},"south":{"uv":[8.5,9.375,8.625,10.375],"rotation":0,"texture":"#0","tintindex":0},"north":{"uv":[8.875,9.375,9.0,10.375],"rotation":0,"texture":"#0","tintindex":0},"west":{"uv":[3.5,4.875,3.75,5.875],"rotation":0,"texture":"#0","tintindex":0},"up":{"uv":[5.25,11.0,5.375,11.25],"rotation":0,"texture":"#0","tintindex":0},"down":{"uv":[1.0,11.75,1.125,11.5],"rotation":0,"texture":"#0","tintindex":0}}}],"display":{"head":{"translation":[0.0,-6.4,0.0],"scale":[4.0,4.0,4.0]}}}