{"textures":{"0":"minecraft:modelengine/entity/lazer_tower_tier1"},"elements":[{"from":[5.445977,5.090272,-11.8966255],"to":[10.554023,10.547183,-8.841768],"rotation":{"angle":0.0,"axis":"y","origin":[8.0,-4.8936024,14.223051]},"faces":{"east":{"uv":[3.5,6.625,3.75,7.0],"rotation":0,"texture":"#0","tintindex":0},"south":{"uv":[8.625,6.25,9.0,6.625],"rotation":0,"texture":"#0","tintindex":0},"north":{"uv":[3.125,8.625,3.5,9.0],"rotation":0,"texture":"#0","tintindex":0},"west":{"uv":[10.0,3.5,10.25,3.875],"rotation":0,"texture":"#0","tintindex":0},"up":{"uv":[10.375,4.125,10.0,3.875],"rotation":0,"texture":"#0","tintindex":0},"down":{"uv":[10.375,5.375,10.0,5.625],"rotation":0,"texture":"#0","tintindex":0}}},{"from":[5.723691,5.367986,-14.673769],"to":[10.276309,10.269468,-11.8966255],"rotation":{"angle":0.0,"axis":"y","origin":[8.0,-4.8936024,14.223051]},"faces":{"east":{"uv":[10.875,3.75,11.0625,4.125],"rotation":0,"texture":"#0","tintindex":0},"south":{"uv":[9.625,8.75,9.9375,9.125],"rotation":0,"texture":"#0","tintindex":0},"north":{"uv":[9.625,8.375,9.9375,8.75],"rotation":0,"texture":"#0","tintindex":0},"west":{"uv":[4.125,10.875,4.3125,11.25],"rotation":0,"texture":"#0","tintindex":0},"up":{"uv":[11.4375,8.3125,11.125,8.125],"rotation":0,"texture":"#0","tintindex":0},"down":{"uv":[11.4375,9.625,11.125,9.8125],"rotation":0,"texture":"#0","tintindex":0}}},{"from":[5.7931194,6.5395346,-16.0],"to":[10.206881,10.005405,-12.534128],"rotation":{"angle":-45.0,"axis":"x","origin":[8.0,7.5546646,-13.922701]},"faces":{"east":{"uv":[7.625,11.0,7.875,11.25],"rotation":0,"texture":"#0","tintindex":0},"south":{"uv":[10.75,0.0,11.0625,0.25],"rotation":0,"texture":"#0","tintindex":0},"north":{"uv":[10.625,10.625,10.9375,10.875],"rotation":0,"texture":"#0","tintindex":0},"west":{"uv":[11.0,8.375,11.25,8.625],"rotation":0,"texture":"#0","tintindex":0},"up":{"uv":[11.0625,0.5,10.75,0.25],"rotation":0,"texture":"#0","tintindex":0},"down":{"uv":[0.8125,10.75,0.5,11.0],"rotation":0,"texture":"#0","tintindex":0}}},{"from":[5.723691,6.3399863,-8.841768],"to":[10.276309,9.297468,20.318233],"rotation":{"angle":0.0,"axis":"y","origin":[8.0,-4.8936024,33.66305]},"faces":{"east":{"uv":[0.75,0.0,2.875,0.1875],"rotation":0,"texture":"#0","tintindex":0},"south":{"uv":[11.125,7.875,11.4375,8.0625],"rotation":0,"texture":"#0","tintindex":0},"north":{"uv":[11.125,7.625,11.4375,7.8125],"rotation":0,"texture":"#0","tintindex":0},"west":{"uv":[0.75,0.25,2.875,0.4375],"rotation":0,"texture":"#0","tintindex":0},"up":{"uv":[0.3125,2.125,0.0,0.0],"rotation":0,"texture":"#0","tintindex":0},"down":{"uv":[0.6875,0.0,0.375,2.125],"rotation":0,"texture":"#0","tintindex":0}}}],"display":{"head":{"translation":[0.0,-6.4,-8.980362],"scale":[4.0,4.0,4.0]}}}