{"textures":{"0":"minecraft:modelengine/entity/lazer_tower_tier1"},"elements":[{"from":[7.017464,6.9586253,-6.6742334],"to":[9.270403,9.041374,1.8971958],"rotation":{"angle":22.5,"axis":"y","origin":[8.238893,8.0,8.12271]},"faces":{"east":{"uv":[10.5,6.75,11.125,6.875],"rotation":0,"texture":"#0","tintindex":0},"south":{"uv":[1.25,11.625,1.4375,11.75],"rotation":0,"texture":"#0","tintindex":0},"north":{"uv":[11.5,9.75,11.6875,9.875],"rotation":0,"texture":"#0","tintindex":0},"west":{"uv":[10.625,5.75,11.25,5.875],"rotation":0,"texture":"#0","tintindex":0},"up":{"uv":[4.6875,10.125,4.5,9.5],"rotation":0,"texture":"#0","tintindex":0},"down":{"uv":[7.5625,9.5,7.375,10.125],"rotation":0,"texture":"#0","tintindex":0}}},{"from":[6.588893,6.7871966,1.8971958],"to":[9.698975,9.212803,8.704652],"rotation":{"angle":22.5,"axis":"y","origin":[8.238893,8.0,8.12271]},"faces":{"east":{"uv":[1.5,10.0,2.0,10.1875],"rotation":0,"texture":"#0","tintindex":0},"south":{"uv":[0.0,11.5,0.25,11.6875],"rotation":0,"texture":"#0","tintindex":0},"north":{"uv":[10.75,11.375,11.0,11.5625],"rotation":0,"texture":"#0","tintindex":0},"west":{"uv":[10.0,1.75,10.5,1.9375],"rotation":0,"texture":"#0","tintindex":0},"up":{"uv":[9.75,3.375,9.5,2.875],"rotation":0,"texture":"#0","tintindex":0},"down":{"uv":[3.625,9.5,3.375,10.0],"rotation":0,"texture":"#0","tintindex":0}}}],"display":{"head":{"translation":[0.0,-6.4,0.0],"scale":[4.0,4.0,4.0]}}}