{"textures":{"0":"minecraft:modelengine/entity/lazer_tower_tier1"},"elements":[{"from":[0.17209244,3.7545295,4.798011],"to":[4.864178,9.373829,11.256035],"rotation":{"angle":0.0,"axis":"y","origin":[8.0,-2.5095043,8.027022]},"faces":{"east":{"uv":[4.0,5.75,4.5,6.1875],"rotation":0,"texture":"#0","tintindex":0},"south":{"uv":[8.75,1.75,9.0625,2.1875],"rotation":0,"texture":"#0","tintindex":0},"north":{"uv":[8.75,1.25,9.0625,1.6875],"rotation":0,"texture":"#0","tintindex":0},"west":{"uv":[0.0,5.875,0.5,6.3125],"rotation":0,"texture":"#0","tintindex":0},"up":{"uv":[5.1875,8.125,4.875,7.625],"rotation":0,"texture":"#0","tintindex":0},"down":{"uv":[5.5625,7.625,5.25,8.125],"rotation":0,"texture":"#0","tintindex":0}}},{"from":[5.309157,4.708519,5.4242735],"to":[10.690844,9.105554,10.629772],"rotation":{"angle":0.0,"axis":"y","origin":[8.0,-0.94008064,8.027022]},"faces":{"east":{"uv":[9.625,3.375,10.0,3.6875],"rotation":0,"texture":"#0","tintindex":0},"south":{"uv":[9.625,3.75,10.0,4.0625],"rotation":0,"texture":"#0","tintindex":0},"north":{"uv":[9.625,2.5,10.0,2.8125],"rotation":0,"texture":"#0","tintindex":0},"west":{"uv":[9.625,5.5,10.0,5.8125],"rotation":0,"texture":"#0","tintindex":0},"up":{"uv":[2.75,9.0,2.375,8.625],"rotation":0,"texture":"#0","tintindex":0},"down":{"uv":[3.125,8.625,2.75,9.0],"rotation":0,"texture":"#0","tintindex":0}}},{"from":[0.17209244,3.7973866,4.7735486],"to":[3.9921293,9.330972,11.280497],"rotation":{"angle":45.0,"axis":"y","origin":[8.0,-2.5095043,8.027022]},"faces":{"east":{"uv":[0.5,5.875,1.0,6.3125],"rotation":0,"texture":"#0","tintindex":0},"south":{"uv":[5.0,9.75,5.25,10.1875],"rotation":0,"texture":"#0","tintindex":0},"north":{"uv":[4.75,9.75,5.0,10.1875],"rotation":0,"texture":"#0","tintindex":0},"west":{"uv":[1.0,5.875,1.5,6.3125],"rotation":0,"texture":"#0","tintindex":0},"up":{"uv":[1.5,10.0,1.25,9.5],"rotation":0,"texture":"#0","tintindex":0},"down":{"uv":[1.75,9.5,1.5,10.0],"rotation":0,"texture":"#0","tintindex":0}}},{"from":[0.17209244,3.7973866,4.7735486],"to":[3.9921293,9.330972,11.280497],"rotation":{"angle":-45.0,"axis":"y","origin":[8.0,-2.5095043,8.027022]},"faces":{"east":{"uv":[2.75,5.875,3.25,6.3125],"rotation":0,"texture":"#0","tintindex":0},"south":{"uv":[5.75,9.75,6.0,10.1875],"rotation":0,"texture":"#0","tintindex":0},"north":{"uv":[5.25,9.75,5.5,10.1875],"rotation":0,"texture":"#0","tintindex":0},"west":{"uv":[3.25,5.875,3.75,6.3125],"rotation":0,"texture":"#0","tintindex":0},"up":{"uv":[2.0,10.0,1.75,9.5],"rotation":0,"texture":"#0","tintindex":0},"down":{"uv":[2.25,9.5,2.0,10.0],"rotation":0,"texture":"#0","tintindex":0}}},{"from":[12.00787,3.7973866,4.7735486],"to":[15.827907,9.330972,11.280497],"rotation":{"angle":45.0,"axis":"y","origin":[7.999999,-2.5095043,8.027022]},"faces":{"east":{"uv":[3.75,5.875,3.25,6.3125],"rotation":0,"texture":"#0","tintindex":0},"south":{"uv":[6.0,9.75,5.75,10.1875],"rotation":0,"texture":"#0","tintindex":0},"north":{"uv":[5.5,9.75,5.25,10.1875],"rotation":0,"texture":"#0","tintindex":0},"west":{"uv":[3.25,5.875,2.75,6.3125],"rotation":0,"texture":"#0","tintindex":0},"up":{"uv":[1.75,10.0,2.0,9.5],"rotation":0,"texture":"#0","tintindex":0},"down":{"uv":[2.0,9.5,2.25,10.0],"rotation":0,"texture":"#0","tintindex":0}}},{"from":[11.135821,3.7545295,4.798011],"to":[15.827907,9.373829,11.256035],"rotation":{"angle":0.0,"axis":"y","origin":[7.999999,-2.5095043,8.027022]},"faces":{"east":{"uv":[0.5,5.875,0.0,6.3125],"rotation":0,"texture":"#0","tintindex":0},"south":{"uv":[9.0625,1.75,8.75,2.1875],"rotation":0,"texture":"#0","tintindex":0},"north":{"uv":[9.0625,1.25,8.75,1.6875],"rotation":0,"texture":"#0","tintindex":0},"west":{"uv":[4.5,5.75,4.0,6.1875],"rotation":0,"texture":"#0","tintindex":0},"up":{"uv":[4.875,8.125,5.1875,7.625],"rotation":0,"texture":"#0","tintindex":0},"down":{"uv":[5.25,7.625,5.5625,8.125],"rotation":0,"texture":"#0","tintindex":0}}},{"from":[12.00787,3.7973866,4.7735486],"to":[15.827907,9.330972,11.280497],"rotation":{"angle":-45.0,"axis":"y","origin":[7.999999,-2.5095043,8.027022]},"faces":{"east":{"uv":[1.5,5.875,1.0,6.3125],"rotation":0,"texture":"#0","tintindex":0},"south":{"uv":[5.25,9.75,5.0,10.1875],"rotation":0,"texture":"#0","tintindex":0},"north":{"uv":[5.0,9.75,4.75,10.1875],"rotation":0,"texture":"#0","tintindex":0},"west":{"uv":[1.0,5.875,0.5,6.3125],"rotation":0,"texture":"#0","tintindex":0},"up":{"uv":[1.25,10.0,1.5,9.5],"rotation":0,"texture":"#0","tintindex":0},"down":{"uv":[1.5,9.5,1.75,10.0],"rotation":0,"texture":"#0","tintindex":0}}},{"from":[4.770988,3.7545295,0.19911528],"to":[11.229012,9.373829,4.9037237],"rotation":{"angle":0.0,"axis":"y","origin":[8.0,-2.5095043,8.027022]},"faces":{"east":{"uv":[8.75,3.625,9.0625,4.0625],"rotation":0,"texture":"#0","tintindex":0},"south":{"uv":[5.875,5.75,6.375,6.1875],"rotation":0,"texture":"#0","tintindex":0},"north":{"uv":[5.875,5.25,6.375,5.6875],"rotation":0,"texture":"#0","tintindex":0},"west":{"uv":[8.75,4.125,9.0625,4.5625],"rotation":0,"texture":"#0","tintindex":0},"up":{"uv":[8.125,5.5625,7.625,5.25],"rotation":0,"texture":"#0","tintindex":0},"down":{"uv":[8.125,5.625,7.625,5.9375],"rotation":0,"texture":"#0","tintindex":0}}},{"from":[4.770988,3.7545295,11.150322],"to":[11.229012,9.373829,15.85493],"rotation":{"angle":0.0,"axis":"y","origin":[8.0,-2.5095043,8.027022]},"faces":{"east":{"uv":[4.375,8.75,4.6875,9.1875],"rotation":0,"texture":"#0","tintindex":0},"south":{"uv":[6.0,2.5,6.5,2.9375],"rotation":0,"texture":"#0","tintindex":0},"north":{"uv":[6.0,2.0,6.5,2.4375],"rotation":0,"texture":"#0","tintindex":0},"west":{"uv":[8.875,2.875,9.1875,3.3125],"rotation":0,"texture":"#0","tintindex":0},"up":{"uv":[8.125,7.6875,7.625,7.375],"rotation":0,"texture":"#0","tintindex":0},"down":{"uv":[8.25,0.0,7.75,0.3125],"rotation":0,"texture":"#0","tintindex":0}}},{"from":[5.8473253,8.5339365,10.109222],"to":[10.152675,10.851564,13.245627],"rotation":{"angle":0.0,"axis":"y","origin":[8.0,4.015057,8.027022]},"faces":{"east":{"uv":[11.25,11.25,11.5,11.4375],"rotation":0,"texture":"#0","tintindex":0},"south":{"uv":[11.125,1.375,11.4375,1.5625],"rotation":0,"texture":"#0","tintindex":0},"north":{"uv":[1.125,11.125,1.4375,11.3125],"rotation":0,"texture":"#0","tintindex":0},"west":{"uv":[11.375,0.0,11.625,0.1875],"rotation":0,"texture":"#0","tintindex":0},"up":{"uv":[10.8125,9.125,10.5,8.875],"rotation":0,"texture":"#0","tintindex":0},"down":{"uv":[8.1875,10.625,7.875,10.875],"rotation":0,"texture":"#0","tintindex":0}}},{"from":[5.8473253,8.5339365,2.8084173],"to":[10.152675,10.851564,5.9448233],"rotation":{"angle":0.0,"axis":"y","origin":[8.0,4.015057,8.027022]},"faces":{"east":{"uv":[11.375,0.875,11.625,1.0625],"rotation":0,"texture":"#0","tintindex":0},"south":{"uv":[11.125,1.625,11.4375,1.8125],"rotation":0,"texture":"#0","tintindex":0},"north":{"uv":[1.5,11.125,1.8125,11.3125],"rotation":0,"texture":"#0","tintindex":0},"west":{"uv":[1.125,11.375,1.375,11.5625],"rotation":0,"texture":"#0","tintindex":0},"up":{"uv":[8.5625,10.875,8.25,10.625],"rotation":0,"texture":"#0","tintindex":0},"down":{"uv":[8.9375,10.625,8.625,10.875],"rotation":0,"texture":"#0","tintindex":0}}},{"from":[5.8473253,8.5339365,5.9448233],"to":[10.152675,10.851564,10.109222],"rotation":{"angle":0.0,"axis":"y","origin":[8.0,4.015057,8.027022]},"faces":{"east":{"uv":[11.125,3.875,11.4375,4.0625],"rotation":0,"texture":"#0","tintindex":0},"south":{"uv":[11.125,4.125,11.4375,4.3125],"rotation":0,"texture":"#0","tintindex":0},"north":{"uv":[11.125,3.125,11.4375,3.3125],"rotation":0,"texture":"#0","tintindex":0},"west":{"uv":[11.125,4.375,11.4375,4.5625],"rotation":0,"texture":"#0","tintindex":0},"up":{"uv":[7.1875,10.0625,6.875,9.75],"rotation":0,"texture":"#0","tintindex":0},"down":{"uv":[0.3125,9.875,0.0,10.1875],"rotation":0,"texture":"#0","tintindex":0}}},{"from":[10.671914,8.5339365,5.85804],"to":[13.218605,10.808707,10.196006],"rotation":{"angle":45.0,"axis":"y","origin":[8.0,4.015057,8.027022]},"faces":{"east":{"uv":[11.125,5.125,11.4375,5.3125],"rotation":0,"texture":"#0","tintindex":0},"south":{"uv":[11.5,2.875,11.6875,3.0625],"rotation":0,"texture":"#0","tintindex":0},"north":{"uv":[2.875,11.5,3.0625,11.6875],"rotation":0,"texture":"#0","tintindex":0},"west":{"uv":[11.125,5.375,11.4375,5.5625],"rotation":0,"texture":"#0","tintindex":0},"up":{"uv":[4.0625,11.4375,3.875,11.125],"rotation":0,"texture":"#0","tintindex":0},"down":{"uv":[4.9375,11.125,4.75,11.4375],"rotation":0,"texture":"#0","tintindex":0}}},{"from":[10.090548,8.5339365,5.874348],"to":[13.218605,10.851564,10.179697],"rotation":{"angle":0.0,"axis":"y","origin":[8.0,4.015057,8.027022]},"faces":{"east":{"uv":[5.75,11.125,6.0625,11.3125],"rotation":0,"texture":"#0","tintindex":0},"south":{"uv":[1.875,11.375,2.125,11.5625],"rotation":0,"texture":"#0","tintindex":0},"north":{"uv":[1.625,11.375,1.875,11.5625],"rotation":0,"texture":"#0","tintindex":0},"west":{"uv":[11.125,5.875,11.4375,6.0625],"rotation":0,"texture":"#0","tintindex":0},"up":{"uv":[10.875,10.3125,10.625,10.0],"rotation":0,"texture":"#0","tintindex":0},"down":{"uv":[10.625,10.625,10.375,10.9375],"rotation":0,"texture":"#0","tintindex":0}}},{"from":[10.671914,8.5339365,5.85804],"to":[13.218605,10.808707,10.196006],"rotation":{"angle":-45.0,"axis":"y","origin":[8.0,4.015057,8.027022]},"faces":{"east":{"uv":[11.125,6.75,11.4375,6.9375],"rotation":0,"texture":"#0","tintindex":0},"south":{"uv":[11.5,3.125,11.6875,3.3125],"rotation":0,"texture":"#0","tintindex":0},"north":{"uv":[3.125,11.5,3.3125,11.6875],"rotation":0,"texture":"#0","tintindex":0},"west":{"uv":[11.125,7.0,11.4375,7.1875],"rotation":0,"texture":"#0","tintindex":0},"up":{"uv":[6.6875,11.4375,6.5,11.125],"rotation":0,"texture":"#0","tintindex":0},"down":{"uv":[11.3125,7.25,11.125,7.5625],"rotation":0,"texture":"#0","tintindex":0}}},{"from":[6.234807,10.799666,9.7344265],"to":[9.765193,12.014406,12.306279],"rotation":{"angle":0.0,"axis":"y","origin":[8.0,7.094185,8.027022]},"faces":{"east":{"uv":[11.625,9.375,11.8125,9.4375],"rotation":0,"texture":"#0","tintindex":0},"south":{"uv":[11.625,2.5,11.875,2.5625],"rotation":0,"texture":"#0","tintindex":0},"north":{"uv":[1.75,11.625,2.0,11.6875],"rotation":0,"texture":"#0","tintindex":0},"west":{"uv":[11.625,10.375,11.8125,10.4375],"rotation":0,"texture":"#0","tintindex":0},"up":{"uv":[11.625,3.6875,11.375,3.5],"rotation":0,"texture":"#0","tintindex":0},"down":{"uv":[11.625,5.625,11.375,5.8125],"rotation":0,"texture":"#0","tintindex":0}}},{"from":[6.234807,10.799666,3.7477665],"to":[9.765193,12.014406,6.319619],"rotation":{"angle":0.0,"axis":"y","origin":[8.0,7.094185,8.027022]},"faces":{"east":{"uv":[10.625,11.625,10.8125,11.6875],"rotation":0,"texture":"#0","tintindex":0},"south":{"uv":[11.625,3.625,11.875,3.6875],"rotation":0,"texture":"#0","tintindex":0},"north":{"uv":[11.625,3.5,11.875,3.5625],"rotation":0,"texture":"#0","tintindex":0},"west":{"uv":[11.625,11.0,11.8125,11.0625],"rotation":0,"texture":"#0","tintindex":0},"up":{"uv":[6.0,11.5625,5.75,11.375],"rotation":0,"texture":"#0","tintindex":0},"down":{"uv":[11.625,7.25,11.375,7.4375],"rotation":0,"texture":"#0","tintindex":0}}},{"from":[6.234807,10.799666,6.319619],"to":[9.765193,12.014406,9.7344265],"rotation":{"angle":0.0,"axis":"y","origin":[8.0,7.094185,8.027022]},"faces":{"east":{"uv":[11.625,5.625,11.875,5.6875],"rotation":0,"texture":"#0","tintindex":0},"south":{"uv":[5.75,11.625,6.0,11.6875],"rotation":0,"texture":"#0","tintindex":0},"north":{"uv":[5.5,11.625,5.75,11.6875],"rotation":0,"texture":"#0","tintindex":0},"west":{"uv":[11.625,5.75,11.875,5.8125],"rotation":0,"texture":"#0","tintindex":0},"up":{"uv":[11.25,0.75,11.0,0.5],"rotation":0,"texture":"#0","tintindex":0},"down":{"uv":[4.75,11.0,4.5,11.25],"rotation":0,"texture":"#0","tintindex":0}}},{"from":[10.190969,10.799666,6.248457],"to":[12.279257,11.97155,9.805589],"rotation":{"angle":45.0,"axis":"y","origin":[8.0,7.094185,8.027022]},"faces":{"east":{"uv":[11.625,7.375,11.875,7.4375],"rotation":0,"texture":"#0","tintindex":0},"south":{"uv":[7.375,1.125,7.5,1.1875],"rotation":0,"texture":"#0","tintindex":0},"north":{"uv":[2.125,7.25,2.25,7.3125],"rotation":0,"texture":"#0","tintindex":0},"west":{"uv":[8.75,11.625,9.0,11.6875],"rotation":0,"texture":"#0","tintindex":0},"up":{"uv":[11.375,11.75,11.25,11.5],"rotation":0,"texture":"#0","tintindex":0},"down":{"uv":[11.625,11.25,11.5,11.5],"rotation":0,"texture":"#0","tintindex":0}}},{"from":[9.757107,10.799666,6.2618294],"to":[12.279257,12.014406,9.792215],"rotation":{"angle":0.0,"axis":"y","origin":[8.0,7.094185,8.027022]},"faces":{"east":{"uv":[11.625,8.75,11.875,8.8125],"rotation":0,"texture":"#0","tintindex":0},"south":{"uv":[11.625,11.5,11.8125,11.5625],"rotation":0,"texture":"#0","tintindex":0},"north":{"uv":[11.625,11.375,11.8125,11.4375],"rotation":0,"texture":"#0","tintindex":0},"west":{"uv":[11.625,8.875,11.875,8.9375],"rotation":0,"texture":"#0","tintindex":0},"up":{"uv":[9.1875,11.625,9.0,11.375],"rotation":0,"texture":"#0","tintindex":0},"down":{"uv":[11.5625,9.0,11.375,9.25],"rotation":0,"texture":"#0","tintindex":0}}},{"from":[10.190969,10.799666,6.248457],"to":[12.279257,11.97155,9.805589],"rotation":{"angle":-45.0,"axis":"y","origin":[8.0,7.094185,8.027022]},"faces":{"east":{"uv":[9.0,11.625,9.25,11.6875],"rotation":0,"texture":"#0","tintindex":0},"south":{"uv":[1.0,7.5,1.125,7.5625],"rotation":0,"texture":"#0","tintindex":0},"north":{"uv":[3.625,7.375,3.75,7.4375],"rotation":0,"texture":"#0","tintindex":0},"west":{"uv":[11.625,9.0,11.875,9.0625],"rotation":0,"texture":"#0","tintindex":0},"up":{"uv":[11.5,11.75,11.375,11.5],"rotation":0,"texture":"#0","tintindex":0},"down":{"uv":[11.625,11.5,11.5,11.75],"rotation":0,"texture":"#0","tintindex":0}}},{"from":[2.781394,8.5339365,5.85804],"to":[5.3280854,10.808707,10.196006],"rotation":{"angle":-45.0,"axis":"y","origin":[7.999999,4.015057,8.027022]},"faces":{"east":{"uv":[11.4375,5.375,11.125,5.5625],"rotation":0,"texture":"#0","tintindex":0},"south":{"uv":[11.6875,2.875,11.5,3.0625],"rotation":0,"texture":"#0","tintindex":0},"north":{"uv":[3.0625,11.5,2.875,11.6875],"rotation":0,"texture":"#0","tintindex":0},"west":{"uv":[11.4375,5.125,11.125,5.3125],"rotation":0,"texture":"#0","tintindex":0},"up":{"uv":[3.875,11.4375,4.0625,11.125],"rotation":0,"texture":"#0","tintindex":0},"down":{"uv":[4.75,11.125,4.9375,11.4375],"rotation":0,"texture":"#0","tintindex":0}}},{"from":[3.7207432,10.799666,6.248457],"to":[5.8090296,11.97155,9.805589],"rotation":{"angle":-45.0,"axis":"y","origin":[7.999999,7.094185,8.027022]},"faces":{"east":{"uv":[9.0,11.625,8.75,11.6875],"rotation":0,"texture":"#0","tintindex":0},"south":{"uv":[7.5,1.125,7.375,1.1875],"rotation":0,"texture":"#0","tintindex":0},"north":{"uv":[2.25,7.25,2.125,7.3125],"rotation":0,"texture":"#0","tintindex":0},"west":{"uv":[11.875,7.375,11.625,7.4375],"rotation":0,"texture":"#0","tintindex":0},"up":{"uv":[11.25,11.75,11.375,11.5],"rotation":0,"texture":"#0","tintindex":0},"down":{"uv":[11.5,11.25,11.625,11.5],"rotation":0,"texture":"#0","tintindex":0}}},{"from":[2.781394,8.5339365,5.874348],"to":[5.9094515,10.851564,10.179697],"rotation":{"angle":0.0,"axis":"y","origin":[7.999999,4.015057,8.027022]},"faces":{"east":{"uv":[11.4375,5.875,11.125,6.0625],"rotation":0,"texture":"#0","tintindex":0},"south":{"uv":[2.125,11.375,1.875,11.5625],"rotation":0,"texture":"#0","tintindex":0},"north":{"uv":[1.875,11.375,1.625,11.5625],"rotation":0,"texture":"#0","tintindex":0},"west":{"uv":[6.0625,11.125,5.75,11.3125],"rotation":0,"texture":"#0","tintindex":0},"up":{"uv":[10.625,10.3125,10.875,10.0],"rotation":0,"texture":"#0","tintindex":0},"down":{"uv":[10.375,10.625,10.625,10.9375],"rotation":0,"texture":"#0","tintindex":0}}},{"from":[3.7207432,10.799666,6.2618294],"to":[6.2428927,12.014406,9.792215],"rotation":{"angle":0.0,"axis":"y","origin":[7.999999,7.094185,8.027022]},"faces":{"east":{"uv":[11.875,8.875,11.625,8.9375],"rotation":0,"texture":"#0","tintindex":0},"south":{"uv":[11.8125,11.5,11.625,11.5625],"rotation":0,"texture":"#0","tintindex":0},"north":{"uv":[11.8125,11.375,11.625,11.4375],"rotation":0,"texture":"#0","tintindex":0},"west":{"uv":[11.875,8.75,11.625,8.8125],"rotation":0,"texture":"#0","tintindex":0},"up":{"uv":[9.0,11.625,9.1875,11.375],"rotation":0,"texture":"#0","tintindex":0},"down":{"uv":[11.375,9.0,11.5625,9.25],"rotation":0,"texture":"#0","tintindex":0}}},{"from":[3.7207432,10.799666,6.248457],"to":[5.8090296,11.97155,9.805589],"rotation":{"angle":45.0,"axis":"y","origin":[7.999999,7.094185,8.027022]},"faces":{"east":{"uv":[11.875,9.0,11.625,9.0625],"rotation":0,"texture":"#0","tintindex":0},"south":{"uv":[1.125,7.5,1.0,7.5625],"rotation":0,"texture":"#0","tintindex":0},"north":{"uv":[3.75,7.375,3.625,7.4375],"rotation":0,"texture":"#0","tintindex":0},"west":{"uv":[9.25,11.625,9.0,11.6875],"rotation":0,"texture":"#0","tintindex":0},"up":{"uv":[11.375,11.75,11.5,11.5],"rotation":0,"texture":"#0","tintindex":0},"down":{"uv":[11.5,11.5,11.625,11.75],"rotation":0,"texture":"#0","tintindex":0}}},{"from":[2.781394,8.5339365,5.85804],"to":[5.3280854,10.808707,10.196006],"rotation":{"angle":45.0,"axis":"y","origin":[7.999999,4.015057,8.027022]},"faces":{"east":{"uv":[11.4375,7.0,11.125,7.1875],"rotation":0,"texture":"#0","tintindex":0},"south":{"uv":[11.6875,3.125,11.5,3.3125],"rotation":0,"texture":"#0","tintindex":0},"north":{"uv":[3.3125,11.5,3.125,11.6875],"rotation":0,"texture":"#0","tintindex":0},"west":{"uv":[11.4375,6.75,11.125,6.9375],"rotation":0,"texture":"#0","tintindex":0},"up":{"uv":[6.5,11.4375,6.6875,11.125],"rotation":0,"texture":"#0","tintindex":0},"down":{"uv":[11.125,7.25,11.3125,7.5625],"rotation":0,"texture":"#0","tintindex":0}}},{"from":[4.878065,4.884511,-0.628005],"to":[11.121935,8.586704,1.73771],"rotation":{"angle":0.0,"axis":"y","origin":[8.0,6.7356076,0.8881259]},"faces":{"east":{"uv":[0.75,11.5,0.9375,11.75],"rotation":0,"texture":"#0","tintindex":0},"south":{"uv":[9.625,5.875,10.0625,6.125],"rotation":0,"texture":"#0","tintindex":0},"north":{"uv":[9.625,4.125,10.0625,4.375],"rotation":0,"texture":"#0","tintindex":0},"west":{"uv":[11.5,1.375,11.6875,1.625],"rotation":0,"texture":"#0","tintindex":0},"up":{"uv":[10.6875,0.9375,10.25,0.75],"rotation":0,"texture":"#0","tintindex":0},"down":{"uv":[10.6875,3.5,10.25,3.6875],"rotation":0,"texture":"#0","tintindex":0}}},{"from":[10.366049,4.943654,0.682117],"to":[11.46449,8.527562,4.230689],"rotation":{"angle":22.5,"axis":"y","origin":[8.0,6.7356076,0.8881259]},"faces":{"east":{"uv":[11.0,6.5,11.25,6.75],"rotation":0,"texture":"#0","tintindex":0},"south":{"uv":[6.375,11.625,6.4375,11.875],"rotation":0,"texture":"#0","tintindex":0},"north":{"uv":[2.0,11.625,2.0625,11.875],"rotation":0,"texture":"#0","tintindex":0},"west":{"uv":[6.875,11.0,7.125,11.25],"rotation":0,"texture":"#0","tintindex":0},"up":{"uv":[11.6875,9.375,11.625,9.125],"rotation":0,"texture":"#0","tintindex":0},"down":{"uv":[11.6875,9.875,11.625,10.125],"rotation":0,"texture":"#0","tintindex":0}}},{"from":[4.53551,4.943654,0.682117],"to":[5.633951,8.527562,4.230689],"rotation":{"angle":-22.5,"axis":"y","origin":[8.0,6.7356076,0.8881259]},"faces":{"east":{"uv":[7.125,11.0,7.375,11.25],"rotation":0,"texture":"#0","tintindex":0},"south":{"uv":[10.25,11.625,10.3125,11.875],"rotation":0,"texture":"#0","tintindex":0},"north":{"uv":[11.625,10.125,11.6875,10.375],"rotation":0,"texture":"#0","tintindex":0},"west":{"uv":[7.375,11.0,7.625,11.25],"rotation":0,"texture":"#0","tintindex":0},"up":{"uv":[10.4375,11.875,10.375,11.625],"rotation":0,"texture":"#0","tintindex":0},"down":{"uv":[10.5625,11.625,10.5,11.875],"rotation":0,"texture":"#0","tintindex":0}}},{"from":[4.4480867,4.844993,14.405285],"to":[11.551913,8.926222,20.062428],"rotation":{"angle":0.0,"axis":"y","origin":[8.0,-3.4511585,5.794586]},"faces":{"east":{"uv":[3.5,8.875,3.9375,9.1875],"rotation":0,"texture":"#0","tintindex":0},"south":{"uv":[2.125,7.75,2.625,8.0625],"rotation":0,"texture":"#0","tintindex":0},"north":{"uv":[7.75,0.375,8.25,0.6875],"rotation":0,"texture":"#0","tintindex":0},"west":{"uv":[5.875,8.875,6.3125,9.1875],"rotation":0,"texture":"#0","tintindex":0},"up":{"uv":[6.5,3.4375,6.0,3.0],"rotation":0,"texture":"#0","tintindex":0},"down":{"uv":[6.5,4.25,6.0,4.6875],"rotation":0,"texture":"#0","tintindex":0}}},{"from":[3.0952663,4.8158507,13.834946],"to":[5.260161,8.998222,20.77575],"rotation":{"angle":-22.5,"axis":"y","origin":[6.647179,6.907037,18.377804]},"faces":{"east":{"uv":[2.625,7.75,3.125,8.0625],"rotation":0,"texture":"#0","tintindex":0},"south":{"uv":[11.25,0.375,11.4375,0.6875],"rotation":0,"texture":"#0","tintindex":0},"north":{"uv":[11.125,9.875,11.3125,10.1875],"rotation":0,"texture":"#0","tintindex":0},"west":{"uv":[3.125,7.75,3.625,8.0625],"rotation":0,"texture":"#0","tintindex":0},"up":{"uv":[4.4375,10.5,4.25,10.0],"rotation":0,"texture":"#0","tintindex":0},"down":{"uv":[10.1875,8.375,10.0,8.875],"rotation":0,"texture":"#0","tintindex":0}}},{"from":[10.73984,4.8158507,13.834946],"to":[12.904734,8.998222,20.77575],"rotation":{"angle":22.5,"axis":"y","origin":[9.35282,6.907037,18.377804]},"faces":{"east":{"uv":[7.75,6.0,8.25,6.3125],"rotation":0,"texture":"#0","tintindex":0},"south":{"uv":[4.125,11.25,4.3125,11.5625],"rotation":0,"texture":"#0","tintindex":0},"north":{"uv":[11.25,2.125,11.4375,2.4375],"rotation":0,"texture":"#0","tintindex":0},"west":{"uv":[6.625,7.75,7.125,8.0625],"rotation":0,"texture":"#0","tintindex":0},"up":{"uv":[9.5625,10.5,9.375,10.0],"rotation":0,"texture":"#0","tintindex":0},"down":{"uv":[9.8125,10.0,9.625,10.5],"rotation":0,"texture":"#0","tintindex":0}}},{"from":[10.469466,4.872422,18.6208],"to":[12.63436,8.941651,25.431318],"rotation":{"angle":-22.5,"axis":"y","origin":[11.551913,6.907037,21.23406]},"faces":{"east":{"uv":[7.125,7.75,7.625,8.0625],"rotation":0,"texture":"#0","tintindex":0},"south":{"uv":[5.0,11.25,5.1875,11.5625],"rotation":0,"texture":"#0","tintindex":0},"north":{"uv":[4.5,11.25,4.6875,11.5625],"rotation":0,"texture":"#0","tintindex":0},"west":{"uv":[7.625,7.75,8.125,8.0625],"rotation":0,"texture":"#0","tintindex":0},"up":{"uv":[10.0625,10.5,9.875,10.0],"rotation":0,"texture":"#0","tintindex":0},"down":{"uv":[4.6875,10.125,4.5,10.625],"rotation":0,"texture":"#0","tintindex":0}}},{"from":[3.3656397,4.872422,18.6208],"to":[5.530534,8.941651,25.431318],"rotation":{"angle":22.5,"axis":"y","origin":[4.4480867,6.907037,21.23406]},"faces":{"east":{"uv":[0.0,7.875,0.5,8.1875],"rotation":0,"texture":"#0","tintindex":0},"south":{"uv":[5.5,11.25,5.6875,11.5625],"rotation":0,"texture":"#0","tintindex":0},"north":{"uv":[5.25,11.25,5.4375,11.5625],"rotation":0,"texture":"#0","tintindex":0},"west":{"uv":[0.5,7.875,1.0,8.1875],"rotation":0,"texture":"#0","tintindex":0},"up":{"uv":[5.6875,10.625,5.5,10.125],"rotation":0,"texture":"#0","tintindex":0},"down":{"uv":[10.3125,5.625,10.125,6.125],"rotation":0,"texture":"#0","tintindex":0}}},{"from":[9.996666,4.9289937,18.560513],"to":[11.822132,8.885079,21.69389],"rotation":{"angle":22.5,"axis":"y","origin":[11.248828,6.907037,21.965773]},"faces":{"east":{"uv":[0.0,10.75,0.25,11.0625],"rotation":0,"texture":"#0","tintindex":0},"south":{"uv":[2.125,11.375,2.25,11.6875],"rotation":0,"texture":"#0","tintindex":0},"north":{"uv":[6.375,11.25,6.5,11.5625],"rotation":0,"texture":"#0","tintindex":0},"west":{"uv":[10.75,0.5,11.0,0.8125],"rotation":0,"texture":"#0","tintindex":0},"up":{"uv":[11.75,0.25,11.625,0.0],"rotation":0,"texture":"#0","tintindex":0},"down":{"uv":[11.75,0.75,11.625,1.0],"rotation":0,"texture":"#0","tintindex":0}}},{"from":[4.177868,4.9289937,18.560513],"to":[6.003334,8.885079,21.69389],"rotation":{"angle":-22.5,"axis":"y","origin":[4.751172,6.907037,21.965773]},"faces":{"east":{"uv":[0.875,10.75,1.125,11.0625],"rotation":0,"texture":"#0","tintindex":0},"south":{"uv":[4.375,11.375,4.5,11.6875],"rotation":0,"texture":"#0","tintindex":0},"north":{"uv":[2.75,11.375,2.875,11.6875],"rotation":0,"texture":"#0","tintindex":0},"west":{"uv":[1.5,10.75,1.75,11.0625],"rotation":0,"texture":"#0","tintindex":0},"up":{"uv":[11.75,1.25,11.625,1.0],"rotation":0,"texture":"#0","tintindex":0},"down":{"uv":[1.25,11.625,1.125,11.875],"rotation":0,"texture":"#0","tintindex":0}}}],"display":{"head":{"translation":[0.0,-6.4,0.0],"scale":[4.0,4.0,4.0]}}}