{"textures":{"0":"minecraft:modelengine/entity/lazer_tower_tier1"},"elements":[{"from":[6.7662997,6.74434,-3.1428576],"to":[9.2337,9.25566,8.0],"rotation":{"angle":0.0,"axis":"y","origin":[8.0,0.15288305,16.237541]},"faces":{"east":{"uv":[8.375,7.125,9.1875,7.3125],"rotation":0,"texture":"#0","tintindex":0},"south":{"uv":[10.0,11.5,10.1875,11.6875],"rotation":0,"texture":"#0","tintindex":0},"north":{"uv":[9.75,11.5,9.9375,11.6875],"rotation":0,"texture":"#0","tintindex":0},"west":{"uv":[8.375,7.375,9.1875,7.5625],"rotation":0,"texture":"#0","tintindex":0},"up":{"uv":[7.0625,9.1875,6.875,8.375],"rotation":0,"texture":"#0","tintindex":0},"down":{"uv":[7.3125,8.375,7.125,9.1875],"rotation":0,"texture":"#0","tintindex":0}}}],"display":{"head":{"translation":[0.0,-6.4,0.0],"scale":[4.0,4.0,4.0]}}}