{"textures":{"0":"minecraft:modelengine/entity/lazer_tower_tier1"},"elements":[{"from":[6.7662997,6.74434,-3.1428576],"to":[9.2337,9.25566,8.0],"rotation":{"angle":0.0,"axis":"y","origin":[8.0,0.15288305,16.237541]},"faces":{"east":{"uv":[8.375,7.625,9.1875,7.8125],"rotation":0,"texture":"#0","tintindex":0},"south":{"uv":[11.5,10.75,11.6875,10.9375],"rotation":0,"texture":"#0","tintindex":0},"north":{"uv":[11.5,10.5,11.6875,10.6875],"rotation":0,"texture":"#0","tintindex":0},"west":{"uv":[7.75,8.375,8.5625,8.5625],"rotation":0,"texture":"#0","tintindex":0},"up":{"uv":[0.1875,9.3125,0.0,8.5],"rotation":0,"texture":"#0","tintindex":0},"down":{"uv":[0.4375,8.5,0.25,9.3125],"rotation":0,"texture":"#0","tintindex":0}}}],"display":{"head":{"translation":[0.0,-6.4,0.0],"scale":[4.0,4.0,4.0]}}}