{"textures":{"0":"minecraft:modelengine/entity/lazer_tower_tier1"},"elements":[{"from":[6.7662997,6.74434,-3.1428576],"to":[9.2337,9.25566,8.0],"rotation":{"angle":0.0,"axis":"y","origin":[8.0,0.15288305,16.237541]},"faces":{"east":{"uv":[8.25,0.0,9.0625,0.1875],"rotation":0,"texture":"#0","tintindex":0},"south":{"uv":[8.5,11.5,8.6875,11.6875],"rotation":0,"texture":"#0","tintindex":0},"north":{"uv":[11.5,8.25,11.6875,8.4375],"rotation":0,"texture":"#0","tintindex":0},"west":{"uv":[8.25,0.25,9.0625,0.4375],"rotation":0,"texture":"#0","tintindex":0},"up":{"uv":[1.0625,9.1875,0.875,8.375],"rotation":0,"texture":"#0","tintindex":0},"down":{"uv":[1.3125,8.375,1.125,9.1875],"rotation":0,"texture":"#0","tintindex":0}}}],"display":{"head":{"translation":[0.0,-6.4,0.0],"scale":[4.0,4.0,4.0]}}}