{"textures":{"0":"minecraft:modelengine/entity/lazer_tower_tier1"},"elements":[{"from":[6.7662997,6.74434,-3.1428576],"to":[9.2337,9.25566,8.0],"rotation":{"angle":0.0,"axis":"y","origin":[8.0,0.15288305,16.237541]},"faces":{"east":{"uv":[8.0,3.125,8.8125,3.3125],"rotation":0,"texture":"#0","tintindex":0},"south":{"uv":[11.5,6.75,11.6875,6.9375],"rotation":0,"texture":"#0","tintindex":0},"north":{"uv":[6.75,11.5,6.9375,11.6875],"rotation":0,"texture":"#0","tintindex":0},"west":{"uv":[8.0,3.375,8.8125,3.5625],"rotation":0,"texture":"#0","tintindex":0},"up":{"uv":[8.1875,4.9375,8.0,4.125],"rotation":0,"texture":"#0","tintindex":0},"down":{"uv":[6.0625,8.0,5.875,8.8125],"rotation":0,"texture":"#0","tintindex":0}}}],"display":{"head":{"translation":[0.0,-6.4,0.0],"scale":[4.0,4.0,4.0]}}}