{"textures":{"0":"minecraft:modelengine/entity/lazer_tower_tier1"},"elements":[{"from":[6.7662997,6.74434,-3.1428576],"to":[9.2337,9.25566,8.0],"rotation":{"angle":0.0,"axis":"y","origin":[8.0,0.15288305,16.237541]},"faces":{"east":{"uv":[1.875,8.375,2.6875,8.5625],"rotation":0,"texture":"#0","tintindex":0},"south":{"uv":[11.5,9.5,11.6875,9.6875],"rotation":0,"texture":"#0","tintindex":0},"north":{"uv":[9.5,11.5,9.6875,11.6875],"rotation":0,"texture":"#0","tintindex":0},"west":{"uv":[2.75,8.375,3.5625,8.5625],"rotation":0,"texture":"#0","tintindex":0},"up":{"uv":[8.5625,7.0625,8.375,6.25],"rotation":0,"texture":"#0","tintindex":0},"down":{"uv":[6.8125,8.375,6.625,9.1875],"rotation":0,"texture":"#0","tintindex":0}}}],"display":{"head":{"translation":[0.0,-6.4,0.0],"scale":[4.0,4.0,4.0]}}}