{"textures":{"0":"minecraft:modelengine/entity/lazer_tower_tier1"},"elements":[{"from":[6.7662997,6.74434,-3.1428576],"to":[9.2337,9.25566,8.0],"rotation":{"angle":0.0,"axis":"y","origin":[8.0,0.15288305,16.237541]},"faces":{"east":{"uv":[8.125,5.75,8.9375,5.9375],"rotation":0,"texture":"#0","tintindex":0},"south":{"uv":[8.0,11.5,8.1875,11.6875],"rotation":0,"texture":"#0","tintindex":0},"north":{"uv":[11.5,7.75,11.6875,7.9375],"rotation":0,"texture":"#0","tintindex":0},"west":{"uv":[6.625,8.125,7.4375,8.3125],"rotation":0,"texture":"#0","tintindex":0},"up":{"uv":[8.3125,8.0625,8.125,7.25],"rotation":0,"texture":"#0","tintindex":0},"down":{"uv":[7.6875,8.125,7.5,8.9375],"rotation":0,"texture":"#0","tintindex":0}}}],"display":{"head":{"translation":[0.0,-6.4,0.0],"scale":[4.0,4.0,4.0]}}}