{"textures":{"0":"minecraft:modelengine/entity/lazer_tower_tier1"},"elements":[{"from":[6.7662997,6.74434,-1.8571434],"to":[9.2337,9.25566,9.285714],"rotation":{"angle":0.0,"axis":"y","origin":[8.0,0.15288305,17.523256]},"faces":{"east":{"uv":[7.875,1.75,8.6875,1.9375],"rotation":0,"texture":"#0","tintindex":0},"south":{"uv":[11.5,6.25,11.6875,6.4375],"rotation":0,"texture":"#0","tintindex":0},"north":{"uv":[6.0,11.5,6.1875,11.6875],"rotation":0,"texture":"#0","tintindex":0},"west":{"uv":[7.875,3.625,8.6875,3.8125],"rotation":0,"texture":"#0","tintindex":0},"up":{"uv":[8.1875,2.8125,8.0,2.0],"rotation":0,"texture":"#0","tintindex":0},"down":{"uv":[3.8125,8.0,3.625,8.8125],"rotation":0,"texture":"#0","tintindex":0}}}],"display":{"head":{"translation":[0.0,-6.4,0.0],"scale":[4.0,4.0,4.0]}}}