{"textures":{"0":"minecraft:modelengine/entity/lazer_tower_tier1"},"elements":[{"from":[6.7662997,6.74434,-3.1428576],"to":[9.2337,9.25566,8.0],"rotation":{"angle":0.0,"axis":"y","origin":[8.0,0.15288305,16.237541]},"faces":{"east":{"uv":[8.0,5.0,8.8125,5.1875],"rotation":0,"texture":"#0","tintindex":0},"south":{"uv":[11.5,7.0,11.6875,7.1875],"rotation":0,"texture":"#0","tintindex":0},"north":{"uv":[7.0,11.5,7.1875,11.6875],"rotation":0,"texture":"#0","tintindex":0},"west":{"uv":[1.0,8.125,1.8125,8.3125],"rotation":0,"texture":"#0","tintindex":0},"up":{"uv":[6.3125,8.8125,6.125,8.0],"rotation":0,"texture":"#0","tintindex":0},"down":{"uv":[6.5625,8.0,6.375,8.8125],"rotation":0,"texture":"#0","tintindex":0}}}],"display":{"head":{"translation":[0.0,-6.4,0.0],"scale":[4.0,4.0,4.0]}}}