{"textures":{"0":"minecraft:modelengine/entity/lazer_tower_tier1"},"elements":[{"from":[5.78156,7.510909,11.361273],"to":[10.21844,14.489091,13.378036],"rotation":{"angle":0.0,"axis":"y","origin":[8.0,8.507281,8.0]},"faces":{"east":{"uv":[2.75,10.875,2.875,11.375],"rotation":0,"texture":"#0","tintindex":0},"south":{"uv":[6.25,7.5,6.5625,8.0],"rotation":0,"texture":"#0","tintindex":0},"north":{"uv":[5.875,7.5,6.1875,8.0],"rotation":0,"texture":"#0","tintindex":0},"west":{"uv":[4.375,10.875,4.5,11.375],"rotation":0,"texture":"#0","tintindex":0},"up":{"uv":[1.4375,7.25,1.125,7.125],"rotation":0,"texture":"#0","tintindex":0},"down":{"uv":[9.5625,2.5,9.25,2.625],"rotation":0,"texture":"#0","tintindex":0}}},{"from":[10.154415,7.510909,5.78156],"to":[13.378036,14.489091,10.21844],"rotation":{"angle":0.0,"axis":"y","origin":[8.0,8.507281,8.0]},"faces":{"east":{"uv":[1.75,7.625,2.0625,8.125],"rotation":0,"texture":"#0","tintindex":0},"south":{"uv":[6.625,9.25,6.875,9.75],"rotation":0,"texture":"#0","tintindex":0},"north":{"uv":[9.25,6.25,9.5,6.75],"rotation":0,"texture":"#0","tintindex":0},"west":{"uv":[7.625,2.125,7.9375,2.625],"rotation":0,"texture":"#0","tintindex":0},"up":{"uv":[7.625,10.9375,7.375,10.625],"rotation":0,"texture":"#0","tintindex":0},"down":{"uv":[7.875,10.625,7.625,10.9375],"rotation":0,"texture":"#0","tintindex":0}}},{"from":[11.361273,7.510909,5.764754],"to":[13.378036,14.489091,10.235247],"rotation":{"angle":-45.0,"axis":"y","origin":[8.0,8.507281,8.0]},"faces":{"east":{"uv":[7.625,2.625,7.9375,3.125],"rotation":0,"texture":"#0","tintindex":0},"south":{"uv":[10.75,10.875,10.875,11.375],"rotation":0,"texture":"#0","tintindex":0},"north":{"uv":[10.625,10.875,10.75,11.375],"rotation":0,"texture":"#0","tintindex":0},"west":{"uv":[7.625,3.125,7.9375,3.625],"rotation":0,"texture":"#0","tintindex":0},"up":{"uv":[6.375,10.5625,6.25,10.25],"rotation":0,"texture":"#0","tintindex":0},"down":{"uv":[10.125,10.5,10.0,10.8125],"rotation":0,"texture":"#0","tintindex":0}}},{"from":[2.621963,7.510909,5.78156],"to":[5.845584,14.489091,10.21844],"rotation":{"angle":0.0,"axis":"y","origin":[7.999999,8.507281,8.0]},"faces":{"east":{"uv":[7.9375,2.125,7.625,2.625],"rotation":0,"texture":"#0","tintindex":0},"south":{"uv":[6.875,9.25,6.625,9.75],"rotation":0,"texture":"#0","tintindex":0},"north":{"uv":[9.5,6.25,9.25,6.75],"rotation":0,"texture":"#0","tintindex":0},"west":{"uv":[2.0625,7.625,1.75,8.125],"rotation":0,"texture":"#0","tintindex":0},"up":{"uv":[7.375,10.9375,7.625,10.625],"rotation":0,"texture":"#0","tintindex":0},"down":{"uv":[7.625,10.625,7.875,10.9375],"rotation":0,"texture":"#0","tintindex":0}}},{"from":[2.621963,7.510909,5.764754],"to":[4.6387267,14.489091,10.235247],"rotation":{"angle":45.0,"axis":"y","origin":[7.999999,8.507281,8.0]},"faces":{"east":{"uv":[7.9375,3.125,7.625,3.625],"rotation":0,"texture":"#0","tintindex":0},"south":{"uv":[10.875,10.875,10.75,11.375],"rotation":0,"texture":"#0","tintindex":0},"north":{"uv":[10.75,10.875,10.625,11.375],"rotation":0,"texture":"#0","tintindex":0},"west":{"uv":[7.9375,2.625,7.625,3.125],"rotation":0,"texture":"#0","tintindex":0},"up":{"uv":[6.25,10.5625,6.375,10.25],"rotation":0,"texture":"#0","tintindex":0},"down":{"uv":[10.0,10.5,10.125,10.8125],"rotation":0,"texture":"#0","tintindex":0}}},{"from":[5.78156,7.510909,2.6219645],"to":[10.21844,14.489091,4.6387277],"rotation":{"angle":0.0,"axis":"y","origin":[8.0,8.507281,8.0]},"faces":{"east":{"uv":[2.875,10.875,2.75,11.375],"rotation":0,"texture":"#0","tintindex":0},"south":{"uv":[6.1875,7.5,5.875,8.0],"rotation":0,"texture":"#0","tintindex":0},"north":{"uv":[6.5625,7.5,6.25,8.0],"rotation":0,"texture":"#0","tintindex":0},"west":{"uv":[4.5,10.875,4.375,11.375],"rotation":0,"texture":"#0","tintindex":0},"up":{"uv":[1.4375,7.125,1.125,7.25],"rotation":0,"texture":"#0","tintindex":0},"down":{"uv":[9.5625,2.625,9.25,2.5],"rotation":0,"texture":"#0","tintindex":0}}},{"from":[11.361273,7.510909,5.764754],"to":[13.378036,14.489091,10.235247],"rotation":{"angle":45.0,"axis":"y","origin":[8.0,8.507281,8.0]},"faces":{"east":{"uv":[7.9375,2.625,7.625,3.125],"rotation":0,"texture":"#0","tintindex":0},"south":{"uv":[10.75,10.875,10.625,11.375],"rotation":0,"texture":"#0","tintindex":0},"north":{"uv":[10.875,10.875,10.75,11.375],"rotation":0,"texture":"#0","tintindex":0},"west":{"uv":[7.9375,3.125,7.625,3.625],"rotation":0,"texture":"#0","tintindex":0},"up":{"uv":[6.375,10.25,6.25,10.5625],"rotation":0,"texture":"#0","tintindex":0},"down":{"uv":[10.125,10.8125,10.0,10.5],"rotation":0,"texture":"#0","tintindex":0}}},{"from":[2.621963,7.510909,5.764754],"to":[4.6387267,14.489091,10.235247],"rotation":{"angle":-45.0,"axis":"y","origin":[7.999999,8.507281,8.0]},"faces":{"east":{"uv":[7.625,3.125,7.9375,3.625],"rotation":0,"texture":"#0","tintindex":0},"south":{"uv":[10.625,10.875,10.75,11.375],"rotation":0,"texture":"#0","tintindex":0},"north":{"uv":[10.75,10.875,10.875,11.375],"rotation":0,"texture":"#0","tintindex":0},"west":{"uv":[7.625,2.625,7.9375,3.125],"rotation":0,"texture":"#0","tintindex":0},"up":{"uv":[6.25,10.25,6.375,10.5625],"rotation":0,"texture":"#0","tintindex":0},"down":{"uv":[10.0,10.8125,10.125,10.5],"rotation":0,"texture":"#0","tintindex":0}}}],"display":{"head":{"translation":[0.0,-6.4,0.0],"scale":[4.0,4.0,4.0]}}}