{"textures":{"0":"minecraft:modelengine/entity/mortar_tier4"},"elements":[{"from":[-3.4901028,7.928172,-2.9415178],"to":[0.48863077,12.901589,18.941517],"rotation":{"angle":0.0,"axis":"y","origin":[8.6285715,8.003562,8.0]},"faces":{"east":{"uv":[0.0,2.875,1.625,3.25],"rotation":0,"texture":"#0","tintindex":0},"south":{"uv":[6.75,8.0,7.0625,8.375],"rotation":0,"texture":"#0","tintindex":0},"north":{"uv":[5.625,8.0,5.9375,8.375],"rotation":0,"texture":"#0","tintindex":0},"west":{"uv":[2.875,1.75,4.5,2.125],"rotation":0,"texture":"#0","tintindex":0},"up":{"uv":[1.9375,4.5,1.625,2.875],"rotation":0,"texture":"#0","tintindex":0},"down":{"uv":[1.3125,3.25,1.0,4.875],"rotation":0,"texture":"#0","tintindex":0}}},{"from":[-3.2911663,11.310096,-1.9468346],"to":[0.28969383,14.791488,17.946835],"rotation":{"angle":0.0,"axis":"y","origin":[8.6285715,8.003562,8.0]},"faces":{"east":{"uv":[5.625,1.5,7.0625,1.75],"rotation":0,"texture":"#0","tintindex":0},"south":{"uv":[5.0,1.75,5.25,2.0],"rotation":0,"texture":"#0","tintindex":0},"north":{"uv":[1.375,4.25,1.625,4.5],"rotation":0,"texture":"#0","tintindex":0},"west":{"uv":[5.875,1.75,7.3125,2.0],"rotation":0,"texture":"#0","tintindex":0},"up":{"uv":[0.25,7.1875,0.0,5.75],"rotation":0,"texture":"#0","tintindex":0},"down":{"uv":[0.5,5.75,0.25,7.1875],"rotation":0,"texture":"#0","tintindex":0}}},{"from":[-3.2414331,10.468299,-3.787304],"to":[0.23995972,12.955008,2.3797336],"rotation":{"angle":22.5,"axis":"x","origin":[8.6285715,8.003562,8.0]},"faces":{"east":{"uv":[8.5,2.0,8.9375,2.1875],"rotation":0,"texture":"#0","tintindex":0},"south":{"uv":[9.0,1.25,9.25,1.4375],"rotation":0,"texture":"#0","tintindex":0},"north":{"uv":[1.25,9.0,1.5,9.1875],"rotation":0,"texture":"#0","tintindex":0},"west":{"uv":[8.5,2.5,8.9375,2.6875],"rotation":0,"texture":"#0","tintindex":0},"up":{"uv":[8.125,8.6875,7.875,8.25],"rotation":0,"texture":"#0","tintindex":0},"down":{"uv":[0.875,8.375,0.625,8.8125],"rotation":0,"texture":"#0","tintindex":0}}},{"from":[-3.191698,8.067295,-4.7848845],"to":[0.1902256,10.554005,1.382153],"rotation":{"angle":45.0,"axis":"x","origin":[8.6285715,8.003562,8.0]},"faces":{"east":{"uv":[8.5,1.5,8.9375,1.6875],"rotation":0,"texture":"#0","tintindex":0},"south":{"uv":[9.0,1.0,9.25,1.1875],"rotation":0,"texture":"#0","tintindex":0},"north":{"uv":[1.0,9.0,1.25,9.1875],"rotation":0,"texture":"#0","tintindex":0},"west":{"uv":[8.5,1.75,8.9375,1.9375],"rotation":0,"texture":"#0","tintindex":0},"up":{"uv":[7.625,8.6875,7.375,8.25],"rotation":0,"texture":"#0","tintindex":0},"down":{"uv":[7.875,8.25,7.625,8.6875],"rotation":0,"texture":"#0","tintindex":0}}},{"from":[-3.141964,14.62423,5.4637375],"to":[0.14049149,20.791267,9.740876],"rotation":{"angle":-22.5,"axis":"x","origin":[8.6285715,8.003562,8.0]},"faces":{"east":{"uv":[0.0,7.5,0.3125,7.9375],"rotation":0,"texture":"#0","tintindex":0},"south":{"uv":[7.125,8.25,7.375,8.6875],"rotation":0,"texture":"#0","tintindex":0},"north":{"uv":[5.375,8.25,5.625,8.6875],"rotation":0,"texture":"#0","tintindex":0},"west":{"uv":[3.25,7.5,3.5625,7.9375],"rotation":0,"texture":"#0","tintindex":0},"up":{"uv":[2.5,7.3125,2.25,7.0],"rotation":0,"texture":"#0","tintindex":0},"down":{"uv":[3.5,8.5,3.25,8.8125],"rotation":0,"texture":"#0","tintindex":0}}},{"from":[-3.2414331,10.468299,13.620266],"to":[0.23995972,12.955008,19.787304],"rotation":{"angle":-22.5,"axis":"x","origin":[8.6285715,8.003562,8.0]},"faces":{"east":{"uv":[8.5,1.0,8.9375,1.1875],"rotation":0,"texture":"#0","tintindex":0},"south":{"uv":[9.0,0.75,9.25,0.9375],"rotation":0,"texture":"#0","tintindex":0},"north":{"uv":[9.0,0.5,9.25,0.6875],"rotation":0,"texture":"#0","tintindex":0},"west":{"uv":[8.5,1.25,8.9375,1.4375],"rotation":0,"texture":"#0","tintindex":0},"up":{"uv":[5.125,8.6875,4.875,8.25],"rotation":0,"texture":"#0","tintindex":0},"down":{"uv":[5.375,8.25,5.125,8.6875],"rotation":0,"texture":"#0","tintindex":0}}},{"from":[-3.191698,8.067295,14.617847],"to":[0.1902256,10.554005,20.784885],"rotation":{"angle":-45.0,"axis":"x","origin":[8.6285715,8.003562,8.0]},"faces":{"east":{"uv":[8.5,0.5,8.9375,0.6875],"rotation":0,"texture":"#0","tintindex":0},"south":{"uv":[9.0,0.25,9.25,0.4375],"rotation":0,"texture":"#0","tintindex":0},"north":{"uv":[0.25,9.0,0.5,9.1875],"rotation":0,"texture":"#0","tintindex":0},"west":{"uv":[8.5,0.75,8.9375,0.9375],"rotation":0,"texture":"#0","tintindex":0},"up":{"uv":[4.375,8.6875,4.125,8.25],"rotation":0,"texture":"#0","tintindex":0},"down":{"uv":[4.625,8.25,4.375,8.6875],"rotation":0,"texture":"#0","tintindex":0}}},{"from":[-3.6743689,16.293343,3.8630657],"to":[-2.2315788,18.00042,7.554619],"rotation":{"angle":22.5,"axis":"x","origin":[8.6285715,8.003562,8.0]},"faces":{"east":{"uv":[8.75,5.75,9.0,5.875],"rotation":0,"texture":"#0","tintindex":0},"south":{"uv":[8.625,4.375,8.75,4.5],"rotation":0,"texture":"#0","tintindex":0},"north":{"uv":[4.0,8.625,4.125,8.75],"rotation":0,"texture":"#0","tintindex":0},"west":{"uv":[9.125,4.25,9.375,4.375],"rotation":0,"texture":"#0","tintindex":0},"up":{"uv":[6.625,9.375,6.5,9.125],"rotation":0,"texture":"#0","tintindex":0},"down":{"uv":[1.375,9.25,1.25,9.5],"rotation":0,"texture":"#0","tintindex":0}}},{"from":[-3.6743689,16.293343,8.445381],"to":[-2.2315788,18.00042,12.136934],"rotation":{"angle":-22.5,"axis":"x","origin":[8.6285715,8.003562,8.0]},"faces":{"east":{"uv":[7.5,3.25,7.75,3.375],"rotation":0,"texture":"#0","tintindex":0},"south":{"uv":[1.375,8.625,1.5,8.75],"rotation":0,"texture":"#0","tintindex":0},"north":{"uv":[8.5,8.375,8.625,8.5],"rotation":0,"texture":"#0","tintindex":0},"west":{"uv":[8.75,4.625,9.0,4.75],"rotation":0,"texture":"#0","tintindex":0},"up":{"uv":[1.625,9.25,1.5,9.0],"rotation":0,"texture":"#0","tintindex":0},"down":{"uv":[3.25,9.0,3.125,9.25],"rotation":0,"texture":"#0","tintindex":0}}},{"from":[-3.6743689,9.078808,8.449281],"to":[-2.2315788,10.785885,12.140834],"rotation":{"angle":-22.5,"axis":"x","origin":[8.6285715,8.003562,8.0]},"faces":{"east":{"uv":[6.875,3.875,7.125,4.0],"rotation":0,"texture":"#0","tintindex":0},"south":{"uv":[8.5,5.875,8.625,6.0],"rotation":0,"texture":"#0","tintindex":0},"north":{"uv":[8.375,8.0,8.5,8.125],"rotation":0,"texture":"#0","tintindex":0},"west":{"uv":[7.125,5.375,7.375,5.5],"rotation":0,"texture":"#0","tintindex":0},"up":{"uv":[0.625,8.875,0.5,8.625],"rotation":0,"texture":"#0","tintindex":0},"down":{"uv":[4.625,8.75,4.5,9.0],"rotation":0,"texture":"#0","tintindex":0}}},{"from":[-3.6743689,9.078808,3.8591661],"to":[-2.2315788,10.785885,7.550719],"rotation":{"angle":22.5,"axis":"x","origin":[8.6285715,8.003562,8.0]},"faces":{"east":{"uv":[6.625,3.375,6.875,3.5],"rotation":0,"texture":"#0","tintindex":0},"south":{"uv":[8.375,4.75,8.5,4.875],"rotation":0,"texture":"#0","tintindex":0},"north":{"uv":[3.75,8.25,3.875,8.375],"rotation":0,"texture":"#0","tintindex":0},"west":{"uv":[6.875,1.375,7.125,1.5],"rotation":0,"texture":"#0","tintindex":0},"up":{"uv":[8.5,0.25,8.375,0.0],"rotation":0,"texture":"#0","tintindex":0},"down":{"uv":[4.125,8.375,4.0,8.625],"rotation":0,"texture":"#0","tintindex":0}}},{"from":[-3.6743689,11.691888,8.460622],"to":[-2.2315788,15.38344,10.167698],"rotation":{"angle":22.5,"axis":"x","origin":[8.6285715,8.003562,8.0]},"faces":{"east":{"uv":[3.5,8.0,3.625,8.25],"rotation":0,"texture":"#0","tintindex":0},"south":{"uv":[8.25,4.0,8.375,4.25],"rotation":0,"texture":"#0","tintindex":0},"north":{"uv":[1.625,8.0,1.75,8.25],"rotation":0,"texture":"#0","tintindex":0},"west":{"uv":[8.25,7.25,8.375,7.5],"rotation":0,"texture":"#0","tintindex":0},"up":{"uv":[7.75,5.375,7.625,5.25],"rotation":0,"texture":"#0","tintindex":0},"down":{"uv":[1.25,7.875,1.125,8.0],"rotation":0,"texture":"#0","tintindex":0}}},{"from":[-3.6743689,11.695787,13.046837],"to":[-2.2315788,15.38734,14.753913],"rotation":{"angle":-22.5,"axis":"x","origin":[8.6285715,8.003562,8.0]},"faces":{"east":{"uv":[6.25,7.625,6.375,7.875],"rotation":0,"texture":"#0","tintindex":0},"south":{"uv":[5.125,7.75,5.25,8.0],"rotation":0,"texture":"#0","tintindex":0},"north":{"uv":[1.125,7.625,1.25,7.875],"rotation":0,"texture":"#0","tintindex":0},"west":{"uv":[0.25,8.0,0.375,8.25],"rotation":0,"texture":"#0","tintindex":0},"up":{"uv":[1.0,7.625,0.875,7.5],"rotation":0,"texture":"#0","tintindex":0},"down":{"uv":[6.125,7.5,6.0,7.625],"rotation":0,"texture":"#0","tintindex":0}}},{"from":[-3.6743689,11.695787,1.2460871],"to":[-2.2315788,15.38734,2.9531631],"rotation":{"angle":22.5,"axis":"x","origin":[8.6285715,8.003562,8.0]},"faces":{"east":{"uv":[0.875,7.25,1.0,7.5],"rotation":0,"texture":"#0","tintindex":0},"south":{"uv":[2.875,7.375,3.0,7.625],"rotation":0,"texture":"#0","tintindex":0},"north":{"uv":[1.75,6.375,1.875,6.625],"rotation":0,"texture":"#0","tintindex":0},"west":{"uv":[7.375,6.25,7.5,6.5],"rotation":0,"texture":"#0","tintindex":0},"up":{"uv":[4.25,7.375,4.125,7.25],"rotation":0,"texture":"#0","tintindex":0},"down":{"uv":[6.875,7.375,6.75,7.5],"rotation":0,"texture":"#0","tintindex":0}}},{"from":[-3.6743689,11.691888,5.832302],"to":[-2.2315788,15.38344,7.539378],"rotation":{"angle":-22.5,"axis":"x","origin":[8.6285715,8.003562,8.0]},"faces":{"east":{"uv":[5.875,3.25,6.0,3.5],"rotation":0,"texture":"#0","tintindex":0},"south":{"uv":[6.0,4.0,6.125,4.25],"rotation":0,"texture":"#0","tintindex":0},"north":{"uv":[5.375,5.75,5.5,6.0],"rotation":0,"texture":"#0","tintindex":0},"west":{"uv":[6.25,3.0,6.375,3.25],"rotation":0,"texture":"#0","tintindex":0},"up":{"uv":[1.875,6.75,1.75,6.625],"rotation":0,"texture":"#0","tintindex":0},"down":{"uv":[5.375,7.0,5.25,7.125],"rotation":0,"texture":"#0","tintindex":0}}},{"from":[-3.6743689,10.581589,4.585847],"to":[-2.2315788,17.409893,11.414153],"rotation":{"angle":0.0,"axis":"y","origin":[8.6285715,8.003562,8.0]},"faces":{"east":{"uv":[3.0,1.25,3.5,1.75],"rotation":0,"texture":"#0","tintindex":0},"south":{"uv":[1.25,4.875,1.375,5.375],"rotation":0,"texture":"#0","tintindex":0},"north":{"uv":[1.875,4.5,2.0,5.0],"rotation":0,"texture":"#0","tintindex":0},"west":{"uv":[3.5,1.25,4.0,1.75],"rotation":0,"texture":"#0","tintindex":0},"up":{"uv":[5.375,4.0,5.25,3.5],"rotation":0,"texture":"#0","tintindex":0},"down":{"uv":[5.5,4.375,5.375,4.875],"rotation":0,"texture":"#0","tintindex":0}}},{"from":[-4.179368,15.715059,4.2502694],"to":[-3.4772234,17.06365,7.166596],"rotation":{"angle":22.5,"axis":"x","origin":[8.6285715,8.003562,8.0]},"faces":{"east":{"uv":[9.25,8.875,9.4375,9.0],"rotation":0,"texture":"#0","tintindex":0},"south":{"uv":[1.0,9.5,1.0625,9.625],"rotation":0,"texture":"#0","tintindex":0},"north":{"uv":[9.5,0.875,9.5625,1.0],"rotation":0,"texture":"#0","tintindex":0},"west":{"uv":[9.25,9.0,9.4375,9.125],"rotation":0,"texture":"#0","tintindex":0},"up":{"uv":[7.9375,9.5625,7.875,9.375],"rotation":0,"texture":"#0","tintindex":0},"down":{"uv":[8.0625,9.375,8.0,9.5625],"rotation":0,"texture":"#0","tintindex":0}}},{"from":[-4.179368,15.715059,8.833404],"to":[-3.4772234,17.06365,11.749731],"rotation":{"angle":-22.5,"axis":"x","origin":[8.6285715,8.003562,8.0]},"faces":{"east":{"uv":[9.25,7.125,9.4375,7.25],"rotation":0,"texture":"#0","tintindex":0},"south":{"uv":[0.875,9.5,0.9375,9.625],"rotation":0,"texture":"#0","tintindex":0},"north":{"uv":[9.5,0.75,9.5625,0.875],"rotation":0,"texture":"#0","tintindex":0},"west":{"uv":[9.25,8.75,9.4375,8.875],"rotation":0,"texture":"#0","tintindex":0},"up":{"uv":[7.8125,9.5625,7.75,9.375],"rotation":0,"texture":"#0","tintindex":0},"down":{"uv":[9.4375,7.75,9.375,7.9375],"rotation":0,"texture":"#0","tintindex":0}}},{"from":[-4.179368,10.015577,8.836485],"to":[-3.4772234,11.364167,11.752811],"rotation":{"angle":-22.5,"axis":"x","origin":[8.6285715,8.003562,8.0]},"faces":{"east":{"uv":[6.875,9.25,7.0625,9.375],"rotation":0,"texture":"#0","tintindex":0},"south":{"uv":[0.75,9.5,0.8125,9.625],"rotation":0,"texture":"#0","tintindex":0},"north":{"uv":[9.5,0.625,9.5625,0.75],"rotation":0,"texture":"#0","tintindex":0},"west":{"uv":[9.25,7.0,9.4375,7.125],"rotation":0,"texture":"#0","tintindex":0},"up":{"uv":[9.4375,7.6875,9.375,7.5],"rotation":0,"texture":"#0","tintindex":0},"down":{"uv":[7.6875,9.375,7.625,9.5625],"rotation":0,"texture":"#0","tintindex":0}}},{"from":[-4.179368,10.015577,4.2471886],"to":[-3.4772234,11.364167,7.1635156],"rotation":{"angle":22.5,"axis":"x","origin":[8.6285715,8.003562,8.0]},"faces":{"east":{"uv":[9.25,3.875,9.4375,4.0],"rotation":0,"texture":"#0","tintindex":0},"south":{"uv":[0.625,9.5,0.6875,9.625],"rotation":0,"texture":"#0","tintindex":0},"north":{"uv":[9.5,0.5,9.5625,0.625],"rotation":0,"texture":"#0","tintindex":0},"west":{"uv":[9.25,5.25,9.4375,5.375],"rotation":0,"texture":"#0","tintindex":0},"up":{"uv":[7.4375,9.5625,7.375,9.375],"rotation":0,"texture":"#0","tintindex":0},"down":{"uv":[7.5625,9.375,7.5,9.5625],"rotation":0,"texture":"#0","tintindex":0}}},{"from":[-4.179368,12.07991,7.8823385],"to":[-3.4772234,14.996237,9.230928],"rotation":{"angle":22.5,"axis":"x","origin":[8.6285715,8.003562,8.0]},"faces":{"east":{"uv":[6.75,9.25,6.875,9.4375],"rotation":0,"texture":"#0","tintindex":0},"south":{"uv":[9.375,7.25,9.4375,7.4375],"rotation":0,"texture":"#0","tintindex":0},"north":{"uv":[7.25,9.375,7.3125,9.5625],"rotation":0,"texture":"#0","tintindex":0},"west":{"uv":[9.25,6.75,9.375,6.9375],"rotation":0,"texture":"#0","tintindex":0},"up":{"uv":[9.5625,0.5,9.5,0.375],"rotation":0,"texture":"#0","tintindex":0},"down":{"uv":[0.5625,9.5,0.5,9.625],"rotation":0,"texture":"#0","tintindex":0}}},{"from":[-4.179368,12.082991,12.468554],"to":[-3.4772234,14.999317,13.817144],"rotation":{"angle":-22.5,"axis":"x","origin":[8.6285715,8.003562,8.0]},"faces":{"east":{"uv":[9.25,6.5,9.375,6.6875],"rotation":0,"texture":"#0","tintindex":0},"south":{"uv":[7.125,9.375,7.1875,9.5625],"rotation":0,"texture":"#0","tintindex":0},"north":{"uv":[7.0,9.375,7.0625,9.5625],"rotation":0,"texture":"#0","tintindex":0},"west":{"uv":[6.625,9.25,6.75,9.4375],"rotation":0,"texture":"#0","tintindex":0},"up":{"uv":[9.5625,0.375,9.5,0.25],"rotation":0,"texture":"#0","tintindex":0},"down":{"uv":[0.4375,9.5,0.375,9.625],"rotation":0,"texture":"#0","tintindex":0}}},{"from":[-4.179368,12.082991,2.182856],"to":[-3.4772234,14.999317,3.5314465],"rotation":{"angle":22.5,"axis":"x","origin":[8.6285715,8.003562,8.0]},"faces":{"east":{"uv":[9.25,6.0,9.375,6.1875],"rotation":0,"texture":"#0","tintindex":0},"south":{"uv":[6.875,9.375,6.9375,9.5625],"rotation":0,"texture":"#0","tintindex":0},"north":{"uv":[9.375,6.75,9.4375,6.9375],"rotation":0,"texture":"#0","tintindex":0},"west":{"uv":[9.25,6.25,9.375,6.4375],"rotation":0,"texture":"#0","tintindex":0},"up":{"uv":[9.5625,0.25,9.5,0.125],"rotation":0,"texture":"#0","tintindex":0},"down":{"uv":[0.3125,9.5,0.25,9.625],"rotation":0,"texture":"#0","tintindex":0}}},{"from":[-4.179368,12.07991,6.769071],"to":[-3.4772234,14.996237,8.117661],"rotation":{"angle":-22.5,"axis":"x","origin":[8.6285715,8.003562,8.0]},"faces":{"east":{"uv":[5.375,9.25,5.5,9.4375],"rotation":0,"texture":"#0","tintindex":0},"south":{"uv":[9.375,6.5,9.4375,6.6875],"rotation":0,"texture":"#0","tintindex":0},"north":{"uv":[6.5,9.375,6.5625,9.5625],"rotation":0,"texture":"#0","tintindex":0},"west":{"uv":[9.25,5.75,9.375,5.9375],"rotation":0,"texture":"#0","tintindex":0},"up":{"uv":[9.5625,0.125,9.5,0.0],"rotation":0,"texture":"#0","tintindex":0},"down":{"uv":[0.1875,9.5,0.125,9.625],"rotation":0,"texture":"#0","tintindex":0}}},{"from":[-4.179368,11.29856,5.3028193],"to":[-3.4772234,16.69292,10.697181],"rotation":{"angle":0.0,"axis":"y","origin":[8.6285715,8.003562,8.0]},"faces":{"east":{"uv":[3.875,2.875,4.25,3.25],"rotation":0,"texture":"#0","tintindex":0},"south":{"uv":[5.0,9.25,5.0625,9.625],"rotation":0,"texture":"#0","tintindex":0},"north":{"uv":[9.25,4.875,9.3125,5.25],"rotation":0,"texture":"#0","tintindex":0},"west":{"uv":[5.75,7.125,6.125,7.5],"rotation":0,"texture":"#0","tintindex":0},"up":{"uv":[5.1875,9.625,5.125,9.25],"rotation":0,"texture":"#0","tintindex":0},"down":{"uv":[5.3125,9.25,5.25,9.625],"rotation":0,"texture":"#0","tintindex":0}}},{"from":[-3.8879766,7.878438,-0.9521513],"to":[0.8865042,17.278196,1.5345578],"rotation":{"angle":0.0,"axis":"y","origin":[8.6285715,8.003562,8.0]},"faces":{"east":{"uv":[7.3125,7.5,7.125,8.1875],"rotation":0,"texture":"#0","tintindex":0},"south":{"uv":[5.875,2.5,6.25,3.1875],"rotation":0,"texture":"#0","tintindex":0},"north":{"uv":[5.0,5.75,5.375,6.4375],"rotation":0,"texture":"#0","tintindex":0},"west":{"uv":[7.125,7.5,7.3125,8.1875],"rotation":0,"texture":"#0","tintindex":0},"up":{"uv":[9.0,6.5625,8.625,6.375],"rotation":0,"texture":"#0","tintindex":0},"down":{"uv":[9.0,6.625,8.625,6.8125],"rotation":0,"texture":"#0","tintindex":0}}},{"from":[-3.8382425,19.133476,8.228029],"to":[0.83677006,20.891846,9.986399],"rotation":{"angle":-45.0,"axis":"x","origin":[8.6285715,8.003562,8.0]},"faces":{"east":{"uv":[6.0,4.25,6.125,4.375],"rotation":0,"texture":"#0","tintindex":0},"south":{"uv":[8.125,0.625,8.4375,0.75],"rotation":0,"texture":"#0","tintindex":0},"north":{"uv":[8.0,7.125,8.3125,7.25],"rotation":0,"texture":"#0","tintindex":0},"west":{"uv":[5.375,6.0,5.5,6.125],"rotation":0,"texture":"#0","tintindex":0},"up":{"uv":[9.1875,8.875,8.875,8.75],"rotation":0,"texture":"#0","tintindex":0},"down":{"uv":[9.3125,5.375,9.0,5.5],"rotation":0,"texture":"#0","tintindex":0}}},{"from":[-3.8382425,19.133476,6.013602],"to":[0.83677006,20.891846,7.7719703],"rotation":{"angle":45.0,"axis":"x","origin":[8.6285715,8.003562,8.0]},"faces":{"east":{"uv":[1.875,5.0,2.0,5.125],"rotation":0,"texture":"#0","tintindex":0},"south":{"uv":[7.0,0.75,7.3125,0.875],"rotation":0,"texture":"#0","tintindex":0},"north":{"uv":[6.5,1.375,6.8125,1.5],"rotation":0,"texture":"#0","tintindex":0},"west":{"uv":[1.25,5.375,1.375,5.5],"rotation":0,"texture":"#0","tintindex":0},"up":{"uv":[7.4375,3.375,7.125,3.25],"rotation":0,"texture":"#0","tintindex":0},"down":{"uv":[7.6875,1.25,7.375,1.375],"rotation":0,"texture":"#0","tintindex":0}}},{"from":[-3.8879766,7.878438,14.465443],"to":[0.8865042,17.278196,16.952152],"rotation":{"angle":0.0,"axis":"y","origin":[8.6285715,8.003562,8.0]},"faces":{"east":{"uv":[3.8125,7.5,3.625,8.1875],"rotation":0,"texture":"#0","tintindex":0},"south":{"uv":[4.625,5.75,5.0,6.4375],"rotation":0,"texture":"#0","tintindex":0},"north":{"uv":[4.25,5.75,4.625,6.4375],"rotation":0,"texture":"#0","tintindex":0},"west":{"uv":[3.625,7.5,3.8125,8.1875],"rotation":0,"texture":"#0","tintindex":0},"up":{"uv":[9.0,6.0625,8.625,5.875],"rotation":0,"texture":"#0","tintindex":0},"down":{"uv":[9.0,6.125,8.625,6.3125],"rotation":0,"texture":"#0","tintindex":0}}},{"from":[-3.141964,14.62423,6.259124],"to":[0.14049149,20.791267,10.5362625],"rotation":{"angle":22.5,"axis":"x","origin":[8.6285715,8.003562,8.0]},"faces":{"east":{"uv":[5.9375,7.5,5.625,7.9375],"rotation":0,"texture":"#0","tintindex":0},"south":{"uv":[8.625,4.0,8.375,4.4375],"rotation":0,"texture":"#0","tintindex":0},"north":{"uv":[4.0,8.375,3.75,8.8125],"rotation":0,"texture":"#0","tintindex":0},"west":{"uv":[5.5625,7.5,5.25,7.9375],"rotation":0,"texture":"#0","tintindex":0},"up":{"uv":[0.25,8.9375,0.5,8.625],"rotation":0,"texture":"#0","tintindex":0},"down":{"uv":[1.125,8.625,1.375,8.9375],"rotation":0,"texture":"#0","tintindex":0}}},{"from":[-3.191698,14.317028,4.714717],"to":[0.1902256,22.198353,11.285283],"rotation":{"angle":0.0,"axis":"y","origin":[8.6285715,8.003562,8.0]},"faces":{"east":{"uv":[7.375,6.0,6.875,6.4375],"rotation":0,"texture":"#0","tintindex":0},"south":{"uv":[2.0,8.375,1.75,8.8125],"rotation":0,"texture":"#0","tintindex":0},"north":{"uv":[1.125,8.375,0.875,8.8125],"rotation":0,"texture":"#0","tintindex":0},"west":{"uv":[7.375,5.5,6.875,5.9375],"rotation":0,"texture":"#0","tintindex":0},"up":{"uv":[0.0,8.5,0.25,8.0],"rotation":0,"texture":"#0","tintindex":0},"down":{"uv":[3.25,8.0,3.5,8.5],"rotation":0,"texture":"#0","tintindex":0}}},{"from":[15.51137,7.928172,-2.9415178],"to":[19.490103,12.901589,18.941517],"rotation":{"angle":0.0,"axis":"y","origin":[7.3714285,8.003562,8.0]},"faces":{"east":{"uv":[4.5,1.75,2.875,2.125],"rotation":0,"texture":"#0","tintindex":0},"south":{"uv":[7.0625,8.0,6.75,8.375],"rotation":0,"texture":"#0","tintindex":0},"north":{"uv":[5.9375,8.0,5.625,8.375],"rotation":0,"texture":"#0","tintindex":0},"west":{"uv":[1.625,2.875,0.0,3.25],"rotation":0,"texture":"#0","tintindex":0},"up":{"uv":[1.625,4.5,1.9375,2.875],"rotation":0,"texture":"#0","tintindex":0},"down":{"uv":[1.0,3.25,1.3125,4.875],"rotation":0,"texture":"#0","tintindex":0}}},{"from":[15.710306,11.310096,-1.9468346],"to":[19.291166,14.791488,17.946835],"rotation":{"angle":0.0,"axis":"y","origin":[7.3714285,8.003562,8.0]},"faces":{"east":{"uv":[7.3125,1.75,5.875,2.0],"rotation":0,"texture":"#0","tintindex":0},"south":{"uv":[5.25,1.75,5.0,2.0],"rotation":0,"texture":"#0","tintindex":0},"north":{"uv":[1.625,4.25,1.375,4.5],"rotation":0,"texture":"#0","tintindex":0},"west":{"uv":[7.0625,1.5,5.625,1.75],"rotation":0,"texture":"#0","tintindex":0},"up":{"uv":[0.0,7.1875,0.25,5.75],"rotation":0,"texture":"#0","tintindex":0},"down":{"uv":[0.25,5.75,0.5,7.1875],"rotation":0,"texture":"#0","tintindex":0}}},{"from":[15.76004,10.468299,-3.787304],"to":[19.241432,12.955008,2.3797336],"rotation":{"angle":22.5,"axis":"x","origin":[7.3714285,8.003562,8.0]},"faces":{"east":{"uv":[8.9375,2.5,8.5,2.6875],"rotation":0,"texture":"#0","tintindex":0},"south":{"uv":[9.25,1.25,9.0,1.4375],"rotation":0,"texture":"#0","tintindex":0},"north":{"uv":[1.5,9.0,1.25,9.1875],"rotation":0,"texture":"#0","tintindex":0},"west":{"uv":[8.9375,2.0,8.5,2.1875],"rotation":0,"texture":"#0","tintindex":0},"up":{"uv":[7.875,8.6875,8.125,8.25],"rotation":0,"texture":"#0","tintindex":0},"down":{"uv":[0.625,8.375,0.875,8.8125],"rotation":0,"texture":"#0","tintindex":0}}},{"from":[15.809774,8.067295,-4.7848845],"to":[19.191698,10.554005,1.382153],"rotation":{"angle":45.0,"axis":"x","origin":[7.3714285,8.003562,8.0]},"faces":{"east":{"uv":[8.9375,1.75,8.5,1.9375],"rotation":0,"texture":"#0","tintindex":0},"south":{"uv":[9.25,1.0,9.0,1.1875],"rotation":0,"texture":"#0","tintindex":0},"north":{"uv":[1.25,9.0,1.0,9.1875],"rotation":0,"texture":"#0","tintindex":0},"west":{"uv":[8.9375,1.5,8.5,1.6875],"rotation":0,"texture":"#0","tintindex":0},"up":{"uv":[7.375,8.6875,7.625,8.25],"rotation":0,"texture":"#0","tintindex":0},"down":{"uv":[7.625,8.25,7.875,8.6875],"rotation":0,"texture":"#0","tintindex":0}}},{"from":[15.8595085,14.62423,5.4637375],"to":[19.141964,20.791267,9.740876],"rotation":{"angle":-22.5,"axis":"x","origin":[7.3714285,8.003562,8.0]},"faces":{"east":{"uv":[3.5625,7.5,3.25,7.9375],"rotation":0,"texture":"#0","tintindex":0},"south":{"uv":[7.375,8.25,7.125,8.6875],"rotation":0,"texture":"#0","tintindex":0},"north":{"uv":[5.625,8.25,5.375,8.6875],"rotation":0,"texture":"#0","tintindex":0},"west":{"uv":[0.3125,7.5,0.0,7.9375],"rotation":0,"texture":"#0","tintindex":0},"up":{"uv":[2.25,7.3125,2.5,7.0],"rotation":0,"texture":"#0","tintindex":0},"down":{"uv":[3.25,8.5,3.5,8.8125],"rotation":0,"texture":"#0","tintindex":0}}},{"from":[15.76004,10.468299,13.620266],"to":[19.241432,12.955008,19.787304],"rotation":{"angle":-22.5,"axis":"x","origin":[7.3714285,8.003562,8.0]},"faces":{"east":{"uv":[8.9375,1.25,8.5,1.4375],"rotation":0,"texture":"#0","tintindex":0},"south":{"uv":[9.25,0.75,9.0,0.9375],"rotation":0,"texture":"#0","tintindex":0},"north":{"uv":[9.25,0.5,9.0,0.6875],"rotation":0,"texture":"#0","tintindex":0},"west":{"uv":[8.9375,1.0,8.5,1.1875],"rotation":0,"texture":"#0","tintindex":0},"up":{"uv":[4.875,8.6875,5.125,8.25],"rotation":0,"texture":"#0","tintindex":0},"down":{"uv":[5.125,8.25,5.375,8.6875],"rotation":0,"texture":"#0","tintindex":0}}},{"from":[15.809774,8.067295,14.617847],"to":[19.191698,10.554005,20.784885],"rotation":{"angle":-45.0,"axis":"x","origin":[7.3714285,8.003562,8.0]},"faces":{"east":{"uv":[8.9375,0.75,8.5,0.9375],"rotation":0,"texture":"#0","tintindex":0},"south":{"uv":[9.25,0.25,9.0,0.4375],"rotation":0,"texture":"#0","tintindex":0},"north":{"uv":[0.5,9.0,0.25,9.1875],"rotation":0,"texture":"#0","tintindex":0},"west":{"uv":[8.9375,0.5,8.5,0.6875],"rotation":0,"texture":"#0","tintindex":0},"up":{"uv":[4.125,8.6875,4.375,8.25],"rotation":0,"texture":"#0","tintindex":0},"down":{"uv":[4.375,8.25,4.625,8.6875],"rotation":0,"texture":"#0","tintindex":0}}},{"from":[18.231579,16.293343,3.8630657],"to":[19.67437,18.00042,7.554619],"rotation":{"angle":22.5,"axis":"x","origin":[7.3714285,8.003562,8.0]},"faces":{"east":{"uv":[9.375,4.25,9.125,4.375],"rotation":0,"texture":"#0","tintindex":0},"south":{"uv":[8.75,4.375,8.625,4.5],"rotation":0,"texture":"#0","tintindex":0},"north":{"uv":[4.125,8.625,4.0,8.75],"rotation":0,"texture":"#0","tintindex":0},"west":{"uv":[9.0,5.75,8.75,5.875],"rotation":0,"texture":"#0","tintindex":0},"up":{"uv":[6.5,9.375,6.625,9.125],"rotation":0,"texture":"#0","tintindex":0},"down":{"uv":[1.25,9.25,1.375,9.5],"rotation":0,"texture":"#0","tintindex":0}}},{"from":[18.231579,16.293343,8.445381],"to":[19.67437,18.00042,12.136934],"rotation":{"angle":-22.5,"axis":"x","origin":[7.3714285,8.003562,8.0]},"faces":{"east":{"uv":[9.0,4.625,8.75,4.75],"rotation":0,"texture":"#0","tintindex":0},"south":{"uv":[1.5,8.625,1.375,8.75],"rotation":0,"texture":"#0","tintindex":0},"north":{"uv":[8.625,8.375,8.5,8.5],"rotation":0,"texture":"#0","tintindex":0},"west":{"uv":[7.75,3.25,7.5,3.375],"rotation":0,"texture":"#0","tintindex":0},"up":{"uv":[1.5,9.25,1.625,9.0],"rotation":0,"texture":"#0","tintindex":0},"down":{"uv":[3.125,9.0,3.25,9.25],"rotation":0,"texture":"#0","tintindex":0}}},{"from":[18.231579,9.078808,8.449281],"to":[19.67437,10.785885,12.140834],"rotation":{"angle":-22.5,"axis":"x","origin":[7.3714285,8.003562,8.0]},"faces":{"east":{"uv":[7.375,5.375,7.125,5.5],"rotation":0,"texture":"#0","tintindex":0},"south":{"uv":[8.625,5.875,8.5,6.0],"rotation":0,"texture":"#0","tintindex":0},"north":{"uv":[8.5,8.0,8.375,8.125],"rotation":0,"texture":"#0","tintindex":0},"west":{"uv":[7.125,3.875,6.875,4.0],"rotation":0,"texture":"#0","tintindex":0},"up":{"uv":[0.5,8.875,0.625,8.625],"rotation":0,"texture":"#0","tintindex":0},"down":{"uv":[4.5,8.75,4.625,9.0],"rotation":0,"texture":"#0","tintindex":0}}},{"from":[18.231579,9.078808,3.8591661],"to":[19.67437,10.785885,7.550719],"rotation":{"angle":22.5,"axis":"x","origin":[7.3714285,8.003562,8.0]},"faces":{"east":{"uv":[7.125,1.375,6.875,1.5],"rotation":0,"texture":"#0","tintindex":0},"south":{"uv":[8.5,4.75,8.375,4.875],"rotation":0,"texture":"#0","tintindex":0},"north":{"uv":[3.875,8.25,3.75,8.375],"rotation":0,"texture":"#0","tintindex":0},"west":{"uv":[6.875,3.375,6.625,3.5],"rotation":0,"texture":"#0","tintindex":0},"up":{"uv":[8.375,0.25,8.5,0.0],"rotation":0,"texture":"#0","tintindex":0},"down":{"uv":[4.0,8.375,4.125,8.625],"rotation":0,"texture":"#0","tintindex":0}}},{"from":[18.231579,11.691888,8.460622],"to":[19.67437,15.38344,10.167698],"rotation":{"angle":22.5,"axis":"x","origin":[7.3714285,8.003562,8.0]},"faces":{"east":{"uv":[8.375,7.25,8.25,7.5],"rotation":0,"texture":"#0","tintindex":0},"south":{"uv":[8.375,4.0,8.25,4.25],"rotation":0,"texture":"#0","tintindex":0},"north":{"uv":[1.75,8.0,1.625,8.25],"rotation":0,"texture":"#0","tintindex":0},"west":{"uv":[3.625,8.0,3.5,8.25],"rotation":0,"texture":"#0","tintindex":0},"up":{"uv":[7.625,5.375,7.75,5.25],"rotation":0,"texture":"#0","tintindex":0},"down":{"uv":[1.125,7.875,1.25,8.0],"rotation":0,"texture":"#0","tintindex":0}}},{"from":[18.231579,11.695787,13.046837],"to":[19.67437,15.38734,14.753913],"rotation":{"angle":-22.5,"axis":"x","origin":[7.3714285,8.003562,8.0]},"faces":{"east":{"uv":[0.375,8.0,0.25,8.25],"rotation":0,"texture":"#0","tintindex":0},"south":{"uv":[5.25,7.75,5.125,8.0],"rotation":0,"texture":"#0","tintindex":0},"north":{"uv":[1.25,7.625,1.125,7.875],"rotation":0,"texture":"#0","tintindex":0},"west":{"uv":[6.375,7.625,6.25,7.875],"rotation":0,"texture":"#0","tintindex":0},"up":{"uv":[0.875,7.625,1.0,7.5],"rotation":0,"texture":"#0","tintindex":0},"down":{"uv":[6.0,7.5,6.125,7.625],"rotation":0,"texture":"#0","tintindex":0}}},{"from":[18.231579,11.695787,1.2460871],"to":[19.67437,15.38734,2.9531631],"rotation":{"angle":22.5,"axis":"x","origin":[7.3714285,8.003562,8.0]},"faces":{"east":{"uv":[7.5,6.25,7.375,6.5],"rotation":0,"texture":"#0","tintindex":0},"south":{"uv":[3.0,7.375,2.875,7.625],"rotation":0,"texture":"#0","tintindex":0},"north":{"uv":[1.875,6.375,1.75,6.625],"rotation":0,"texture":"#0","tintindex":0},"west":{"uv":[1.0,7.25,0.875,7.5],"rotation":0,"texture":"#0","tintindex":0},"up":{"uv":[4.125,7.375,4.25,7.25],"rotation":0,"texture":"#0","tintindex":0},"down":{"uv":[6.75,7.375,6.875,7.5],"rotation":0,"texture":"#0","tintindex":0}}},{"from":[18.231579,11.691888,5.832302],"to":[19.67437,15.38344,7.539378],"rotation":{"angle":-22.5,"axis":"x","origin":[7.3714285,8.003562,8.0]},"faces":{"east":{"uv":[6.375,3.0,6.25,3.25],"rotation":0,"texture":"#0","tintindex":0},"south":{"uv":[6.125,4.0,6.0,4.25],"rotation":0,"texture":"#0","tintindex":0},"north":{"uv":[5.5,5.75,5.375,6.0],"rotation":0,"texture":"#0","tintindex":0},"west":{"uv":[6.0,3.25,5.875,3.5],"rotation":0,"texture":"#0","tintindex":0},"up":{"uv":[1.75,6.75,1.875,6.625],"rotation":0,"texture":"#0","tintindex":0},"down":{"uv":[5.25,7.0,5.375,7.125],"rotation":0,"texture":"#0","tintindex":0}}},{"from":[18.231579,10.581589,4.585847],"to":[19.67437,17.409893,11.414153],"rotation":{"angle":0.0,"axis":"y","origin":[7.3714285,8.003562,8.0]},"faces":{"east":{"uv":[4.0,1.25,3.5,1.75],"rotation":0,"texture":"#0","tintindex":0},"south":{"uv":[1.375,4.875,1.25,5.375],"rotation":0,"texture":"#0","tintindex":0},"north":{"uv":[2.0,4.5,1.875,5.0],"rotation":0,"texture":"#0","tintindex":0},"west":{"uv":[3.5,1.25,3.0,1.75],"rotation":0,"texture":"#0","tintindex":0},"up":{"uv":[5.25,4.0,5.375,3.5],"rotation":0,"texture":"#0","tintindex":0},"down":{"uv":[5.375,4.375,5.5,4.875],"rotation":0,"texture":"#0","tintindex":0}}},{"from":[19.477222,15.715059,4.2502694],"to":[20.179367,17.06365,7.166596],"rotation":{"angle":22.5,"axis":"x","origin":[7.3714285,8.003562,8.0]},"faces":{"east":{"uv":[9.4375,9.0,9.25,9.125],"rotation":0,"texture":"#0","tintindex":0},"south":{"uv":[1.0625,9.5,1.0,9.625],"rotation":0,"texture":"#0","tintindex":0},"north":{"uv":[9.5625,0.875,9.5,1.0],"rotation":0,"texture":"#0","tintindex":0},"west":{"uv":[9.4375,8.875,9.25,9.0],"rotation":0,"texture":"#0","tintindex":0},"up":{"uv":[7.875,9.5625,7.9375,9.375],"rotation":0,"texture":"#0","tintindex":0},"down":{"uv":[8.0,9.375,8.0625,9.5625],"rotation":0,"texture":"#0","tintindex":0}}},{"from":[19.477222,15.715059,8.833404],"to":[20.179367,17.06365,11.749731],"rotation":{"angle":-22.5,"axis":"x","origin":[7.3714285,8.003562,8.0]},"faces":{"east":{"uv":[9.4375,8.75,9.25,8.875],"rotation":0,"texture":"#0","tintindex":0},"south":{"uv":[0.9375,9.5,0.875,9.625],"rotation":0,"texture":"#0","tintindex":0},"north":{"uv":[9.5625,0.75,9.5,0.875],"rotation":0,"texture":"#0","tintindex":0},"west":{"uv":[9.4375,7.125,9.25,7.25],"rotation":0,"texture":"#0","tintindex":0},"up":{"uv":[7.75,9.5625,7.8125,9.375],"rotation":0,"texture":"#0","tintindex":0},"down":{"uv":[9.375,7.75,9.4375,7.9375],"rotation":0,"texture":"#0","tintindex":0}}},{"from":[19.477222,10.015577,8.836485],"to":[20.179367,11.364167,11.752811],"rotation":{"angle":-22.5,"axis":"x","origin":[7.3714285,8.003562,8.0]},"faces":{"east":{"uv":[9.4375,7.0,9.25,7.125],"rotation":0,"texture":"#0","tintindex":0},"south":{"uv":[0.8125,9.5,0.75,9.625],"rotation":0,"texture":"#0","tintindex":0},"north":{"uv":[9.5625,0.625,9.5,0.75],"rotation":0,"texture":"#0","tintindex":0},"west":{"uv":[7.0625,9.25,6.875,9.375],"rotation":0,"texture":"#0","tintindex":0},"up":{"uv":[9.375,7.6875,9.4375,7.5],"rotation":0,"texture":"#0","tintindex":0},"down":{"uv":[7.625,9.375,7.6875,9.5625],"rotation":0,"texture":"#0","tintindex":0}}},{"from":[19.477222,10.015577,4.2471886],"to":[20.179367,11.364167,7.1635156],"rotation":{"angle":22.5,"axis":"x","origin":[7.3714285,8.003562,8.0]},"faces":{"east":{"uv":[9.4375,5.25,9.25,5.375],"rotation":0,"texture":"#0","tintindex":0},"south":{"uv":[0.6875,9.5,0.625,9.625],"rotation":0,"texture":"#0","tintindex":0},"north":{"uv":[9.5625,0.5,9.5,0.625],"rotation":0,"texture":"#0","tintindex":0},"west":{"uv":[9.4375,3.875,9.25,4.0],"rotation":0,"texture":"#0","tintindex":0},"up":{"uv":[7.375,9.5625,7.4375,9.375],"rotation":0,"texture":"#0","tintindex":0},"down":{"uv":[7.5,9.375,7.5625,9.5625],"rotation":0,"texture":"#0","tintindex":0}}},{"from":[19.477222,12.07991,7.8823385],"to":[20.179367,14.996237,9.230928],"rotation":{"angle":22.5,"axis":"x","origin":[7.3714285,8.003562,8.0]},"faces":{"east":{"uv":[9.375,6.75,9.25,6.9375],"rotation":0,"texture":"#0","tintindex":0},"south":{"uv":[9.4375,7.25,9.375,7.4375],"rotation":0,"texture":"#0","tintindex":0},"north":{"uv":[7.3125,9.375,7.25,9.5625],"rotation":0,"texture":"#0","tintindex":0},"west":{"uv":[6.875,9.25,6.75,9.4375],"rotation":0,"texture":"#0","tintindex":0},"up":{"uv":[9.5,0.5,9.5625,0.375],"rotation":0,"texture":"#0","tintindex":0},"down":{"uv":[0.5,9.5,0.5625,9.625],"rotation":0,"texture":"#0","tintindex":0}}},{"from":[19.477222,12.082991,12.468554],"to":[20.179367,14.999317,13.817144],"rotation":{"angle":-22.5,"axis":"x","origin":[7.3714285,8.003562,8.0]},"faces":{"east":{"uv":[6.75,9.25,6.625,9.4375],"rotation":0,"texture":"#0","tintindex":0},"south":{"uv":[7.1875,9.375,7.125,9.5625],"rotation":0,"texture":"#0","tintindex":0},"north":{"uv":[7.0625,9.375,7.0,9.5625],"rotation":0,"texture":"#0","tintindex":0},"west":{"uv":[9.375,6.5,9.25,6.6875],"rotation":0,"texture":"#0","tintindex":0},"up":{"uv":[9.5,0.375,9.5625,0.25],"rotation":0,"texture":"#0","tintindex":0},"down":{"uv":[0.375,9.5,0.4375,9.625],"rotation":0,"texture":"#0","tintindex":0}}},{"from":[19.477222,12.082991,2.182856],"to":[20.179367,14.999317,3.5314465],"rotation":{"angle":22.5,"axis":"x","origin":[7.3714285,8.003562,8.0]},"faces":{"east":{"uv":[9.375,6.25,9.25,6.4375],"rotation":0,"texture":"#0","tintindex":0},"south":{"uv":[6.9375,9.375,6.875,9.5625],"rotation":0,"texture":"#0","tintindex":0},"north":{"uv":[9.4375,6.75,9.375,6.9375],"rotation":0,"texture":"#0","tintindex":0},"west":{"uv":[9.375,6.0,9.25,6.1875],"rotation":0,"texture":"#0","tintindex":0},"up":{"uv":[9.5,0.25,9.5625,0.125],"rotation":0,"texture":"#0","tintindex":0},"down":{"uv":[0.25,9.5,0.3125,9.625],"rotation":0,"texture":"#0","tintindex":0}}},{"from":[19.477222,12.07991,6.769071],"to":[20.179367,14.996237,8.117661],"rotation":{"angle":-22.5,"axis":"x","origin":[7.3714285,8.003562,8.0]},"faces":{"east":{"uv":[9.375,5.75,9.25,5.9375],"rotation":0,"texture":"#0","tintindex":0},"south":{"uv":[9.4375,6.5,9.375,6.6875],"rotation":0,"texture":"#0","tintindex":0},"north":{"uv":[6.5625,9.375,6.5,9.5625],"rotation":0,"texture":"#0","tintindex":0},"west":{"uv":[5.5,9.25,5.375,9.4375],"rotation":0,"texture":"#0","tintindex":0},"up":{"uv":[9.5,0.125,9.5625,0.0],"rotation":0,"texture":"#0","tintindex":0},"down":{"uv":[0.125,9.5,0.1875,9.625],"rotation":0,"texture":"#0","tintindex":0}}},{"from":[19.477222,11.29856,5.3028193],"to":[20.179367,16.69292,10.697181],"rotation":{"angle":0.0,"axis":"y","origin":[7.3714285,8.003562,8.0]},"faces":{"east":{"uv":[6.125,7.125,5.75,7.5],"rotation":0,"texture":"#0","tintindex":0},"south":{"uv":[5.0625,9.25,5.0,9.625],"rotation":0,"texture":"#0","tintindex":0},"north":{"uv":[9.3125,4.875,9.25,5.25],"rotation":0,"texture":"#0","tintindex":0},"west":{"uv":[4.25,2.875,3.875,3.25],"rotation":0,"texture":"#0","tintindex":0},"up":{"uv":[5.125,9.625,5.1875,9.25],"rotation":0,"texture":"#0","tintindex":0},"down":{"uv":[5.25,9.25,5.3125,9.625],"rotation":0,"texture":"#0","tintindex":0}}},{"from":[15.113496,7.878438,-0.9521513],"to":[19.887978,17.278196,1.5345578],"rotation":{"angle":0.0,"axis":"y","origin":[7.3714285,8.003562,8.0]},"faces":{"east":{"uv":[7.3125,7.5,7.125,8.1875],"rotation":0,"texture":"#0","tintindex":0},"south":{"uv":[6.25,2.5,5.875,3.1875],"rotation":0,"texture":"#0","tintindex":0},"north":{"uv":[5.375,5.75,5.0,6.4375],"rotation":0,"texture":"#0","tintindex":0},"west":{"uv":[7.125,7.5,7.3125,8.1875],"rotation":0,"texture":"#0","tintindex":0},"up":{"uv":[8.625,6.5625,9.0,6.375],"rotation":0,"texture":"#0","tintindex":0},"down":{"uv":[8.625,6.625,9.0,6.8125],"rotation":0,"texture":"#0","tintindex":0}}},{"from":[15.16323,19.133476,8.228029],"to":[19.838242,20.891846,9.986399],"rotation":{"angle":-45.0,"axis":"x","origin":[7.3714285,8.003562,8.0]},"faces":{"east":{"uv":[5.5,6.0,5.375,6.125],"rotation":0,"texture":"#0","tintindex":0},"south":{"uv":[8.4375,0.625,8.125,0.75],"rotation":0,"texture":"#0","tintindex":0},"north":{"uv":[8.3125,7.125,8.0,7.25],"rotation":0,"texture":"#0","tintindex":0},"west":{"uv":[6.125,4.25,6.0,4.375],"rotation":0,"texture":"#0","tintindex":0},"up":{"uv":[8.875,8.875,9.1875,8.75],"rotation":0,"texture":"#0","tintindex":0},"down":{"uv":[9.0,5.375,9.3125,5.5],"rotation":0,"texture":"#0","tintindex":0}}},{"from":[15.16323,19.133476,6.013602],"to":[19.838242,20.891846,7.7719703],"rotation":{"angle":45.0,"axis":"x","origin":[7.3714285,8.003562,8.0]},"faces":{"east":{"uv":[1.375,5.375,1.25,5.5],"rotation":0,"texture":"#0","tintindex":0},"south":{"uv":[7.3125,0.75,7.0,0.875],"rotation":0,"texture":"#0","tintindex":0},"north":{"uv":[6.8125,1.375,6.5,1.5],"rotation":0,"texture":"#0","tintindex":0},"west":{"uv":[2.0,5.0,1.875,5.125],"rotation":0,"texture":"#0","tintindex":0},"up":{"uv":[7.125,3.375,7.4375,3.25],"rotation":0,"texture":"#0","tintindex":0},"down":{"uv":[7.375,1.25,7.6875,1.375],"rotation":0,"texture":"#0","tintindex":0}}},{"from":[15.113496,7.878438,14.465443],"to":[19.887978,17.278196,16.952152],"rotation":{"angle":0.0,"axis":"y","origin":[7.3714285,8.003562,8.0]},"faces":{"east":{"uv":[3.8125,7.5,3.625,8.1875],"rotation":0,"texture":"#0","tintindex":0},"south":{"uv":[5.0,5.75,4.625,6.4375],"rotation":0,"texture":"#0","tintindex":0},"north":{"uv":[4.625,5.75,4.25,6.4375],"rotation":0,"texture":"#0","tintindex":0},"west":{"uv":[3.625,7.5,3.8125,8.1875],"rotation":0,"texture":"#0","tintindex":0},"up":{"uv":[8.625,6.0625,9.0,5.875],"rotation":0,"texture":"#0","tintindex":0},"down":{"uv":[8.625,6.125,9.0,6.3125],"rotation":0,"texture":"#0","tintindex":0}}},{"from":[15.8595085,14.62423,6.259124],"to":[19.141964,20.791267,10.5362625],"rotation":{"angle":22.5,"axis":"x","origin":[7.3714285,8.003562,8.0]},"faces":{"east":{"uv":[5.25,7.5,5.5625,7.9375],"rotation":0,"texture":"#0","tintindex":0},"south":{"uv":[8.375,4.0,8.625,4.4375],"rotation":0,"texture":"#0","tintindex":0},"north":{"uv":[3.75,8.375,4.0,8.8125],"rotation":0,"texture":"#0","tintindex":0},"west":{"uv":[5.625,7.5,5.9375,7.9375],"rotation":0,"texture":"#0","tintindex":0},"up":{"uv":[0.5,8.9375,0.25,8.625],"rotation":0,"texture":"#0","tintindex":0},"down":{"uv":[1.375,8.625,1.125,8.9375],"rotation":0,"texture":"#0","tintindex":0}}},{"from":[15.809774,14.317028,4.714717],"to":[19.191698,22.198353,11.285283],"rotation":{"angle":0.0,"axis":"y","origin":[7.3714285,8.003562,8.0]},"faces":{"east":{"uv":[6.875,5.5,7.375,5.9375],"rotation":0,"texture":"#0","tintindex":0},"south":{"uv":[1.75,8.375,2.0,8.8125],"rotation":0,"texture":"#0","tintindex":0},"north":{"uv":[0.875,8.375,1.125,8.8125],"rotation":0,"texture":"#0","tintindex":0},"west":{"uv":[6.875,6.0,7.375,6.4375],"rotation":0,"texture":"#0","tintindex":0},"up":{"uv":[0.25,8.5,0.0,8.0],"rotation":0,"texture":"#0","tintindex":0},"down":{"uv":[3.5,8.0,3.25,8.5],"rotation":0,"texture":"#0","tintindex":0}}}],"display":{"head":{"translation":[0.0,-6.4,0.0],"scale":[4.0,4.0,4.0]}}}