{"textures":{"0":"minecraft:modelengine/entity/lazer_tower_tier3"},"elements":[{"from":[5.0294056,5.548242,0.72242737],"to":[10.970594,9.894296,3.4995708],"rotation":{"angle":0.0,"axis":"y","origin":[8.0,-4.9910603,21.010103]},"faces":{"east":{"uv":[11.125,8.875,11.3125,9.1875],"rotation":0,"texture":"#0","tintindex":0},"south":{"uv":[8.75,4.625,9.1875,4.9375],"rotation":0,"texture":"#0","tintindex":0},"north":{"uv":[8.75,2.25,9.1875,2.5625],"rotation":0,"texture":"#0","tintindex":0},"west":{"uv":[11.125,9.25,11.3125,9.5625],"rotation":0,"texture":"#0","tintindex":0},"up":{"uv":[10.6875,7.0625,10.25,6.875],"rotation":0,"texture":"#0","tintindex":0},"down":{"uv":[10.6875,7.125,10.25,7.3125],"rotation":0,"texture":"#0","tintindex":0}}},{"from":[4.751691,5.270528,-2.0547152],"to":[11.248309,10.17201,0.72242737],"rotation":{"angle":0.0,"axis":"y","origin":[8.0,-4.9910603,21.010103]},"faces":{"east":{"uv":[10.875,2.625,11.0625,3.0],"rotation":0,"texture":"#0","tintindex":0},"south":{"uv":[0.0,6.625,0.5,7.0],"rotation":0,"texture":"#0","tintindex":0},"north":{"uv":[6.5,4.25,7.0,4.625],"rotation":0,"texture":"#0","tintindex":0},"west":{"uv":[10.875,3.0,11.0625,3.375],"rotation":0,"texture":"#0","tintindex":0},"up":{"uv":[10.5,3.4375,10.0,3.25],"rotation":0,"texture":"#0","tintindex":0},"down":{"uv":[3.875,10.0,3.375,10.1875],"rotation":0,"texture":"#0","tintindex":0}}},{"from":[4.0574055,4.5762424,-5.387287],"to":[11.942595,10.866296,-2.0547152],"rotation":{"angle":0.0,"axis":"y","origin":[8.0,-4.9910603,21.010103]},"faces":{"east":{"uv":[6.0,9.75,6.25,10.1875],"rotation":0,"texture":"#0","tintindex":0},"south":{"uv":[4.625,4.875,5.1875,5.3125],"rotation":0,"texture":"#0","tintindex":0},"north":{"uv":[4.0,4.875,4.5625,5.3125],"rotation":0,"texture":"#0","tintindex":0},"west":{"uv":[6.625,9.75,6.875,10.1875],"rotation":0,"texture":"#0","tintindex":0},"up":{"uv":[8.9375,8.125,8.375,7.875],"rotation":0,"texture":"#0","tintindex":0},"down":{"uv":[9.0625,2.625,8.5,2.875],"rotation":0,"texture":"#0","tintindex":0}}},{"from":[4.126834,8.621412,-8.430899],"to":[11.873166,10.468037,-4.056899],"rotation":{"angle":-22.5,"axis":"x","origin":[8.0,7.3230104,-5.7231855]},"faces":{"east":{"uv":[11.25,2.5,11.5625,2.625],"rotation":0,"texture":"#0","tintindex":0},"south":{"uv":[10.875,3.375,11.4375,3.5],"rotation":0,"texture":"#0","tintindex":0},"north":{"uv":[10.75,8.75,11.3125,8.875],"rotation":0,"texture":"#0","tintindex":0},"west":{"uv":[11.375,3.75,11.6875,3.875],"rotation":0,"texture":"#0","tintindex":0},"up":{"uv":[7.1875,0.3125,6.625,0.0],"rotation":0,"texture":"#0","tintindex":0},"down":{"uv":[7.1875,0.375,6.625,0.6875],"rotation":0,"texture":"#0","tintindex":0}}},{"from":[4.1962624,4.570924,-8.094042],"to":[11.803738,8.457549,-3.8426142],"rotation":{"angle":22.5,"axis":"x","origin":[8.0,8.144523,-4.351756]},"faces":{"east":{"uv":[9.875,6.375,10.1875,6.6875],"rotation":0,"texture":"#0","tintindex":0},"south":{"uv":[2.25,6.625,2.8125,6.9375],"rotation":0,"texture":"#0","tintindex":0},"north":{"uv":[0.5,6.625,1.0625,6.9375],"rotation":0,"texture":"#0","tintindex":0},"west":{"uv":[9.875,6.75,10.1875,7.0625],"rotation":0,"texture":"#0","tintindex":0},"up":{"uv":[3.4375,6.9375,2.875,6.625],"rotation":0,"texture":"#0","tintindex":0},"down":{"uv":[7.1875,6.25,6.625,6.5625],"rotation":0,"texture":"#0","tintindex":0}}}],"display":{"head":{"translation":[0.0,-6.4,0.0],"scale":[4.0,4.0,4.0]}}}