{"textures":{"0":"minecraft:modelengine/entity/lazer_tower_tier3"},"elements":[{"from":[6.1808796,7.1960883,10.756244],"to":[9.81912,13.946769,12.409989],"rotation":{"angle":0.0,"axis":"y","origin":[8.0,8.013114,8.0]},"faces":{"east":{"uv":[2.875,11.0,3.0,11.5],"rotation":0,"texture":"#0","tintindex":0},"south":{"uv":[0.25,9.375,0.5,9.875],"rotation":0,"texture":"#0","tintindex":0},"north":{"uv":[9.375,0.0,9.625,0.5],"rotation":0,"texture":"#0","tintindex":0},"west":{"uv":[3.0,11.0,3.125,11.5],"rotation":0,"texture":"#0","tintindex":0},"up":{"uv":[5.125,7.25,4.875,7.125],"rotation":0,"texture":"#0","tintindex":0},"down":{"uv":[7.875,3.625,7.625,3.75],"rotation":0,"texture":"#0","tintindex":0}}},{"from":[9.766621,7.1960883,6.1808796],"to":[12.409989,13.946769,9.81912],"rotation":{"angle":0.0,"axis":"y","origin":[8.0,8.013114,8.0]},"faces":{"east":{"uv":[9.375,3.875,9.625,4.375],"rotation":0,"texture":"#0","tintindex":0},"south":{"uv":[1.0,10.0,1.1875,10.5],"rotation":0,"texture":"#0","tintindex":0},"north":{"uv":[0.75,10.0,0.9375,10.5],"rotation":0,"texture":"#0","tintindex":0},"west":{"uv":[9.375,5.625,9.625,6.125],"rotation":0,"texture":"#0","tintindex":0},"up":{"uv":[11.4375,8.625,11.25,8.375],"rotation":0,"texture":"#0","tintindex":0},"down":{"uv":[8.6875,11.25,8.5,11.5],"rotation":0,"texture":"#0","tintindex":0}}},{"from":[10.756244,7.1960883,6.167098],"to":[12.409989,13.946769,9.832902],"rotation":{"angle":-45.0,"axis":"y","origin":[8.0,8.013114,8.0]},"faces":{"east":{"uv":[7.625,9.375,7.875,9.875],"rotation":0,"texture":"#0","tintindex":0},"south":{"uv":[3.5,11.0,3.625,11.5],"rotation":0,"texture":"#0","tintindex":0},"north":{"uv":[3.375,11.0,3.5,11.5],"rotation":0,"texture":"#0","tintindex":0},"west":{"uv":[7.875,9.375,8.125,9.875],"rotation":0,"texture":"#0","tintindex":0},"up":{"uv":[0.875,9.25,0.75,9.0],"rotation":0,"texture":"#0","tintindex":0},"down":{"uv":[3.5,9.0,3.375,9.25],"rotation":0,"texture":"#0","tintindex":0}}},{"from":[3.5900097,7.1960883,6.1808796],"to":[6.233379,13.946769,9.81912],"rotation":{"angle":0.0,"axis":"y","origin":[7.999999,8.013114,8.0]},"faces":{"east":{"uv":[9.625,5.625,9.375,6.125],"rotation":0,"texture":"#0","tintindex":0},"south":{"uv":[1.1875,10.0,1.0,10.5],"rotation":0,"texture":"#0","tintindex":0},"north":{"uv":[0.9375,10.0,0.75,10.5],"rotation":0,"texture":"#0","tintindex":0},"west":{"uv":[9.625,3.875,9.375,4.375],"rotation":0,"texture":"#0","tintindex":0},"up":{"uv":[11.25,8.625,11.4375,8.375],"rotation":0,"texture":"#0","tintindex":0},"down":{"uv":[8.5,11.25,8.6875,11.5],"rotation":0,"texture":"#0","tintindex":0}}},{"from":[3.5900097,7.1960883,6.167098],"to":[5.243756,13.946769,9.832902],"rotation":{"angle":45.0,"axis":"y","origin":[7.999999,8.013114,8.0]},"faces":{"east":{"uv":[8.125,9.375,7.875,9.875],"rotation":0,"texture":"#0","tintindex":0},"south":{"uv":[3.625,11.0,3.5,11.5],"rotation":0,"texture":"#0","tintindex":0},"north":{"uv":[3.5,11.0,3.375,11.5],"rotation":0,"texture":"#0","tintindex":0},"west":{"uv":[7.875,9.375,7.625,9.875],"rotation":0,"texture":"#0","tintindex":0},"up":{"uv":[0.75,9.25,0.875,9.0],"rotation":0,"texture":"#0","tintindex":0},"down":{"uv":[3.375,9.0,3.5,9.25],"rotation":0,"texture":"#0","tintindex":0}}},{"from":[6.1808796,7.1960883,3.5900106],"to":[9.81912,13.946769,5.2437563],"rotation":{"angle":0.0,"axis":"y","origin":[8.0,8.013114,8.0]},"faces":{"east":{"uv":[3.0,11.0,2.875,11.5],"rotation":0,"texture":"#0","tintindex":0},"south":{"uv":[9.625,0.0,9.375,0.5],"rotation":0,"texture":"#0","tintindex":0},"north":{"uv":[0.5,9.375,0.25,9.875],"rotation":0,"texture":"#0","tintindex":0},"west":{"uv":[3.125,11.0,3.0,11.5],"rotation":0,"texture":"#0","tintindex":0},"up":{"uv":[5.125,7.125,4.875,7.25],"rotation":0,"texture":"#0","tintindex":0},"down":{"uv":[7.875,3.75,7.625,3.625],"rotation":0,"texture":"#0","tintindex":0}}},{"from":[10.756244,7.1960883,6.167098],"to":[12.409989,13.946769,9.832902],"rotation":{"angle":45.0,"axis":"y","origin":[8.0,8.013114,8.0]},"faces":{"east":{"uv":[7.875,9.375,7.625,9.875],"rotation":0,"texture":"#0","tintindex":0},"south":{"uv":[3.5,11.0,3.375,11.5],"rotation":0,"texture":"#0","tintindex":0},"north":{"uv":[3.625,11.0,3.5,11.5],"rotation":0,"texture":"#0","tintindex":0},"west":{"uv":[8.125,9.375,7.875,9.875],"rotation":0,"texture":"#0","tintindex":0},"up":{"uv":[0.875,9.0,0.75,9.25],"rotation":0,"texture":"#0","tintindex":0},"down":{"uv":[3.5,9.25,3.375,9.0],"rotation":0,"texture":"#0","tintindex":0}}},{"from":[3.5900097,7.1960883,6.167098],"to":[5.243756,13.946769,9.832902],"rotation":{"angle":-45.0,"axis":"y","origin":[7.999999,8.013114,8.0]},"faces":{"east":{"uv":[7.875,9.375,8.125,9.875],"rotation":0,"texture":"#0","tintindex":0},"south":{"uv":[3.375,11.0,3.5,11.5],"rotation":0,"texture":"#0","tintindex":0},"north":{"uv":[3.5,11.0,3.625,11.5],"rotation":0,"texture":"#0","tintindex":0},"west":{"uv":[7.625,9.375,7.875,9.875],"rotation":0,"texture":"#0","tintindex":0},"up":{"uv":[0.75,9.0,0.875,9.25],"rotation":0,"texture":"#0","tintindex":0},"down":{"uv":[3.375,9.25,3.5,9.0],"rotation":0,"texture":"#0","tintindex":0}}}],"display":{"head":{"translation":[0.0,-6.4,0.0],"scale":[4.0,4.0,4.0]}}}