{"textures":{"0":"minecraft:modelengine/entity/lazer_tower_tier3"},"elements":[{"from":[7.8045964,6.701483,4.691278],"to":[10.398481,9.298517,11.548421],"rotation":{"angle":-22.5,"axis":"y","origin":[8.972967,8.0,7.4769926]},"faces":{"east":{"uv":[9.875,9.375,10.375,9.5625],"rotation":0,"texture":"#0","tintindex":0},"south":{"uv":[11.5,3.875,11.6875,4.0625],"rotation":0,"texture":"#0","tintindex":0},"north":{"uv":[3.875,11.5,4.0625,11.6875],"rotation":0,"texture":"#0","tintindex":0},"west":{"uv":[10.0,1.0,10.5,1.1875],"rotation":0,"texture":"#0","tintindex":0},"up":{"uv":[1.4375,10.5,1.25,10.0],"rotation":0,"texture":"#0","tintindex":0},"down":{"uv":[10.1875,1.25,10.0,1.75],"rotation":0,"texture":"#0","tintindex":0}}},{"from":[8.095689,6.7443395,11.085076],"to":[12.852832,9.25566,13.893248],"rotation":{"angle":45.0,"axis":"y","origin":[2.9010038,0.15288305,12.467733]},"faces":{"east":{"uv":[3.375,11.5,3.5625,11.6875],"rotation":0,"texture":"#0","tintindex":0},"south":{"uv":[10.75,7.125,11.125,7.3125],"rotation":0,"texture":"#0","tintindex":0},"north":{"uv":[10.75,6.875,11.125,7.0625],"rotation":0,"texture":"#0","tintindex":0},"west":{"uv":[3.625,11.5,3.8125,11.6875],"rotation":0,"texture":"#0","tintindex":0},"up":{"uv":[11.125,7.5625,10.75,7.375],"rotation":0,"texture":"#0","tintindex":0},"down":{"uv":[11.125,7.625,10.75,7.8125],"rotation":0,"texture":"#0","tintindex":0}}},{"from":[9.42791,6.7443395,1.7807097],"to":[11.656482,9.25566,6.731738],"rotation":{"angle":-45.0,"axis":"y","origin":[9.963624,8.0,5.606224]},"faces":{"east":{"uv":[10.75,7.875,11.125,8.0625],"rotation":0,"texture":"#0","tintindex":0},"south":{"uv":[11.5,4.375,11.6875,4.5625],"rotation":0,"texture":"#0","tintindex":0},"north":{"uv":[11.5,4.125,11.6875,4.3125],"rotation":0,"texture":"#0","tintindex":0},"west":{"uv":[10.75,8.125,11.125,8.3125],"rotation":0,"texture":"#0","tintindex":0},"up":{"uv":[10.9375,8.75,10.75,8.375],"rotation":0,"texture":"#0","tintindex":0},"down":{"uv":[11.0625,1.0,10.875,1.375],"rotation":0,"texture":"#0","tintindex":0}}},{"from":[8.90415,6.5729113,2.4801607],"to":[12.289864,9.427089,5.6740456],"rotation":{"angle":0.0,"axis":"y","origin":[10.597007,8.0,4.077103]},"faces":{"east":{"uv":[11.375,9.875,11.625,10.0625],"rotation":0,"texture":"#0","tintindex":0},"south":{"uv":[10.25,11.375,10.5,11.5625],"rotation":0,"texture":"#0","tintindex":0},"north":{"uv":[11.375,9.25,11.625,9.4375],"rotation":0,"texture":"#0","tintindex":0},"west":{"uv":[10.5,11.375,10.75,11.5625],"rotation":0,"texture":"#0","tintindex":0},"up":{"uv":[5.25,11.25,5.0,11.0],"rotation":0,"texture":"#0","tintindex":0},"down":{"uv":[5.75,11.0,5.5,11.25],"rotation":0,"texture":"#0","tintindex":0}}}],"display":{"head":{"translation":[0.0,-6.4,0.0],"scale":[4.0,4.0,4.0]}}}