{"textures":{"0":"minecraft:modelengine/entity/lazer_tower_tier3"},"elements":[{"from":[6.7662997,6.74434,-3.1428576],"to":[9.2337,9.25566,8.0],"rotation":{"angle":0.0,"axis":"y","origin":[8.0,0.15288305,16.237541]},"faces":{"east":{"uv":[8.25,0.5,9.0625,0.6875],"rotation":0,"texture":"#0","tintindex":0},"south":{"uv":[9.25,11.5,9.4375,11.6875],"rotation":0,"texture":"#0","tintindex":0},"north":{"uv":[11.5,8.5,11.6875,8.6875],"rotation":0,"texture":"#0","tintindex":0},"west":{"uv":[8.25,6.0,9.0625,6.1875],"rotation":0,"texture":"#0","tintindex":0},"up":{"uv":[1.5625,9.1875,1.375,8.375],"rotation":0,"texture":"#0","tintindex":0},"down":{"uv":[1.8125,8.375,1.625,9.1875],"rotation":0,"texture":"#0","tintindex":0}}}],"display":{"head":{"translation":[0.0,-6.4,0.0],"scale":[4.0,4.0,4.0]}}}