{"textures":{"0":"minecraft:modelengine/entity/lazer_tower_tier3"},"elements":[{"from":[6.7662997,6.74434,-3.1428576],"to":[9.2337,9.25566,8.0],"rotation":{"angle":0.0,"axis":"y","origin":[8.0,0.15288305,16.237541]},"faces":{"east":{"uv":[1.875,8.125,2.6875,8.3125],"rotation":0,"texture":"#0","tintindex":0},"south":{"uv":[7.5,11.5,7.6875,11.6875],"rotation":0,"texture":"#0","tintindex":0},"north":{"uv":[7.25,11.5,7.4375,11.6875],"rotation":0,"texture":"#0","tintindex":0},"west":{"uv":[2.75,8.125,3.5625,8.3125],"rotation":0,"texture":"#0","tintindex":0},"up":{"uv":[5.0625,8.9375,4.875,8.125],"rotation":0,"texture":"#0","tintindex":0},"down":{"uv":[5.3125,8.125,5.125,8.9375],"rotation":0,"texture":"#0","tintindex":0}}}],"display":{"head":{"translation":[0.0,-6.4,0.0],"scale":[4.0,4.0,4.0]}}}