{"textures":{"0":"minecraft:modelengine/entity/minion"},"elements":[{"from":[6.547401,7.7140555,7.254837],"to":[9.452599,9.20297,8.707436],"rotation":{"angle":0.0,"axis":"y","origin":[7.6368504,4.5546527,7.509042]},"faces":{"east":{"uv":[7.25,7.0,8.125,7.875],"rotation":0,"texture":"#0","tintindex":0},"south":{"uv":[6.0,4.5,7.625,5.375],"rotation":0,"texture":"#0","tintindex":0},"north":{"uv":[3.5,6.0,5.125,6.875],"rotation":0,"texture":"#0","tintindex":0},"west":{"uv":[7.75,0.0,8.625,0.875],"rotation":0,"texture":"#0","tintindex":0},"up":{"uv":[6.875,6.875,5.25,6.0],"rotation":0,"texture":"#0","tintindex":0},"down":{"uv":[7.875,2.0,6.25,2.875],"rotation":0,"texture":"#0","tintindex":0}}},{"from":[6.467058,8.549622,7.1905627],"to":[9.532942,8.945872,8.765283],"rotation":{"angle":0.0,"axis":"y","origin":[7.6368504,4.5546527,7.509042]},"faces":{"east":{"uv":[11.25,3.0,12.125,3.25],"rotation":0,"texture":"#0","tintindex":0},"south":{"uv":[9.5,4.5,11.25,4.75],"rotation":0,"texture":"#0","tintindex":0},"north":{"uv":[9.0,3.25,10.75,3.5],"rotation":0,"texture":"#0","tintindex":0},"west":{"uv":[11.25,6.25,12.125,6.5],"rotation":0,"texture":"#0","tintindex":0},"up":{"uv":[1.75,6.875,0.0,6.0],"rotation":0,"texture":"#0","tintindex":0},"down":{"uv":[3.5,6.0,1.75,6.875],"rotation":0,"texture":"#0","tintindex":0}}},{"from":[8.285242,8.590415,7.2628713],"to":[9.27828,8.986666,8.699402],"rotation":{"angle":22.5,"axis":"z","origin":[7.825681,9.334872,7.9811363]},"faces":{"east":{"uv":[11.5,5.0,12.375,5.25],"rotation":0,"texture":"#0","tintindex":0},"south":{"uv":[12.0,4.0,12.625,4.25],"rotation":0,"texture":"#0","tintindex":0},"north":{"uv":[12.0,3.25,12.625,3.5],"rotation":0,"texture":"#0","tintindex":0},"west":{"uv":[11.5,8.75,12.375,9.0],"rotation":0,"texture":"#0","tintindex":0},"up":{"uv":[9.125,9.375,8.5,8.5],"rotation":0,"texture":"#0","tintindex":0},"down":{"uv":[9.375,0.0,8.75,0.875],"rotation":0,"texture":"#0","tintindex":0}}},{"from":[6.7217197,8.590415,7.2628713],"to":[7.7147574,8.986666,8.699402],"rotation":{"angle":-22.5,"axis":"z","origin":[8.174318,9.334872,7.9811363]},"faces":{"east":{"uv":[11.75,1.75,12.625,2.0],"rotation":0,"texture":"#0","tintindex":0},"south":{"uv":[11.25,12.0,11.875,12.25],"rotation":0,"texture":"#0","tintindex":0},"north":{"uv":[12.0,7.5,12.625,7.75],"rotation":0,"texture":"#0","tintindex":0},"west":{"uv":[11.75,3.5,12.625,3.75],"rotation":0,"texture":"#0","tintindex":0},"up":{"uv":[1.375,9.625,0.75,8.75],"rotation":0,"texture":"#0","tintindex":0},"down":{"uv":[2.125,8.75,1.5,9.625],"rotation":0,"texture":"#0","tintindex":0}}},{"from":[6.7217197,7.1015015,7.263916],"to":[8.292342,8.045691,8.698358],"rotation":{"angle":-22.5,"axis":"z","origin":[8.174319,7.845958,7.9811363]},"faces":{"east":{"uv":[9.75,2.0,10.625,2.5],"rotation":0,"texture":"#0","tintindex":0},"south":{"uv":[9.75,2.5,10.5,3.0],"rotation":0,"texture":"#0","tintindex":0},"north":{"uv":[9.875,1.5,10.625,2.0],"rotation":0,"texture":"#0","tintindex":0},"west":{"uv":[9.75,5.25,10.625,5.75],"rotation":0,"texture":"#0","tintindex":0},"up":{"uv":[3.875,8.625,3.0,7.75],"rotation":0,"texture":"#0","tintindex":0},"down":{"uv":[4.875,7.75,4.0,8.625],"rotation":0,"texture":"#0","tintindex":0}}},{"from":[7.7076573,7.1015015,7.263916],"to":[9.27828,8.045691,8.698358],"rotation":{"angle":22.5,"axis":"z","origin":[7.825681,7.845958,7.9811363]},"faces":{"east":{"uv":[10.625,5.25,9.75,5.75],"rotation":0,"texture":"#0","tintindex":0},"south":{"uv":[10.5,2.5,9.75,3.0],"rotation":0,"texture":"#0","tintindex":0},"north":{"uv":[10.625,1.5,9.875,2.0],"rotation":0,"texture":"#0","tintindex":0},"west":{"uv":[10.625,2.0,9.75,2.5],"rotation":0,"texture":"#0","tintindex":0},"up":{"uv":[3.0,8.625,3.875,7.75],"rotation":0,"texture":"#0","tintindex":0},"down":{"uv":[4.0,7.75,4.875,8.625],"rotation":0,"texture":"#0","tintindex":0}}},{"from":[6.9555426,9.178715,7.3383937],"to":[9.044457,10.367788,8.623879],"rotation":{"angle":0.0,"axis":"y","origin":[7.6786284,5.386531,7.5633535]},"faces":{"east":{"uv":[2.25,9.25,3.0,9.875],"rotation":0,"texture":"#0","tintindex":0},"south":{"uv":[7.0,6.25,8.25,6.875],"rotation":0,"texture":"#0","tintindex":0},"north":{"uv":[6.0,7.0,7.25,7.625],"rotation":0,"texture":"#0","tintindex":0},"west":{"uv":[3.0,9.25,3.75,9.875],"rotation":0,"texture":"#0","tintindex":0},"up":{"uv":[8.0,2.0,6.75,1.25],"rotation":0,"texture":"#0","tintindex":0},"down":{"uv":[2.25,7.0,1.0,7.75],"rotation":0,"texture":"#0","tintindex":0}}},{"from":[9.076594,10.721297,7.209845],"to":[10.522766,11.444383,8.664051],"rotation":{"angle":-22.5,"axis":"z","origin":[9.57472,10.769503,7.8525877]},"faces":{"east":{"uv":[9.75,10.5,10.625,10.875],"rotation":0,"texture":"#0","tintindex":0},"south":{"uv":[10.5,10.0,11.375,10.375],"rotation":0,"texture":"#0","tintindex":0},"north":{"uv":[10.5,4.75,11.375,5.125],"rotation":0,"texture":"#0","tintindex":0},"west":{"uv":[0.0,10.75,0.875,11.125],"rotation":0,"texture":"#0","tintindex":0},"up":{"uv":[8.625,5.375,7.75,4.5],"rotation":0,"texture":"#0","tintindex":0},"down":{"uv":[5.875,7.75,5.0,8.625],"rotation":0,"texture":"#0","tintindex":0}}},{"from":[5.477234,10.721297,7.209845],"to":[6.9234056,11.444383,8.664051],"rotation":{"angle":22.5,"axis":"z","origin":[6.42528,10.769503,7.8525877]},"faces":{"east":{"uv":[10.75,1.0,11.625,1.375],"rotation":0,"texture":"#0","tintindex":0},"south":{"uv":[10.75,1.5,11.625,1.875],"rotation":0,"texture":"#0","tintindex":0},"north":{"uv":[10.75,0.0,11.625,0.375],"rotation":0,"texture":"#0","tintindex":0},"west":{"uv":[1.75,10.75,2.625,11.125],"rotation":0,"texture":"#0","tintindex":0},"up":{"uv":[6.875,8.625,6.0,7.75],"rotation":0,"texture":"#0","tintindex":0},"down":{"uv":[8.875,1.0,8.0,1.875],"rotation":0,"texture":"#0","tintindex":0}}},{"from":[6.6341715,9.686164,6.6432133],"to":[9.3658285,10.907375,8.346481],"rotation":{"angle":-22.5,"axis":"x","origin":[7.723234,11.117943,7.010726]},"faces":{"east":{"uv":[8.0,2.0,9.0,2.75],"rotation":0,"texture":"#0","tintindex":0},"south":{"uv":[6.25,3.75,7.875,4.5],"rotation":0,"texture":"#0","tintindex":0},"north":{"uv":[6.25,3.0,7.875,3.75],"rotation":0,"texture":"#0","tintindex":0},"west":{"uv":[8.0,2.75,9.0,3.5],"rotation":0,"texture":"#0","tintindex":0},"up":{"uv":[6.625,1.0,5.0,0.0],"rotation":0,"texture":"#0","tintindex":0},"down":{"uv":[6.625,1.0,5.0,2.0],"rotation":0,"texture":"#0","tintindex":0}}},{"from":[8.948046,8.744863,7.346428],"to":[9.205143,9.3635025,8.615845],"rotation":{"angle":22.5,"axis":"z","origin":[8.16872,9.146577,7.9811363]},"faces":{"east":{"uv":[5.75,11.25,6.5,11.625],"rotation":0,"texture":"#0","tintindex":0},"south":{"uv":[0.5,12.75,0.625,13.125],"rotation":0,"texture":"#0","tintindex":0},"north":{"uv":[0.25,12.75,0.375,13.125],"rotation":0,"texture":"#0","tintindex":0},"west":{"uv":[11.25,5.75,12.0,6.125],"rotation":0,"texture":"#0","tintindex":0},"up":{"uv":[12.625,10.0,12.5,9.25],"rotation":0,"texture":"#0","tintindex":0},"down":{"uv":[9.875,12.5,9.75,13.25],"rotation":0,"texture":"#0","tintindex":0}}},{"from":[6.794857,8.744863,7.346428],"to":[7.0519543,9.3635025,8.615845],"rotation":{"angle":-22.5,"axis":"z","origin":[7.8312798,9.146577,7.9811363]},"faces":{"east":{"uv":[6.5,11.25,7.25,11.625],"rotation":0,"texture":"#0","tintindex":0},"south":{"uv":[0.75,12.75,0.875,13.125],"rotation":0,"texture":"#0","tintindex":0},"north":{"uv":[12.75,0.5,12.875,0.875],"rotation":0,"texture":"#0","tintindex":0},"west":{"uv":[0.75,11.5,1.5,11.875],"rotation":0,"texture":"#0","tintindex":0},"up":{"uv":[10.125,13.25,10.0,12.5],"rotation":0,"texture":"#0","tintindex":0},"down":{"uv":[12.625,10.0,12.5,10.75],"rotation":0,"texture":"#0","tintindex":0}}}],"display":{"head":{"translation":[0.0,-6.4,0.0],"scale":[4.0,4.0,4.0]}}}