{"textures":{"0":"minecraft:modelengine/entity/minion"},"elements":[{"from":[7.3893943,7.3529143,7.281257],"to":[8.610605,7.995657,8.566743],"rotation":{"angle":0.0,"axis":"y","origin":[6.0717716,7.3529143,5.3530283]},"faces":{"east":{"uv":[8.0,11.5,7.25,11.875],"rotation":0,"texture":"#0","tintindex":0},"south":{"uv":[12.25,4.5,11.5,4.875],"rotation":0,"texture":"#0","tintindex":0},"north":{"uv":[12.25,2.0,11.5,2.375],"rotation":0,"texture":"#0","tintindex":0},"west":{"uv":[12.25,2.5,11.5,2.875],"rotation":0,"texture":"#0","tintindex":0},"up":{"uv":[8.25,6.25,9.0,5.5],"rotation":0,"texture":"#0","tintindex":0},"down":{"uv":[8.25,6.25,9.0,7.0],"rotation":0,"texture":"#0","tintindex":0}}}],"display":{"head":{"translation":[0.0,-6.4,0.0],"scale":[4.0,4.0,4.0]}}}