{"textures":{"0":"minecraft:modelengine/entity/minion"},"elements":[{"from":[7.3893943,7.3529143,7.281257],"to":[8.610605,7.995657,8.566743],"rotation":{"angle":0.0,"axis":"y","origin":[9.928228,7.3529143,5.3530283]},"faces":{"east":{"uv":[11.5,2.5,12.25,2.875],"rotation":0,"texture":"#0","tintindex":0},"south":{"uv":[11.5,4.5,12.25,4.875],"rotation":0,"texture":"#0","tintindex":0},"north":{"uv":[11.5,2.0,12.25,2.375],"rotation":0,"texture":"#0","tintindex":0},"west":{"uv":[7.25,11.5,8.0,11.875],"rotation":0,"texture":"#0","tintindex":0},"up":{"uv":[9.0,6.25,8.25,5.5],"rotation":0,"texture":"#0","tintindex":0},"down":{"uv":[9.0,6.25,8.25,7.0],"rotation":0,"texture":"#0","tintindex":0}}}],"display":{"head":{"translation":[0.0,-6.4,0.0],"scale":[4.0,4.0,4.0]}}}