{"textures":{"0":"minecraft:modelengine/entity/minion"},"elements":[{"from":[7.413431,6.7135153,7.4376],"to":[8.538231,7.9990015,8.5624],"rotation":{"angle":0.0,"axis":"y","origin":[7.493774,7.3562584,7.8393145]},"faces":{"east":{"uv":[5.25,8.75,5.875,9.5],"rotation":0,"texture":"#0","tintindex":0},"south":{"uv":[6.0,8.75,6.625,9.5],"rotation":0,"texture":"#0","tintindex":0},"north":{"uv":[8.75,4.5,9.375,5.25],"rotation":0,"texture":"#0","tintindex":0},"west":{"uv":[6.75,8.75,7.375,9.5],"rotation":0,"texture":"#0","tintindex":0},"up":{"uv":[10.375,6.375,9.75,5.75],"rotation":0,"texture":"#0","tintindex":0},"down":{"uv":[10.375,6.5,9.75,7.125],"rotation":0,"texture":"#0","tintindex":0}}},{"from":[7.413431,6.2957325,7.517943],"to":[8.449854,6.954544,8.482058],"rotation":{"angle":-22.5,"axis":"z","origin":[7.975831,6.392144,8.0]},"faces":{"east":{"uv":[3.75,11.75,4.25,12.125],"rotation":0,"texture":"#0","tintindex":0},"south":{"uv":[1.5,11.75,2.125,12.125],"rotation":0,"texture":"#0","tintindex":0},"north":{"uv":[11.75,1.25,12.375,1.625],"rotation":0,"texture":"#0","tintindex":0},"west":{"uv":[5.0,11.75,5.5,12.125],"rotation":0,"texture":"#0","tintindex":0},"up":{"uv":[11.375,2.5,10.75,2.0],"rotation":0,"texture":"#0","tintindex":0},"down":{"uv":[11.375,2.5,10.75,3.0],"rotation":0,"texture":"#0","tintindex":0}}}],"display":{"head":{"translation":[0.0,-6.4,0.0],"scale":[4.0,4.0,4.0]}}}