{"textures":{"0":"minecraft:modelengine/entity/minion"},"elements":[{"from":[7.4376,6.7818284,8.003257],"to":[8.5624,8.067314,8.967371],"rotation":{"angle":0.0,"axis":"y","origin":[6.0717716,6.2997713,5.8339996]},"faces":{"east":{"uv":[7.0,10.5,6.5,11.25],"rotation":0,"texture":"#0","tintindex":0},"south":{"uv":[5.125,9.25,4.5,10.0],"rotation":0,"texture":"#0","tintindex":0},"north":{"uv":[4.375,9.25,3.75,10.0],"rotation":0,"texture":"#0","tintindex":0},"west":{"uv":[9.75,10.0,9.25,10.75],"rotation":0,"texture":"#0","tintindex":0},"up":{"uv":[10.75,8.25,11.375,7.75],"rotation":0,"texture":"#0","tintindex":0},"down":{"uv":[10.75,8.25,11.375,8.75],"rotation":0,"texture":"#0","tintindex":0}}}],"display":{"head":{"translation":[0.0,-6.4,0.0],"scale":[4.0,4.0,4.0]}}}