{"textures":{"0":"minecraft:modelengine/entity/minion"},"elements":[{"from":[7.461769,6.7135153,7.4376],"to":[8.586569,7.9990015,8.5624],"rotation":{"angle":0.0,"axis":"y","origin":[8.506227,7.3562584,7.8393145]},"faces":{"east":{"uv":[7.375,8.75,6.75,9.5],"rotation":0,"texture":"#0","tintindex":0},"south":{"uv":[6.625,8.75,6.0,9.5],"rotation":0,"texture":"#0","tintindex":0},"north":{"uv":[9.375,4.5,8.75,5.25],"rotation":0,"texture":"#0","tintindex":0},"west":{"uv":[5.875,8.75,5.25,9.5],"rotation":0,"texture":"#0","tintindex":0},"up":{"uv":[9.75,6.375,10.375,5.75],"rotation":0,"texture":"#0","tintindex":0},"down":{"uv":[9.75,6.5,10.375,7.125],"rotation":0,"texture":"#0","tintindex":0}}},{"from":[7.550146,6.2957325,7.517943],"to":[8.586569,6.954544,8.482058],"rotation":{"angle":22.5,"axis":"z","origin":[8.024169,6.392144,8.0]},"faces":{"east":{"uv":[5.5,11.75,5.0,12.125],"rotation":0,"texture":"#0","tintindex":0},"south":{"uv":[2.125,11.75,1.5,12.125],"rotation":0,"texture":"#0","tintindex":0},"north":{"uv":[12.375,1.25,11.75,1.625],"rotation":0,"texture":"#0","tintindex":0},"west":{"uv":[4.25,11.75,3.75,12.125],"rotation":0,"texture":"#0","tintindex":0},"up":{"uv":[10.75,2.5,11.375,2.0],"rotation":0,"texture":"#0","tintindex":0},"down":{"uv":[10.75,2.5,11.375,3.0],"rotation":0,"texture":"#0","tintindex":0}}}],"display":{"head":{"translation":[0.0,-6.4,0.0],"scale":[4.0,4.0,4.0]}}}