{"textures":{"0":"minecraft:modelengine/entity/minion"},"elements":[{"from":[7.4376,6.7818284,7.9924],"to":[8.5624,8.067314,8.956514],"rotation":{"angle":0.0,"axis":"y","origin":[9.928228,6.2997713,5.823143]},"faces":{"east":{"uv":[9.25,10.0,9.75,10.75],"rotation":0,"texture":"#0","tintindex":0},"south":{"uv":[4.5,9.25,5.125,10.0],"rotation":0,"texture":"#0","tintindex":0},"north":{"uv":[3.75,9.25,4.375,10.0],"rotation":0,"texture":"#0","tintindex":0},"west":{"uv":[6.5,10.5,7.0,11.25],"rotation":0,"texture":"#0","tintindex":0},"up":{"uv":[11.375,8.25,10.75,7.75],"rotation":0,"texture":"#0","tintindex":0},"down":{"uv":[11.375,8.25,10.75,8.75],"rotation":0,"texture":"#0","tintindex":0}}}],"display":{"head":{"translation":[0.0,-6.4,0.0],"scale":[4.0,4.0,4.0]}}}