{"textures":{"0":"minecraft:modelengine/entity/minion"},"elements":[{"from":[6.862345,8.541135,7.0324197],"to":[9.137655,9.67879,9.30773],"rotation":{"angle":0.0,"axis":"y","origin":[7.620782,7.7826986,8.549293]},"faces":{"east":{"uv":[3.5,7.0,4.75,7.625],"rotation":0,"texture":"#0","tintindex":0},"south":{"uv":[4.75,7.0,6.0,7.625],"rotation":0,"texture":"#0","tintindex":0},"north":{"uv":[2.25,7.0,3.5,7.625],"rotation":0,"texture":"#0","tintindex":0},"west":{"uv":[7.0,5.5,8.25,6.125],"rotation":0,"texture":"#0","tintindex":0},"up":{"uv":[6.25,3.25,5.0,2.0],"rotation":0,"texture":"#0","tintindex":0},"down":{"uv":[6.25,3.25,5.0,4.5],"rotation":0,"texture":"#0","tintindex":0}}},{"from":[7.8824997,8.711783,6.84281],"to":[9.276127,9.185806,8.122672],"rotation":{"angle":22.5,"axis":"z","origin":[7.9962654,8.996197,7.9804654]},"faces":{"east":{"uv":[11.75,3.75,12.5,4.0],"rotation":0,"texture":"#0","tintindex":0},"south":{"uv":[11.75,4.25,12.5,4.5],"rotation":0,"texture":"#0","tintindex":0},"north":{"uv":[8.0,4.25,8.75,4.5],"rotation":0,"texture":"#0","tintindex":0},"west":{"uv":[6.5,11.75,7.25,12.0],"rotation":0,"texture":"#0","tintindex":0},"up":{"uv":[8.75,4.25,8.0,3.5],"rotation":0,"texture":"#0","tintindex":0},"down":{"uv":[7.75,8.0,7.0,8.75],"rotation":0,"texture":"#0","tintindex":0}}},{"from":[7.8743978,8.420697,6.956576],"to":[9.192182,8.686151,7.970985],"rotation":{"angle":0.0,"axis":"y","origin":[8.571212,8.335374,7.3500147]},"faces":{"east":{"uv":[10.25,12.5,10.875,12.625],"rotation":0,"texture":"#0","tintindex":0},"south":{"uv":[12.5,1.25,13.25,1.375],"rotation":0,"texture":"#0","tintindex":0},"north":{"uv":[12.25,8.5,13.0,8.625],"rotation":0,"texture":"#0","tintindex":0},"west":{"uv":[12.5,10.75,13.125,10.875],"rotation":0,"texture":"#0","tintindex":0},"up":{"uv":[9.75,3.125,9.0,2.5],"rotation":0,"texture":"#0","tintindex":0},"down":{"uv":[9.75,5.25,9.0,5.875],"rotation":0,"texture":"#0","tintindex":0}}},{"from":[9.078416,8.25005,7.4495597],"to":[9.182701,8.989525,7.828778],"rotation":{"angle":45.0,"axis":"x","origin":[9.135299,8.951603,7.7671547]},"faces":{"east":{"uv":[11.75,12.25,12.0,12.625],"rotation":0,"texture":"#0","tintindex":0},"south":{"uv":[12.5,11.5,12.625,11.875],"rotation":0,"texture":"#0","tintindex":0},"north":{"uv":[11.0,12.5,11.125,12.875],"rotation":0,"texture":"#0","tintindex":0},"west":{"uv":[4.25,12.5,4.5,12.875],"rotation":0,"texture":"#0","tintindex":0},"up":{"uv":[4.875,12.25,4.75,12.0],"rotation":0,"texture":"#0","tintindex":0},"down":{"uv":[1.125,12.75,1.0,13.0],"rotation":0,"texture":"#0","tintindex":0}}},{"from":[6.817299,8.25005,7.4495597],"to":[6.921584,8.989525,7.828778],"rotation":{"angle":45.0,"axis":"x","origin":[6.8647013,8.951603,7.7671547]},"faces":{"east":{"uv":[4.5,12.5,4.75,12.875],"rotation":0,"texture":"#0","tintindex":0},"south":{"uv":[12.5,12.0,12.625,12.375],"rotation":0,"texture":"#0","tintindex":0},"north":{"uv":[12.0,12.5,12.125,12.875],"rotation":0,"texture":"#0","tintindex":0},"west":{"uv":[12.5,5.0,12.75,5.375],"rotation":0,"texture":"#0","tintindex":0},"up":{"uv":[12.875,1.25,12.75,1.0],"rotation":0,"texture":"#0","tintindex":0},"down":{"uv":[1.375,12.75,1.25,13.0],"rotation":0,"texture":"#0","tintindex":0}}},{"from":[9.078416,8.686151,7.563325],"to":[9.192182,9.217056,7.970985],"rotation":{"angle":0.0,"axis":"y","origin":[9.135299,8.951603,7.7671547]},"faces":{"east":{"uv":[7.75,1.0,8.0,1.25],"rotation":0,"texture":"#0","tintindex":0},"south":{"uv":[1.75,12.75,1.875,13.0],"rotation":0,"texture":"#0","tintindex":0},"north":{"uv":[1.5,12.75,1.625,13.0],"rotation":0,"texture":"#0","tintindex":0},"west":{"uv":[7.0,7.75,7.25,8.0],"rotation":0,"texture":"#0","tintindex":0},"up":{"uv":[12.875,2.0,12.75,1.75],"rotation":0,"texture":"#0","tintindex":0},"down":{"uv":[2.125,12.75,2.0,13.0],"rotation":0,"texture":"#0","tintindex":0}}},{"from":[6.8078184,8.686151,7.563325],"to":[6.921584,9.217056,7.970985],"rotation":{"angle":0.0,"axis":"y","origin":[7.428788,8.335374,7.3500147]},"faces":{"east":{"uv":[8.25,7.75,8.5,8.0],"rotation":0,"texture":"#0","tintindex":0},"south":{"uv":[2.25,12.75,2.375,13.0],"rotation":0,"texture":"#0","tintindex":0},"north":{"uv":[12.75,2.0,12.875,2.25],"rotation":0,"texture":"#0","tintindex":0},"west":{"uv":[8.75,5.25,9.0,5.5],"rotation":0,"texture":"#0","tintindex":0},"up":{"uv":[12.875,2.5,12.75,2.25],"rotation":0,"texture":"#0","tintindex":0},"down":{"uv":[2.625,12.75,2.5,13.0],"rotation":0,"texture":"#0","tintindex":0}}},{"from":[6.817299,7.258571,8.367282],"to":[6.8931427,8.737522,8.93611],"rotation":{"angle":-45.0,"axis":"x","origin":[7.673416,7.7956777,7.8971925]},"faces":{"east":{"uv":[7.5,10.5,7.875,11.375],"rotation":0,"texture":"#0","tintindex":0},"south":{"uv":[9.0,12.25,9.125,13.125],"rotation":0,"texture":"#0","tintindex":0},"north":{"uv":[8.75,12.25,8.875,13.125],"rotation":0,"texture":"#0","tintindex":0},"west":{"uv":[8.0,10.5,8.375,11.375],"rotation":0,"texture":"#0","tintindex":0},"up":{"uv":[12.375,12.875,12.25,12.5],"rotation":0,"texture":"#0","tintindex":0},"down":{"uv":[12.625,12.5,12.5,12.875],"rotation":0,"texture":"#0","tintindex":0}}},{"from":[9.106857,8.041479,7.7339735],"to":[9.182701,9.520431,8.302801],"rotation":{"angle":-45.0,"axis":"x","origin":[9.135299,8.951603,8.525592]},"faces":{"east":{"uv":[8.5,10.5,8.875,11.375],"rotation":0,"texture":"#0","tintindex":0},"south":{"uv":[11.5,12.25,11.625,13.125],"rotation":0,"texture":"#0","tintindex":0},"north":{"uv":[11.25,12.25,11.375,13.125],"rotation":0,"texture":"#0","tintindex":0},"west":{"uv":[10.5,9.0,10.875,9.875],"rotation":0,"texture":"#0","tintindex":0},"up":{"uv":[0.125,13.125,0.0,12.75],"rotation":0,"texture":"#0","tintindex":0},"down":{"uv":[12.875,0.0,12.75,0.375],"rotation":0,"texture":"#0","tintindex":0}}},{"from":[6.8078184,8.420697,6.956576],"to":[8.125602,8.686151,7.970985],"rotation":{"angle":0.0,"axis":"y","origin":[7.428788,8.335374,7.3500147]},"faces":{"east":{"uv":[12.5,11.0,13.125,11.125],"rotation":0,"texture":"#0","tintindex":0},"south":{"uv":[12.5,3.75,13.25,3.875],"rotation":0,"texture":"#0","tintindex":0},"north":{"uv":[12.5,1.5,13.25,1.625],"rotation":0,"texture":"#0","tintindex":0},"west":{"uv":[12.5,11.25,13.125,11.375],"rotation":0,"texture":"#0","tintindex":0},"up":{"uv":[9.75,6.625,9.0,6.0],"rotation":0,"texture":"#0","tintindex":0},"down":{"uv":[9.75,6.75,9.0,7.375],"rotation":0,"texture":"#0","tintindex":0}}},{"from":[7.896372,8.158873,6.9281344],"to":[8.844418,8.538091,7.857219],"rotation":{"angle":-22.5,"axis":"z","origin":[8.583705,8.348482,7.3500147]},"faces":{"east":{"uv":[12.25,3.0,12.75,3.25],"rotation":0,"texture":"#0","tintindex":0},"south":{"uv":[5.25,12.25,5.75,12.5],"rotation":0,"texture":"#0","tintindex":0},"north":{"uv":[9.25,10.75,9.75,11.0],"rotation":0,"texture":"#0","tintindex":0},"west":{"uv":[5.75,12.25,6.25,12.5],"rotation":0,"texture":"#0","tintindex":0},"up":{"uv":[12.0,12.0,11.5,11.5],"rotation":0,"texture":"#0","tintindex":0},"down":{"uv":[0.5,11.75,0.0,12.25],"rotation":0,"texture":"#0","tintindex":0}}},{"from":[7.1555824,8.158873,6.9281344],"to":[8.103628,8.538091,7.857219],"rotation":{"angle":22.5,"axis":"z","origin":[7.416295,8.348482,7.3500147]},"faces":{"east":{"uv":[12.25,7.75,12.75,8.0],"rotation":0,"texture":"#0","tintindex":0},"south":{"uv":[12.25,8.0,12.75,8.25],"rotation":0,"texture":"#0","tintindex":0},"north":{"uv":[12.25,6.25,12.75,6.5],"rotation":0,"texture":"#0","tintindex":0},"west":{"uv":[12.25,8.25,12.75,8.5],"rotation":0,"texture":"#0","tintindex":0},"up":{"uv":[12.25,0.5,11.75,0.0],"rotation":0,"texture":"#0","tintindex":0},"down":{"uv":[12.25,0.75,11.75,1.25],"rotation":0,"texture":"#0","tintindex":0}}},{"from":[6.723873,8.711783,6.84281],"to":[8.1175,9.185806,8.122672],"rotation":{"angle":-22.5,"axis":"z","origin":[8.003735,8.996197,7.9804654]},"faces":{"east":{"uv":[11.75,6.75,12.5,7.0],"rotation":0,"texture":"#0","tintindex":0},"south":{"uv":[11.75,9.0,12.5,9.25],"rotation":0,"texture":"#0","tintindex":0},"north":{"uv":[11.75,6.5,12.5,6.75],"rotation":0,"texture":"#0","tintindex":0},"west":{"uv":[11.75,9.25,12.5,9.5],"rotation":0,"texture":"#0","tintindex":0},"up":{"uv":[8.5,8.75,7.75,8.0],"rotation":0,"texture":"#0","tintindex":0},"down":{"uv":[0.75,8.25,0.0,9.0],"rotation":0,"texture":"#0","tintindex":0}}},{"from":[6.7675405,8.010229,6.956576],"to":[9.23246,8.541135,9.30773],"rotation":{"angle":0.0,"axis":"y","origin":[7.673416,7.7956777,7.8971925]},"faces":{"east":{"uv":[10.0,0.75,11.375,1.0],"rotation":0,"texture":"#0","tintindex":0},"south":{"uv":[10.0,8.75,11.375,9.0],"rotation":0,"texture":"#0","tintindex":0},"north":{"uv":[9.75,3.0,11.125,3.25],"rotation":0,"texture":"#0","tintindex":0},"west":{"uv":[10.25,4.25,11.625,4.5],"rotation":0,"texture":"#0","tintindex":0},"up":{"uv":[1.375,5.875,0.0,4.5],"rotation":0,"texture":"#0","tintindex":0},"down":{"uv":[2.875,4.5,1.5,5.875],"rotation":0,"texture":"#0","tintindex":0}}},{"from":[7.1964545,8.010229,6.6815124],"to":[8.533199,8.541135,7.3261833],"rotation":{"angle":22.5,"axis":"y","origin":[7.673416,7.7956777,7.8971925]},"faces":{"east":{"uv":[12.5,5.5,12.875,5.75],"rotation":0,"texture":"#0","tintindex":0},"south":{"uv":[12.0,0.5,12.75,0.75],"rotation":0,"texture":"#0","tintindex":0},"north":{"uv":[0.5,12.0,1.25,12.25],"rotation":0,"texture":"#0","tintindex":0},"west":{"uv":[5.75,12.5,6.125,12.75],"rotation":0,"texture":"#0","tintindex":0},"up":{"uv":[11.75,9.375,11.0,9.0],"rotation":0,"texture":"#0","tintindex":0},"down":{"uv":[10.0,11.0,9.25,11.375],"rotation":0,"texture":"#0","tintindex":0}}},{"from":[7.4668007,8.010229,6.6815124],"to":[8.803545,8.541135,7.3261833],"rotation":{"angle":-22.5,"axis":"y","origin":[8.326584,7.7956777,7.8971925]},"faces":{"east":{"uv":[6.125,12.5,5.75,12.75],"rotation":0,"texture":"#0","tintindex":0},"south":{"uv":[12.75,0.5,12.0,0.75],"rotation":0,"texture":"#0","tintindex":0},"north":{"uv":[1.25,12.0,0.5,12.25],"rotation":0,"texture":"#0","tintindex":0},"west":{"uv":[12.875,5.5,12.5,5.75],"rotation":0,"texture":"#0","tintindex":0},"up":{"uv":[11.0,9.375,11.75,9.0],"rotation":0,"texture":"#0","tintindex":0},"down":{"uv":[9.25,11.0,10.0,11.375],"rotation":0,"texture":"#0","tintindex":0}}},{"from":[7.2109375,9.67879,7.0324197],"to":[8.7890625,10.027382,9.30773],"rotation":{"angle":0.0,"axis":"y","origin":[7.620782,7.7826986,8.549293]},"faces":{"east":{"uv":[10.75,0.5,12.0,0.75],"rotation":0,"texture":"#0","tintindex":0},"south":{"uv":[11.0,7.0,11.875,7.25],"rotation":0,"texture":"#0","tintindex":0},"north":{"uv":[11.0,4.0,11.875,4.25],"rotation":0,"texture":"#0","tintindex":0},"west":{"uv":[10.75,3.25,12.0,3.5],"rotation":0,"texture":"#0","tintindex":0},"up":{"uv":[7.625,1.25,6.75,0.0],"rotation":0,"texture":"#0","tintindex":0},"down":{"uv":[0.875,7.0,0.0,8.25],"rotation":0,"texture":"#0","tintindex":0}}},{"from":[8.307513,8.59667,7.0418997],"to":[8.800497,9.089654,9.298249],"rotation":{"angle":45.0,"axis":"z","origin":[7.662842,9.544716,8.170074]},"faces":{"east":{"uv":[10.75,5.25,12.0,5.5],"rotation":0,"texture":"#0","tintindex":0},"south":{"uv":[8.25,9.25,8.5,9.5],"rotation":0,"texture":"#0","tintindex":0},"north":{"uv":[9.0,7.5,9.25,7.75],"rotation":0,"texture":"#0","tintindex":0},"west":{"uv":[10.75,5.5,12.0,5.75],"rotation":0,"texture":"#0","tintindex":0},"up":{"uv":[9.25,11.75,9.0,10.5],"rotation":0,"texture":"#0","tintindex":0},"down":{"uv":[4.5,10.75,4.25,12.0],"rotation":0,"texture":"#0","tintindex":0}}},{"from":[7.1995034,8.59667,7.0418997],"to":[7.6924872,9.089654,9.298249],"rotation":{"angle":-45.0,"axis":"z","origin":[8.337158,9.544716,8.170074]},"faces":{"east":{"uv":[10.75,7.25,12.0,7.5],"rotation":0,"texture":"#0","tintindex":0},"south":{"uv":[9.75,7.25,10.0,7.5],"rotation":0,"texture":"#0","tintindex":0},"north":{"uv":[2.0,9.75,2.25,10.0],"rotation":0,"texture":"#0","tintindex":0},"west":{"uv":[10.75,7.5,12.0,7.75],"rotation":0,"texture":"#0","tintindex":0},"up":{"uv":[4.75,12.0,4.5,10.75],"rotation":0,"texture":"#0","tintindex":0},"down":{"uv":[5.0,10.75,4.75,12.0],"rotation":0,"texture":"#0","tintindex":0}}},{"from":[6.4798656,10.314975,8.445007],"to":[7.0960956,11.149255,9.032796],"rotation":{"angle":0.0,"axis":"y","origin":[6.9965115,10.689437,8.738902]},"faces":{"east":{"uv":[7.0,12.0,7.375,12.5],"rotation":0,"texture":"#0","tintindex":0},"south":{"uv":[12.0,7.0,12.375,7.5],"rotation":0,"texture":"#0","tintindex":0},"north":{"uv":[6.5,12.0,6.875,12.5],"rotation":0,"texture":"#0","tintindex":0},"west":{"uv":[7.5,12.0,7.875,12.5],"rotation":0,"texture":"#0","tintindex":0},"up":{"uv":[2.375,12.625,2.0,12.25],"rotation":0,"texture":"#0","tintindex":0},"down":{"uv":[12.625,2.0,12.25,2.375],"rotation":0,"texture":"#0","tintindex":0}}},{"from":[9.044004,11.421781,8.558773],"to":[9.423223,12.331904,8.91903],"rotation":{"angle":45.0,"axis":"z","origin":[9.143549,11.293794,8.738902]},"faces":{"east":{"uv":[8.5,12.0,8.75,12.5],"rotation":0,"texture":"#0","tintindex":0},"south":{"uv":[4.0,12.25,4.25,12.75],"rotation":0,"texture":"#0","tintindex":0},"north":{"uv":[4.0,11.25,4.25,11.75],"rotation":0,"texture":"#0","tintindex":0},"west":{"uv":[6.25,12.25,6.5,12.75],"rotation":0,"texture":"#0","tintindex":0},"up":{"uv":[1.75,11.75,1.5,11.5],"rotation":0,"texture":"#0","tintindex":0},"down":{"uv":[9.0,11.5,8.75,11.75],"rotation":0,"texture":"#0","tintindex":0}}},{"from":[9.0935135,10.988087,8.482929],"to":[9.6339,11.566395,8.994874],"rotation":{"angle":22.5,"axis":"z","origin":[9.212019,10.732115,8.738902]},"faces":{"east":{"uv":[8.0,12.5,8.25,12.875],"rotation":0,"texture":"#0","tintindex":0},"south":{"uv":[8.25,12.5,8.5,12.875],"rotation":0,"texture":"#0","tintindex":0},"north":{"uv":[7.75,12.5,8.0,12.875],"rotation":0,"texture":"#0","tintindex":0},"west":{"uv":[8.5,12.5,8.75,12.875],"rotation":0,"texture":"#0","tintindex":0},"up":{"uv":[0.75,12.0,0.5,11.75],"rotation":0,"texture":"#0","tintindex":0},"down":{"uv":[1.5,12.0,1.25,12.25],"rotation":0,"texture":"#0","tintindex":0}}},{"from":[8.903905,10.314975,8.445007],"to":[9.520134,11.149255,9.032796],"rotation":{"angle":0.0,"axis":"y","origin":[9.212019,10.732115,8.738902]},"faces":{"east":{"uv":[9.25,12.0,9.625,12.5],"rotation":0,"texture":"#0","tintindex":0},"south":{"uv":[9.75,12.0,10.125,12.5],"rotation":0,"texture":"#0","tintindex":0},"north":{"uv":[8.0,12.0,8.375,12.5],"rotation":0,"texture":"#0","tintindex":0},"west":{"uv":[12.0,10.0,12.375,10.5],"rotation":0,"texture":"#0","tintindex":0},"up":{"uv":[2.875,12.625,2.5,12.25],"rotation":0,"texture":"#0","tintindex":0},"down":{"uv":[12.625,2.5,12.25,2.875],"rotation":0,"texture":"#0","tintindex":0}}},{"from":[8.62341,10.025082,8.407085],"to":[9.306003,10.480144,9.070718],"rotation":{"angle":-22.5,"axis":"z","origin":[9.002628,9.835472,8.738902]},"faces":{"east":{"uv":[12.5,8.75,12.875,9.0],"rotation":0,"texture":"#0","tintindex":0},"south":{"uv":[12.5,9.0,12.875,9.25],"rotation":0,"texture":"#0","tintindex":0},"north":{"uv":[12.5,7.25,12.875,7.5],"rotation":0,"texture":"#0","tintindex":0},"west":{"uv":[9.25,12.5,9.625,12.75],"rotation":0,"texture":"#0","tintindex":0},"up":{"uv":[3.375,12.625,3.0,12.25],"rotation":0,"texture":"#0","tintindex":0},"down":{"uv":[3.875,12.25,3.5,12.625],"rotation":0,"texture":"#0","tintindex":0}}},{"from":[6.576777,11.421781,8.558773],"to":[6.9559956,12.331904,8.91903],"rotation":{"angle":-45.0,"axis":"z","origin":[6.8564506,11.293794,8.738902]},"faces":{"east":{"uv":[6.5,12.25,6.25,12.75],"rotation":0,"texture":"#0","tintindex":0},"south":{"uv":[4.25,12.25,4.0,12.75],"rotation":0,"texture":"#0","tintindex":0},"north":{"uv":[4.25,11.25,4.0,11.75],"rotation":0,"texture":"#0","tintindex":0},"west":{"uv":[8.75,12.0,8.5,12.5],"rotation":0,"texture":"#0","tintindex":0},"up":{"uv":[1.5,11.75,1.75,11.5],"rotation":0,"texture":"#0","tintindex":0},"down":{"uv":[8.75,11.5,9.0,11.75],"rotation":0,"texture":"#0","tintindex":0}}},{"from":[6.3661003,10.988087,8.482929],"to":[6.9064865,11.566395,8.994874],"rotation":{"angle":-22.5,"axis":"z","origin":[6.7879806,10.732115,8.738902]},"faces":{"east":{"uv":[8.75,12.5,8.5,12.875],"rotation":0,"texture":"#0","tintindex":0},"south":{"uv":[8.5,12.5,8.25,12.875],"rotation":0,"texture":"#0","tintindex":0},"north":{"uv":[8.0,12.5,7.75,12.875],"rotation":0,"texture":"#0","tintindex":0},"west":{"uv":[8.25,12.5,8.0,12.875],"rotation":0,"texture":"#0","tintindex":0},"up":{"uv":[0.5,12.0,0.75,11.75],"rotation":0,"texture":"#0","tintindex":0},"down":{"uv":[1.25,12.0,1.5,12.25],"rotation":0,"texture":"#0","tintindex":0}}},{"from":[6.6939974,10.025082,8.407085],"to":[7.3765903,10.480144,9.070718],"rotation":{"angle":22.5,"axis":"z","origin":[6.9973717,9.835472,8.738902]},"faces":{"east":{"uv":[9.625,12.5,9.25,12.75],"rotation":0,"texture":"#0","tintindex":0},"south":{"uv":[12.875,9.0,12.5,9.25],"rotation":0,"texture":"#0","tintindex":0},"north":{"uv":[12.875,7.25,12.5,7.5],"rotation":0,"texture":"#0","tintindex":0},"west":{"uv":[12.875,8.75,12.5,9.0],"rotation":0,"texture":"#0","tintindex":0},"up":{"uv":[3.0,12.625,3.375,12.25],"rotation":0,"texture":"#0","tintindex":0},"down":{"uv":[3.5,12.25,3.875,12.625],"rotation":0,"texture":"#0","tintindex":0}}},{"from":[8.585488,9.124438,8.369164],"to":[9.3439245,10.025082,9.10864],"rotation":{"angle":-22.5,"axis":"z","origin":[9.002628,9.835472,8.738902]},"faces":{"east":{"uv":[12.0,10.5,12.375,11.0],"rotation":0,"texture":"#0","tintindex":0},"south":{"uv":[10.75,12.0,11.125,12.5],"rotation":0,"texture":"#0","tintindex":0},"north":{"uv":[10.25,12.0,10.625,12.5],"rotation":0,"texture":"#0","tintindex":0},"west":{"uv":[12.0,11.0,12.375,11.5],"rotation":0,"texture":"#0","tintindex":0},"up":{"uv":[12.625,4.875,12.25,4.5],"rotation":0,"texture":"#0","tintindex":0},"down":{"uv":[5.125,12.25,4.75,12.625],"rotation":0,"texture":"#0","tintindex":0}}},{"from":[6.6560755,9.124438,8.369164],"to":[7.414512,10.025082,9.10864],"rotation":{"angle":22.5,"axis":"z","origin":[6.9973717,9.835472,8.738902]},"faces":{"east":{"uv":[12.375,11.0,12.0,11.5],"rotation":0,"texture":"#0","tintindex":0},"south":{"uv":[11.125,12.0,10.75,12.5],"rotation":0,"texture":"#0","tintindex":0},"north":{"uv":[10.625,12.0,10.25,12.5],"rotation":0,"texture":"#0","tintindex":0},"west":{"uv":[12.375,10.5,12.0,11.0],"rotation":0,"texture":"#0","tintindex":0},"up":{"uv":[12.25,4.875,12.625,4.5],"rotation":0,"texture":"#0","tintindex":0},"down":{"uv":[4.75,12.25,5.125,12.625],"rotation":0,"texture":"#0","tintindex":0}}}],"display":{"head":{"translation":[0.0,-6.4,0.0],"scale":[4.0,4.0,4.0]}}}