{"textures":{"0":"minecraft:modelengine/entity/minion"},"elements":[{"from":[8.0,5.6856914,7.8328],"to":[8.0,9.445737,12.010629],"rotation":{"angle":0.0,"axis":"y","origin":[6.6341715,3.1789942,7.0936456]},"faces":{"east":{"uv":[0.0,0.0,2.375,2.125],"rotation":0,"texture":"#0","tintindex":0},"south":{"uv":[0.0,0.0,0.0,2.125],"rotation":0,"texture":"#0","tintindex":0},"north":{"uv":[0.0,0.0,0.0,2.125],"rotation":0,"texture":"#0","tintindex":0},"west":{"uv":[2.375,0.0,0.0,2.125],"rotation":0,"texture":"#0","tintindex":0},"up":{"uv":[0.0,2.375,0.0,0.0],"rotation":0,"texture":"#0","tintindex":0},"down":{"uv":[0.0,0.0,0.0,2.375],"rotation":0,"texture":"#0","tintindex":0}}}],"display":{"head":{"translation":[0.0,-6.4,0.0],"scale":[4.0,4.0,4.0]}}}