{"textures":{"0":"minecraft:modelengine/entity/minion"},"elements":[{"from":[7.0675445,6.430115,7.517943],"to":[8.031659,8.036972,8.482058],"rotation":{"angle":0.0,"axis":"y","origin":[7.0675445,7.3942294,7.8393145]},"faces":{"east":{"uv":[9.5,0.0,10.0,0.875],"rotation":0,"texture":"#0","tintindex":0},"south":{"uv":[5.25,9.5,5.75,10.375],"rotation":0,"texture":"#0","tintindex":0},"north":{"uv":[9.25,9.0,9.75,9.875],"rotation":0,"texture":"#0","tintindex":0},"west":{"uv":[5.75,9.5,6.25,10.375],"rotation":0,"texture":"#0","tintindex":0},"up":{"uv":[10.5,12.0,10.0,11.5],"rotation":0,"texture":"#0","tintindex":0},"down":{"uv":[12.0,10.0,11.5,10.5],"rotation":0,"texture":"#0","tintindex":0}}}],"display":{"head":{"translation":[0.0,-6.4,0.0],"scale":[4.0,4.0,4.0]}}}