{"textures":{"0":"minecraft:modelengine/entity/minion"},"elements":[{"from":[7.1964545,7.4333005,6.805633],"to":[8.533199,8.002128,7.450304],"rotation":{"angle":22.5,"axis":"y","origin":[7.673416,7.787576,8.021313]},"faces":{"east":{"uv":[0.0,12.25,0.375,12.625],"rotation":0,"texture":"#0","tintindex":0},"south":{"uv":[2.5,11.25,3.25,11.625],"rotation":0,"texture":"#0","tintindex":0},"north":{"uv":[1.75,11.25,2.5,11.625],"rotation":0,"texture":"#0","tintindex":0},"west":{"uv":[12.25,0.0,12.625,0.375],"rotation":0,"texture":"#0","tintindex":0},"up":{"uv":[4.0,11.625,3.25,11.25],"rotation":0,"texture":"#0","tintindex":0},"down":{"uv":[5.75,11.25,5.0,11.625],"rotation":0,"texture":"#0","tintindex":0}}},{"from":[7.4668007,7.4333005,6.805633],"to":[8.803545,8.002128,7.450304],"rotation":{"angle":-22.5,"axis":"y","origin":[8.326584,7.787576,8.021313]},"faces":{"east":{"uv":[12.625,0.0,12.25,0.375],"rotation":0,"texture":"#0","tintindex":0},"south":{"uv":[3.25,11.25,2.5,11.625],"rotation":0,"texture":"#0","tintindex":0},"north":{"uv":[2.5,11.25,1.75,11.625],"rotation":0,"texture":"#0","tintindex":0},"west":{"uv":[0.375,12.25,0.0,12.625],"rotation":0,"texture":"#0","tintindex":0},"up":{"uv":[3.25,11.625,4.0,11.25],"rotation":0,"texture":"#0","tintindex":0},"down":{"uv":[5.0,11.25,5.75,11.625],"rotation":0,"texture":"#0","tintindex":0}}},{"from":[6.7675405,7.4333005,7.080696],"to":[9.23246,8.002128,9.4318495],"rotation":{"angle":0.0,"axis":"y","origin":[7.673416,7.787576,8.021313]},"faces":{"east":{"uv":[8.75,3.5,10.125,3.875],"rotation":0,"texture":"#0","tintindex":0},"south":{"uv":[3.75,8.75,5.125,9.125],"rotation":0,"texture":"#0","tintindex":0},"north":{"uv":[2.25,8.75,3.625,9.125],"rotation":0,"texture":"#0","tintindex":0},"west":{"uv":[8.75,4.0,10.125,4.375],"rotation":0,"texture":"#0","tintindex":0},"up":{"uv":[4.375,5.875,3.0,4.5],"rotation":0,"texture":"#0","tintindex":0},"down":{"uv":[5.875,4.5,4.5,5.875],"rotation":0,"texture":"#0","tintindex":0}}}],"display":{"head":{"translation":[0.0,-6.4,0.0],"scale":[4.0,4.0,4.0]}}}