{"textures":{"0":"minecraft:modelengine/entity/minion"},"elements":[{"from":[7.4054627,7.152419,7.5125866],"to":[8.594537,8.341494,8.540976],"rotation":{"angle":0.0,"axis":"y","origin":[9.928228,5.44915,5.3754663]},"faces":{"east":{"uv":[2.0,10.0,2.625,10.625],"rotation":0,"texture":"#0","tintindex":0},"south":{"uv":[2.75,10.0,3.375,10.625],"rotation":0,"texture":"#0","tintindex":0},"north":{"uv":[10.0,0.0,10.625,0.625],"rotation":0,"texture":"#0","tintindex":0},"west":{"uv":[3.5,10.0,4.125,10.625],"rotation":0,"texture":"#0","tintindex":0},"up":{"uv":[4.875,10.625,4.25,10.0],"rotation":0,"texture":"#0","tintindex":0},"down":{"uv":[10.625,7.25,10.0,7.875],"rotation":0,"texture":"#0","tintindex":0}}}],"display":{"head":{"translation":[0.0,-6.4,0.0],"scale":[4.0,4.0,4.0]}}}