{"textures":{"0":"minecraft:modelengine/entity/minion"},"elements":[{"from":[7.9683414,6.430115,7.517943],"to":[8.932456,8.036972,8.482058],"rotation":{"angle":0.0,"axis":"y","origin":[8.932456,7.3942294,7.8393145]},"faces":{"east":{"uv":[6.25,9.5,5.75,10.375],"rotation":0,"texture":"#0","tintindex":0},"south":{"uv":[5.75,9.5,5.25,10.375],"rotation":0,"texture":"#0","tintindex":0},"north":{"uv":[9.75,9.0,9.25,9.875],"rotation":0,"texture":"#0","tintindex":0},"west":{"uv":[10.0,0.0,9.5,0.875],"rotation":0,"texture":"#0","tintindex":0},"up":{"uv":[10.0,12.0,10.5,11.5],"rotation":0,"texture":"#0","tintindex":0},"down":{"uv":[11.5,10.0,12.0,10.5],"rotation":0,"texture":"#0","tintindex":0}}}],"display":{"head":{"translation":[0.0,-6.4,0.0],"scale":[4.0,4.0,4.0]}}}