{"textures":{"0":"minecraft:modelengine/entity/zap_tower_5"},"elements":[{"from":[-4.8,-14.4,-4.7928114],"to":[3.1999998,-8.799997,3.2071881],"rotation":{"angle":0.0,"axis":"y","origin":[-4.8,-14.4,-4.7928114]},"faces":{"east":{"uv":[6.75,2.625,7.375,3.0625],"rotation":0,"texture":"#0","tintindex":0},"south":{"uv":[3.75,6.875,4.375,7.3125],"rotation":0,"texture":"#0","tintindex":0},"north":{"uv":[6.625,5.0,7.25,5.4375],"rotation":0,"texture":"#0","tintindex":0},"west":{"uv":[4.375,6.875,5.0,7.3125],"rotation":0,"texture":"#0","tintindex":0},"up":{"uv":[5.875,2.625,5.25,2.0],"rotation":0,"texture":"#0","tintindex":0},"down":{"uv":[6.0,2.625,5.375,3.25],"rotation":0,"texture":"#0","tintindex":0}}},{"from":[0.7919998,-5.3847675,-2.1073895],"to":[15.208,0.6248312,0.43661022],"rotation":{"angle":0.0,"axis":"y","origin":[8.0,-3.190567,8.007188]},"faces":{"east":{"uv":[5.375,4.5,5.5625,5.0],"rotation":0,"texture":"#0","tintindex":0},"south":{"uv":[2.0,4.5,3.125,5.0],"rotation":0,"texture":"#0","tintindex":0},"north":{"uv":[4.25,3.0,5.375,3.5],"rotation":0,"texture":"#0","tintindex":0},"west":{"uv":[4.75,9.125,4.9375,9.625],"rotation":0,"texture":"#0","tintindex":0},"up":{"uv":[3.625,8.1875,2.5,8.0],"rotation":0,"texture":"#0","tintindex":0},"down":{"uv":[9.125,2.5,8.0,2.6875],"rotation":0,"texture":"#0","tintindex":0}}},{"from":[1.1199994,-4.851696,15.005971],"to":[14.880001,1.3083029,18.605972],"rotation":{"angle":22.5,"axis":"x","origin":[8.0,-5.416271,8.007188]},"faces":{"east":{"uv":[8.5,6.375,8.8125,6.875],"rotation":0,"texture":"#0","tintindex":0},"south":{"uv":[5.25,0.5,6.3125,1.0],"rotation":0,"texture":"#0","tintindex":0},"north":{"uv":[5.25,0.0,6.3125,0.5],"rotation":0,"texture":"#0","tintindex":0},"west":{"uv":[8.5,7.375,8.8125,7.875],"rotation":0,"texture":"#0","tintindex":0},"up":{"uv":[7.6875,2.1875,6.625,1.875],"rotation":0,"texture":"#0","tintindex":0},"down":{"uv":[7.6875,2.25,6.625,2.5625],"rotation":0,"texture":"#0","tintindex":0}}},{"from":[1.1199994,-4.851696,-2.5915937],"to":[14.880001,1.3083029,1.0084062],"rotation":{"angle":-22.5,"axis":"x","origin":[8.0,-5.416271,8.007188]},"faces":{"east":{"uv":[8.8125,6.375,8.5,6.875],"rotation":0,"texture":"#0","tintindex":0},"south":{"uv":[6.3125,0.0,5.25,0.5],"rotation":0,"texture":"#0","tintindex":0},"north":{"uv":[6.3125,0.5,5.25,1.0],"rotation":0,"texture":"#0","tintindex":0},"west":{"uv":[8.8125,7.375,8.5,7.875],"rotation":0,"texture":"#0","tintindex":0},"up":{"uv":[7.6875,1.875,6.625,2.1875],"rotation":0,"texture":"#0","tintindex":0},"down":{"uv":[7.6875,2.5625,6.625,2.25],"rotation":0,"texture":"#0","tintindex":0}}},{"from":[14.998783,-4.851696,1.1271882],"to":[18.598782,1.3083029,14.887188],"rotation":{"angle":-22.5,"axis":"z","origin":[8.0,-5.416271,8.007188]},"faces":{"east":{"uv":[6.3125,0.5,5.25,1.0],"rotation":0,"texture":"#0","tintindex":0},"south":{"uv":[8.8125,6.375,8.5,6.875],"rotation":0,"texture":"#0","tintindex":0},"north":{"uv":[8.8125,7.375,8.5,7.875],"rotation":0,"texture":"#0","tintindex":0},"west":{"uv":[6.3125,0.0,5.25,0.5],"rotation":0,"texture":"#0","tintindex":0},"up":{"uv":[7.6875,1.875,6.625,2.1875],"rotation":90,"texture":"#0","tintindex":0},"down":{"uv":[7.6875,2.5625,6.625,2.25],"rotation":270,"texture":"#0","tintindex":0}}},{"from":[-2.5987825,-4.851696,1.1271882],"to":[1.0012174,1.3083029,14.887188],"rotation":{"angle":22.5,"axis":"z","origin":[8.0,-5.416271,8.007188]},"faces":{"east":{"uv":[5.25,0.0,6.3125,0.5],"rotation":0,"texture":"#0","tintindex":0},"south":{"uv":[8.5,6.375,8.8125,6.875],"rotation":0,"texture":"#0","tintindex":0},"north":{"uv":[8.5,7.375,8.8125,7.875],"rotation":0,"texture":"#0","tintindex":0},"west":{"uv":[5.25,0.5,6.3125,1.0],"rotation":0,"texture":"#0","tintindex":0},"up":{"uv":[7.6875,2.1875,6.625,1.875],"rotation":90,"texture":"#0","tintindex":0},"down":{"uv":[7.6875,2.25,6.625,2.5625],"rotation":270,"texture":"#0","tintindex":0}}},{"from":[5.944739,-5.3847675,18.390501],"to":[10.055261,-1.0175676,20.2561],"rotation":{"angle":-45.0,"axis":"y","origin":[8.0,-3.190567,8.007188]},"faces":{"east":{"uv":[9.75,1.875,9.875,2.1875],"rotation":0,"texture":"#0","tintindex":0},"south":{"uv":[6.75,9.125,7.0625,9.4375],"rotation":0,"texture":"#0","tintindex":0},"north":{"uv":[6.125,9.125,6.4375,9.4375],"rotation":0,"texture":"#0","tintindex":0},"west":{"uv":[3.0,9.75,3.125,10.0625],"rotation":0,"texture":"#0","tintindex":0},"up":{"uv":[9.9375,4.375,9.625,4.25],"rotation":0,"texture":"#0","tintindex":0},"down":{"uv":[9.9375,8.75,9.625,8.875],"rotation":0,"texture":"#0","tintindex":0}}},{"from":[5.9447393,-5.3847675,18.390501],"to":[10.055262,-1.0175676,20.2561],"rotation":{"angle":45.0,"axis":"y","origin":[8.0,-3.190567,8.007188]},"faces":{"east":{"uv":[3.125,9.75,3.0,10.0625],"rotation":0,"texture":"#0","tintindex":0},"south":{"uv":[7.0625,9.125,6.75,9.4375],"rotation":0,"texture":"#0","tintindex":0},"north":{"uv":[6.4375,9.125,6.125,9.4375],"rotation":0,"texture":"#0","tintindex":0},"west":{"uv":[9.875,1.875,9.75,2.1875],"rotation":0,"texture":"#0","tintindex":0},"up":{"uv":[9.625,4.375,9.9375,4.25],"rotation":0,"texture":"#0","tintindex":0},"down":{"uv":[9.625,8.75,9.9375,8.875],"rotation":0,"texture":"#0","tintindex":0}}},{"from":[5.9447393,-5.3847675,-4.241725],"to":[10.055262,-1.0175676,-2.3761244],"rotation":{"angle":-45.0,"axis":"y","origin":[8.0,-3.190567,8.007188]},"faces":{"east":{"uv":[3.0,9.75,3.125,10.0625],"rotation":0,"texture":"#0","tintindex":0},"south":{"uv":[6.125,9.125,6.4375,9.4375],"rotation":0,"texture":"#0","tintindex":0},"north":{"uv":[6.75,9.125,7.0625,9.4375],"rotation":0,"texture":"#0","tintindex":0},"west":{"uv":[9.75,1.875,9.875,2.1875],"rotation":0,"texture":"#0","tintindex":0},"up":{"uv":[9.625,4.25,9.9375,4.375],"rotation":0,"texture":"#0","tintindex":0},"down":{"uv":[9.625,8.875,9.9375,8.75],"rotation":0,"texture":"#0","tintindex":0}}},{"from":[5.944739,-5.3847675,-4.241725],"to":[10.055261,-1.0175676,-2.3761244],"rotation":{"angle":45.0,"axis":"y","origin":[8.0,-3.190567,8.007188]},"faces":{"east":{"uv":[9.875,1.875,9.75,2.1875],"rotation":0,"texture":"#0","tintindex":0},"south":{"uv":[6.4375,9.125,6.125,9.4375],"rotation":0,"texture":"#0","tintindex":0},"north":{"uv":[7.0625,9.125,6.75,9.4375],"rotation":0,"texture":"#0","tintindex":0},"west":{"uv":[3.125,9.75,3.0,10.0625],"rotation":0,"texture":"#0","tintindex":0},"up":{"uv":[9.9375,4.25,9.625,4.375],"rotation":0,"texture":"#0","tintindex":0},"down":{"uv":[9.9375,8.875,9.625,8.75],"rotation":0,"texture":"#0","tintindex":0}}},{"from":[0.7919998,-5.3847675,15.577766],"to":[15.208,0.6248312,18.121765],"rotation":{"angle":0.0,"axis":"y","origin":[8.0,-3.190567,8.007188]},"faces":{"east":{"uv":[7.125,9.125,7.3125,9.625],"rotation":0,"texture":"#0","tintindex":0},"south":{"uv":[4.25,4.5,5.375,5.0],"rotation":0,"texture":"#0","tintindex":0},"north":{"uv":[3.125,4.5,4.25,5.0],"rotation":0,"texture":"#0","tintindex":0},"west":{"uv":[7.375,9.125,7.5625,9.625],"rotation":0,"texture":"#0","tintindex":0},"up":{"uv":[9.125,2.9375,8.0,2.75],"rotation":0,"texture":"#0","tintindex":0},"down":{"uv":[9.125,5.625,8.0,5.8125],"rotation":0,"texture":"#0","tintindex":0}}},{"from":[-2.1145773,-5.3847675,0.79918814],"to":[0.4294219,0.6248312,15.215189],"rotation":{"angle":0.0,"axis":"y","origin":[8.0,-3.190567,8.007188]},"faces":{"east":{"uv":[2.25,5.0,3.375,5.5],"rotation":0,"texture":"#0","tintindex":0},"south":{"uv":[9.25,1.875,9.4375,2.375],"rotation":0,"texture":"#0","tintindex":0},"north":{"uv":[0.0,9.25,0.1875,9.75],"rotation":0,"texture":"#0","tintindex":0},"west":{"uv":[3.375,5.0,4.5,5.5],"rotation":0,"texture":"#0","tintindex":0},"up":{"uv":[6.1875,9.125,6.0,8.0],"rotation":0,"texture":"#0","tintindex":0},"down":{"uv":[6.4375,8.0,6.25,9.125],"rotation":0,"texture":"#0","tintindex":0}}},{"from":[15.570578,-5.3847675,0.79918814],"to":[18.114578,0.6248312,15.215189],"rotation":{"angle":0.0,"axis":"y","origin":[8.0,-3.190567,8.007188]},"faces":{"east":{"uv":[0.0,4.75,1.125,5.25],"rotation":0,"texture":"#0","tintindex":0},"south":{"uv":[7.875,9.125,8.0625,9.625],"rotation":0,"texture":"#0","tintindex":0},"north":{"uv":[7.625,9.125,7.8125,9.625],"rotation":0,"texture":"#0","tintindex":0},"west":{"uv":[1.125,5.0,2.25,5.5],"rotation":0,"texture":"#0","tintindex":0},"up":{"uv":[5.9375,9.125,5.75,8.0],"rotation":0,"texture":"#0","tintindex":0},"down":{"uv":[8.1875,5.875,8.0,7.0],"rotation":0,"texture":"#0","tintindex":0}}},{"from":[0.26623964,10.748726,-1.5899906],"to":[15.733761,14.41887,0.6334653],"rotation":{"angle":0.0,"axis":"y","origin":[8.0,13.920002,8.007188]},"faces":{"east":{"uv":[6.75,9.5,6.9375,9.8125],"rotation":0,"texture":"#0","tintindex":0},"south":{"uv":[3.75,6.5,4.9375,6.8125],"rotation":0,"texture":"#0","tintindex":0},"north":{"uv":[6.375,4.625,7.5625,4.9375],"rotation":0,"texture":"#0","tintindex":0},"west":{"uv":[9.5,9.375,9.6875,9.6875],"rotation":0,"texture":"#0","tintindex":0},"up":{"uv":[8.8125,4.4375,7.625,4.25],"rotation":0,"texture":"#0","tintindex":0},"down":{"uv":[8.8125,4.5,7.625,4.6875],"rotation":0,"texture":"#0","tintindex":0}}},{"from":[0.26623964,10.748726,15.380911],"to":[15.733761,14.41887,17.604366],"rotation":{"angle":0.0,"axis":"y","origin":[8.0,13.920002,8.007188]},"faces":{"east":{"uv":[6.0,9.5,6.1875,9.8125],"rotation":0,"texture":"#0","tintindex":0},"south":{"uv":[6.375,4.25,7.5625,4.5625],"rotation":0,"texture":"#0","tintindex":0},"north":{"uv":[6.375,1.5,7.5625,1.8125],"rotation":0,"texture":"#0","tintindex":0},"west":{"uv":[6.25,9.5,6.4375,9.8125],"rotation":0,"texture":"#0","tintindex":0},"up":{"uv":[8.6875,7.3125,7.5,7.125],"rotation":0,"texture":"#0","tintindex":0},"down":{"uv":[8.8125,1.5,7.625,1.6875],"rotation":0,"texture":"#0","tintindex":0}}},{"from":[15.373723,10.748726,0.27342844],"to":[17.59718,14.41887,15.740949],"rotation":{"angle":0.0,"axis":"y","origin":[8.0,13.920002,8.007188]},"faces":{"east":{"uv":[6.375,0.75,7.5625,1.0625],"rotation":0,"texture":"#0","tintindex":0},"south":{"uv":[5.75,9.5,5.9375,9.8125],"rotation":0,"texture":"#0","tintindex":0},"north":{"uv":[5.5,9.5,5.6875,9.8125],"rotation":0,"texture":"#0","tintindex":0},"west":{"uv":[6.375,1.125,7.5625,1.4375],"rotation":0,"texture":"#0","tintindex":0},"up":{"uv":[5.6875,8.8125,5.5,7.625],"rotation":0,"texture":"#0","tintindex":0},"down":{"uv":[3.9375,7.875,3.75,9.0625],"rotation":0,"texture":"#0","tintindex":0}}},{"from":[-1.5971785,10.748726,0.27342844],"to":[0.62627697,14.41887,15.740949],"rotation":{"angle":0.0,"axis":"y","origin":[8.0,13.920002,8.007188]},"faces":{"east":{"uv":[6.375,0.0,7.5625,0.3125],"rotation":0,"texture":"#0","tintindex":0},"south":{"uv":[9.5,5.25,9.6875,5.5625],"rotation":0,"texture":"#0","tintindex":0},"north":{"uv":[5.25,9.5,5.4375,9.8125],"rotation":0,"texture":"#0","tintindex":0},"west":{"uv":[6.375,0.375,7.5625,0.6875],"rotation":0,"texture":"#0","tintindex":0},"up":{"uv":[5.1875,8.8125,5.0,7.625],"rotation":0,"texture":"#0","tintindex":0},"down":{"uv":[5.4375,7.625,5.25,8.8125],"rotation":0,"texture":"#0","tintindex":0}}},{"from":[3.7006402,19.817968,-0.28373432],"to":[12.29936,21.198513,2.9573216],"rotation":{"angle":-22.5,"axis":"x","origin":[8.0,13.920002,8.007188]},"faces":{"east":{"uv":[7.75,2.5,8.0,2.625],"rotation":0,"texture":"#0","tintindex":0},"south":{"uv":[9.0,3.75,9.6875,3.875],"rotation":0,"texture":"#0","tintindex":0},"north":{"uv":[8.875,8.75,9.5625,8.875],"rotation":0,"texture":"#0","tintindex":0},"west":{"uv":[8.0,7.0,8.25,7.125],"rotation":0,"texture":"#0","tintindex":0},"up":{"uv":[8.1875,8.375,7.5,8.125],"rotation":0,"texture":"#0","tintindex":0},"down":{"uv":[0.6875,8.25,0.0,8.5],"rotation":0,"texture":"#0","tintindex":0}}},{"from":[3.7006402,6.641493,-0.28373432],"to":[12.29936,8.0220375,2.9573216],"rotation":{"angle":22.5,"axis":"x","origin":[8.0,13.920002,8.007188]},"faces":{"east":{"uv":[6.375,1.875,6.625,2.0],"rotation":0,"texture":"#0","tintindex":0},"south":{"uv":[8.875,6.75,9.5625,6.875],"rotation":0,"texture":"#0","tintindex":0},"north":{"uv":[8.0,3.0,8.6875,3.125],"rotation":0,"texture":"#0","tintindex":0},"west":{"uv":[6.375,5.0,6.625,5.125],"rotation":0,"texture":"#0","tintindex":0},"up":{"uv":[6.0625,3.5,5.375,3.25],"rotation":0,"texture":"#0","tintindex":0},"down":{"uv":[7.4375,8.125,6.75,8.375],"rotation":0,"texture":"#0","tintindex":0}}},{"from":[3.6582398,10.324726,-2.4379911],"to":[12.341761,17.47167,1.057466],"rotation":{"angle":0.0,"axis":"y","origin":[8.0,13.920002,8.007188]},"faces":{"east":{"uv":[6.5,8.75,6.75,9.3125],"rotation":0,"texture":"#0","tintindex":0},"south":{"uv":[0.0,5.75,0.6875,6.3125],"rotation":0,"texture":"#0","tintindex":0},"north":{"uv":[5.625,4.5,6.3125,5.0625],"rotation":0,"texture":"#0","tintindex":0},"west":{"uv":[5.5,8.875,5.75,9.4375],"rotation":0,"texture":"#0","tintindex":0},"up":{"uv":[4.9375,3.75,4.25,3.5],"rotation":0,"texture":"#0","tintindex":0},"down":{"uv":[1.8125,4.75,1.125,5.0],"rotation":0,"texture":"#0","tintindex":0}}},{"from":[18.804745,10.797063,6.6895523],"to":[20.254826,14.370535,9.324824],"rotation":{"angle":45.0,"axis":"y","origin":[8.0,13.920002,8.007188]},"faces":{"east":{"uv":[9.125,9.625,9.3125,9.875],"rotation":0,"texture":"#0","tintindex":0},"south":{"uv":[1.75,10.125,1.875,10.375],"rotation":0,"texture":"#0","tintindex":0},"north":{"uv":[10.125,1.625,10.25,1.875],"rotation":0,"texture":"#0","tintindex":0},"west":{"uv":[0.0,9.75,0.1875,10.0],"rotation":0,"texture":"#0","tintindex":0},"up":{"uv":[2.75,10.4375,2.625,10.25],"rotation":0,"texture":"#0","tintindex":0},"down":{"uv":[2.875,10.25,2.75,10.4375],"rotation":0,"texture":"#0","tintindex":0}}},{"from":[-4.2548246,10.797063,6.6895523],"to":[-2.8047447,14.370535,9.324824],"rotation":{"angle":-45.0,"axis":"y","origin":[8.0,13.920002,8.007188]},"faces":{"east":{"uv":[9.75,0.75,9.9375,1.0],"rotation":0,"texture":"#0","tintindex":0},"south":{"uv":[10.125,1.875,10.25,2.125],"rotation":0,"texture":"#0","tintindex":0},"north":{"uv":[1.875,10.125,2.0,10.375],"rotation":0,"texture":"#0","tintindex":0},"west":{"uv":[9.75,1.0,9.9375,1.25],"rotation":0,"texture":"#0","tintindex":0},"up":{"uv":[10.375,2.9375,10.25,2.75],"rotation":0,"texture":"#0","tintindex":0},"down":{"uv":[3.0,10.25,2.875,10.4375],"rotation":0,"texture":"#0","tintindex":0}}},{"from":[-4.2548246,10.797063,6.6895523],"to":[-2.8047447,14.370535,9.324824],"rotation":{"angle":45.0,"axis":"y","origin":[8.0,13.920002,8.007188]},"faces":{"east":{"uv":[9.625,6.625,9.8125,6.875],"rotation":0,"texture":"#0","tintindex":0},"south":{"uv":[5.0,3.5,5.125,3.75],"rotation":0,"texture":"#0","tintindex":0},"north":{"uv":[1.875,4.75,2.0,5.0],"rotation":0,"texture":"#0","tintindex":0},"west":{"uv":[8.25,9.625,8.4375,9.875],"rotation":0,"texture":"#0","tintindex":0},"up":{"uv":[4.0,10.3125,3.875,10.125],"rotation":0,"texture":"#0","tintindex":0},"down":{"uv":[4.125,10.125,4.0,10.3125],"rotation":0,"texture":"#0","tintindex":0}}},{"from":[18.804745,10.797063,6.6895523],"to":[20.254826,14.370535,9.324824],"rotation":{"angle":-45.0,"axis":"y","origin":[8.0,13.920002,8.007188]},"faces":{"east":{"uv":[8.5,9.625,8.6875,9.875],"rotation":0,"texture":"#0","tintindex":0},"south":{"uv":[9.625,10.0,9.75,10.25],"rotation":0,"texture":"#0","tintindex":0},"north":{"uv":[9.0,10.0,9.125,10.25],"rotation":0,"texture":"#0","tintindex":0},"west":{"uv":[9.625,9.0,9.8125,9.25],"rotation":0,"texture":"#0","tintindex":0},"up":{"uv":[2.625,10.4375,2.5,10.25],"rotation":0,"texture":"#0","tintindex":0},"down":{"uv":[10.375,2.5,10.25,2.6875],"rotation":0,"texture":"#0","tintindex":0}}},{"from":[0.5755906,14.2141285,-1.2061033],"to":[15.42441,16.719868,0.9284148],"rotation":{"angle":0.0,"axis":"y","origin":[8.0,13.920002,8.007188]},"faces":{"east":{"uv":[9.75,9.375,9.9375,9.5625],"rotation":0,"texture":"#0","tintindex":0},"south":{"uv":[7.875,5.0,9.0625,5.1875],"rotation":0,"texture":"#0","tintindex":0},"north":{"uv":[7.75,3.75,8.9375,3.9375],"rotation":0,"texture":"#0","tintindex":0},"west":{"uv":[9.5,9.75,9.6875,9.9375],"rotation":0,"texture":"#0","tintindex":0},"up":{"uv":[9.0625,5.4375,7.875,5.25],"rotation":0,"texture":"#0","tintindex":0},"down":{"uv":[7.9375,7.875,6.75,8.0625],"rotation":0,"texture":"#0","tintindex":0}}},{"from":[18.372555,14.260532,6.742258],"to":[19.764631,16.673466,9.2721195],"rotation":{"angle":45.0,"axis":"y","origin":[8.0,13.920002,8.007188]},"faces":{"east":{"uv":[9.75,6.125,9.9375,6.3125],"rotation":0,"texture":"#0","tintindex":0},"south":{"uv":[4.25,10.125,4.375,10.3125],"rotation":0,"texture":"#0","tintindex":0},"north":{"uv":[4.125,10.125,4.25,10.3125],"rotation":0,"texture":"#0","tintindex":0},"west":{"uv":[9.75,6.375,9.9375,6.5625],"rotation":0,"texture":"#0","tintindex":0},"up":{"uv":[4.5,10.3125,4.375,10.125],"rotation":0,"texture":"#0","tintindex":0},"down":{"uv":[10.25,4.375,10.125,4.5625],"rotation":0,"texture":"#0","tintindex":0}}},{"from":[0.5755906,14.2141285,15.085962],"to":[15.42441,16.719868,17.22048],"rotation":{"angle":0.0,"axis":"y","origin":[8.0,13.920002,8.007188]},"faces":{"east":{"uv":[9.9375,9.375,9.75,9.5625],"rotation":0,"texture":"#0","tintindex":0},"south":{"uv":[8.9375,3.75,7.75,3.9375],"rotation":0,"texture":"#0","tintindex":0},"north":{"uv":[9.0625,5.0,7.875,5.1875],"rotation":0,"texture":"#0","tintindex":0},"west":{"uv":[9.6875,9.75,9.5,9.9375],"rotation":0,"texture":"#0","tintindex":0},"up":{"uv":[9.0625,5.25,7.875,5.4375],"rotation":0,"texture":"#0","tintindex":0},"down":{"uv":[7.9375,8.0625,6.75,7.875],"rotation":0,"texture":"#0","tintindex":0}}},{"from":[3.7006402,19.817968,13.0570545],"to":[12.29936,21.198513,16.298111],"rotation":{"angle":22.5,"axis":"x","origin":[8.0,13.920002,8.007188]},"faces":{"east":{"uv":[8.0,2.5,7.75,2.625],"rotation":0,"texture":"#0","tintindex":0},"south":{"uv":[9.5625,8.75,8.875,8.875],"rotation":0,"texture":"#0","tintindex":0},"north":{"uv":[9.6875,3.75,9.0,3.875],"rotation":0,"texture":"#0","tintindex":0},"west":{"uv":[8.25,7.0,8.0,7.125],"rotation":0,"texture":"#0","tintindex":0},"up":{"uv":[8.1875,8.125,7.5,8.375],"rotation":0,"texture":"#0","tintindex":0},"down":{"uv":[0.6875,8.5,0.0,8.25],"rotation":0,"texture":"#0","tintindex":0}}},{"from":[3.6582398,10.324726,14.956911],"to":[12.341761,17.47167,18.452366],"rotation":{"angle":0.0,"axis":"y","origin":[8.0,13.920002,8.007188]},"faces":{"east":{"uv":[6.75,8.75,6.5,9.3125],"rotation":0,"texture":"#0","tintindex":0},"south":{"uv":[6.3125,4.5,5.625,5.0625],"rotation":0,"texture":"#0","tintindex":0},"north":{"uv":[0.6875,5.75,0.0,6.3125],"rotation":0,"texture":"#0","tintindex":0},"west":{"uv":[5.75,8.875,5.5,9.4375],"rotation":0,"texture":"#0","tintindex":0},"up":{"uv":[4.9375,3.5,4.25,3.75],"rotation":0,"texture":"#0","tintindex":0},"down":{"uv":[1.8125,5.0,1.125,4.75],"rotation":0,"texture":"#0","tintindex":0}}},{"from":[3.7006402,6.641493,13.0570545],"to":[12.29936,8.0220375,16.298111],"rotation":{"angle":-22.5,"axis":"x","origin":[8.0,13.920002,8.007188]},"faces":{"east":{"uv":[6.625,1.875,6.375,2.0],"rotation":0,"texture":"#0","tintindex":0},"south":{"uv":[8.6875,3.0,8.0,3.125],"rotation":0,"texture":"#0","tintindex":0},"north":{"uv":[9.5625,6.75,8.875,6.875],"rotation":0,"texture":"#0","tintindex":0},"west":{"uv":[6.625,5.0,6.375,5.125],"rotation":0,"texture":"#0","tintindex":0},"up":{"uv":[6.0625,3.25,5.375,3.5],"rotation":0,"texture":"#0","tintindex":0},"down":{"uv":[7.4375,8.375,6.75,8.125],"rotation":0,"texture":"#0","tintindex":0}}},{"from":[-3.7646313,14.260532,6.7422576],"to":[-2.3725548,16.673466,9.272119],"rotation":{"angle":45.0,"axis":"y","origin":[8.0,13.920002,8.007188]},"faces":{"east":{"uv":[6.4375,9.875,6.25,10.0625],"rotation":0,"texture":"#0","tintindex":0},"south":{"uv":[2.25,10.25,2.125,10.4375],"rotation":0,"texture":"#0","tintindex":0},"north":{"uv":[2.375,10.25,2.25,10.4375],"rotation":0,"texture":"#0","tintindex":0},"west":{"uv":[10.0625,6.625,9.875,6.8125],"rotation":0,"texture":"#0","tintindex":0},"up":{"uv":[10.375,2.25,10.25,2.4375],"rotation":0,"texture":"#0","tintindex":0},"down":{"uv":[2.5,10.4375,2.375,10.25],"rotation":0,"texture":"#0","tintindex":0}}},{"from":[-1.2132912,14.2141285,0.58277893],"to":[0.9212265,16.719868,15.431599],"rotation":{"angle":0.0,"axis":"y","origin":[8.0,13.920002,8.007188]},"faces":{"east":{"uv":[9.0625,5.0,7.875,5.1875],"rotation":0,"texture":"#0","tintindex":0},"south":{"uv":[9.9375,9.375,9.75,9.5625],"rotation":0,"texture":"#0","tintindex":0},"north":{"uv":[9.6875,9.75,9.5,9.9375],"rotation":0,"texture":"#0","tintindex":0},"west":{"uv":[8.9375,3.75,7.75,3.9375],"rotation":0,"texture":"#0","tintindex":0},"up":{"uv":[9.0625,5.25,7.875,5.4375],"rotation":90,"texture":"#0","tintindex":0},"down":{"uv":[7.9375,8.0625,6.75,7.875],"rotation":270,"texture":"#0","tintindex":0}}},{"from":[-0.29092312,19.817968,3.707828],"to":[2.9501333,21.198513,12.306549],"rotation":{"angle":22.5,"axis":"z","origin":[8.0,13.920002,8.007188]},"faces":{"east":{"uv":[9.6875,3.75,9.0,3.875],"rotation":0,"texture":"#0","tintindex":0},"south":{"uv":[8.0,2.5,7.75,2.625],"rotation":0,"texture":"#0","tintindex":0},"north":{"uv":[8.25,7.0,8.0,7.125],"rotation":0,"texture":"#0","tintindex":0},"west":{"uv":[9.5625,8.75,8.875,8.875],"rotation":0,"texture":"#0","tintindex":0},"up":{"uv":[8.1875,8.125,7.5,8.375],"rotation":90,"texture":"#0","tintindex":0},"down":{"uv":[0.6875,8.5,0.0,8.25],"rotation":270,"texture":"#0","tintindex":0}}},{"from":[-2.445178,10.324726,3.6654282],"to":[1.0502777,17.47167,12.3489485],"rotation":{"angle":0.0,"axis":"y","origin":[8.0,13.920002,8.007188]},"faces":{"east":{"uv":[0.6875,5.75,0.0,6.3125],"rotation":0,"texture":"#0","tintindex":0},"south":{"uv":[6.75,8.75,6.5,9.3125],"rotation":0,"texture":"#0","tintindex":0},"north":{"uv":[5.75,8.875,5.5,9.4375],"rotation":0,"texture":"#0","tintindex":0},"west":{"uv":[6.3125,4.5,5.625,5.0625],"rotation":0,"texture":"#0","tintindex":0},"up":{"uv":[4.9375,3.5,4.25,3.75],"rotation":90,"texture":"#0","tintindex":0},"down":{"uv":[1.8125,5.0,1.125,4.75],"rotation":270,"texture":"#0","tintindex":0}}},{"from":[-0.29092312,6.641493,3.707828],"to":[2.9501333,8.0220375,12.306549],"rotation":{"angle":-22.5,"axis":"z","origin":[8.0,13.920002,8.007188]},"faces":{"east":{"uv":[9.5625,6.75,8.875,6.875],"rotation":0,"texture":"#0","tintindex":0},"south":{"uv":[6.625,1.875,6.375,2.0],"rotation":0,"texture":"#0","tintindex":0},"north":{"uv":[6.625,5.0,6.375,5.125],"rotation":0,"texture":"#0","tintindex":0},"west":{"uv":[8.6875,3.0,8.0,3.125],"rotation":0,"texture":"#0","tintindex":0},"up":{"uv":[6.0625,3.25,5.375,3.5],"rotation":90,"texture":"#0","tintindex":0},"down":{"uv":[7.4375,8.375,6.75,8.125],"rotation":270,"texture":"#0","tintindex":0}}},{"from":[6.7350693,14.260532,-3.7574434],"to":[9.264931,16.673466,-2.365367],"rotation":{"angle":45.0,"axis":"y","origin":[8.0,13.920002,8.007188]},"faces":{"east":{"uv":[2.375,10.25,2.25,10.4375],"rotation":0,"texture":"#0","tintindex":0},"south":{"uv":[6.4375,9.875,6.25,10.0625],"rotation":0,"texture":"#0","tintindex":0},"north":{"uv":[10.0625,6.625,9.875,6.8125],"rotation":0,"texture":"#0","tintindex":0},"west":{"uv":[2.25,10.25,2.125,10.4375],"rotation":0,"texture":"#0","tintindex":0},"up":{"uv":[10.375,2.25,10.25,2.4375],"rotation":90,"texture":"#0","tintindex":0},"down":{"uv":[2.5,10.4375,2.375,10.25],"rotation":270,"texture":"#0","tintindex":0}}},{"from":[15.0787735,14.2141285,0.58277893],"to":[17.213291,16.719868,15.431599],"rotation":{"angle":0.0,"axis":"y","origin":[8.0,13.920002,8.007188]},"faces":{"east":{"uv":[7.75,3.75,8.9375,3.9375],"rotation":0,"texture":"#0","tintindex":0},"south":{"uv":[9.75,9.375,9.9375,9.5625],"rotation":0,"texture":"#0","tintindex":0},"north":{"uv":[9.5,9.75,9.6875,9.9375],"rotation":0,"texture":"#0","tintindex":0},"west":{"uv":[7.875,5.0,9.0625,5.1875],"rotation":0,"texture":"#0","tintindex":0},"up":{"uv":[9.0625,5.4375,7.875,5.25],"rotation":90,"texture":"#0","tintindex":0},"down":{"uv":[7.9375,7.875,6.75,8.0625],"rotation":270,"texture":"#0","tintindex":0}}},{"from":[14.949722,10.324726,3.6654282],"to":[18.445179,17.47167,12.3489485],"rotation":{"angle":0.0,"axis":"y","origin":[8.0,13.920002,8.007188]},"faces":{"east":{"uv":[5.625,4.5,6.3125,5.0625],"rotation":0,"texture":"#0","tintindex":0},"south":{"uv":[6.5,8.75,6.75,9.3125],"rotation":0,"texture":"#0","tintindex":0},"north":{"uv":[5.5,8.875,5.75,9.4375],"rotation":0,"texture":"#0","tintindex":0},"west":{"uv":[0.0,5.75,0.6875,6.3125],"rotation":0,"texture":"#0","tintindex":0},"up":{"uv":[4.9375,3.75,4.25,3.5],"rotation":90,"texture":"#0","tintindex":0},"down":{"uv":[1.8125,4.75,1.125,5.0],"rotation":270,"texture":"#0","tintindex":0}}},{"from":[13.049867,19.817968,3.707828],"to":[16.290924,21.198513,12.306549],"rotation":{"angle":-22.5,"axis":"z","origin":[8.0,13.920002,8.007188]},"faces":{"east":{"uv":[8.875,8.75,9.5625,8.875],"rotation":0,"texture":"#0","tintindex":0},"south":{"uv":[7.75,2.5,8.0,2.625],"rotation":0,"texture":"#0","tintindex":0},"north":{"uv":[8.0,7.0,8.25,7.125],"rotation":0,"texture":"#0","tintindex":0},"west":{"uv":[9.0,3.75,9.6875,3.875],"rotation":0,"texture":"#0","tintindex":0},"up":{"uv":[8.1875,8.375,7.5,8.125],"rotation":90,"texture":"#0","tintindex":0},"down":{"uv":[0.6875,8.25,0.0,8.5],"rotation":270,"texture":"#0","tintindex":0}}},{"from":[6.7350693,14.260532,18.379744],"to":[9.264931,16.673466,19.77182],"rotation":{"angle":45.0,"axis":"y","origin":[8.0,13.920002,8.007188]},"faces":{"east":{"uv":[4.125,10.125,4.25,10.3125],"rotation":0,"texture":"#0","tintindex":0},"south":{"uv":[9.75,6.125,9.9375,6.3125],"rotation":0,"texture":"#0","tintindex":0},"north":{"uv":[9.75,6.375,9.9375,6.5625],"rotation":0,"texture":"#0","tintindex":0},"west":{"uv":[4.25,10.125,4.375,10.3125],"rotation":0,"texture":"#0","tintindex":0},"up":{"uv":[4.5,10.3125,4.375,10.125],"rotation":90,"texture":"#0","tintindex":0},"down":{"uv":[10.25,4.375,10.125,4.5625],"rotation":270,"texture":"#0","tintindex":0}}},{"from":[13.049867,6.641493,3.707828],"to":[16.290924,8.0220375,12.306549],"rotation":{"angle":22.5,"axis":"z","origin":[8.0,13.920002,8.007188]},"faces":{"east":{"uv":[8.0,3.0,8.6875,3.125],"rotation":0,"texture":"#0","tintindex":0},"south":{"uv":[6.375,1.875,6.625,2.0],"rotation":0,"texture":"#0","tintindex":0},"north":{"uv":[6.375,5.0,6.625,5.125],"rotation":0,"texture":"#0","tintindex":0},"west":{"uv":[8.875,6.75,9.5625,6.875],"rotation":0,"texture":"#0","tintindex":0},"up":{"uv":[6.0625,3.5,5.375,3.25],"rotation":90,"texture":"#0","tintindex":0},"down":{"uv":[7.4375,8.125,6.75,8.375],"rotation":270,"texture":"#0","tintindex":0}}},{"from":[1.5199995,-15.256981,17.33383],"to":[14.4800005,-5.3369827,22.45383],"rotation":{"angle":22.5,"axis":"x","origin":[8.0,-10.296982,21.25383]},"faces":{"east":{"uv":[0.75,6.75,1.125,7.5],"rotation":0,"texture":"#0","tintindex":0},"south":{"uv":[0.0,4.0,1.0,4.75],"rotation":0,"texture":"#0","tintindex":0},"north":{"uv":[3.125,3.75,4.125,4.5],"rotation":0,"texture":"#0","tintindex":0},"west":{"uv":[1.125,6.75,1.5,7.5],"rotation":0,"texture":"#0","tintindex":0},"up":{"uv":[6.625,5.5,5.625,5.125],"rotation":0,"texture":"#0","tintindex":0},"down":{"uv":[4.75,6.125,3.75,6.5],"rotation":0,"texture":"#0","tintindex":0}}},{"from":[1.5199995,-15.256981,-6.439453],"to":[14.4800005,-5.3369827,-1.3194532],"rotation":{"angle":-22.5,"axis":"x","origin":[8.0,-10.296982,-5.2394533]},"faces":{"east":{"uv":[1.125,6.75,0.75,7.5],"rotation":0,"texture":"#0","tintindex":0},"south":{"uv":[4.125,3.75,3.125,4.5],"rotation":0,"texture":"#0","tintindex":0},"north":{"uv":[1.0,4.0,0.0,4.75],"rotation":0,"texture":"#0","tintindex":0},"west":{"uv":[1.5,6.75,1.125,7.5],"rotation":0,"texture":"#0","tintindex":0},"up":{"uv":[6.625,5.125,5.625,5.5],"rotation":0,"texture":"#0","tintindex":0},"down":{"uv":[4.75,6.5,3.75,6.125],"rotation":0,"texture":"#0","tintindex":0}}},{"from":[16.517467,-10.148096,1.5271878],"to":[21.637468,-0.22809505,14.487188],"rotation":{"angle":-22.5,"axis":"z","origin":[8.0,-9.776533,8.007188]},"faces":{"east":{"uv":[1.0,4.0,0.0,4.75],"rotation":0,"texture":"#0","tintindex":0},"south":{"uv":[1.125,6.75,0.75,7.5],"rotation":0,"texture":"#0","tintindex":0},"north":{"uv":[1.5,6.75,1.125,7.5],"rotation":0,"texture":"#0","tintindex":0},"west":{"uv":[4.125,3.75,3.125,4.5],"rotation":0,"texture":"#0","tintindex":0},"up":{"uv":[6.625,5.125,5.625,5.5],"rotation":90,"texture":"#0","tintindex":0},"down":{"uv":[4.75,6.5,3.75,6.125],"rotation":270,"texture":"#0","tintindex":0}}},{"from":[-5.6374683,-10.148096,1.5271878],"to":[-0.51746845,-0.22809505,14.487188],"rotation":{"angle":22.5,"axis":"z","origin":[8.0,-9.776533,8.007188]},"faces":{"east":{"uv":[3.125,3.75,4.125,4.5],"rotation":0,"texture":"#0","tintindex":0},"south":{"uv":[0.75,6.75,1.125,7.5],"rotation":0,"texture":"#0","tintindex":0},"north":{"uv":[1.125,6.75,1.5,7.5],"rotation":0,"texture":"#0","tintindex":0},"west":{"uv":[0.0,4.0,1.0,4.75],"rotation":0,"texture":"#0","tintindex":0},"up":{"uv":[6.625,5.5,5.625,5.125],"rotation":90,"texture":"#0","tintindex":0},"down":{"uv":[4.75,6.125,3.75,6.5],"rotation":270,"texture":"#0","tintindex":0}}},{"from":[12.8,-14.4,-4.7928114],"to":[20.8,-8.799997,3.2071881],"rotation":{"angle":0.0,"axis":"y","origin":[20.8,-14.4,-4.7928114]},"faces":{"east":{"uv":[6.875,6.375,7.5,6.8125],"rotation":0,"texture":"#0","tintindex":0},"south":{"uv":[6.875,6.875,7.5,7.3125],"rotation":0,"texture":"#0","tintindex":0},"north":{"uv":[6.875,5.875,7.5,6.3125],"rotation":0,"texture":"#0","tintindex":0},"west":{"uv":[6.125,7.0,6.75,7.4375],"rotation":0,"texture":"#0","tintindex":0},"up":{"uv":[1.75,6.125,1.125,5.5],"rotation":0,"texture":"#0","tintindex":0},"down":{"uv":[2.375,5.5,1.75,6.125],"rotation":0,"texture":"#0","tintindex":0}}},{"from":[12.8,-14.4,12.807188],"to":[20.8,-8.799997,20.80719],"rotation":{"angle":0.0,"axis":"y","origin":[20.8,-14.4,20.80719]},"faces":{"east":{"uv":[7.5,6.375,6.875,6.8125],"rotation":0,"texture":"#0","tintindex":0},"south":{"uv":[7.5,5.875,6.875,6.3125],"rotation":0,"texture":"#0","tintindex":0},"north":{"uv":[7.5,6.875,6.875,7.3125],"rotation":0,"texture":"#0","tintindex":0},"west":{"uv":[6.75,7.0,6.125,7.4375],"rotation":0,"texture":"#0","tintindex":0},"up":{"uv":[1.75,5.5,1.125,6.125],"rotation":0,"texture":"#0","tintindex":0},"down":{"uv":[2.375,6.125,1.75,5.5],"rotation":0,"texture":"#0","tintindex":0}}},{"from":[-4.8,-14.4,12.807188],"to":[3.1999998,-8.799997,20.80719],"rotation":{"angle":0.0,"axis":"y","origin":[-4.8,-14.4,20.80719]},"faces":{"east":{"uv":[7.375,2.625,6.75,3.0625],"rotation":0,"texture":"#0","tintindex":0},"south":{"uv":[7.25,5.0,6.625,5.4375],"rotation":0,"texture":"#0","tintindex":0},"north":{"uv":[4.375,6.875,3.75,7.3125],"rotation":0,"texture":"#0","tintindex":0},"west":{"uv":[5.0,6.875,4.375,7.3125],"rotation":0,"texture":"#0","tintindex":0},"up":{"uv":[5.875,2.0,5.25,2.625],"rotation":0,"texture":"#0","tintindex":0},"down":{"uv":[6.0,3.25,5.375,2.625],"rotation":0,"texture":"#0","tintindex":0}}},{"from":[-4.4000006,-8.799997,-4.392812],"to":[1.5999999,-4.8799973,2.0071883],"rotation":{"angle":0.0,"axis":"y","origin":[-4.8,-14.4,-4.7928114]},"faces":{"east":{"uv":[8.875,8.375,9.375,8.6875],"rotation":0,"texture":"#0","tintindex":0},"south":{"uv":[8.75,8.875,9.25,9.1875],"rotation":0,"texture":"#0","tintindex":0},"north":{"uv":[8.25,8.875,8.75,9.1875],"rotation":0,"texture":"#0","tintindex":0},"west":{"uv":[9.0,1.5,9.5,1.8125],"rotation":0,"texture":"#0","tintindex":0},"up":{"uv":[8.125,1.0,7.625,0.5],"rotation":0,"texture":"#0","tintindex":0},"down":{"uv":[8.125,1.0,7.625,1.5],"rotation":0,"texture":"#0","tintindex":0}}},{"from":[14.4,-8.799997,-4.392812],"to":[20.400002,-4.8799973,2.0071883],"rotation":{"angle":0.0,"axis":"y","origin":[20.8,-14.4,-4.7928114]},"faces":{"east":{"uv":[8.875,7.25,9.375,7.5625],"rotation":0,"texture":"#0","tintindex":0},"south":{"uv":[8.875,7.625,9.375,7.9375],"rotation":0,"texture":"#0","tintindex":0},"north":{"uv":[8.875,6.375,9.375,6.6875],"rotation":0,"texture":"#0","tintindex":0},"west":{"uv":[8.875,8.0,9.375,8.3125],"rotation":0,"texture":"#0","tintindex":0},"up":{"uv":[8.0,7.125,7.5,6.625],"rotation":0,"texture":"#0","tintindex":0},"down":{"uv":[8.125,0.0,7.625,0.5],"rotation":0,"texture":"#0","tintindex":0}}},{"from":[-4.4000006,-8.799997,14.007189],"to":[1.5999999,-4.8799973,20.407188],"rotation":{"angle":0.0,"axis":"y","origin":[-4.8,-14.4,20.80719]},"faces":{"east":{"uv":[9.375,8.375,8.875,8.6875],"rotation":0,"texture":"#0","tintindex":0},"south":{"uv":[8.75,8.875,8.25,9.1875],"rotation":0,"texture":"#0","tintindex":0},"north":{"uv":[9.25,8.875,8.75,9.1875],"rotation":0,"texture":"#0","tintindex":0},"west":{"uv":[9.5,1.5,9.0,1.8125],"rotation":0,"texture":"#0","tintindex":0},"up":{"uv":[8.125,0.5,7.625,1.0],"rotation":0,"texture":"#0","tintindex":0},"down":{"uv":[8.125,1.5,7.625,1.0],"rotation":0,"texture":"#0","tintindex":0}}},{"from":[14.4,-8.799997,14.007189],"to":[20.400002,-4.8799973,20.407188],"rotation":{"angle":0.0,"axis":"y","origin":[20.8,-14.4,20.80719]},"faces":{"east":{"uv":[9.375,7.25,8.875,7.5625],"rotation":0,"texture":"#0","tintindex":0},"south":{"uv":[9.375,6.375,8.875,6.6875],"rotation":0,"texture":"#0","tintindex":0},"north":{"uv":[9.375,7.625,8.875,7.9375],"rotation":0,"texture":"#0","tintindex":0},"west":{"uv":[9.375,8.0,8.875,8.3125],"rotation":0,"texture":"#0","tintindex":0},"up":{"uv":[8.0,6.625,7.5,7.125],"rotation":0,"texture":"#0","tintindex":0},"down":{"uv":[8.125,0.5,7.625,0.0],"rotation":0,"texture":"#0","tintindex":0}}},{"from":[14.27392,-2.3430386,-0.18993187],"to":[15.79712,14.616962,1.7332683],"rotation":{"angle":-45.0,"axis":"y","origin":[15.035521,6.136962,0.97166824]},"faces":{"east":{"uv":[0.375,8.5,0.5,9.8125],"rotation":0,"texture":"#0","tintindex":0},"south":{"uv":[0.5,8.5,0.625,9.8125],"rotation":0,"texture":"#0","tintindex":0},"north":{"uv":[0.25,8.5,0.375,9.8125],"rotation":0,"texture":"#0","tintindex":0},"west":{"uv":[0.625,8.5,0.75,9.8125],"rotation":0,"texture":"#0","tintindex":0},"up":{"uv":[7.75,1.875,7.625,1.75],"rotation":0,"texture":"#0","tintindex":0},"down":{"uv":[8.875,7.25,8.75,7.375],"rotation":0,"texture":"#0","tintindex":0}}},{"from":[0.2028799,-2.3430386,-0.18993187],"to":[1.72608,14.616962,1.7332683],"rotation":{"angle":45.0,"axis":"y","origin":[0.9644799,6.136962,0.97166824]},"faces":{"east":{"uv":[0.875,8.5,1.0,9.8125],"rotation":0,"texture":"#0","tintindex":0},"south":{"uv":[1.0,8.5,1.125,9.8125],"rotation":0,"texture":"#0","tintindex":0},"north":{"uv":[0.75,8.5,0.875,9.8125],"rotation":0,"texture":"#0","tintindex":0},"west":{"uv":[1.125,8.5,1.25,9.8125],"rotation":0,"texture":"#0","tintindex":0},"up":{"uv":[8.25,9.25,8.125,9.125],"rotation":0,"texture":"#0","tintindex":0},"down":{"uv":[9.5,4.625,9.375,4.75],"rotation":0,"texture":"#0","tintindex":0}}},{"from":[0.2028799,-2.3430386,14.281109],"to":[1.72608,14.616962,16.204308],"rotation":{"angle":-45.0,"axis":"y","origin":[0.9644799,6.136962,15.042709]},"faces":{"east":{"uv":[1.875,8.5,2.0,9.8125],"rotation":0,"texture":"#0","tintindex":0},"south":{"uv":[2.0,8.5,2.125,9.8125],"rotation":0,"texture":"#0","tintindex":0},"north":{"uv":[1.75,8.5,1.875,9.8125],"rotation":0,"texture":"#0","tintindex":0},"west":{"uv":[2.125,8.5,2.25,9.8125],"rotation":0,"texture":"#0","tintindex":0},"up":{"uv":[10.25,10.375,10.125,10.25],"rotation":0,"texture":"#0","tintindex":0},"down":{"uv":[10.375,10.125,10.25,10.25],"rotation":0,"texture":"#0","tintindex":0}}},{"from":[14.27392,-2.3430386,14.281109],"to":[15.79712,14.616962,16.204308],"rotation":{"angle":45.0,"axis":"y","origin":[15.035521,6.136962,15.042709]},"faces":{"east":{"uv":[1.375,8.5,1.5,9.8125],"rotation":0,"texture":"#0","tintindex":0},"south":{"uv":[1.5,8.5,1.625,9.8125],"rotation":0,"texture":"#0","tintindex":0},"north":{"uv":[1.25,8.5,1.375,9.8125],"rotation":0,"texture":"#0","tintindex":0},"west":{"uv":[1.625,8.5,1.75,9.8125],"rotation":0,"texture":"#0","tintindex":0},"up":{"uv":[10.125,10.375,10.0,10.25],"rotation":0,"texture":"#0","tintindex":0},"down":{"uv":[10.375,10.0,10.25,10.125],"rotation":0,"texture":"#0","tintindex":0}}},{"from":[0.7999997,-3.039999,0.8071885],"to":[15.200001,16.080002,15.207189],"rotation":{"angle":0.0,"axis":"y","origin":[-4.8,-3.039999,-4.7928114]},"faces":{"east":{"uv":[2.0,0.0,3.125,1.5],"rotation":0,"texture":"#0","tintindex":0},"south":{"uv":[2.0,0.0,3.125,1.5],"rotation":0,"texture":"#0","tintindex":0},"north":{"uv":[2.0,0.0,3.125,1.5],"rotation":0,"texture":"#0","tintindex":0},"west":{"uv":[2.0,0.0,3.125,1.5],"rotation":0,"texture":"#0","tintindex":0},"up":{"uv":[4.25,2.625,3.125,1.5],"rotation":0,"texture":"#0","tintindex":0},"down":{"uv":[4.25,2.625,3.125,3.75],"rotation":0,"texture":"#0","tintindex":0}}},{"from":[-4.8,-16.0,-4.7928114],"to":[20.8,-14.4,20.80719],"rotation":{"angle":0.0,"axis":"y","origin":[-4.8,-16.0,-4.7928114]},"faces":{"east":{"uv":[6.625,4.125,8.625,4.25],"rotation":0,"texture":"#0","tintindex":0},"south":{"uv":[6.75,3.125,8.75,3.25],"rotation":0,"texture":"#0","tintindex":0},"north":{"uv":[6.625,4.0,8.625,4.125],"rotation":0,"texture":"#0","tintindex":0},"west":{"uv":[7.125,5.5,9.125,5.625],"rotation":0,"texture":"#0","tintindex":0},"up":{"uv":[2.0,2.0,0.0,0.0],"rotation":0,"texture":"#0","tintindex":0},"down":{"uv":[2.0,2.0,0.0,4.0],"rotation":0,"texture":"#0","tintindex":0}}}],"display":{"head":{"translation":[0.0,-32.134064,0.0],"scale":[4.0,4.0,4.0]}}}