{"textures":{"0":"minecraft:modelengine/entity/zap_tower_5"},"elements":[{"from":[17.352262,6.1623125,6.5173864],"to":[21.131962,9.8376875,9.482614],"rotation":{"angle":22.5,"axis":"y","origin":[8.0,14.807381,8.0]},"faces":{"east":{"uv":[9.875,0.25,10.0625,0.4375],"rotation":0,"texture":"#0","tintindex":0},"south":{"uv":[0.5,9.875,0.6875,10.0625],"rotation":0,"texture":"#0","tintindex":0},"north":{"uv":[0.25,9.875,0.4375,10.0625],"rotation":0,"texture":"#0","tintindex":0},"west":{"uv":[9.875,0.5,10.0625,0.6875],"rotation":0,"texture":"#0","tintindex":0},"up":{"uv":[0.9375,10.0625,0.75,9.875],"rotation":0,"texture":"#0","tintindex":0},"down":{"uv":[1.1875,9.875,1.0,10.0625],"rotation":0,"texture":"#0","tintindex":0}}},{"from":[17.2618,6.471978,4.4318433],"to":[20.488548,9.528022,11.568157],"rotation":{"angle":45.0,"axis":"y","origin":[8.0,14.807381,8.0]},"faces":{"east":{"uv":[7.125,5.625,7.5,5.8125],"rotation":0,"texture":"#0","tintindex":0},"south":{"uv":[9.875,1.25,10.0625,1.4375],"rotation":0,"texture":"#0","tintindex":0},"north":{"uv":[1.25,9.875,1.4375,10.0625],"rotation":0,"texture":"#0","tintindex":0},"west":{"uv":[5.0,9.25,5.375,9.4375],"rotation":0,"texture":"#0","tintindex":0},"up":{"uv":[9.5625,0.375,9.375,0.0],"rotation":0,"texture":"#0","tintindex":0},"down":{"uv":[9.5625,0.375,9.375,0.75],"rotation":0,"texture":"#0","tintindex":0}}},{"from":[6.5173864,6.1623125,-5.131961],"to":[9.482614,9.8376875,-1.3522625],"rotation":{"angle":-22.5,"axis":"y","origin":[8.0,14.807381,8.0]},"faces":{"east":{"uv":[9.875,1.5,10.0625,1.6875],"rotation":0,"texture":"#0","tintindex":0},"south":{"uv":[1.75,9.875,1.9375,10.0625],"rotation":0,"texture":"#0","tintindex":0},"north":{"uv":[1.5,9.875,1.6875,10.0625],"rotation":0,"texture":"#0","tintindex":0},"west":{"uv":[9.875,1.75,10.0625,1.9375],"rotation":0,"texture":"#0","tintindex":0},"up":{"uv":[2.1875,10.0625,2.0,9.875],"rotation":0,"texture":"#0","tintindex":0},"down":{"uv":[10.0625,2.0,9.875,2.1875],"rotation":0,"texture":"#0","tintindex":0}}},{"from":[6.5173864,6.1623125,17.352262],"to":[9.482614,9.8376875,21.131962],"rotation":{"angle":22.5,"axis":"y","origin":[8.0,14.807381,8.0]},"faces":{"east":{"uv":[9.875,2.75,10.0625,2.9375],"rotation":0,"texture":"#0","tintindex":0},"south":{"uv":[9.875,3.0,10.0625,3.1875],"rotation":0,"texture":"#0","tintindex":0},"north":{"uv":[9.875,2.5,10.0625,2.6875],"rotation":0,"texture":"#0","tintindex":0},"west":{"uv":[3.125,9.875,3.3125,10.0625],"rotation":0,"texture":"#0","tintindex":0},"up":{"uv":[3.5625,10.0625,3.375,9.875],"rotation":0,"texture":"#0","tintindex":0},"down":{"uv":[3.8125,9.875,3.625,10.0625],"rotation":0,"texture":"#0","tintindex":0}}},{"from":[17.2618,6.471978,4.4318433],"to":[20.488548,9.528022,11.568157],"rotation":{"angle":0.0,"axis":"y","origin":[8.0,14.807381,8.0]},"faces":{"east":{"uv":[9.25,9.0,9.625,9.1875],"rotation":0,"texture":"#0","tintindex":0},"south":{"uv":[4.125,9.875,4.3125,10.0625],"rotation":0,"texture":"#0","tintindex":0},"north":{"uv":[3.875,9.875,4.0625,10.0625],"rotation":0,"texture":"#0","tintindex":0},"west":{"uv":[9.375,0.75,9.75,0.9375],"rotation":0,"texture":"#0","tintindex":0},"up":{"uv":[3.1875,9.75,3.0,9.375],"rotation":0,"texture":"#0","tintindex":0},"down":{"uv":[9.5625,3.0,9.375,3.375],"rotation":0,"texture":"#0","tintindex":0}}},{"from":[17.352262,6.1623125,6.5173864],"to":[21.131962,9.8376875,9.482614],"rotation":{"angle":-22.5,"axis":"y","origin":[8.0,14.807381,8.0]},"faces":{"east":{"uv":[9.875,4.625,10.0625,4.8125],"rotation":0,"texture":"#0","tintindex":0},"south":{"uv":[5.0,9.875,5.1875,10.0625],"rotation":0,"texture":"#0","tintindex":0},"north":{"uv":[4.375,9.875,4.5625,10.0625],"rotation":0,"texture":"#0","tintindex":0},"west":{"uv":[5.25,9.875,5.4375,10.0625],"rotation":0,"texture":"#0","tintindex":0},"up":{"uv":[5.6875,10.0625,5.5,9.875],"rotation":0,"texture":"#0","tintindex":0},"down":{"uv":[10.0625,5.625,9.875,5.8125],"rotation":0,"texture":"#0","tintindex":0}}},{"from":[17.2618,6.471978,4.4318433],"to":[20.488548,9.528022,11.568157],"rotation":{"angle":-45.0,"axis":"y","origin":[8.0,14.807381,8.0]},"faces":{"east":{"uv":[9.375,1.0,9.75,1.1875],"rotation":0,"texture":"#0","tintindex":0},"south":{"uv":[6.0,9.875,6.1875,10.0625],"rotation":0,"texture":"#0","tintindex":0},"north":{"uv":[5.75,9.875,5.9375,10.0625],"rotation":0,"texture":"#0","tintindex":0},"west":{"uv":[3.25,9.375,3.625,9.5625],"rotation":0,"texture":"#0","tintindex":0},"up":{"uv":[9.5625,3.75,9.375,3.375],"rotation":0,"texture":"#0","tintindex":0},"down":{"uv":[9.5625,4.0,9.375,4.375],"rotation":0,"texture":"#0","tintindex":0}}},{"from":[4.4318433,6.471978,-4.488549],"to":[11.568157,9.528022,-1.2618008],"rotation":{"angle":0.0,"axis":"y","origin":[8.0,14.807381,8.0]},"faces":{"east":{"uv":[6.75,9.875,6.9375,10.0625],"rotation":0,"texture":"#0","tintindex":0},"south":{"uv":[9.375,5.875,9.75,6.0625],"rotation":0,"texture":"#0","tintindex":0},"north":{"uv":[9.375,4.375,9.75,4.5625],"rotation":0,"texture":"#0","tintindex":0},"west":{"uv":[8.25,9.875,8.4375,10.0625],"rotation":0,"texture":"#0","tintindex":0},"up":{"uv":[9.75,6.5625,9.375,6.375],"rotation":0,"texture":"#0","tintindex":0},"down":{"uv":[9.75,7.25,9.375,7.4375],"rotation":0,"texture":"#0","tintindex":0}}},{"from":[4.4318433,6.471978,17.2618],"to":[11.568157,9.528022,20.488548],"rotation":{"angle":0.0,"axis":"y","origin":[8.0,14.807381,8.0]},"faces":{"east":{"uv":[8.5,9.875,8.6875,10.0625],"rotation":0,"texture":"#0","tintindex":0},"south":{"uv":[9.375,7.75,9.75,7.9375],"rotation":0,"texture":"#0","tintindex":0},"north":{"uv":[9.375,7.5,9.75,7.6875],"rotation":0,"texture":"#0","tintindex":0},"west":{"uv":[9.875,9.0,10.0625,9.1875],"rotation":0,"texture":"#0","tintindex":0},"up":{"uv":[9.75,8.1875,9.375,8.0],"rotation":0,"texture":"#0","tintindex":0},"down":{"uv":[8.5,9.375,8.125,9.5625],"rotation":0,"texture":"#0","tintindex":0}}},{"from":[-5.131961,6.1623125,6.5173864],"to":[-1.3522625,9.8376875,9.482614],"rotation":{"angle":22.5,"axis":"y","origin":[8.0,14.807381,8.0]},"faces":{"east":{"uv":[9.75,9.875,9.9375,10.0625],"rotation":0,"texture":"#0","tintindex":0},"south":{"uv":[0.0,10.0,0.1875,10.1875],"rotation":0,"texture":"#0","tintindex":0},"north":{"uv":[9.125,9.875,9.3125,10.0625],"rotation":0,"texture":"#0","tintindex":0},"west":{"uv":[10.0,0.75,10.1875,0.9375],"rotation":0,"texture":"#0","tintindex":0},"up":{"uv":[10.1875,1.1875,10.0,1.0],"rotation":0,"texture":"#0","tintindex":0},"down":{"uv":[2.4375,10.0,2.25,10.1875],"rotation":0,"texture":"#0","tintindex":0}}},{"from":[6.5173864,6.1623125,17.352262],"to":[9.482614,9.8376875,21.131962],"rotation":{"angle":-22.5,"axis":"y","origin":[8.0,14.807381,8.0]},"faces":{"east":{"uv":[2.5,10.0,2.6875,10.1875],"rotation":0,"texture":"#0","tintindex":0},"south":{"uv":[2.75,10.0,2.9375,10.1875],"rotation":0,"texture":"#0","tintindex":0},"north":{"uv":[10.0,2.25,10.1875,2.4375],"rotation":0,"texture":"#0","tintindex":0},"west":{"uv":[10.0,3.25,10.1875,3.4375],"rotation":0,"texture":"#0","tintindex":0},"up":{"uv":[10.1875,3.6875,10.0,3.5],"rotation":0,"texture":"#0","tintindex":0},"down":{"uv":[10.1875,4.0,10.0,4.1875],"rotation":0,"texture":"#0","tintindex":0}}},{"from":[-4.488549,6.471978,4.4318433],"to":[-1.2618008,9.528022,11.568157],"rotation":{"angle":45.0,"axis":"y","origin":[8.0,14.807381,8.0]},"faces":{"east":{"uv":[9.375,8.25,9.75,8.4375],"rotation":0,"texture":"#0","tintindex":0},"south":{"uv":[10.0,6.125,10.1875,6.3125],"rotation":0,"texture":"#0","tintindex":0},"north":{"uv":[4.625,10.0,4.8125,10.1875],"rotation":0,"texture":"#0","tintindex":0},"west":{"uv":[8.5,9.375,8.875,9.5625],"rotation":0,"texture":"#0","tintindex":0},"up":{"uv":[6.6875,9.75,6.5,9.375],"rotation":0,"texture":"#0","tintindex":0},"down":{"uv":[9.0625,9.375,8.875,9.75],"rotation":0,"texture":"#0","tintindex":0}}},{"from":[-4.488549,6.471978,4.4318433],"to":[-1.2618008,9.528022,11.568157],"rotation":{"angle":0.0,"axis":"y","origin":[8.0,14.807381,8.0]},"faces":{"east":{"uv":[9.375,8.5,9.75,8.6875],"rotation":0,"texture":"#0","tintindex":0},"south":{"uv":[6.5,10.0,6.6875,10.1875],"rotation":0,"texture":"#0","tintindex":0},"north":{"uv":[10.0,6.375,10.1875,6.5625],"rotation":0,"texture":"#0","tintindex":0},"west":{"uv":[9.125,9.375,9.5,9.5625],"rotation":0,"texture":"#0","tintindex":0},"up":{"uv":[9.6875,1.875,9.5,1.5],"rotation":0,"texture":"#0","tintindex":0},"down":{"uv":[9.6875,1.875,9.5,2.25],"rotation":0,"texture":"#0","tintindex":0}}},{"from":[-5.131961,6.1623125,6.5173864],"to":[-1.3522625,9.8376875,9.482614],"rotation":{"angle":-22.5,"axis":"y","origin":[8.0,14.807381,8.0]},"faces":{"east":{"uv":[7.0,10.0,7.1875,10.1875],"rotation":0,"texture":"#0","tintindex":0},"south":{"uv":[10.0,7.125,10.1875,7.3125],"rotation":0,"texture":"#0","tintindex":0},"north":{"uv":[10.0,6.875,10.1875,7.0625],"rotation":0,"texture":"#0","tintindex":0},"west":{"uv":[7.25,10.0,7.4375,10.1875],"rotation":0,"texture":"#0","tintindex":0},"up":{"uv":[10.1875,7.5625,10.0,7.375],"rotation":0,"texture":"#0","tintindex":0},"down":{"uv":[7.6875,10.0,7.5,10.1875],"rotation":0,"texture":"#0","tintindex":0}}},{"from":[-4.488549,6.471978,4.4318433],"to":[-1.2618008,9.528022,11.568157],"rotation":{"angle":-45.0,"axis":"y","origin":[8.0,14.807381,8.0]},"faces":{"east":{"uv":[9.5,2.5,9.875,2.6875],"rotation":0,"texture":"#0","tintindex":0},"south":{"uv":[7.75,10.0,7.9375,10.1875],"rotation":0,"texture":"#0","tintindex":0},"north":{"uv":[10.0,7.625,10.1875,7.8125],"rotation":0,"texture":"#0","tintindex":0},"west":{"uv":[9.5,4.625,9.875,4.8125],"rotation":0,"texture":"#0","tintindex":0},"up":{"uv":[9.6875,5.25,9.5,4.875],"rotation":0,"texture":"#0","tintindex":0},"down":{"uv":[5.1875,9.5,5.0,9.875],"rotation":0,"texture":"#0","tintindex":0}}},{"from":[6.5173864,6.1623125,-5.131961],"to":[9.482614,9.8376875,-1.3522625],"rotation":{"angle":22.5,"axis":"y","origin":[8.0,14.807381,8.0]},"faces":{"east":{"uv":[8.0,10.0,8.1875,10.1875],"rotation":0,"texture":"#0","tintindex":0},"south":{"uv":[10.0,8.125,10.1875,8.3125],"rotation":0,"texture":"#0","tintindex":0},"north":{"uv":[10.0,7.875,10.1875,8.0625],"rotation":0,"texture":"#0","tintindex":0},"west":{"uv":[10.0,8.375,10.1875,8.5625],"rotation":0,"texture":"#0","tintindex":0},"up":{"uv":[10.1875,8.8125,10.0,8.625],"rotation":0,"texture":"#0","tintindex":0},"down":{"uv":[8.9375,10.0,8.75,10.1875],"rotation":0,"texture":"#0","tintindex":0}}}],"display":{"head":{"translation":[0.0,-6.4,0.0],"scale":[4.0,4.0,4.0]}}}