{"textures":{"0":"minecraft:modelengine/entity/zap_tower_5"},"elements":[{"from":[5.821638,6.6137695,0.37573385],"to":[10.178362,9.38623,2.9501615],"rotation":{"angle":0.0,"axis":"y","origin":[8.0,1.1926188,8.0]},"faces":{"east":{"uv":[7.0,9.5,7.125,9.625],"rotation":0,"texture":"#0","tintindex":0},"south":{"uv":[10.0,4.25,10.25,4.375],"rotation":0,"texture":"#0","tintindex":0},"north":{"uv":[9.375,6.625,9.625,6.75],"rotation":0,"texture":"#0","tintindex":0},"west":{"uv":[3.125,9.75,3.25,9.875],"rotation":0,"texture":"#0","tintindex":0},"up":{"uv":[10.25,9.0,10.0,8.875],"rotation":0,"texture":"#0","tintindex":0},"down":{"uv":[10.25,9.25,10.0,9.375],"rotation":0,"texture":"#0","tintindex":0}}},{"from":[7.094864,6.33569,-0.106098175],"to":[8.905136,9.66431,2.8949337],"rotation":{"angle":-22.5,"axis":"y","origin":[8.0,1.1926188,8.0]},"faces":{"east":{"uv":[5.5,10.125,5.625,10.3125],"rotation":0,"texture":"#0","tintindex":0},"south":{"uv":[5.625,10.125,5.75,10.3125],"rotation":0,"texture":"#0","tintindex":0},"north":{"uv":[10.125,5.375,10.25,5.5625],"rotation":0,"texture":"#0","tintindex":0},"west":{"uv":[10.125,5.625,10.25,5.8125],"rotation":0,"texture":"#0","tintindex":0},"up":{"uv":[10.0,2.375,9.875,2.25],"rotation":0,"texture":"#0","tintindex":0},"down":{"uv":[10.0,3.25,9.875,3.375],"rotation":0,"texture":"#0","tintindex":0}}},{"from":[13.049839,6.6137695,5.821638],"to":[15.624266,9.38623,10.178362],"rotation":{"angle":45.0,"axis":"y","origin":[8.0,1.1926188,8.0]},"faces":{"east":{"uv":[9.375,10.0,9.625,10.125],"rotation":0,"texture":"#0","tintindex":0},"south":{"uv":[10.25,8.375,10.375,8.5],"rotation":0,"texture":"#0","tintindex":0},"north":{"uv":[4.625,9.875,4.75,10.0],"rotation":0,"texture":"#0","tintindex":0},"west":{"uv":[10.0,9.375,10.25,9.5],"rotation":0,"texture":"#0","tintindex":0},"up":{"uv":[6.25,3.5,6.125,3.25],"rotation":0,"texture":"#0","tintindex":0},"down":{"uv":[6.375,4.25,6.25,4.5],"rotation":0,"texture":"#0","tintindex":0}}},{"from":[13.105066,6.33569,7.094864],"to":[16.106098,9.66431,8.905136],"rotation":{"angle":22.5,"axis":"y","origin":[8.0,1.1926188,8.0]},"faces":{"east":{"uv":[5.875,10.125,6.0,10.3125],"rotation":0,"texture":"#0","tintindex":0},"south":{"uv":[10.125,5.875,10.25,6.0625],"rotation":0,"texture":"#0","tintindex":0},"north":{"uv":[5.75,10.125,5.875,10.3125],"rotation":0,"texture":"#0","tintindex":0},"west":{"uv":[6.0,10.125,6.125,10.3125],"rotation":0,"texture":"#0","tintindex":0},"up":{"uv":[8.625,10.375,8.5,10.25],"rotation":0,"texture":"#0","tintindex":0},"down":{"uv":[10.375,8.5,10.25,8.625],"rotation":0,"texture":"#0","tintindex":0}}},{"from":[13.049839,6.6137695,5.821638],"to":[15.624266,9.38623,10.178362],"rotation":{"angle":0.0,"axis":"y","origin":[8.0,1.1926188,8.0]},"faces":{"east":{"uv":[10.0,9.5,10.25,9.625],"rotation":0,"texture":"#0","tintindex":0},"south":{"uv":[10.25,8.625,10.375,8.75],"rotation":0,"texture":"#0","tintindex":0},"north":{"uv":[8.625,10.25,8.75,10.375],"rotation":0,"texture":"#0","tintindex":0},"west":{"uv":[10.0,9.625,10.25,9.75],"rotation":0,"texture":"#0","tintindex":0},"up":{"uv":[3.75,8.25,3.625,8.0],"rotation":0,"texture":"#0","tintindex":0},"down":{"uv":[9.0,1.5,8.875,1.75],"rotation":0,"texture":"#0","tintindex":0}}},{"from":[13.105066,6.33569,7.094864],"to":[16.106098,9.66431,8.905136],"rotation":{"angle":-22.5,"axis":"y","origin":[8.0,1.1926188,8.0]},"faces":{"east":{"uv":[6.25,10.125,6.375,10.3125],"rotation":0,"texture":"#0","tintindex":0},"south":{"uv":[6.375,10.125,6.5,10.3125],"rotation":0,"texture":"#0","tintindex":0},"north":{"uv":[6.125,10.125,6.25,10.3125],"rotation":0,"texture":"#0","tintindex":0},"west":{"uv":[10.125,6.625,10.25,6.8125],"rotation":0,"texture":"#0","tintindex":0},"up":{"uv":[8.875,10.375,8.75,10.25],"rotation":0,"texture":"#0","tintindex":0},"down":{"uv":[10.375,8.75,10.25,8.875],"rotation":0,"texture":"#0","tintindex":0}}},{"from":[13.049839,6.6137695,5.821638],"to":[15.624266,9.38623,10.178362],"rotation":{"angle":-45.0,"axis":"y","origin":[8.0,1.1926188,8.0]},"faces":{"east":{"uv":[10.0,9.75,10.25,9.875],"rotation":0,"texture":"#0","tintindex":0},"south":{"uv":[10.25,8.875,10.375,9.0],"rotation":0,"texture":"#0","tintindex":0},"north":{"uv":[8.875,10.25,9.0,10.375],"rotation":0,"texture":"#0","tintindex":0},"west":{"uv":[10.0,9.875,10.25,10.0],"rotation":0,"texture":"#0","tintindex":0},"up":{"uv":[5.5,9.5,5.375,9.25],"rotation":0,"texture":"#0","tintindex":0},"down":{"uv":[5.0,10.0,4.875,10.25],"rotation":0,"texture":"#0","tintindex":0}}},{"from":[7.094864,6.33569,13.105066],"to":[8.905136,9.66431,16.106098],"rotation":{"angle":22.5,"axis":"y","origin":[8.0,1.1926188,8.0]},"faces":{"east":{"uv":[6.875,10.125,7.0,10.3125],"rotation":0,"texture":"#0","tintindex":0},"south":{"uv":[8.25,10.125,8.375,10.3125],"rotation":0,"texture":"#0","tintindex":0},"north":{"uv":[6.75,10.125,6.875,10.3125],"rotation":0,"texture":"#0","tintindex":0},"west":{"uv":[8.375,10.125,8.5,10.3125],"rotation":0,"texture":"#0","tintindex":0},"up":{"uv":[9.125,10.375,9.0,10.25],"rotation":0,"texture":"#0","tintindex":0},"down":{"uv":[10.375,9.25,10.25,9.375],"rotation":0,"texture":"#0","tintindex":0}}},{"from":[5.821638,6.6137695,13.049839],"to":[10.178362,9.38623,15.624266],"rotation":{"angle":0.0,"axis":"y","origin":[8.0,1.1926188,8.0]},"faces":{"east":{"uv":[9.375,10.25,9.5,10.375],"rotation":0,"texture":"#0","tintindex":0},"south":{"uv":[10.125,0.0,10.375,0.125],"rotation":0,"texture":"#0","tintindex":0},"north":{"uv":[10.0,10.0,10.25,10.125],"rotation":0,"texture":"#0","tintindex":0},"west":{"uv":[10.25,9.375,10.375,9.5],"rotation":0,"texture":"#0","tintindex":0},"up":{"uv":[10.375,0.25,10.125,0.125],"rotation":0,"texture":"#0","tintindex":0},"down":{"uv":[0.5,10.125,0.25,10.25],"rotation":0,"texture":"#0","tintindex":0}}},{"from":[7.094864,6.33569,13.105066],"to":[8.905136,9.66431,16.106098],"rotation":{"angle":-22.5,"axis":"y","origin":[8.0,1.1926188,8.0]},"faces":{"east":{"uv":[10.25,3.5,10.375,3.6875],"rotation":0,"texture":"#0","tintindex":0},"south":{"uv":[3.625,10.25,3.75,10.4375],"rotation":0,"texture":"#0","tintindex":0},"north":{"uv":[3.5,10.25,3.625,10.4375],"rotation":0,"texture":"#0","tintindex":0},"west":{"uv":[10.25,3.75,10.375,3.9375],"rotation":0,"texture":"#0","tintindex":0},"up":{"uv":[10.375,10.375,10.25,10.25],"rotation":0,"texture":"#0","tintindex":0},"down":{"uv":[0.125,10.375,0.0,10.5],"rotation":0,"texture":"#0","tintindex":0}}},{"from":[0.37573385,6.6137695,5.821638],"to":[2.9501615,9.38623,10.178362],"rotation":{"angle":45.0,"axis":"y","origin":[8.0,1.1926188,8.0]},"faces":{"east":{"uv":[2.0,10.125,2.25,10.25],"rotation":0,"texture":"#0","tintindex":0},"south":{"uv":[0.125,10.375,0.25,10.5],"rotation":0,"texture":"#0","tintindex":0},"north":{"uv":[10.375,0.0,10.5,0.125],"rotation":0,"texture":"#0","tintindex":0},"west":{"uv":[10.125,2.125,10.375,2.25],"rotation":0,"texture":"#0","tintindex":0},"up":{"uv":[10.25,2.75,10.125,2.5],"rotation":0,"texture":"#0","tintindex":0},"down":{"uv":[10.25,2.75,10.125,3.0],"rotation":0,"texture":"#0","tintindex":0}}},{"from":[-0.106098175,6.33569,7.094864],"to":[2.8949337,9.66431,8.905136],"rotation":{"angle":22.5,"axis":"y","origin":[8.0,1.1926188,8.0]},"faces":{"east":{"uv":[10.25,4.25,10.375,4.4375],"rotation":0,"texture":"#0","tintindex":0},"south":{"uv":[10.25,4.5,10.375,4.6875],"rotation":0,"texture":"#0","tintindex":0},"north":{"uv":[10.25,4.0,10.375,4.1875],"rotation":0,"texture":"#0","tintindex":0},"west":{"uv":[4.625,10.25,4.75,10.4375],"rotation":0,"texture":"#0","tintindex":0},"up":{"uv":[10.5,0.25,10.375,0.125],"rotation":0,"texture":"#0","tintindex":0},"down":{"uv":[0.375,10.375,0.25,10.5],"rotation":0,"texture":"#0","tintindex":0}}},{"from":[0.37573385,6.6137695,5.821638],"to":[2.9501615,9.38623,10.178362],"rotation":{"angle":0.0,"axis":"y","origin":[8.0,1.1926188,8.0]},"faces":{"east":{"uv":[3.0,10.125,3.25,10.25],"rotation":0,"texture":"#0","tintindex":0},"south":{"uv":[0.375,10.375,0.5,10.5],"rotation":0,"texture":"#0","tintindex":0},"north":{"uv":[10.375,0.25,10.5,0.375],"rotation":0,"texture":"#0","tintindex":0},"west":{"uv":[10.125,3.0,10.375,3.125],"rotation":0,"texture":"#0","tintindex":0},"up":{"uv":[3.375,10.375,3.25,10.125],"rotation":0,"texture":"#0","tintindex":0},"down":{"uv":[3.5,10.125,3.375,10.375],"rotation":0,"texture":"#0","tintindex":0}}},{"from":[-0.106098175,6.33569,7.094864],"to":[2.8949337,9.66431,8.905136],"rotation":{"angle":-22.5,"axis":"y","origin":[8.0,1.1926188,8.0]},"faces":{"east":{"uv":[10.25,4.75,10.375,4.9375],"rotation":0,"texture":"#0","tintindex":0},"south":{"uv":[4.875,10.25,5.0,10.4375],"rotation":0,"texture":"#0","tintindex":0},"north":{"uv":[4.75,10.25,4.875,10.4375],"rotation":0,"texture":"#0","tintindex":0},"west":{"uv":[10.25,5.0,10.375,5.1875],"rotation":0,"texture":"#0","tintindex":0},"up":{"uv":[10.5,0.5,10.375,0.375],"rotation":0,"texture":"#0","tintindex":0},"down":{"uv":[0.625,10.375,0.5,10.5],"rotation":0,"texture":"#0","tintindex":0}}},{"from":[0.37573385,6.6137695,5.821638],"to":[2.9501615,9.38623,10.178362],"rotation":{"angle":-45.0,"axis":"y","origin":[8.0,1.1926188,8.0]},"faces":{"east":{"uv":[10.125,3.125,10.375,3.25],"rotation":0,"texture":"#0","tintindex":0},"south":{"uv":[0.625,10.375,0.75,10.5],"rotation":0,"texture":"#0","tintindex":0},"north":{"uv":[10.375,0.5,10.5,0.625],"rotation":0,"texture":"#0","tintindex":0},"west":{"uv":[3.5,10.125,3.75,10.25],"rotation":0,"texture":"#0","tintindex":0},"up":{"uv":[3.875,10.375,3.75,10.125],"rotation":0,"texture":"#0","tintindex":0},"down":{"uv":[10.25,3.75,10.125,4.0],"rotation":0,"texture":"#0","tintindex":0}}},{"from":[7.094864,6.33569,-0.106098175],"to":[8.905136,9.66431,2.8949337],"rotation":{"angle":22.5,"axis":"y","origin":[8.0,1.1926188,8.0]},"faces":{"east":{"uv":[10.25,5.5,10.375,5.6875],"rotation":0,"texture":"#0","tintindex":0},"south":{"uv":[10.25,5.75,10.375,5.9375],"rotation":0,"texture":"#0","tintindex":0},"north":{"uv":[10.25,5.25,10.375,5.4375],"rotation":0,"texture":"#0","tintindex":0},"west":{"uv":[10.25,6.0,10.375,6.1875],"rotation":0,"texture":"#0","tintindex":0},"up":{"uv":[10.5,0.75,10.375,0.625],"rotation":0,"texture":"#0","tintindex":0},"down":{"uv":[0.875,10.375,0.75,10.5],"rotation":0,"texture":"#0","tintindex":0}}}],"display":{"head":{"translation":[0.0,-6.4,0.0],"scale":[4.0,4.0,4.0]}}}