{"textures":{"0":"minecraft:modelengine/entity/zap_tower_5"},"elements":[{"from":[5.885714,5.7599998,5.885714],"to":[10.114286,18.240002,10.114286],"rotation":{"angle":0.0,"axis":"y","origin":[8.0,8.297143,8.0]},"faces":{"east":{"uv":[2.25,9.0,2.5,9.5625],"rotation":0,"texture":"#0","tintindex":0},"south":{"uv":[2.5,9.0,2.75,9.5625],"rotation":0,"texture":"#0","tintindex":0},"north":{"uv":[9.0,1.875,9.25,2.4375],"rotation":0,"texture":"#0","tintindex":0},"west":{"uv":[2.75,9.0,3.0,9.5625],"rotation":0,"texture":"#0","tintindex":0},"up":{"uv":[9.0,3.25,8.75,3.0],"rotation":0,"texture":"#0","tintindex":0},"down":{"uv":[9.125,4.75,8.875,5.0],"rotation":0,"texture":"#0","tintindex":0}}}],"display":{"head":{"translation":[0.0,-6.4,0.0],"scale":[4.0,4.0,4.0]}}}