{"textures":{"0":"minecraft:modelengine/entity/zap_tower_5"},"elements":[{"from":[6.823323,6.4000506,14.636586],"to":[9.176678,9.599949,18.469357],"rotation":{"angle":22.5,"axis":"y","origin":[8.0,7.6286883,8.0]},"faces":{"east":{"uv":[8.5,10.125,8.6875,10.25],"rotation":0,"texture":"#0","tintindex":0},"south":{"uv":[10.25,9.5,10.375,9.625],"rotation":0,"texture":"#0","tintindex":0},"north":{"uv":[9.5,10.25,9.625,10.375],"rotation":0,"texture":"#0","tintindex":0},"west":{"uv":[10.125,9.0,10.3125,9.125],"rotation":0,"texture":"#0","tintindex":0},"up":{"uv":[9.25,10.3125,9.125,10.125],"rotation":0,"texture":"#0","tintindex":0},"down":{"uv":[9.375,10.125,9.25,10.3125],"rotation":0,"texture":"#0","tintindex":0}}},{"from":[14.564791,6.6929827,5.16813],"to":[17.911547,9.307017,10.83187],"rotation":{"angle":-45.0,"axis":"y","origin":[8.0,7.6286883,8.0]},"faces":{"east":{"uv":[9.625,9.25,9.9375,9.375],"rotation":0,"texture":"#0","tintindex":0},"south":{"uv":[9.375,10.125,9.5625,10.25],"rotation":0,"texture":"#0","tintindex":0},"north":{"uv":[10.125,9.125,10.3125,9.25],"rotation":0,"texture":"#0","tintindex":0},"west":{"uv":[3.625,9.75,3.9375,9.875],"rotation":0,"texture":"#0","tintindex":0},"up":{"uv":[9.8125,0.3125,9.625,0.0],"rotation":0,"texture":"#0","tintindex":0},"down":{"uv":[9.8125,0.375,9.625,0.6875],"rotation":0,"texture":"#0","tintindex":0}}},{"from":[14.636586,6.4000506,6.823323],"to":[18.469357,9.599949,9.176678],"rotation":{"angle":-22.5,"axis":"y","origin":[8.0,7.6286883,8.0]},"faces":{"east":{"uv":[9.625,10.25,9.75,10.375],"rotation":0,"texture":"#0","tintindex":0},"south":{"uv":[10.0,10.125,10.1875,10.25],"rotation":0,"texture":"#0","tintindex":0},"north":{"uv":[9.75,10.125,9.9375,10.25],"rotation":0,"texture":"#0","tintindex":0},"west":{"uv":[10.25,9.625,10.375,9.75],"rotation":0,"texture":"#0","tintindex":0},"up":{"uv":[0.1875,10.375,0.0,10.25],"rotation":0,"texture":"#0","tintindex":0},"down":{"uv":[0.4375,10.25,0.25,10.375],"rotation":0,"texture":"#0","tintindex":0}}},{"from":[14.564791,6.6929827,5.16813],"to":[17.911547,9.307017,10.83187],"rotation":{"angle":0.0,"axis":"y","origin":[8.0,7.6286883,8.0]},"faces":{"east":{"uv":[9.75,3.75,10.0625,3.875],"rotation":0,"texture":"#0","tintindex":0},"south":{"uv":[0.75,10.25,0.9375,10.375],"rotation":0,"texture":"#0","tintindex":0},"north":{"uv":[0.5,10.25,0.6875,10.375],"rotation":0,"texture":"#0","tintindex":0},"west":{"uv":[9.75,3.875,10.0625,4.0],"rotation":0,"texture":"#0","tintindex":0},"up":{"uv":[2.4375,9.9375,2.25,9.625],"rotation":0,"texture":"#0","tintindex":0},"down":{"uv":[2.6875,9.625,2.5,9.9375],"rotation":0,"texture":"#0","tintindex":0}}},{"from":[14.564791,6.6929827,5.16813],"to":[17.911547,9.307017,10.83187],"rotation":{"angle":45.0,"axis":"y","origin":[8.0,7.6286883,8.0]},"faces":{"east":{"uv":[4.0,9.75,4.3125,9.875],"rotation":0,"texture":"#0","tintindex":0},"south":{"uv":[10.25,0.875,10.4375,1.0],"rotation":0,"texture":"#0","tintindex":0},"north":{"uv":[10.25,0.75,10.4375,0.875],"rotation":0,"texture":"#0","tintindex":0},"west":{"uv":[4.375,9.75,4.6875,9.875],"rotation":0,"texture":"#0","tintindex":0},"up":{"uv":[2.9375,9.9375,2.75,9.625],"rotation":0,"texture":"#0","tintindex":0},"down":{"uv":[9.8125,3.0,9.625,3.3125],"rotation":0,"texture":"#0","tintindex":0}}},{"from":[14.636586,6.4000506,6.823323],"to":[18.469357,9.599949,9.176678],"rotation":{"angle":22.5,"axis":"y","origin":[8.0,7.6286883,8.0]},"faces":{"east":{"uv":[9.75,10.25,9.875,10.375],"rotation":0,"texture":"#0","tintindex":0},"south":{"uv":[10.25,1.0,10.4375,1.125],"rotation":0,"texture":"#0","tintindex":0},"north":{"uv":[1.0,10.25,1.1875,10.375],"rotation":0,"texture":"#0","tintindex":0},"west":{"uv":[10.25,9.75,10.375,9.875],"rotation":0,"texture":"#0","tintindex":0},"up":{"uv":[10.4375,1.25,10.25,1.125],"rotation":0,"texture":"#0","tintindex":0},"down":{"uv":[1.4375,10.25,1.25,10.375],"rotation":0,"texture":"#0","tintindex":0}}},{"from":[6.823323,6.4000506,-2.4693565],"to":[9.176678,9.599949,1.3634138],"rotation":{"angle":-22.5,"axis":"y","origin":[8.0,7.6286883,8.0]},"faces":{"east":{"uv":[1.5,10.25,1.6875,10.375],"rotation":0,"texture":"#0","tintindex":0},"south":{"uv":[10.25,9.875,10.375,10.0],"rotation":0,"texture":"#0","tintindex":0},"north":{"uv":[9.875,10.25,10.0,10.375],"rotation":0,"texture":"#0","tintindex":0},"west":{"uv":[10.25,1.625,10.4375,1.75],"rotation":0,"texture":"#0","tintindex":0},"up":{"uv":[10.375,1.9375,10.25,1.75],"rotation":0,"texture":"#0","tintindex":0},"down":{"uv":[2.125,10.25,2.0,10.4375],"rotation":0,"texture":"#0","tintindex":0}}},{"from":[5.16813,6.6929827,14.564791],"to":[10.83187,9.307017,17.911547],"rotation":{"angle":0.0,"axis":"y","origin":[8.0,7.6286883,8.0]},"faces":{"east":{"uv":[10.25,2.0,10.4375,2.125],"rotation":0,"texture":"#0","tintindex":0},"south":{"uv":[9.75,4.5,10.0625,4.625],"rotation":0,"texture":"#0","tintindex":0},"north":{"uv":[9.75,4.375,10.0625,4.5],"rotation":0,"texture":"#0","tintindex":0},"west":{"uv":[3.0,10.25,3.1875,10.375],"rotation":0,"texture":"#0","tintindex":0},"up":{"uv":[9.8125,5.8125,9.5,5.625],"rotation":0,"texture":"#0","tintindex":0},"down":{"uv":[3.5625,9.625,3.25,9.8125],"rotation":0,"texture":"#0","tintindex":0}}},{"from":[5.16813,6.6929827,-1.9115467],"to":[10.83187,9.307017,1.4352098],"rotation":{"angle":0.0,"axis":"y","origin":[8.0,7.6286883,8.0]},"faces":{"east":{"uv":[10.25,3.25,10.4375,3.375],"rotation":0,"texture":"#0","tintindex":0},"south":{"uv":[9.75,5.0,10.0625,5.125],"rotation":0,"texture":"#0","tintindex":0},"north":{"uv":[9.75,4.875,10.0625,5.0],"rotation":0,"texture":"#0","tintindex":0},"west":{"uv":[10.25,3.375,10.4375,3.5],"rotation":0,"texture":"#0","tintindex":0},"up":{"uv":[9.9375,3.5625,9.625,3.375],"rotation":0,"texture":"#0","tintindex":0},"down":{"uv":[9.9375,4.0,9.625,4.1875],"rotation":0,"texture":"#0","tintindex":0}}},{"from":[6.823323,6.4000506,-2.4693565],"to":[9.176678,9.599949,1.3634138],"rotation":{"angle":22.5,"axis":"y","origin":[8.0,7.6286883,8.0]},"faces":{"east":{"uv":[10.25,6.25,10.4375,6.375],"rotation":0,"texture":"#0","tintindex":0},"south":{"uv":[1.0,10.375,1.125,10.5],"rotation":0,"texture":"#0","tintindex":0},"north":{"uv":[0.875,10.375,1.0,10.5],"rotation":0,"texture":"#0","tintindex":0},"west":{"uv":[10.25,6.375,10.4375,6.5],"rotation":0,"texture":"#0","tintindex":0},"up":{"uv":[6.625,10.4375,6.5,10.25],"rotation":0,"texture":"#0","tintindex":0},"down":{"uv":[10.375,6.5,10.25,6.6875],"rotation":0,"texture":"#0","tintindex":0}}},{"from":[-1.9115467,6.6929827,5.16813],"to":[1.4352098,9.307017,10.83187],"rotation":{"angle":-45.0,"axis":"y","origin":[8.0,7.6286883,8.0]},"faces":{"east":{"uv":[9.75,5.125,10.0625,5.25],"rotation":0,"texture":"#0","tintindex":0},"south":{"uv":[10.25,6.875,10.4375,7.0],"rotation":0,"texture":"#0","tintindex":0},"north":{"uv":[10.25,6.75,10.4375,6.875],"rotation":0,"texture":"#0","tintindex":0},"west":{"uv":[9.75,5.25,10.0625,5.375],"rotation":0,"texture":"#0","tintindex":0},"up":{"uv":[4.9375,9.9375,4.75,9.625],"rotation":0,"texture":"#0","tintindex":0},"down":{"uv":[7.1875,9.625,7.0,9.9375],"rotation":0,"texture":"#0","tintindex":0}}},{"from":[-2.4693565,6.4000506,6.823323],"to":[1.3634138,9.599949,9.176678],"rotation":{"angle":-22.5,"axis":"y","origin":[8.0,7.6286883,8.0]},"faces":{"east":{"uv":[1.125,10.375,1.25,10.5],"rotation":0,"texture":"#0","tintindex":0},"south":{"uv":[10.25,7.0,10.4375,7.125],"rotation":0,"texture":"#0","tintindex":0},"north":{"uv":[7.0,10.25,7.1875,10.375],"rotation":0,"texture":"#0","tintindex":0},"west":{"uv":[1.25,10.375,1.375,10.5],"rotation":0,"texture":"#0","tintindex":0},"up":{"uv":[10.4375,7.25,10.25,7.125],"rotation":0,"texture":"#0","tintindex":0},"down":{"uv":[7.4375,10.25,7.25,10.375],"rotation":0,"texture":"#0","tintindex":0}}},{"from":[-1.9115467,6.6929827,5.16813],"to":[1.4352098,9.307017,10.83187],"rotation":{"angle":0.0,"axis":"y","origin":[8.0,7.6286883,8.0]},"faces":{"east":{"uv":[9.75,5.375,10.0625,5.5],"rotation":0,"texture":"#0","tintindex":0},"south":{"uv":[10.25,7.375,10.4375,7.5],"rotation":0,"texture":"#0","tintindex":0},"north":{"uv":[10.25,7.25,10.4375,7.375],"rotation":0,"texture":"#0","tintindex":0},"west":{"uv":[9.75,5.5,10.0625,5.625],"rotation":0,"texture":"#0","tintindex":0},"up":{"uv":[7.4375,9.9375,7.25,9.625],"rotation":0,"texture":"#0","tintindex":0},"down":{"uv":[7.6875,9.625,7.5,9.9375],"rotation":0,"texture":"#0","tintindex":0}}},{"from":[-2.4693565,6.4000506,6.823323],"to":[1.3634138,9.599949,9.176678],"rotation":{"angle":22.5,"axis":"y","origin":[8.0,7.6286883,8.0]},"faces":{"east":{"uv":[10.375,1.25,10.5,1.375],"rotation":0,"texture":"#0","tintindex":0},"south":{"uv":[10.25,7.5,10.4375,7.625],"rotation":0,"texture":"#0","tintindex":0},"north":{"uv":[7.5,10.25,7.6875,10.375],"rotation":0,"texture":"#0","tintindex":0},"west":{"uv":[1.375,10.375,1.5,10.5],"rotation":0,"texture":"#0","tintindex":0},"up":{"uv":[10.4375,7.75,10.25,7.625],"rotation":0,"texture":"#0","tintindex":0},"down":{"uv":[7.9375,10.25,7.75,10.375],"rotation":0,"texture":"#0","tintindex":0}}},{"from":[-1.9115467,6.6929827,5.16813],"to":[1.4352098,9.307017,10.83187],"rotation":{"angle":45.0,"axis":"y","origin":[8.0,7.6286883,8.0]},"faces":{"east":{"uv":[9.75,5.875,10.0625,6.0],"rotation":0,"texture":"#0","tintindex":0},"south":{"uv":[10.25,7.875,10.4375,8.0],"rotation":0,"texture":"#0","tintindex":0},"north":{"uv":[10.25,7.75,10.4375,7.875],"rotation":0,"texture":"#0","tintindex":0},"west":{"uv":[9.75,6.0,10.0625,6.125],"rotation":0,"texture":"#0","tintindex":0},"up":{"uv":[7.9375,9.9375,7.75,9.625],"rotation":0,"texture":"#0","tintindex":0},"down":{"uv":[8.1875,9.625,8.0,9.9375],"rotation":0,"texture":"#0","tintindex":0}}},{"from":[6.823323,6.4000506,14.636586],"to":[9.176678,9.599949,18.469357],"rotation":{"angle":-22.5,"axis":"y","origin":[8.0,7.6286883,8.0]},"faces":{"east":{"uv":[8.0,10.25,8.1875,10.375],"rotation":0,"texture":"#0","tintindex":0},"south":{"uv":[1.5,10.375,1.625,10.5],"rotation":0,"texture":"#0","tintindex":0},"north":{"uv":[10.375,1.375,10.5,1.5],"rotation":0,"texture":"#0","tintindex":0},"west":{"uv":[10.25,8.0,10.4375,8.125],"rotation":0,"texture":"#0","tintindex":0},"up":{"uv":[6.75,10.4375,6.625,10.25],"rotation":0,"texture":"#0","tintindex":0},"down":{"uv":[10.375,8.125,10.25,8.3125],"rotation":0,"texture":"#0","tintindex":0}}}],"display":{"head":{"translation":[0.0,-6.4,0.0],"scale":[4.0,4.0,4.0]}}}