{"textures":{"0":"minecraft:modelengine/entity/zap_tower_5"},"elements":[{"from":[4.7270856,4.7270856,4.7270856],"to":[11.272915,11.272915,11.272915],"rotation":{"angle":-45.0,"axis":"z","origin":[8.0,8.0,8.0]},"faces":{"east":{"uv":[5.75,7.125,6.125,7.5],"rotation":0,"texture":"#0","tintindex":0},"south":{"uv":[3.0,9.0,3.375,9.375],"rotation":0,"texture":"#0","tintindex":0},"north":{"uv":[0.75,5.75,1.125,6.125],"rotation":0,"texture":"#0","tintindex":0},"west":{"uv":[9.0,3.0,9.375,3.375],"rotation":0,"texture":"#0","tintindex":0},"up":{"uv":[3.75,9.375,3.375,9.0],"rotation":0,"texture":"#0","tintindex":0},"down":{"uv":[9.375,3.375,9.0,3.75],"rotation":0,"texture":"#0","tintindex":0}}}],"display":{"head":{"translation":[0.0,-6.4,0.0],"scale":[4.0,4.0,4.0]}}}