{"textures":{"0":"minecraft:modelengine/entity/zap_tower_5"},"elements":[{"from":[5.4628572,6.144488,5.484804],"to":[10.537143,19.72163,10.559091],"rotation":{"angle":0.0,"axis":"y","origin":[8.0,22.258774,8.021948]},"faces":{"east":{"uv":[8.0,7.375,8.25,8.125],"rotation":0,"texture":"#0","tintindex":0},"south":{"uv":[8.125,0.0,8.375,0.75],"rotation":0,"texture":"#0","tintindex":0},"north":{"uv":[6.5,8.0,6.75,8.75],"rotation":0,"texture":"#0","tintindex":0},"west":{"uv":[8.125,0.75,8.375,1.5],"rotation":0,"texture":"#0","tintindex":0},"up":{"uv":[8.75,7.125,8.5,6.875],"rotation":0,"texture":"#0","tintindex":0},"down":{"uv":[8.875,4.0,8.625,4.25],"rotation":0,"texture":"#0","tintindex":0}}}],"display":{"head":{"translation":[0.0,-6.4,0.0],"scale":[4.0,4.0,4.0]}}}