{"textures":{"0":"minecraft:modelengine/entity/spikes_trap"},"elements":[{"from":[-1.1428576,8.0,-1.1428576],"to":[26.285715,9.714286,26.285715],"rotation":{"angle":0.0,"axis":"y","origin":[8.0,8.0,8.0]},"faces":{"east":{"uv":[6.0,0.375,12.0,0.75],"rotation":0,"texture":"#0","tintindex":0},"south":{"uv":[6.0,0.75,12.0,1.125],"rotation":0,"texture":"#0","tintindex":0},"north":{"uv":[6.0,0.0,12.0,0.375],"rotation":0,"texture":"#0","tintindex":0},"west":{"uv":[6.0,1.125,12.0,1.5],"rotation":0,"texture":"#0","tintindex":0},"up":{"uv":[6.0,6.0,0.0,0.0],"rotation":0,"texture":"#0","tintindex":0},"down":{"uv":[6.0,6.0,0.0,12.0],"rotation":0,"texture":"#0","tintindex":0}}},{"from":[22.285715,9.714286,22.285715],"to":[23.428572,11.428572,23.428572],"rotation":{"angle":0.0,"axis":"y","origin":[5.714286,8.0,14.857143]},"faces":{"east":{"uv":[6.875,3.75,6.625,4.125],"rotation":0,"texture":"#0","tintindex":0},"south":{"uv":[6.875,3.375,6.625,3.75],"rotation":0,"texture":"#0","tintindex":0},"north":{"uv":[6.875,4.125,6.625,4.5],"rotation":0,"texture":"#0","tintindex":0},"west":{"uv":[6.875,4.5,6.625,4.875],"rotation":0,"texture":"#0","tintindex":0},"up":{"uv":[6.875,4.875,6.625,5.125],"rotation":0,"texture":"#0","tintindex":0},"down":{"uv":[6.875,5.375,6.625,5.125],"rotation":0,"texture":"#0","tintindex":0}}},{"from":[22.285715,9.714286,17.142857],"to":[23.428572,11.428572,18.285715],"rotation":{"angle":0.0,"axis":"y","origin":[5.714286,8.0,9.714286]},"faces":{"east":{"uv":[6.875,3.75,6.625,4.125],"rotation":0,"texture":"#0","tintindex":0},"south":{"uv":[6.875,3.375,6.625,3.75],"rotation":0,"texture":"#0","tintindex":0},"north":{"uv":[6.875,4.125,6.625,4.5],"rotation":0,"texture":"#0","tintindex":0},"west":{"uv":[6.875,4.5,6.625,4.875],"rotation":0,"texture":"#0","tintindex":0},"up":{"uv":[6.875,4.875,6.625,5.125],"rotation":0,"texture":"#0","tintindex":0},"down":{"uv":[6.875,5.375,6.625,5.125],"rotation":0,"texture":"#0","tintindex":0}}},{"from":[22.285715,9.714286,1.7142854],"to":[23.428572,11.428572,2.8571424],"rotation":{"angle":0.0,"axis":"y","origin":[5.714286,8.0,-5.714287]},"faces":{"east":{"uv":[6.875,3.75,6.625,4.125],"rotation":0,"texture":"#0","tintindex":0},"south":{"uv":[6.875,3.375,6.625,3.75],"rotation":0,"texture":"#0","tintindex":0},"north":{"uv":[6.875,4.125,6.625,4.5],"rotation":0,"texture":"#0","tintindex":0},"west":{"uv":[6.875,4.5,6.625,4.875],"rotation":0,"texture":"#0","tintindex":0},"up":{"uv":[6.875,4.875,6.625,5.125],"rotation":0,"texture":"#0","tintindex":0},"down":{"uv":[6.875,5.375,6.625,5.125],"rotation":0,"texture":"#0","tintindex":0}}},{"from":[22.285715,9.714286,6.857143],"to":[23.428572,11.428572,8.0],"rotation":{"angle":0.0,"axis":"y","origin":[5.714286,8.0,-0.57142925]},"faces":{"east":{"uv":[6.875,3.75,6.625,4.125],"rotation":0,"texture":"#0","tintindex":0},"south":{"uv":[6.875,3.375,6.625,3.75],"rotation":0,"texture":"#0","tintindex":0},"north":{"uv":[6.875,4.125,6.625,4.5],"rotation":0,"texture":"#0","tintindex":0},"west":{"uv":[6.875,4.5,6.625,4.875],"rotation":0,"texture":"#0","tintindex":0},"up":{"uv":[6.875,4.875,6.625,5.125],"rotation":0,"texture":"#0","tintindex":0},"down":{"uv":[6.875,5.375,6.625,5.125],"rotation":0,"texture":"#0","tintindex":0}}},{"from":[22.285715,9.714286,12.0],"to":[23.428572,11.428572,13.142858],"rotation":{"angle":0.0,"axis":"y","origin":[5.714286,8.0,4.5714283]},"faces":{"east":{"uv":[6.875,3.75,6.625,4.125],"rotation":0,"texture":"#0","tintindex":0},"south":{"uv":[6.875,3.375,6.625,3.75],"rotation":0,"texture":"#0","tintindex":0},"north":{"uv":[6.875,4.125,6.625,4.5],"rotation":0,"texture":"#0","tintindex":0},"west":{"uv":[6.875,4.5,6.625,4.875],"rotation":0,"texture":"#0","tintindex":0},"up":{"uv":[6.875,4.875,6.625,5.125],"rotation":0,"texture":"#0","tintindex":0},"down":{"uv":[6.875,5.375,6.625,5.125],"rotation":0,"texture":"#0","tintindex":0}}},{"from":[1.7142854,9.714286,22.285715],"to":[2.8571424,11.428572,23.428572],"rotation":{"angle":0.0,"axis":"y","origin":[19.428572,8.0,14.857143]},"faces":{"east":{"uv":[6.625,4.5,6.875,4.875],"rotation":0,"texture":"#0","tintindex":0},"south":{"uv":[6.625,3.375,6.875,3.75],"rotation":0,"texture":"#0","tintindex":0},"north":{"uv":[6.625,4.125,6.875,4.5],"rotation":0,"texture":"#0","tintindex":0},"west":{"uv":[6.625,3.75,6.875,4.125],"rotation":0,"texture":"#0","tintindex":0},"up":{"uv":[6.625,4.875,6.875,5.125],"rotation":0,"texture":"#0","tintindex":0},"down":{"uv":[6.625,5.375,6.875,5.125],"rotation":0,"texture":"#0","tintindex":0}}},{"from":[1.7142854,9.714286,17.142857],"to":[2.8571424,11.428572,18.285715],"rotation":{"angle":0.0,"axis":"y","origin":[19.428572,8.0,9.714286]},"faces":{"east":{"uv":[6.625,4.5,6.875,4.875],"rotation":0,"texture":"#0","tintindex":0},"south":{"uv":[6.625,3.375,6.875,3.75],"rotation":0,"texture":"#0","tintindex":0},"north":{"uv":[6.625,4.125,6.875,4.5],"rotation":0,"texture":"#0","tintindex":0},"west":{"uv":[6.625,3.75,6.875,4.125],"rotation":0,"texture":"#0","tintindex":0},"up":{"uv":[6.625,4.875,6.875,5.125],"rotation":0,"texture":"#0","tintindex":0},"down":{"uv":[6.625,5.375,6.875,5.125],"rotation":0,"texture":"#0","tintindex":0}}},{"from":[1.7142854,9.714286,12.0],"to":[2.8571424,11.428572,13.142858],"rotation":{"angle":0.0,"axis":"y","origin":[19.428572,8.0,4.5714283]},"faces":{"east":{"uv":[6.625,4.5,6.875,4.875],"rotation":0,"texture":"#0","tintindex":0},"south":{"uv":[6.625,3.375,6.875,3.75],"rotation":0,"texture":"#0","tintindex":0},"north":{"uv":[6.625,4.125,6.875,4.5],"rotation":0,"texture":"#0","tintindex":0},"west":{"uv":[6.625,3.75,6.875,4.125],"rotation":0,"texture":"#0","tintindex":0},"up":{"uv":[6.625,4.875,6.875,5.125],"rotation":0,"texture":"#0","tintindex":0},"down":{"uv":[6.625,5.375,6.875,5.125],"rotation":0,"texture":"#0","tintindex":0}}},{"from":[1.7142854,9.714286,6.857143],"to":[2.8571424,11.428572,8.0],"rotation":{"angle":0.0,"axis":"y","origin":[19.428572,8.0,-0.57142925]},"faces":{"east":{"uv":[6.625,4.5,6.875,4.875],"rotation":0,"texture":"#0","tintindex":0},"south":{"uv":[6.625,3.375,6.875,3.75],"rotation":0,"texture":"#0","tintindex":0},"north":{"uv":[6.625,4.125,6.875,4.5],"rotation":0,"texture":"#0","tintindex":0},"west":{"uv":[6.625,3.75,6.875,4.125],"rotation":0,"texture":"#0","tintindex":0},"up":{"uv":[6.625,4.875,6.875,5.125],"rotation":0,"texture":"#0","tintindex":0},"down":{"uv":[6.625,5.375,6.875,5.125],"rotation":0,"texture":"#0","tintindex":0}}},{"from":[1.7142854,9.714286,1.7142854],"to":[2.8571424,11.428572,2.8571424],"rotation":{"angle":0.0,"axis":"y","origin":[19.428572,8.0,-5.714287]},"faces":{"east":{"uv":[6.625,4.5,6.875,4.875],"rotation":0,"texture":"#0","tintindex":0},"south":{"uv":[6.625,3.375,6.875,3.75],"rotation":0,"texture":"#0","tintindex":0},"north":{"uv":[6.625,4.125,6.875,4.5],"rotation":0,"texture":"#0","tintindex":0},"west":{"uv":[6.625,3.75,6.875,4.125],"rotation":0,"texture":"#0","tintindex":0},"up":{"uv":[6.625,4.875,6.875,5.125],"rotation":0,"texture":"#0","tintindex":0},"down":{"uv":[6.625,5.375,6.875,5.125],"rotation":0,"texture":"#0","tintindex":0}}},{"from":[6.857143,9.714286,22.285715],"to":[8.0,11.428572,23.428572],"rotation":{"angle":0.0,"axis":"y","origin":[24.57143,8.0,14.857143]},"faces":{"east":{"uv":[6.625,4.5,6.875,4.875],"rotation":0,"texture":"#0","tintindex":0},"south":{"uv":[6.625,3.375,6.875,3.75],"rotation":0,"texture":"#0","tintindex":0},"north":{"uv":[6.625,4.125,6.875,4.5],"rotation":0,"texture":"#0","tintindex":0},"west":{"uv":[6.625,3.75,6.875,4.125],"rotation":0,"texture":"#0","tintindex":0},"up":{"uv":[6.625,4.875,6.875,5.125],"rotation":0,"texture":"#0","tintindex":0},"down":{"uv":[6.625,5.375,6.875,5.125],"rotation":0,"texture":"#0","tintindex":0}}},{"from":[6.857143,9.714286,17.142857],"to":[8.0,11.428572,18.285715],"rotation":{"angle":0.0,"axis":"y","origin":[24.57143,8.0,9.714286]},"faces":{"east":{"uv":[6.625,4.5,6.875,4.875],"rotation":0,"texture":"#0","tintindex":0},"south":{"uv":[6.625,3.375,6.875,3.75],"rotation":0,"texture":"#0","tintindex":0},"north":{"uv":[6.625,4.125,6.875,4.5],"rotation":0,"texture":"#0","tintindex":0},"west":{"uv":[6.625,3.75,6.875,4.125],"rotation":0,"texture":"#0","tintindex":0},"up":{"uv":[6.625,4.875,6.875,5.125],"rotation":0,"texture":"#0","tintindex":0},"down":{"uv":[6.625,5.375,6.875,5.125],"rotation":0,"texture":"#0","tintindex":0}}},{"from":[6.857143,9.714286,12.0],"to":[8.0,11.428572,13.142858],"rotation":{"angle":0.0,"axis":"y","origin":[24.57143,8.0,4.5714283]},"faces":{"east":{"uv":[6.625,4.5,6.875,4.875],"rotation":0,"texture":"#0","tintindex":0},"south":{"uv":[6.625,3.375,6.875,3.75],"rotation":0,"texture":"#0","tintindex":0},"north":{"uv":[6.625,4.125,6.875,4.5],"rotation":0,"texture":"#0","tintindex":0},"west":{"uv":[6.625,3.75,6.875,4.125],"rotation":0,"texture":"#0","tintindex":0},"up":{"uv":[6.625,4.875,6.875,5.125],"rotation":0,"texture":"#0","tintindex":0},"down":{"uv":[6.625,5.375,6.875,5.125],"rotation":0,"texture":"#0","tintindex":0}}},{"from":[6.857143,9.714286,6.857143],"to":[8.0,11.428572,8.0],"rotation":{"angle":0.0,"axis":"y","origin":[24.57143,8.0,-0.57142925]},"faces":{"east":{"uv":[6.625,4.5,6.875,4.875],"rotation":0,"texture":"#0","tintindex":0},"south":{"uv":[6.625,3.375,6.875,3.75],"rotation":0,"texture":"#0","tintindex":0},"north":{"uv":[6.625,4.125,6.875,4.5],"rotation":0,"texture":"#0","tintindex":0},"west":{"uv":[6.625,3.75,6.875,4.125],"rotation":0,"texture":"#0","tintindex":0},"up":{"uv":[6.625,4.875,6.875,5.125],"rotation":0,"texture":"#0","tintindex":0},"down":{"uv":[6.625,5.375,6.875,5.125],"rotation":0,"texture":"#0","tintindex":0}}},{"from":[6.857143,9.714286,1.7142854],"to":[8.0,11.428572,2.8571424],"rotation":{"angle":0.0,"axis":"y","origin":[24.57143,8.0,-5.714287]},"faces":{"east":{"uv":[6.625,4.5,6.875,4.875],"rotation":0,"texture":"#0","tintindex":0},"south":{"uv":[6.625,3.375,6.875,3.75],"rotation":0,"texture":"#0","tintindex":0},"north":{"uv":[6.625,4.125,6.875,4.5],"rotation":0,"texture":"#0","tintindex":0},"west":{"uv":[6.625,3.75,6.875,4.125],"rotation":0,"texture":"#0","tintindex":0},"up":{"uv":[6.625,4.875,6.875,5.125],"rotation":0,"texture":"#0","tintindex":0},"down":{"uv":[6.625,5.375,6.875,5.125],"rotation":0,"texture":"#0","tintindex":0}}},{"from":[17.142857,9.714286,22.285715],"to":[18.285715,11.428572,23.428572],"rotation":{"angle":0.0,"axis":"y","origin":[0.5714283,8.0,14.857143]},"faces":{"east":{"uv":[6.875,3.75,6.625,4.125],"rotation":0,"texture":"#0","tintindex":0},"south":{"uv":[6.875,3.375,6.625,3.75],"rotation":0,"texture":"#0","tintindex":0},"north":{"uv":[6.875,4.125,6.625,4.5],"rotation":0,"texture":"#0","tintindex":0},"west":{"uv":[6.875,4.5,6.625,4.875],"rotation":0,"texture":"#0","tintindex":0},"up":{"uv":[6.875,4.875,6.625,5.125],"rotation":0,"texture":"#0","tintindex":0},"down":{"uv":[6.875,5.375,6.625,5.125],"rotation":0,"texture":"#0","tintindex":0}}},{"from":[17.142857,9.714286,17.142857],"to":[18.285715,11.428572,18.285715],"rotation":{"angle":0.0,"axis":"y","origin":[0.5714283,8.0,9.714286]},"faces":{"east":{"uv":[6.875,3.75,6.625,4.125],"rotation":0,"texture":"#0","tintindex":0},"south":{"uv":[6.875,3.375,6.625,3.75],"rotation":0,"texture":"#0","tintindex":0},"north":{"uv":[6.875,4.125,6.625,4.5],"rotation":0,"texture":"#0","tintindex":0},"west":{"uv":[6.875,4.5,6.625,4.875],"rotation":0,"texture":"#0","tintindex":0},"up":{"uv":[6.875,4.875,6.625,5.125],"rotation":0,"texture":"#0","tintindex":0},"down":{"uv":[6.875,5.375,6.625,5.125],"rotation":0,"texture":"#0","tintindex":0}}},{"from":[17.142857,9.714286,12.0],"to":[18.285715,11.428572,13.142858],"rotation":{"angle":0.0,"axis":"y","origin":[0.5714283,8.0,4.5714283]},"faces":{"east":{"uv":[6.875,3.75,6.625,4.125],"rotation":0,"texture":"#0","tintindex":0},"south":{"uv":[6.875,3.375,6.625,3.75],"rotation":0,"texture":"#0","tintindex":0},"north":{"uv":[6.875,4.125,6.625,4.5],"rotation":0,"texture":"#0","tintindex":0},"west":{"uv":[6.875,4.5,6.625,4.875],"rotation":0,"texture":"#0","tintindex":0},"up":{"uv":[6.875,4.875,6.625,5.125],"rotation":0,"texture":"#0","tintindex":0},"down":{"uv":[6.875,5.375,6.625,5.125],"rotation":0,"texture":"#0","tintindex":0}}},{"from":[17.142857,9.714286,6.857143],"to":[18.285715,11.428572,8.0],"rotation":{"angle":0.0,"axis":"y","origin":[0.5714283,8.0,-0.57142925]},"faces":{"east":{"uv":[6.875,3.75,6.625,4.125],"rotation":0,"texture":"#0","tintindex":0},"south":{"uv":[6.875,3.375,6.625,3.75],"rotation":0,"texture":"#0","tintindex":0},"north":{"uv":[6.875,4.125,6.625,4.5],"rotation":0,"texture":"#0","tintindex":0},"west":{"uv":[6.875,4.5,6.625,4.875],"rotation":0,"texture":"#0","tintindex":0},"up":{"uv":[6.875,4.875,6.625,5.125],"rotation":0,"texture":"#0","tintindex":0},"down":{"uv":[6.875,5.375,6.625,5.125],"rotation":0,"texture":"#0","tintindex":0}}},{"from":[17.142857,9.714286,1.7142854],"to":[18.285715,11.428572,2.8571424],"rotation":{"angle":0.0,"axis":"y","origin":[0.5714283,8.0,-5.714287]},"faces":{"east":{"uv":[6.875,3.75,6.625,4.125],"rotation":0,"texture":"#0","tintindex":0},"south":{"uv":[6.875,3.375,6.625,3.75],"rotation":0,"texture":"#0","tintindex":0},"north":{"uv":[6.875,4.125,6.625,4.5],"rotation":0,"texture":"#0","tintindex":0},"west":{"uv":[6.875,4.5,6.625,4.875],"rotation":0,"texture":"#0","tintindex":0},"up":{"uv":[6.875,4.875,6.625,5.125],"rotation":0,"texture":"#0","tintindex":0},"down":{"uv":[6.875,5.375,6.625,5.125],"rotation":0,"texture":"#0","tintindex":0}}},{"from":[12.0,9.714286,22.285715],"to":[13.142858,11.428572,23.428572],"rotation":{"angle":0.0,"axis":"y","origin":[-4.5714293,8.0,14.857143]},"faces":{"east":{"uv":[6.875,3.75,6.625,4.125],"rotation":0,"texture":"#0","tintindex":0},"south":{"uv":[6.875,3.375,6.625,3.75],"rotation":0,"texture":"#0","tintindex":0},"north":{"uv":[6.875,4.125,6.625,4.5],"rotation":0,"texture":"#0","tintindex":0},"west":{"uv":[6.875,4.5,6.625,4.875],"rotation":0,"texture":"#0","tintindex":0},"up":{"uv":[6.875,4.875,6.625,5.125],"rotation":0,"texture":"#0","tintindex":0},"down":{"uv":[6.875,5.375,6.625,5.125],"rotation":0,"texture":"#0","tintindex":0}}},{"from":[12.0,9.714286,17.142857],"to":[13.142858,11.428572,18.285715],"rotation":{"angle":0.0,"axis":"y","origin":[-4.5714293,8.0,9.714286]},"faces":{"east":{"uv":[6.875,3.75,6.625,4.125],"rotation":0,"texture":"#0","tintindex":0},"south":{"uv":[6.875,3.375,6.625,3.75],"rotation":0,"texture":"#0","tintindex":0},"north":{"uv":[6.875,4.125,6.625,4.5],"rotation":0,"texture":"#0","tintindex":0},"west":{"uv":[6.875,4.5,6.625,4.875],"rotation":0,"texture":"#0","tintindex":0},"up":{"uv":[6.875,4.875,6.625,5.125],"rotation":0,"texture":"#0","tintindex":0},"down":{"uv":[6.875,5.375,6.625,5.125],"rotation":0,"texture":"#0","tintindex":0}}},{"from":[12.0,9.714286,12.0],"to":[13.142858,11.428572,13.142858],"rotation":{"angle":0.0,"axis":"y","origin":[-4.5714293,8.0,4.5714283]},"faces":{"east":{"uv":[6.875,3.75,6.625,4.125],"rotation":0,"texture":"#0","tintindex":0},"south":{"uv":[6.875,3.375,6.625,3.75],"rotation":0,"texture":"#0","tintindex":0},"north":{"uv":[6.875,4.125,6.625,4.5],"rotation":0,"texture":"#0","tintindex":0},"west":{"uv":[6.875,4.5,6.625,4.875],"rotation":0,"texture":"#0","tintindex":0},"up":{"uv":[6.875,4.875,6.625,5.125],"rotation":0,"texture":"#0","tintindex":0},"down":{"uv":[6.875,5.375,6.625,5.125],"rotation":0,"texture":"#0","tintindex":0}}},{"from":[12.0,9.714286,6.857143],"to":[13.142858,11.428572,8.0],"rotation":{"angle":0.0,"axis":"y","origin":[-4.5714293,8.0,-0.57142925]},"faces":{"east":{"uv":[6.875,3.75,6.625,4.125],"rotation":0,"texture":"#0","tintindex":0},"south":{"uv":[6.875,3.375,6.625,3.75],"rotation":0,"texture":"#0","tintindex":0},"north":{"uv":[6.875,4.125,6.625,4.5],"rotation":0,"texture":"#0","tintindex":0},"west":{"uv":[6.875,4.5,6.625,4.875],"rotation":0,"texture":"#0","tintindex":0},"up":{"uv":[6.875,4.875,6.625,5.125],"rotation":0,"texture":"#0","tintindex":0},"down":{"uv":[6.875,5.375,6.625,5.125],"rotation":0,"texture":"#0","tintindex":0}}},{"from":[12.0,9.714286,1.7142854],"to":[13.142858,11.428572,2.8571424],"rotation":{"angle":0.0,"axis":"y","origin":[-4.5714293,8.0,-5.714287]},"faces":{"east":{"uv":[6.875,3.75,6.625,4.125],"rotation":0,"texture":"#0","tintindex":0},"south":{"uv":[6.875,3.375,6.625,3.75],"rotation":0,"texture":"#0","tintindex":0},"north":{"uv":[6.875,4.125,6.625,4.5],"rotation":0,"texture":"#0","tintindex":0},"west":{"uv":[6.875,4.5,6.625,4.875],"rotation":0,"texture":"#0","tintindex":0},"up":{"uv":[6.875,4.875,6.625,5.125],"rotation":0,"texture":"#0","tintindex":0},"down":{"uv":[6.875,5.375,6.625,5.125],"rotation":0,"texture":"#0","tintindex":0}}}],"display":{"head":{"translation":[0.0,-6.4,0.0],"scale":[4.0,4.0,4.0]}}}