{"textures":{"0":"minecraft:modelengine/entity/spikes_trap"},"elements":[{"from":[16.906164,3.7142854,18.285715],"to":[19.665264,12.285715,18.285715],"rotation":{"angle":-45.0,"axis":"y","origin":[18.285715,8.0,18.285715]},"faces":{"east":{"uv":[0.0,0.0,0.0,1.875],"rotation":0,"texture":"#0","tintindex":0},"south":{"uv":[6.0,1.5,6.625,3.375],"rotation":0,"texture":"#0","tintindex":0},"north":{"uv":[6.625,1.5,6.0,3.375],"rotation":0,"texture":"#0","tintindex":0},"west":{"uv":[0.0,0.0,0.0,1.875],"rotation":0,"texture":"#0","tintindex":0},"up":{"uv":[0.625,0.0,0.0,0.0],"rotation":0,"texture":"#0","tintindex":0},"down":{"uv":[0.625,0.0,0.0,0.0],"rotation":0,"texture":"#0","tintindex":0}}},{"from":[16.906164,3.7142854,18.285715],"to":[19.665264,12.285715,18.285715],"rotation":{"angle":45.0,"axis":"y","origin":[18.285715,6.285714,18.285715]},"faces":{"east":{"uv":[0.0,0.0,0.0,1.875],"rotation":0,"texture":"#0","tintindex":0},"south":{"uv":[6.625,1.5,6.0,3.375],"rotation":0,"texture":"#0","tintindex":0},"north":{"uv":[6.0,1.5,6.625,3.375],"rotation":0,"texture":"#0","tintindex":0},"west":{"uv":[0.0,0.0,0.0,1.875],"rotation":0,"texture":"#0","tintindex":0},"up":{"uv":[0.625,0.0,0.0,0.0],"rotation":0,"texture":"#0","tintindex":0},"down":{"uv":[0.625,0.0,0.0,0.0],"rotation":0,"texture":"#0","tintindex":0}}},{"from":[16.906164,3.7142854,13.142858],"to":[19.665264,12.285715,13.142858],"rotation":{"angle":45.0,"axis":"y","origin":[18.285715,6.285714,13.142858]},"faces":{"east":{"uv":[0.0,0.0,0.0,1.875],"rotation":0,"texture":"#0","tintindex":0},"south":{"uv":[6.625,1.5,6.0,3.375],"rotation":0,"texture":"#0","tintindex":0},"north":{"uv":[6.0,1.5,6.625,3.375],"rotation":0,"texture":"#0","tintindex":0},"west":{"uv":[0.0,0.0,0.0,1.875],"rotation":0,"texture":"#0","tintindex":0},"up":{"uv":[0.625,0.0,0.0,0.0],"rotation":0,"texture":"#0","tintindex":0},"down":{"uv":[0.625,0.0,0.0,0.0],"rotation":0,"texture":"#0","tintindex":0}}},{"from":[16.906164,3.7142854,13.142858],"to":[19.665264,12.285715,13.142858],"rotation":{"angle":-45.0,"axis":"y","origin":[18.285715,8.0,13.142858]},"faces":{"east":{"uv":[0.0,0.0,0.0,1.875],"rotation":0,"texture":"#0","tintindex":0},"south":{"uv":[6.0,1.5,6.625,3.375],"rotation":0,"texture":"#0","tintindex":0},"north":{"uv":[6.625,1.5,6.0,3.375],"rotation":0,"texture":"#0","tintindex":0},"west":{"uv":[0.0,0.0,0.0,1.875],"rotation":0,"texture":"#0","tintindex":0},"up":{"uv":[0.625,0.0,0.0,0.0],"rotation":0,"texture":"#0","tintindex":0},"down":{"uv":[0.625,0.0,0.0,0.0],"rotation":0,"texture":"#0","tintindex":0}}},{"from":[16.906164,3.7142854,-2.285715],"to":[19.665264,12.285715,-2.285715],"rotation":{"angle":45.0,"axis":"y","origin":[18.285715,6.285714,-2.285715]},"faces":{"east":{"uv":[0.0,0.0,0.0,1.875],"rotation":0,"texture":"#0","tintindex":0},"south":{"uv":[6.625,1.5,6.0,3.375],"rotation":0,"texture":"#0","tintindex":0},"north":{"uv":[6.0,1.5,6.625,3.375],"rotation":0,"texture":"#0","tintindex":0},"west":{"uv":[0.0,0.0,0.0,1.875],"rotation":0,"texture":"#0","tintindex":0},"up":{"uv":[0.625,0.0,0.0,0.0],"rotation":0,"texture":"#0","tintindex":0},"down":{"uv":[0.625,0.0,0.0,0.0],"rotation":0,"texture":"#0","tintindex":0}}},{"from":[16.906164,3.7142854,-2.285715],"to":[19.665264,12.285715,-2.285715],"rotation":{"angle":-45.0,"axis":"y","origin":[18.285715,8.0,-2.285715]},"faces":{"east":{"uv":[0.0,0.0,0.0,1.875],"rotation":0,"texture":"#0","tintindex":0},"south":{"uv":[6.0,1.5,6.625,3.375],"rotation":0,"texture":"#0","tintindex":0},"north":{"uv":[6.625,1.5,6.0,3.375],"rotation":0,"texture":"#0","tintindex":0},"west":{"uv":[0.0,0.0,0.0,1.875],"rotation":0,"texture":"#0","tintindex":0},"up":{"uv":[0.625,0.0,0.0,0.0],"rotation":0,"texture":"#0","tintindex":0},"down":{"uv":[0.625,0.0,0.0,0.0],"rotation":0,"texture":"#0","tintindex":0}}},{"from":[16.906164,3.7142854,2.8571424],"to":[19.665264,12.285715,2.8571424],"rotation":{"angle":45.0,"axis":"y","origin":[18.285715,6.285714,2.8571424]},"faces":{"east":{"uv":[0.0,0.0,0.0,1.875],"rotation":0,"texture":"#0","tintindex":0},"south":{"uv":[6.625,1.5,6.0,3.375],"rotation":0,"texture":"#0","tintindex":0},"north":{"uv":[6.0,1.5,6.625,3.375],"rotation":0,"texture":"#0","tintindex":0},"west":{"uv":[0.0,0.0,0.0,1.875],"rotation":0,"texture":"#0","tintindex":0},"up":{"uv":[0.625,0.0,0.0,0.0],"rotation":0,"texture":"#0","tintindex":0},"down":{"uv":[0.625,0.0,0.0,0.0],"rotation":0,"texture":"#0","tintindex":0}}},{"from":[16.906164,3.7142854,2.8571424],"to":[19.665264,12.285715,2.8571424],"rotation":{"angle":-45.0,"axis":"y","origin":[18.285715,8.0,2.8571424]},"faces":{"east":{"uv":[0.0,0.0,0.0,1.875],"rotation":0,"texture":"#0","tintindex":0},"south":{"uv":[6.0,1.5,6.625,3.375],"rotation":0,"texture":"#0","tintindex":0},"north":{"uv":[6.625,1.5,6.0,3.375],"rotation":0,"texture":"#0","tintindex":0},"west":{"uv":[0.0,0.0,0.0,1.875],"rotation":0,"texture":"#0","tintindex":0},"up":{"uv":[0.625,0.0,0.0,0.0],"rotation":0,"texture":"#0","tintindex":0},"down":{"uv":[0.625,0.0,0.0,0.0],"rotation":0,"texture":"#0","tintindex":0}}},{"from":[16.906164,3.7142854,8.0],"to":[19.665264,12.285715,8.0],"rotation":{"angle":45.0,"axis":"y","origin":[18.285715,6.285714,8.0]},"faces":{"east":{"uv":[0.0,0.0,0.0,1.875],"rotation":0,"texture":"#0","tintindex":0},"south":{"uv":[6.625,1.5,6.0,3.375],"rotation":0,"texture":"#0","tintindex":0},"north":{"uv":[6.0,1.5,6.625,3.375],"rotation":0,"texture":"#0","tintindex":0},"west":{"uv":[0.0,0.0,0.0,1.875],"rotation":0,"texture":"#0","tintindex":0},"up":{"uv":[0.625,0.0,0.0,0.0],"rotation":0,"texture":"#0","tintindex":0},"down":{"uv":[0.625,0.0,0.0,0.0],"rotation":0,"texture":"#0","tintindex":0}}},{"from":[16.906164,3.7142854,8.0],"to":[19.665264,12.285715,8.0],"rotation":{"angle":-45.0,"axis":"y","origin":[18.285715,8.0,8.0]},"faces":{"east":{"uv":[0.0,0.0,0.0,1.875],"rotation":0,"texture":"#0","tintindex":0},"south":{"uv":[6.0,1.5,6.625,3.375],"rotation":0,"texture":"#0","tintindex":0},"north":{"uv":[6.625,1.5,6.0,3.375],"rotation":0,"texture":"#0","tintindex":0},"west":{"uv":[0.0,0.0,0.0,1.875],"rotation":0,"texture":"#0","tintindex":0},"up":{"uv":[0.625,0.0,0.0,0.0],"rotation":0,"texture":"#0","tintindex":0},"down":{"uv":[0.625,0.0,0.0,0.0],"rotation":0,"texture":"#0","tintindex":0}}},{"from":[-3.665265,3.7142854,8.0],"to":[-0.90616417,12.285715,8.0],"rotation":{"angle":45.0,"axis":"y","origin":[-2.285715,8.0,8.0]},"faces":{"east":{"uv":[0.0,0.0,0.0,1.875],"rotation":0,"texture":"#0","tintindex":0},"south":{"uv":[6.625,1.5,6.0,3.375],"rotation":0,"texture":"#0","tintindex":0},"north":{"uv":[6.0,1.5,6.625,3.375],"rotation":0,"texture":"#0","tintindex":0},"west":{"uv":[0.0,0.0,0.0,1.875],"rotation":0,"texture":"#0","tintindex":0},"up":{"uv":[0.0,0.0,0.625,0.0],"rotation":0,"texture":"#0","tintindex":0},"down":{"uv":[0.0,0.0,0.625,0.0],"rotation":0,"texture":"#0","tintindex":0}}},{"from":[-3.665265,3.7142854,8.0],"to":[-0.90616417,12.285715,8.0],"rotation":{"angle":-45.0,"axis":"y","origin":[-2.285715,6.285714,8.0]},"faces":{"east":{"uv":[0.0,0.0,0.0,1.875],"rotation":0,"texture":"#0","tintindex":0},"south":{"uv":[6.0,1.5,6.625,3.375],"rotation":0,"texture":"#0","tintindex":0},"north":{"uv":[6.625,1.5,6.0,3.375],"rotation":0,"texture":"#0","tintindex":0},"west":{"uv":[0.0,0.0,0.0,1.875],"rotation":0,"texture":"#0","tintindex":0},"up":{"uv":[0.0,0.0,0.625,0.0],"rotation":0,"texture":"#0","tintindex":0},"down":{"uv":[0.0,0.0,0.625,0.0],"rotation":0,"texture":"#0","tintindex":0}}},{"from":[-3.665265,3.7142854,2.8571424],"to":[-0.90616417,12.285715,2.8571424],"rotation":{"angle":45.0,"axis":"y","origin":[-2.285715,8.0,2.8571424]},"faces":{"east":{"uv":[0.0,0.0,0.0,1.875],"rotation":0,"texture":"#0","tintindex":0},"south":{"uv":[6.625,1.5,6.0,3.375],"rotation":0,"texture":"#0","tintindex":0},"north":{"uv":[6.0,1.5,6.625,3.375],"rotation":0,"texture":"#0","tintindex":0},"west":{"uv":[0.0,0.0,0.0,1.875],"rotation":0,"texture":"#0","tintindex":0},"up":{"uv":[0.0,0.0,0.625,0.0],"rotation":0,"texture":"#0","tintindex":0},"down":{"uv":[0.0,0.0,0.625,0.0],"rotation":0,"texture":"#0","tintindex":0}}},{"from":[-3.665265,3.7142854,2.8571424],"to":[-0.90616417,12.285715,2.8571424],"rotation":{"angle":-45.0,"axis":"y","origin":[-2.285715,6.285714,2.8571424]},"faces":{"east":{"uv":[0.0,0.0,0.0,1.875],"rotation":0,"texture":"#0","tintindex":0},"south":{"uv":[6.0,1.5,6.625,3.375],"rotation":0,"texture":"#0","tintindex":0},"north":{"uv":[6.625,1.5,6.0,3.375],"rotation":0,"texture":"#0","tintindex":0},"west":{"uv":[0.0,0.0,0.0,1.875],"rotation":0,"texture":"#0","tintindex":0},"up":{"uv":[0.0,0.0,0.625,0.0],"rotation":0,"texture":"#0","tintindex":0},"down":{"uv":[0.0,0.0,0.625,0.0],"rotation":0,"texture":"#0","tintindex":0}}},{"from":[-3.665265,3.7142854,-2.285715],"to":[-0.90616417,12.285715,-2.285715],"rotation":{"angle":45.0,"axis":"y","origin":[-2.285715,8.0,-2.285715]},"faces":{"east":{"uv":[0.0,0.0,0.0,1.875],"rotation":0,"texture":"#0","tintindex":0},"south":{"uv":[6.625,1.5,6.0,3.375],"rotation":0,"texture":"#0","tintindex":0},"north":{"uv":[6.0,1.5,6.625,3.375],"rotation":0,"texture":"#0","tintindex":0},"west":{"uv":[0.0,0.0,0.0,1.875],"rotation":0,"texture":"#0","tintindex":0},"up":{"uv":[0.0,0.0,0.625,0.0],"rotation":0,"texture":"#0","tintindex":0},"down":{"uv":[0.0,0.0,0.625,0.0],"rotation":0,"texture":"#0","tintindex":0}}},{"from":[-3.665265,3.7142854,-2.285715],"to":[-0.90616417,12.285715,-2.285715],"rotation":{"angle":-45.0,"axis":"y","origin":[-2.285715,6.285714,-2.285715]},"faces":{"east":{"uv":[0.0,0.0,0.0,1.875],"rotation":0,"texture":"#0","tintindex":0},"south":{"uv":[6.0,1.5,6.625,3.375],"rotation":0,"texture":"#0","tintindex":0},"north":{"uv":[6.625,1.5,6.0,3.375],"rotation":0,"texture":"#0","tintindex":0},"west":{"uv":[0.0,0.0,0.0,1.875],"rotation":0,"texture":"#0","tintindex":0},"up":{"uv":[0.0,0.0,0.625,0.0],"rotation":0,"texture":"#0","tintindex":0},"down":{"uv":[0.0,0.0,0.625,0.0],"rotation":0,"texture":"#0","tintindex":0}}},{"from":[-3.665265,3.7142854,13.142858],"to":[-0.90616417,12.285715,13.142858],"rotation":{"angle":45.0,"axis":"y","origin":[-2.285715,8.0,13.142858]},"faces":{"east":{"uv":[0.0,0.0,0.0,1.875],"rotation":0,"texture":"#0","tintindex":0},"south":{"uv":[6.625,1.5,6.0,3.375],"rotation":0,"texture":"#0","tintindex":0},"north":{"uv":[6.0,1.5,6.625,3.375],"rotation":0,"texture":"#0","tintindex":0},"west":{"uv":[0.0,0.0,0.0,1.875],"rotation":0,"texture":"#0","tintindex":0},"up":{"uv":[0.0,0.0,0.625,0.0],"rotation":0,"texture":"#0","tintindex":0},"down":{"uv":[0.0,0.0,0.625,0.0],"rotation":0,"texture":"#0","tintindex":0}}},{"from":[-3.665265,3.7142854,13.142858],"to":[-0.90616417,12.285715,13.142858],"rotation":{"angle":-45.0,"axis":"y","origin":[-2.285715,6.285714,13.142858]},"faces":{"east":{"uv":[0.0,0.0,0.0,1.875],"rotation":0,"texture":"#0","tintindex":0},"south":{"uv":[6.0,1.5,6.625,3.375],"rotation":0,"texture":"#0","tintindex":0},"north":{"uv":[6.625,1.5,6.0,3.375],"rotation":0,"texture":"#0","tintindex":0},"west":{"uv":[0.0,0.0,0.0,1.875],"rotation":0,"texture":"#0","tintindex":0},"up":{"uv":[0.0,0.0,0.625,0.0],"rotation":0,"texture":"#0","tintindex":0},"down":{"uv":[0.0,0.0,0.625,0.0],"rotation":0,"texture":"#0","tintindex":0}}},{"from":[-3.665265,3.7142854,18.285715],"to":[-0.90616417,12.285715,18.285715],"rotation":{"angle":-45.0,"axis":"y","origin":[-2.285715,6.285714,18.285715]},"faces":{"east":{"uv":[0.0,0.0,0.0,1.875],"rotation":0,"texture":"#0","tintindex":0},"south":{"uv":[6.0,1.5,6.625,3.375],"rotation":0,"texture":"#0","tintindex":0},"north":{"uv":[6.625,1.5,6.0,3.375],"rotation":0,"texture":"#0","tintindex":0},"west":{"uv":[0.0,0.0,0.0,1.875],"rotation":0,"texture":"#0","tintindex":0},"up":{"uv":[0.0,0.0,0.625,0.0],"rotation":0,"texture":"#0","tintindex":0},"down":{"uv":[0.0,0.0,0.625,0.0],"rotation":0,"texture":"#0","tintindex":0}}},{"from":[-3.665265,3.7142854,18.285715],"to":[-0.90616417,12.285715,18.285715],"rotation":{"angle":45.0,"axis":"y","origin":[-2.285715,8.0,18.285715]},"faces":{"east":{"uv":[0.0,0.0,0.0,1.875],"rotation":0,"texture":"#0","tintindex":0},"south":{"uv":[6.625,1.5,6.0,3.375],"rotation":0,"texture":"#0","tintindex":0},"north":{"uv":[6.0,1.5,6.625,3.375],"rotation":0,"texture":"#0","tintindex":0},"west":{"uv":[0.0,0.0,0.0,1.875],"rotation":0,"texture":"#0","tintindex":0},"up":{"uv":[0.0,0.0,0.625,0.0],"rotation":0,"texture":"#0","tintindex":0},"down":{"uv":[0.0,0.0,0.625,0.0],"rotation":0,"texture":"#0","tintindex":0}}},{"from":[1.477592,3.7142854,8.0],"to":[4.2366934,12.285715,8.0],"rotation":{"angle":45.0,"axis":"y","origin":[2.8571424,8.0,8.0]},"faces":{"east":{"uv":[0.0,0.0,0.0,1.875],"rotation":0,"texture":"#0","tintindex":0},"south":{"uv":[6.625,1.5,6.0,3.375],"rotation":0,"texture":"#0","tintindex":0},"north":{"uv":[6.0,1.5,6.625,3.375],"rotation":0,"texture":"#0","tintindex":0},"west":{"uv":[0.0,0.0,0.0,1.875],"rotation":0,"texture":"#0","tintindex":0},"up":{"uv":[0.0,0.0,0.625,0.0],"rotation":0,"texture":"#0","tintindex":0},"down":{"uv":[0.0,0.0,0.625,0.0],"rotation":0,"texture":"#0","tintindex":0}}},{"from":[1.477592,3.7142854,8.0],"to":[4.2366934,12.285715,8.0],"rotation":{"angle":-45.0,"axis":"y","origin":[2.8571424,6.285714,8.0]},"faces":{"east":{"uv":[0.0,0.0,0.0,1.875],"rotation":0,"texture":"#0","tintindex":0},"south":{"uv":[6.0,1.5,6.625,3.375],"rotation":0,"texture":"#0","tintindex":0},"north":{"uv":[6.625,1.5,6.0,3.375],"rotation":0,"texture":"#0","tintindex":0},"west":{"uv":[0.0,0.0,0.0,1.875],"rotation":0,"texture":"#0","tintindex":0},"up":{"uv":[0.0,0.0,0.625,0.0],"rotation":0,"texture":"#0","tintindex":0},"down":{"uv":[0.0,0.0,0.625,0.0],"rotation":0,"texture":"#0","tintindex":0}}},{"from":[1.477592,3.7142854,2.8571424],"to":[4.2366934,12.285715,2.8571424],"rotation":{"angle":45.0,"axis":"y","origin":[2.8571424,8.0,2.8571424]},"faces":{"east":{"uv":[0.0,0.0,0.0,1.875],"rotation":0,"texture":"#0","tintindex":0},"south":{"uv":[6.625,1.5,6.0,3.375],"rotation":0,"texture":"#0","tintindex":0},"north":{"uv":[6.0,1.5,6.625,3.375],"rotation":0,"texture":"#0","tintindex":0},"west":{"uv":[0.0,0.0,0.0,1.875],"rotation":0,"texture":"#0","tintindex":0},"up":{"uv":[0.0,0.0,0.625,0.0],"rotation":0,"texture":"#0","tintindex":0},"down":{"uv":[0.0,0.0,0.625,0.0],"rotation":0,"texture":"#0","tintindex":0}}},{"from":[1.477592,3.7142854,2.8571424],"to":[4.2366934,12.285715,2.8571424],"rotation":{"angle":-45.0,"axis":"y","origin":[2.8571424,6.285714,2.8571424]},"faces":{"east":{"uv":[0.0,0.0,0.0,1.875],"rotation":0,"texture":"#0","tintindex":0},"south":{"uv":[6.0,1.5,6.625,3.375],"rotation":0,"texture":"#0","tintindex":0},"north":{"uv":[6.625,1.5,6.0,3.375],"rotation":0,"texture":"#0","tintindex":0},"west":{"uv":[0.0,0.0,0.0,1.875],"rotation":0,"texture":"#0","tintindex":0},"up":{"uv":[0.0,0.0,0.625,0.0],"rotation":0,"texture":"#0","tintindex":0},"down":{"uv":[0.0,0.0,0.625,0.0],"rotation":0,"texture":"#0","tintindex":0}}},{"from":[1.477592,3.7142854,-2.285715],"to":[4.2366934,12.285715,-2.285715],"rotation":{"angle":45.0,"axis":"y","origin":[2.8571424,8.0,-2.285715]},"faces":{"east":{"uv":[0.0,0.0,0.0,1.875],"rotation":0,"texture":"#0","tintindex":0},"south":{"uv":[6.625,1.5,6.0,3.375],"rotation":0,"texture":"#0","tintindex":0},"north":{"uv":[6.0,1.5,6.625,3.375],"rotation":0,"texture":"#0","tintindex":0},"west":{"uv":[0.0,0.0,0.0,1.875],"rotation":0,"texture":"#0","tintindex":0},"up":{"uv":[0.0,0.0,0.625,0.0],"rotation":0,"texture":"#0","tintindex":0},"down":{"uv":[0.0,0.0,0.625,0.0],"rotation":0,"texture":"#0","tintindex":0}}},{"from":[1.477592,3.7142854,-2.285715],"to":[4.2366934,12.285715,-2.285715],"rotation":{"angle":-45.0,"axis":"y","origin":[2.8571424,6.285714,-2.285715]},"faces":{"east":{"uv":[0.0,0.0,0.0,1.875],"rotation":0,"texture":"#0","tintindex":0},"south":{"uv":[6.0,1.5,6.625,3.375],"rotation":0,"texture":"#0","tintindex":0},"north":{"uv":[6.625,1.5,6.0,3.375],"rotation":0,"texture":"#0","tintindex":0},"west":{"uv":[0.0,0.0,0.0,1.875],"rotation":0,"texture":"#0","tintindex":0},"up":{"uv":[0.0,0.0,0.625,0.0],"rotation":0,"texture":"#0","tintindex":0},"down":{"uv":[0.0,0.0,0.625,0.0],"rotation":0,"texture":"#0","tintindex":0}}},{"from":[1.477592,3.7142854,13.142858],"to":[4.2366934,12.285715,13.142858],"rotation":{"angle":45.0,"axis":"y","origin":[2.8571424,8.0,13.142858]},"faces":{"east":{"uv":[0.0,0.0,0.0,1.875],"rotation":0,"texture":"#0","tintindex":0},"south":{"uv":[6.625,1.5,6.0,3.375],"rotation":0,"texture":"#0","tintindex":0},"north":{"uv":[6.0,1.5,6.625,3.375],"rotation":0,"texture":"#0","tintindex":0},"west":{"uv":[0.0,0.0,0.0,1.875],"rotation":0,"texture":"#0","tintindex":0},"up":{"uv":[0.0,0.0,0.625,0.0],"rotation":0,"texture":"#0","tintindex":0},"down":{"uv":[0.0,0.0,0.625,0.0],"rotation":0,"texture":"#0","tintindex":0}}},{"from":[1.477592,3.7142854,13.142858],"to":[4.2366934,12.285715,13.142858],"rotation":{"angle":-45.0,"axis":"y","origin":[2.8571424,6.285714,13.142858]},"faces":{"east":{"uv":[0.0,0.0,0.0,1.875],"rotation":0,"texture":"#0","tintindex":0},"south":{"uv":[6.0,1.5,6.625,3.375],"rotation":0,"texture":"#0","tintindex":0},"north":{"uv":[6.625,1.5,6.0,3.375],"rotation":0,"texture":"#0","tintindex":0},"west":{"uv":[0.0,0.0,0.0,1.875],"rotation":0,"texture":"#0","tintindex":0},"up":{"uv":[0.0,0.0,0.625,0.0],"rotation":0,"texture":"#0","tintindex":0},"down":{"uv":[0.0,0.0,0.625,0.0],"rotation":0,"texture":"#0","tintindex":0}}},{"from":[1.477592,3.7142854,18.285715],"to":[4.2366934,12.285715,18.285715],"rotation":{"angle":-45.0,"axis":"y","origin":[2.8571424,6.285714,18.285715]},"faces":{"east":{"uv":[0.0,0.0,0.0,1.875],"rotation":0,"texture":"#0","tintindex":0},"south":{"uv":[6.0,1.5,6.625,3.375],"rotation":0,"texture":"#0","tintindex":0},"north":{"uv":[6.625,1.5,6.0,3.375],"rotation":0,"texture":"#0","tintindex":0},"west":{"uv":[0.0,0.0,0.0,1.875],"rotation":0,"texture":"#0","tintindex":0},"up":{"uv":[0.0,0.0,0.625,0.0],"rotation":0,"texture":"#0","tintindex":0},"down":{"uv":[0.0,0.0,0.625,0.0],"rotation":0,"texture":"#0","tintindex":0}}},{"from":[1.477592,3.7142854,18.285715],"to":[4.2366934,12.285715,18.285715],"rotation":{"angle":45.0,"axis":"y","origin":[2.8571424,8.0,18.285715]},"faces":{"east":{"uv":[0.0,0.0,0.0,1.875],"rotation":0,"texture":"#0","tintindex":0},"south":{"uv":[6.625,1.5,6.0,3.375],"rotation":0,"texture":"#0","tintindex":0},"north":{"uv":[6.0,1.5,6.625,3.375],"rotation":0,"texture":"#0","tintindex":0},"west":{"uv":[0.0,0.0,0.0,1.875],"rotation":0,"texture":"#0","tintindex":0},"up":{"uv":[0.0,0.0,0.625,0.0],"rotation":0,"texture":"#0","tintindex":0},"down":{"uv":[0.0,0.0,0.625,0.0],"rotation":0,"texture":"#0","tintindex":0}}},{"from":[11.763307,3.7142854,8.0],"to":[14.522408,12.285715,8.0],"rotation":{"angle":-45.0,"axis":"y","origin":[13.142858,8.0,8.0]},"faces":{"east":{"uv":[0.0,0.0,0.0,1.875],"rotation":0,"texture":"#0","tintindex":0},"south":{"uv":[6.0,1.5,6.625,3.375],"rotation":0,"texture":"#0","tintindex":0},"north":{"uv":[6.625,1.5,6.0,3.375],"rotation":0,"texture":"#0","tintindex":0},"west":{"uv":[0.0,0.0,0.0,1.875],"rotation":0,"texture":"#0","tintindex":0},"up":{"uv":[0.625,0.0,0.0,0.0],"rotation":0,"texture":"#0","tintindex":0},"down":{"uv":[0.625,0.0,0.0,0.0],"rotation":0,"texture":"#0","tintindex":0}}},{"from":[11.763307,3.7142854,8.0],"to":[14.522408,12.285715,8.0],"rotation":{"angle":45.0,"axis":"y","origin":[13.142858,6.285714,8.0]},"faces":{"east":{"uv":[0.0,0.0,0.0,1.875],"rotation":0,"texture":"#0","tintindex":0},"south":{"uv":[6.625,1.5,6.0,3.375],"rotation":0,"texture":"#0","tintindex":0},"north":{"uv":[6.0,1.5,6.625,3.375],"rotation":0,"texture":"#0","tintindex":0},"west":{"uv":[0.0,0.0,0.0,1.875],"rotation":0,"texture":"#0","tintindex":0},"up":{"uv":[0.625,0.0,0.0,0.0],"rotation":0,"texture":"#0","tintindex":0},"down":{"uv":[0.625,0.0,0.0,0.0],"rotation":0,"texture":"#0","tintindex":0}}},{"from":[11.763307,3.7142854,2.8571424],"to":[14.522408,12.285715,2.8571424],"rotation":{"angle":-45.0,"axis":"y","origin":[13.142858,8.0,2.8571424]},"faces":{"east":{"uv":[0.0,0.0,0.0,1.875],"rotation":0,"texture":"#0","tintindex":0},"south":{"uv":[6.0,1.5,6.625,3.375],"rotation":0,"texture":"#0","tintindex":0},"north":{"uv":[6.625,1.5,6.0,3.375],"rotation":0,"texture":"#0","tintindex":0},"west":{"uv":[0.0,0.0,0.0,1.875],"rotation":0,"texture":"#0","tintindex":0},"up":{"uv":[0.625,0.0,0.0,0.0],"rotation":0,"texture":"#0","tintindex":0},"down":{"uv":[0.625,0.0,0.0,0.0],"rotation":0,"texture":"#0","tintindex":0}}},{"from":[11.763307,3.7142854,2.8571424],"to":[14.522408,12.285715,2.8571424],"rotation":{"angle":45.0,"axis":"y","origin":[13.142858,6.285714,2.8571424]},"faces":{"east":{"uv":[0.0,0.0,0.0,1.875],"rotation":0,"texture":"#0","tintindex":0},"south":{"uv":[6.625,1.5,6.0,3.375],"rotation":0,"texture":"#0","tintindex":0},"north":{"uv":[6.0,1.5,6.625,3.375],"rotation":0,"texture":"#0","tintindex":0},"west":{"uv":[0.0,0.0,0.0,1.875],"rotation":0,"texture":"#0","tintindex":0},"up":{"uv":[0.625,0.0,0.0,0.0],"rotation":0,"texture":"#0","tintindex":0},"down":{"uv":[0.625,0.0,0.0,0.0],"rotation":0,"texture":"#0","tintindex":0}}},{"from":[11.763307,3.7142854,-2.285715],"to":[14.522408,12.285715,-2.285715],"rotation":{"angle":-45.0,"axis":"y","origin":[13.142858,8.0,-2.285715]},"faces":{"east":{"uv":[0.0,0.0,0.0,1.875],"rotation":0,"texture":"#0","tintindex":0},"south":{"uv":[6.0,1.5,6.625,3.375],"rotation":0,"texture":"#0","tintindex":0},"north":{"uv":[6.625,1.5,6.0,3.375],"rotation":0,"texture":"#0","tintindex":0},"west":{"uv":[0.0,0.0,0.0,1.875],"rotation":0,"texture":"#0","tintindex":0},"up":{"uv":[0.625,0.0,0.0,0.0],"rotation":0,"texture":"#0","tintindex":0},"down":{"uv":[0.625,0.0,0.0,0.0],"rotation":0,"texture":"#0","tintindex":0}}},{"from":[11.763307,3.7142854,-2.285715],"to":[14.522408,12.285715,-2.285715],"rotation":{"angle":45.0,"axis":"y","origin":[13.142858,6.285714,-2.285715]},"faces":{"east":{"uv":[0.0,0.0,0.0,1.875],"rotation":0,"texture":"#0","tintindex":0},"south":{"uv":[6.625,1.5,6.0,3.375],"rotation":0,"texture":"#0","tintindex":0},"north":{"uv":[6.0,1.5,6.625,3.375],"rotation":0,"texture":"#0","tintindex":0},"west":{"uv":[0.0,0.0,0.0,1.875],"rotation":0,"texture":"#0","tintindex":0},"up":{"uv":[0.625,0.0,0.0,0.0],"rotation":0,"texture":"#0","tintindex":0},"down":{"uv":[0.625,0.0,0.0,0.0],"rotation":0,"texture":"#0","tintindex":0}}},{"from":[11.763307,3.7142854,13.142858],"to":[14.522408,12.285715,13.142858],"rotation":{"angle":-45.0,"axis":"y","origin":[13.142858,8.0,13.142858]},"faces":{"east":{"uv":[0.0,0.0,0.0,1.875],"rotation":0,"texture":"#0","tintindex":0},"south":{"uv":[6.0,1.5,6.625,3.375],"rotation":0,"texture":"#0","tintindex":0},"north":{"uv":[6.625,1.5,6.0,3.375],"rotation":0,"texture":"#0","tintindex":0},"west":{"uv":[0.0,0.0,0.0,1.875],"rotation":0,"texture":"#0","tintindex":0},"up":{"uv":[0.625,0.0,0.0,0.0],"rotation":0,"texture":"#0","tintindex":0},"down":{"uv":[0.625,0.0,0.0,0.0],"rotation":0,"texture":"#0","tintindex":0}}},{"from":[11.763307,3.7142854,13.142858],"to":[14.522408,12.285715,13.142858],"rotation":{"angle":45.0,"axis":"y","origin":[13.142858,6.285714,13.142858]},"faces":{"east":{"uv":[0.0,0.0,0.0,1.875],"rotation":0,"texture":"#0","tintindex":0},"south":{"uv":[6.625,1.5,6.0,3.375],"rotation":0,"texture":"#0","tintindex":0},"north":{"uv":[6.0,1.5,6.625,3.375],"rotation":0,"texture":"#0","tintindex":0},"west":{"uv":[0.0,0.0,0.0,1.875],"rotation":0,"texture":"#0","tintindex":0},"up":{"uv":[0.625,0.0,0.0,0.0],"rotation":0,"texture":"#0","tintindex":0},"down":{"uv":[0.625,0.0,0.0,0.0],"rotation":0,"texture":"#0","tintindex":0}}},{"from":[11.763307,3.7142854,18.285715],"to":[14.522408,12.285715,18.285715],"rotation":{"angle":45.0,"axis":"y","origin":[13.142858,6.285714,18.285715]},"faces":{"east":{"uv":[0.0,0.0,0.0,1.875],"rotation":0,"texture":"#0","tintindex":0},"south":{"uv":[6.625,1.5,6.0,3.375],"rotation":0,"texture":"#0","tintindex":0},"north":{"uv":[6.0,1.5,6.625,3.375],"rotation":0,"texture":"#0","tintindex":0},"west":{"uv":[0.0,0.0,0.0,1.875],"rotation":0,"texture":"#0","tintindex":0},"up":{"uv":[0.625,0.0,0.0,0.0],"rotation":0,"texture":"#0","tintindex":0},"down":{"uv":[0.625,0.0,0.0,0.0],"rotation":0,"texture":"#0","tintindex":0}}},{"from":[11.763307,3.7142854,18.285715],"to":[14.522408,12.285715,18.285715],"rotation":{"angle":-45.0,"axis":"y","origin":[13.142858,8.0,18.285715]},"faces":{"east":{"uv":[0.0,0.0,0.0,1.875],"rotation":0,"texture":"#0","tintindex":0},"south":{"uv":[6.0,1.5,6.625,3.375],"rotation":0,"texture":"#0","tintindex":0},"north":{"uv":[6.625,1.5,6.0,3.375],"rotation":0,"texture":"#0","tintindex":0},"west":{"uv":[0.0,0.0,0.0,1.875],"rotation":0,"texture":"#0","tintindex":0},"up":{"uv":[0.625,0.0,0.0,0.0],"rotation":0,"texture":"#0","tintindex":0},"down":{"uv":[0.625,0.0,0.0,0.0],"rotation":0,"texture":"#0","tintindex":0}}},{"from":[6.620449,3.7142854,8.0],"to":[9.379551,12.285715,8.0],"rotation":{"angle":-45.0,"axis":"y","origin":[8.0,8.0,8.0]},"faces":{"east":{"uv":[0.0,0.0,0.0,1.875],"rotation":0,"texture":"#0","tintindex":0},"south":{"uv":[6.0,1.5,6.625,3.375],"rotation":0,"texture":"#0","tintindex":0},"north":{"uv":[6.625,1.5,6.0,3.375],"rotation":0,"texture":"#0","tintindex":0},"west":{"uv":[0.0,0.0,0.0,1.875],"rotation":0,"texture":"#0","tintindex":0},"up":{"uv":[0.625,0.0,0.0,0.0],"rotation":0,"texture":"#0","tintindex":0},"down":{"uv":[0.625,0.0,0.0,0.0],"rotation":0,"texture":"#0","tintindex":0}}},{"from":[6.620449,3.7142854,8.0],"to":[9.379551,12.285715,8.0],"rotation":{"angle":45.0,"axis":"y","origin":[8.0,6.285714,8.0]},"faces":{"east":{"uv":[0.0,0.0,0.0,1.875],"rotation":0,"texture":"#0","tintindex":0},"south":{"uv":[6.625,1.5,6.0,3.375],"rotation":0,"texture":"#0","tintindex":0},"north":{"uv":[6.0,1.5,6.625,3.375],"rotation":0,"texture":"#0","tintindex":0},"west":{"uv":[0.0,0.0,0.0,1.875],"rotation":0,"texture":"#0","tintindex":0},"up":{"uv":[0.625,0.0,0.0,0.0],"rotation":0,"texture":"#0","tintindex":0},"down":{"uv":[0.625,0.0,0.0,0.0],"rotation":0,"texture":"#0","tintindex":0}}},{"from":[6.620449,3.7142854,2.8571424],"to":[9.379551,12.285715,2.8571424],"rotation":{"angle":-45.0,"axis":"y","origin":[8.0,8.0,2.8571424]},"faces":{"east":{"uv":[0.0,0.0,0.0,1.875],"rotation":0,"texture":"#0","tintindex":0},"south":{"uv":[6.0,1.5,6.625,3.375],"rotation":0,"texture":"#0","tintindex":0},"north":{"uv":[6.625,1.5,6.0,3.375],"rotation":0,"texture":"#0","tintindex":0},"west":{"uv":[0.0,0.0,0.0,1.875],"rotation":0,"texture":"#0","tintindex":0},"up":{"uv":[0.625,0.0,0.0,0.0],"rotation":0,"texture":"#0","tintindex":0},"down":{"uv":[0.625,0.0,0.0,0.0],"rotation":0,"texture":"#0","tintindex":0}}},{"from":[6.620449,3.7142854,2.8571424],"to":[9.379551,12.285715,2.8571424],"rotation":{"angle":45.0,"axis":"y","origin":[8.0,6.285714,2.8571424]},"faces":{"east":{"uv":[0.0,0.0,0.0,1.875],"rotation":0,"texture":"#0","tintindex":0},"south":{"uv":[6.625,1.5,6.0,3.375],"rotation":0,"texture":"#0","tintindex":0},"north":{"uv":[6.0,1.5,6.625,3.375],"rotation":0,"texture":"#0","tintindex":0},"west":{"uv":[0.0,0.0,0.0,1.875],"rotation":0,"texture":"#0","tintindex":0},"up":{"uv":[0.625,0.0,0.0,0.0],"rotation":0,"texture":"#0","tintindex":0},"down":{"uv":[0.625,0.0,0.0,0.0],"rotation":0,"texture":"#0","tintindex":0}}},{"from":[6.620449,3.7142854,-2.285715],"to":[9.379551,12.285715,-2.285715],"rotation":{"angle":-45.0,"axis":"y","origin":[8.0,8.0,-2.285715]},"faces":{"east":{"uv":[0.0,0.0,0.0,1.875],"rotation":0,"texture":"#0","tintindex":0},"south":{"uv":[6.0,1.5,6.625,3.375],"rotation":0,"texture":"#0","tintindex":0},"north":{"uv":[6.625,1.5,6.0,3.375],"rotation":0,"texture":"#0","tintindex":0},"west":{"uv":[0.0,0.0,0.0,1.875],"rotation":0,"texture":"#0","tintindex":0},"up":{"uv":[0.625,0.0,0.0,0.0],"rotation":0,"texture":"#0","tintindex":0},"down":{"uv":[0.625,0.0,0.0,0.0],"rotation":0,"texture":"#0","tintindex":0}}},{"from":[6.620449,3.7142854,-2.285715],"to":[9.379551,12.285715,-2.285715],"rotation":{"angle":45.0,"axis":"y","origin":[8.0,6.285714,-2.285715]},"faces":{"east":{"uv":[0.0,0.0,0.0,1.875],"rotation":0,"texture":"#0","tintindex":0},"south":{"uv":[6.625,1.5,6.0,3.375],"rotation":0,"texture":"#0","tintindex":0},"north":{"uv":[6.0,1.5,6.625,3.375],"rotation":0,"texture":"#0","tintindex":0},"west":{"uv":[0.0,0.0,0.0,1.875],"rotation":0,"texture":"#0","tintindex":0},"up":{"uv":[0.625,0.0,0.0,0.0],"rotation":0,"texture":"#0","tintindex":0},"down":{"uv":[0.625,0.0,0.0,0.0],"rotation":0,"texture":"#0","tintindex":0}}},{"from":[6.620449,3.7142854,13.142858],"to":[9.379551,12.285715,13.142858],"rotation":{"angle":-45.0,"axis":"y","origin":[8.0,8.0,13.142858]},"faces":{"east":{"uv":[0.0,0.0,0.0,1.875],"rotation":0,"texture":"#0","tintindex":0},"south":{"uv":[6.0,1.5,6.625,3.375],"rotation":0,"texture":"#0","tintindex":0},"north":{"uv":[6.625,1.5,6.0,3.375],"rotation":0,"texture":"#0","tintindex":0},"west":{"uv":[0.0,0.0,0.0,1.875],"rotation":0,"texture":"#0","tintindex":0},"up":{"uv":[0.625,0.0,0.0,0.0],"rotation":0,"texture":"#0","tintindex":0},"down":{"uv":[0.625,0.0,0.0,0.0],"rotation":0,"texture":"#0","tintindex":0}}},{"from":[6.620449,3.7142854,13.142858],"to":[9.379551,12.285715,13.142858],"rotation":{"angle":45.0,"axis":"y","origin":[8.0,6.285714,13.142858]},"faces":{"east":{"uv":[0.0,0.0,0.0,1.875],"rotation":0,"texture":"#0","tintindex":0},"south":{"uv":[6.625,1.5,6.0,3.375],"rotation":0,"texture":"#0","tintindex":0},"north":{"uv":[6.0,1.5,6.625,3.375],"rotation":0,"texture":"#0","tintindex":0},"west":{"uv":[0.0,0.0,0.0,1.875],"rotation":0,"texture":"#0","tintindex":0},"up":{"uv":[0.625,0.0,0.0,0.0],"rotation":0,"texture":"#0","tintindex":0},"down":{"uv":[0.625,0.0,0.0,0.0],"rotation":0,"texture":"#0","tintindex":0}}},{"from":[6.620449,3.7142854,18.285715],"to":[9.379551,12.285715,18.285715],"rotation":{"angle":45.0,"axis":"y","origin":[8.0,6.285714,18.285715]},"faces":{"east":{"uv":[0.0,0.0,0.0,1.875],"rotation":0,"texture":"#0","tintindex":0},"south":{"uv":[6.625,1.5,6.0,3.375],"rotation":0,"texture":"#0","tintindex":0},"north":{"uv":[6.0,1.5,6.625,3.375],"rotation":0,"texture":"#0","tintindex":0},"west":{"uv":[0.0,0.0,0.0,1.875],"rotation":0,"texture":"#0","tintindex":0},"up":{"uv":[0.625,0.0,0.0,0.0],"rotation":0,"texture":"#0","tintindex":0},"down":{"uv":[0.625,0.0,0.0,0.0],"rotation":0,"texture":"#0","tintindex":0}}},{"from":[6.620449,3.7142854,18.285715],"to":[9.379551,12.285715,18.285715],"rotation":{"angle":-45.0,"axis":"y","origin":[8.0,8.0,18.285715]},"faces":{"east":{"uv":[0.0,0.0,0.0,1.875],"rotation":0,"texture":"#0","tintindex":0},"south":{"uv":[6.0,1.5,6.625,3.375],"rotation":0,"texture":"#0","tintindex":0},"north":{"uv":[6.625,1.5,6.0,3.375],"rotation":0,"texture":"#0","tintindex":0},"west":{"uv":[0.0,0.0,0.0,1.875],"rotation":0,"texture":"#0","tintindex":0},"up":{"uv":[0.625,0.0,0.0,0.0],"rotation":0,"texture":"#0","tintindex":0},"down":{"uv":[0.625,0.0,0.0,0.0],"rotation":0,"texture":"#0","tintindex":0}}}],"display":{"head":{"translation":[0.0,-6.4,0.0],"scale":[4.0,4.0,4.0]}}}