{"textures":{"0":"minecraft:modelengine/entity/egg50"},"elements":[{"from":[-2.514286,-0.20000267,-2.514286],"to":[18.514286,2.4285688,18.514286],"rotation":{"angle":0.0,"axis":"y","origin":[-2.514286,-0.20000267,8.0]},"faces":{"east":{"uv":[7.25,1.5,9.25,1.75],"rotation":0,"texture":"#0","tintindex":0},"south":{"uv":[7.25,1.75,9.25,2.0],"rotation":0,"texture":"#0","tintindex":0},"north":{"uv":[7.0,4.25,9.0,4.5],"rotation":0,"texture":"#0","tintindex":0},"west":{"uv":[7.25,2.0,9.25,2.25],"rotation":0,"texture":"#0","tintindex":0},"up":{"uv":[4.5,6.5,2.5,4.5],"rotation":0,"texture":"#0","tintindex":0},"down":{"uv":[6.5,4.5,4.5,6.5],"rotation":0,"texture":"#0","tintindex":0}}},{"from":[-5.1428576,2.4285688,-5.1428576],"to":[21.142857,15.571426,21.142857],"rotation":{"angle":0.0,"axis":"y","origin":[-2.514286,-0.20000267,8.0]},"faces":{"east":{"uv":[4.75,1.25,7.25,2.5],"rotation":0,"texture":"#0","tintindex":0},"south":{"uv":[4.75,2.5,7.25,3.75],"rotation":0,"texture":"#0","tintindex":0},"north":{"uv":[4.75,0.0,7.25,1.25],"rotation":0,"texture":"#0","tintindex":0},"west":{"uv":[0.0,5.0,2.5,6.25],"rotation":0,"texture":"#0","tintindex":0},"up":{"uv":[2.5,2.5,0.0,0.0],"rotation":0,"texture":"#0","tintindex":0},"down":{"uv":[2.5,2.5,0.0,5.0],"rotation":0,"texture":"#0","tintindex":0}}},{"from":[-3.8285723,15.571426,-3.8285723],"to":[19.828571,23.457142,19.828571],"rotation":{"angle":0.0,"axis":"y","origin":[-2.514286,-0.20000267,8.0]},"faces":{"east":{"uv":[3.5,6.5,5.75,7.25],"rotation":0,"texture":"#0","tintindex":0},"south":{"uv":[6.5,4.5,8.75,5.25],"rotation":0,"texture":"#0","tintindex":0},"north":{"uv":[4.75,3.75,7.0,4.5],"rotation":0,"texture":"#0","tintindex":0},"west":{"uv":[6.5,5.25,8.75,6.0],"rotation":0,"texture":"#0","tintindex":0},"up":{"uv":[4.75,2.25,2.5,0.0],"rotation":0,"texture":"#0","tintindex":0},"down":{"uv":[4.75,2.25,2.5,4.5],"rotation":0,"texture":"#0","tintindex":0}}},{"from":[-1.2000008,23.457142,-1.2000008],"to":[17.2,28.714285,17.2],"rotation":{"angle":0.0,"axis":"y","origin":[-2.514286,-0.20000267,8.0]},"faces":{"east":{"uv":[7.25,0.0,9.0,0.5],"rotation":0,"texture":"#0","tintindex":0},"south":{"uv":[7.25,0.5,9.0,1.0],"rotation":0,"texture":"#0","tintindex":0},"north":{"uv":[7.0,3.75,8.75,4.25],"rotation":0,"texture":"#0","tintindex":0},"west":{"uv":[7.25,1.0,9.0,1.5],"rotation":0,"texture":"#0","tintindex":0},"up":{"uv":[1.75,8.0,0.0,6.25],"rotation":0,"texture":"#0","tintindex":0},"down":{"uv":[3.5,6.5,1.75,8.25],"rotation":0,"texture":"#0","tintindex":0}}},{"from":[1.4285712,28.714285,1.4285712],"to":[14.571428,32.0,14.571428],"rotation":{"angle":0.0,"axis":"y","origin":[-2.514286,-0.20000267,8.0]},"faces":{"east":{"uv":[7.25,2.625,8.5,3.0],"rotation":0,"texture":"#0","tintindex":0},"south":{"uv":[7.25,3.0,8.5,3.375],"rotation":0,"texture":"#0","tintindex":0},"north":{"uv":[7.25,2.25,8.5,2.625],"rotation":0,"texture":"#0","tintindex":0},"west":{"uv":[7.25,3.375,8.5,3.75],"rotation":0,"texture":"#0","tintindex":0},"up":{"uv":[7.0,7.75,5.75,6.5],"rotation":0,"texture":"#0","tintindex":0},"down":{"uv":[8.25,6.0,7.0,7.25],"rotation":0,"texture":"#0","tintindex":0}}}],"display":{"head":{"translation":[0.0,25.085726,0.0],"scale":[4.0,4.0,4.0]}}}