{"textures":{"0":"minecraft:modelengine/entity/mini_gear_lockbox"},"elements":[{"from":[4.057,7.985562,3.9673996],"to":[11.943,8.474362,12.0326],"rotation":{"angle":0.0,"axis":"y","origin":[8.0,7.985562,4.0895996]},"faces":{"east":{"uv":[11.125,9.5,13.25,9.625],"rotation":0,"texture":"#0","tintindex":0},"south":{"uv":[8.0,7.625,12.125,7.75],"rotation":0,"texture":"#0","tintindex":0},"north":{"uv":[8.0,7.5,12.125,7.625],"rotation":0,"texture":"#0","tintindex":0},"west":{"uv":[11.125,9.625,13.25,9.75],"rotation":0,"texture":"#0","tintindex":0},"up":{"uv":[4.125,2.125,0.0,0.0],"rotation":0,"texture":"#0","tintindex":0},"down":{"uv":[4.125,2.125,0.0,4.25],"rotation":0,"texture":"#0","tintindex":0}}},{"from":[4.1792,8.474362,10.850172],"to":[11.249372,12.873562,11.9104],"rotation":{"angle":0.0,"axis":"y","origin":[8.0,7.985562,11.9104]},"faces":{"east":{"uv":[6.0,11.875,6.125,13.0],"rotation":0,"texture":"#0","tintindex":0},"south":{"uv":[1.375,5.375,2.5375,6.5],"rotation":0,"texture":"#0","tintindex":0},"north":{"uv":[4.0,5.125,8.0,6.25],"rotation":0,"texture":"#0","tintindex":0},"west":{"uv":[6.125,11.875,6.25,13.0],"rotation":0,"texture":"#0","tintindex":0},"up":{"uv":[13.875,1.75,13.375,1.625],"rotation":0,"texture":"#0","tintindex":0},"down":{"uv":[13.875,1.75,9.875,1.875],"rotation":0,"texture":"#0","tintindex":0}}},{"from":[9.987801,7.985562,3.6008],"to":[11.8208,12.873562,6.0448],"rotation":{"angle":-45.0,"axis":"y","origin":[10.9043,10.429562,5.0060997]},"faces":{"east":{"uv":[8.25,0.0,8.875,1.25],"rotation":0,"texture":"#0","tintindex":0},"south":{"uv":[3.5,8.75,4.0,10.0],"rotation":0,"texture":"#0","tintindex":0},"north":{"uv":[3.0,8.75,3.5,10.0],"rotation":0,"texture":"#0","tintindex":0},"west":{"uv":[8.25,1.25,8.875,2.5],"rotation":0,"texture":"#0","tintindex":0},"up":{"uv":[7.75,11.25,7.25,10.625],"rotation":0,"texture":"#0","tintindex":0},"down":{"uv":[8.25,10.625,7.75,11.25],"rotation":0,"texture":"#0","tintindex":0}}},{"from":[4.1792,7.985562,3.6008],"to":[6.0122,12.873562,6.0448],"rotation":{"angle":45.0,"axis":"y","origin":[5.0957003,10.429562,5.0060997]},"faces":{"east":{"uv":[8.25,2.5,8.875,3.75],"rotation":0,"texture":"#0","tintindex":0},"south":{"uv":[9.125,9.0,9.625,10.25],"rotation":0,"texture":"#0","tintindex":0},"north":{"uv":[8.625,9.0,9.125,10.25],"rotation":0,"texture":"#0","tintindex":0},"west":{"uv":[4.0,8.5,4.625,9.75],"rotation":0,"texture":"#0","tintindex":0},"up":{"uv":[8.75,11.25,8.25,10.625],"rotation":0,"texture":"#0","tintindex":0},"down":{"uv":[9.25,10.625,8.75,11.25],"rotation":0,"texture":"#0","tintindex":0}}},{"from":[4.1792,7.985562,3.3564],"to":[6.0122,9.574162,3.6008],"rotation":{"angle":45.0,"axis":"y","origin":[5.0957003,10.429562,5.0060997]},"faces":{"east":{"uv":[2.25,12.5,2.375,12.875],"rotation":0,"texture":"#0","tintindex":0},"south":{"uv":[7.25,11.625,7.75,12.0],"rotation":0,"texture":"#0","tintindex":0},"north":{"uv":[3.625,11.625,4.125,12.0],"rotation":0,"texture":"#0","tintindex":0},"west":{"uv":[2.375,12.5,2.5,12.875],"rotation":0,"texture":"#0","tintindex":0},"up":{"uv":[12.625,4.25,12.125,4.125],"rotation":0,"texture":"#0","tintindex":0},"down":{"uv":[12.625,4.25,12.125,4.375],"rotation":0,"texture":"#0","tintindex":0}}},{"from":[9.987801,7.985562,3.3564],"to":[11.8208,9.574162,3.6008],"rotation":{"angle":-45.0,"axis":"y","origin":[10.9043,10.429562,5.0060997]},"faces":{"east":{"uv":[2.5,12.5,2.625,12.875],"rotation":0,"texture":"#0","tintindex":0},"south":{"uv":[8.25,11.625,8.75,12.0],"rotation":0,"texture":"#0","tintindex":0},"north":{"uv":[7.75,11.625,8.25,12.0],"rotation":0,"texture":"#0","tintindex":0},"west":{"uv":[2.625,12.5,2.75,12.875],"rotation":0,"texture":"#0","tintindex":0},"up":{"uv":[12.625,4.5,12.125,4.375],"rotation":0,"texture":"#0","tintindex":0},"down":{"uv":[12.625,4.5,12.125,4.625],"rotation":0,"texture":"#0","tintindex":0}}},{"from":[9.987801,7.985562,12.3992],"to":[11.8208,9.574162,12.6436],"rotation":{"angle":45.0,"axis":"y","origin":[10.9043,10.429562,10.9939]},"faces":{"east":{"uv":[12.5,5.375,12.625,5.75],"rotation":0,"texture":"#0","tintindex":0},"south":{"uv":[10.875,11.625,11.375,12.0],"rotation":0,"texture":"#0","tintindex":0},"north":{"uv":[9.75,11.625,10.25,12.0],"rotation":0,"texture":"#0","tintindex":0},"west":{"uv":[12.5,6.25,12.625,6.625],"rotation":0,"texture":"#0","tintindex":0},"up":{"uv":[12.625,5.0,12.125,4.875],"rotation":0,"texture":"#0","tintindex":0},"down":{"uv":[12.625,5.875,12.125,6.0],"rotation":0,"texture":"#0","tintindex":0}}},{"from":[4.1792,7.985562,12.3992],"to":[6.0122,9.574162,12.6436],"rotation":{"angle":-45.0,"axis":"y","origin":[5.0957003,10.429562,10.9939]},"faces":{"east":{"uv":[3.375,12.5,3.5,12.875],"rotation":0,"texture":"#0","tintindex":0},"south":{"uv":[9.25,11.625,9.75,12.0],"rotation":0,"texture":"#0","tintindex":0},"north":{"uv":[8.75,11.625,9.25,12.0],"rotation":0,"texture":"#0","tintindex":0},"west":{"uv":[12.5,5.0,12.625,5.375],"rotation":0,"texture":"#0","tintindex":0},"up":{"uv":[12.625,4.75,12.125,4.625],"rotation":0,"texture":"#0","tintindex":0},"down":{"uv":[12.625,4.75,12.125,4.875],"rotation":0,"texture":"#0","tintindex":0}}},{"from":[4.1792,7.985562,9.9552],"to":[6.0122,12.873562,12.3992],"rotation":{"angle":-45.0,"axis":"y","origin":[5.0957003,10.429562,10.9939]},"faces":{"east":{"uv":[5.875,8.5,6.5,9.75],"rotation":0,"texture":"#0","tintindex":0},"south":{"uv":[4.5,9.75,5.0,11.0],"rotation":0,"texture":"#0","tintindex":0},"north":{"uv":[4.0,9.75,4.5,11.0],"rotation":0,"texture":"#0","tintindex":0},"west":{"uv":[6.5,8.5,7.125,9.75],"rotation":0,"texture":"#0","tintindex":0},"up":{"uv":[10.75,11.25,10.25,10.625],"rotation":0,"texture":"#0","tintindex":0},"down":{"uv":[11.25,10.25,10.75,10.875],"rotation":0,"texture":"#0","tintindex":0}}},{"from":[9.709937,7.985562,11.986911],"to":[11.787337,12.873562,12.377951],"rotation":{"angle":-22.5,"axis":"y","origin":[10.870837,10.429562,11.155951]},"faces":{"east":{"uv":[11.875,0.0,12.0,1.25],"rotation":0,"texture":"#0","tintindex":0},"south":{"uv":[2.625,5.375,3.125,6.625],"rotation":0,"texture":"#0","tintindex":0},"north":{"uv":[9.375,0.0,9.875,1.25],"rotation":0,"texture":"#0","tintindex":0},"west":{"uv":[0.25,11.875,0.375,13.125],"rotation":0,"texture":"#0","tintindex":0},"up":{"uv":[12.375,7.25,11.875,7.125],"rotation":0,"texture":"#0","tintindex":0},"down":{"uv":[12.375,7.25,11.875,7.375],"rotation":0,"texture":"#0","tintindex":0}}},{"from":[4.2126627,7.985562,11.986911],"to":[6.2900624,12.873562,12.377951],"rotation":{"angle":22.5,"axis":"y","origin":[5.129163,10.429562,11.155951]},"faces":{"east":{"uv":[0.375,11.875,0.25,13.125],"rotation":0,"texture":"#0","tintindex":0},"south":{"uv":[3.125,5.375,2.625,6.625],"rotation":0,"texture":"#0","tintindex":0},"north":{"uv":[9.875,0.0,9.375,1.25],"rotation":0,"texture":"#0","tintindex":0},"west":{"uv":[12.0,0.0,11.875,1.25],"rotation":0,"texture":"#0","tintindex":0},"up":{"uv":[11.875,7.25,12.375,7.125],"rotation":0,"texture":"#0","tintindex":0},"down":{"uv":[11.875,7.25,12.375,7.375],"rotation":0,"texture":"#0","tintindex":0}}},{"from":[4.2126627,7.985562,3.6220493],"to":[6.2900624,12.873562,4.013089],"rotation":{"angle":-22.5,"axis":"y","origin":[5.129163,10.429562,4.8440495]},"faces":{"east":{"uv":[0.25,11.875,0.375,13.125],"rotation":0,"texture":"#0","tintindex":0},"south":{"uv":[9.375,0.0,9.875,1.25],"rotation":0,"texture":"#0","tintindex":0},"north":{"uv":[2.625,5.375,3.125,6.625],"rotation":0,"texture":"#0","tintindex":0},"west":{"uv":[11.875,0.0,12.0,1.25],"rotation":0,"texture":"#0","tintindex":0},"up":{"uv":[11.875,7.125,12.375,7.25],"rotation":0,"texture":"#0","tintindex":0},"down":{"uv":[11.875,7.375,12.375,7.25],"rotation":0,"texture":"#0","tintindex":0}}},{"from":[4.1792,8.474362,4.0895996],"to":[11.249372,12.873562,5.1498284],"rotation":{"angle":0.0,"axis":"y","origin":[8.0,7.985562,4.0895996]},"faces":{"east":{"uv":[6.125,11.875,6.0,13.0],"rotation":0,"texture":"#0","tintindex":0},"south":{"uv":[8.0,5.125,4.0,6.25],"rotation":0,"texture":"#0","tintindex":0},"north":{"uv":[2.5375,5.375,1.375,6.5],"rotation":0,"texture":"#0","tintindex":0},"west":{"uv":[6.25,11.875,6.125,13.0],"rotation":0,"texture":"#0","tintindex":0},"up":{"uv":[13.375,1.625,13.75,1.75],"rotation":0,"texture":"#0","tintindex":0},"down":{"uv":[13.875,1.875,9.875,1.75],"rotation":0,"texture":"#0","tintindex":0}}},{"from":[9.709937,7.985562,3.6220493],"to":[11.787337,12.873562,4.013089],"rotation":{"angle":22.5,"axis":"y","origin":[10.870837,10.429562,4.8440495]},"faces":{"east":{"uv":[12.0,0.0,11.875,1.25],"rotation":0,"texture":"#0","tintindex":0},"south":{"uv":[9.875,0.0,9.375,1.25],"rotation":0,"texture":"#0","tintindex":0},"north":{"uv":[3.125,5.375,2.625,6.625],"rotation":0,"texture":"#0","tintindex":0},"west":{"uv":[0.375,11.875,0.25,13.125],"rotation":0,"texture":"#0","tintindex":0},"up":{"uv":[12.375,7.125,11.875,7.25],"rotation":0,"texture":"#0","tintindex":0},"down":{"uv":[12.375,7.375,11.875,7.25],"rotation":0,"texture":"#0","tintindex":0}}},{"from":[10.731141,7.985562,9.304544],"to":[11.122181,12.873562,11.381945],"rotation":{"angle":22.5,"axis":"y","origin":[11.5189085,10.551762,8.028571]},"faces":{"east":{"uv":[3.125,5.375,2.625,6.625],"rotation":0,"texture":"#0","tintindex":0},"south":{"uv":[12.0,0.0,11.875,1.25],"rotation":0,"texture":"#0","tintindex":0},"north":{"uv":[0.375,11.875,0.25,13.125],"rotation":0,"texture":"#0","tintindex":0},"west":{"uv":[9.875,0.0,9.375,1.25],"rotation":0,"texture":"#0","tintindex":0},"up":{"uv":[12.375,7.125,11.875,7.25],"rotation":0,"texture":"#0","tintindex":0},"down":{"uv":[12.375,7.375,11.875,7.25],"rotation":0,"texture":"#0","tintindex":0}}},{"from":[10.650171,8.474362,4.2077713],"to":[11.7104,12.873562,11.277943],"rotation":{"angle":0.0,"axis":"y","origin":[11.5189085,10.551762,8.028571]},"faces":{"east":{"uv":[2.5375,5.375,1.375,6.5],"rotation":0,"texture":"#0","tintindex":0},"south":{"uv":[6.125,11.875,6.0,13.0],"rotation":0,"texture":"#0","tintindex":0},"north":{"uv":[6.25,11.875,6.125,13.0],"rotation":0,"texture":"#0","tintindex":0},"west":{"uv":[8.0,5.125,4.0,6.25],"rotation":0,"texture":"#0","tintindex":0},"up":{"uv":[13.875,1.625,13.25,1.75],"rotation":0,"texture":"#0","tintindex":0},"down":{"uv":[13.875,1.875,9.875,1.75],"rotation":0,"texture":"#0","tintindex":0}}},{"from":[10.731141,7.985562,4.675198],"to":[11.122181,12.873562,6.752598],"rotation":{"angle":-22.5,"axis":"y","origin":[11.5189085,10.551762,8.028571]},"faces":{"east":{"uv":[2.625,5.375,3.125,6.625],"rotation":0,"texture":"#0","tintindex":0},"south":{"uv":[0.25,11.875,0.375,13.125],"rotation":0,"texture":"#0","tintindex":0},"north":{"uv":[11.875,0.0,12.0,1.25],"rotation":0,"texture":"#0","tintindex":0},"west":{"uv":[9.375,0.0,9.875,1.25],"rotation":0,"texture":"#0","tintindex":0},"up":{"uv":[11.875,7.125,12.375,7.25],"rotation":0,"texture":"#0","tintindex":0},"down":{"uv":[11.875,7.375,12.375,7.25],"rotation":0,"texture":"#0","tintindex":0}}},{"from":[4.8778186,7.985562,9.304544],"to":[5.268859,12.873562,11.381945],"rotation":{"angle":-22.5,"axis":"y","origin":[4.4810915,10.551762,8.028571]},"faces":{"east":{"uv":[9.375,0.0,9.875,1.25],"rotation":0,"texture":"#0","tintindex":0},"south":{"uv":[11.875,0.0,12.0,1.25],"rotation":0,"texture":"#0","tintindex":0},"north":{"uv":[0.25,11.875,0.375,13.125],"rotation":0,"texture":"#0","tintindex":0},"west":{"uv":[2.625,5.375,3.125,6.625],"rotation":0,"texture":"#0","tintindex":0},"up":{"uv":[11.875,7.125,12.375,7.25],"rotation":0,"texture":"#0","tintindex":0},"down":{"uv":[11.875,7.375,12.375,7.25],"rotation":0,"texture":"#0","tintindex":0}}},{"from":[4.2896,8.474362,4.2077713],"to":[5.3498282,12.873562,11.277943],"rotation":{"angle":0.0,"axis":"y","origin":[4.4810915,10.551762,8.028571]},"faces":{"east":{"uv":[4.0,5.125,8.0,6.25],"rotation":0,"texture":"#0","tintindex":0},"south":{"uv":[6.0,11.875,6.125,13.0],"rotation":0,"texture":"#0","tintindex":0},"north":{"uv":[6.125,11.875,6.25,13.0],"rotation":0,"texture":"#0","tintindex":0},"west":{"uv":[1.375,5.375,2.5375,6.5],"rotation":0,"texture":"#0","tintindex":0},"up":{"uv":[13.375,1.625,13.875,1.75],"rotation":0,"texture":"#0","tintindex":0},"down":{"uv":[9.875,1.875,13.875,1.75],"rotation":0,"texture":"#0","tintindex":0}}},{"from":[4.8778186,7.985562,4.675198],"to":[5.268859,12.873562,6.752598],"rotation":{"angle":22.5,"axis":"y","origin":[4.4810915,10.551762,8.028571]},"faces":{"east":{"uv":[9.875,0.0,9.375,1.25],"rotation":0,"texture":"#0","tintindex":0},"south":{"uv":[0.375,11.875,0.25,13.125],"rotation":0,"texture":"#0","tintindex":0},"north":{"uv":[12.0,0.0,11.875,1.25],"rotation":0,"texture":"#0","tintindex":0},"west":{"uv":[3.125,5.375,2.625,6.625],"rotation":0,"texture":"#0","tintindex":0},"up":{"uv":[12.375,7.125,11.875,7.25],"rotation":0,"texture":"#0","tintindex":0},"down":{"uv":[12.375,7.375,11.875,7.25],"rotation":0,"texture":"#0","tintindex":0}}},{"from":[9.987801,7.985562,9.9552],"to":[11.8208,12.873562,12.3992],"rotation":{"angle":45.0,"axis":"y","origin":[10.9043,10.429562,10.9939]},"faces":{"east":{"uv":[4.625,8.5,5.25,9.75],"rotation":0,"texture":"#0","tintindex":0},"south":{"uv":[2.5,9.25,3.0,10.5],"rotation":0,"texture":"#0","tintindex":0},"north":{"uv":[2.0,9.25,2.5,10.5],"rotation":0,"texture":"#0","tintindex":0},"west":{"uv":[5.25,8.5,5.875,9.75],"rotation":0,"texture":"#0","tintindex":0},"up":{"uv":[9.75,11.25,9.25,10.625],"rotation":0,"texture":"#0","tintindex":0},"down":{"uv":[10.25,10.625,9.75,11.25],"rotation":0,"texture":"#0","tintindex":0}}}],"display":{"head":{"translation":[0.0,-6.4,0.0],"scale":[4.0,4.0,4.0]}}}