{"textures":{"0":"minecraft:modelengine/entity/mini_gear_lockbox"},"elements":[{"from":[7.6373415,9.087975,7.6373415],"to":[8.3626585,9.813292,8.3626585],"rotation":{"angle":45.0,"axis":"z","origin":[8.0,8.0,8.0]},"faces":{"east":{"uv":[12.625,0.5,12.375,0.75],"rotation":0,"texture":"#0","tintindex":0},"south":{"uv":[3.0,12.375,3.25,12.625],"rotation":0,"texture":"#0","tintindex":0},"north":{"uv":[2.75,12.625,3.0,12.375],"rotation":0,"texture":"#0","tintindex":0},"west":{"uv":[12.625,2.125,12.375,2.375],"rotation":0,"texture":"#0","tintindex":0},"up":{"uv":[12.375,0.5,12.625,0.25],"rotation":0,"texture":"#0","tintindex":0},"down":{"uv":[12.375,1.0,12.625,0.75],"rotation":0,"texture":"#0","tintindex":0}}},{"from":[6.1867085,7.6373415,7.6373415],"to":[6.912025,8.3626585,8.3626585],"rotation":{"angle":0.0,"axis":"y","origin":[8.3626585,8.3626585,8.3626585]},"faces":{"east":{"uv":[8.0,12.125,7.75,12.375],"rotation":0,"texture":"#0","tintindex":0},"south":{"uv":[9.0,12.125,9.25,12.375],"rotation":0,"texture":"#0","tintindex":0},"north":{"uv":[8.75,12.375,9.0,12.125],"rotation":0,"texture":"#0","tintindex":0},"west":{"uv":[8.75,12.125,8.5,12.375],"rotation":0,"texture":"#0","tintindex":0},"up":{"uv":[12.125,7.75,12.375,7.5],"rotation":0,"texture":"#0","tintindex":0},"down":{"uv":[8.25,12.375,8.5,12.125],"rotation":0,"texture":"#0","tintindex":0}}},{"from":[6.1867085,7.6373415,7.6373415],"to":[6.912025,8.3626585,8.3626585],"rotation":{"angle":45.0,"axis":"z","origin":[8.0,8.0,8.0]},"faces":{"east":{"uv":[1.875,12.25,1.625,12.5],"rotation":0,"texture":"#0","tintindex":0},"south":{"uv":[12.25,6.25,12.5,6.5],"rotation":0,"texture":"#0","tintindex":0},"north":{"uv":[12.25,5.875,12.5,5.625],"rotation":0,"texture":"#0","tintindex":0},"west":{"uv":[12.5,5.375,12.25,5.625],"rotation":0,"texture":"#0","tintindex":0},"up":{"uv":[1.375,12.5,1.625,12.25],"rotation":0,"texture":"#0","tintindex":0},"down":{"uv":[12.25,5.375,12.5,5.125],"rotation":0,"texture":"#0","tintindex":0}}},{"from":[7.6373415,6.1867085,7.6373415],"to":[8.3626585,6.912025,8.3626585],"rotation":{"angle":0.0,"axis":"y","origin":[8.0,8.0,8.0]},"faces":{"east":{"uv":[10.625,12.25,10.375,12.5],"rotation":0,"texture":"#0","tintindex":0},"south":{"uv":[12.375,0.0,12.625,0.25],"rotation":0,"texture":"#0","tintindex":0},"north":{"uv":[12.25,12.0,12.5,11.75],"rotation":0,"texture":"#0","tintindex":0},"west":{"uv":[12.5,10.625,12.25,10.875],"rotation":0,"texture":"#0","tintindex":0},"up":{"uv":[12.25,10.375,12.5,10.125],"rotation":0,"texture":"#0","tintindex":0},"down":{"uv":[12.25,10.625,12.5,10.375],"rotation":0,"texture":"#0","tintindex":0}}},{"from":[7.6373415,6.1867085,7.6373415],"to":[8.3626585,6.912025,8.3626585],"rotation":{"angle":45.0,"axis":"z","origin":[8.0,8.0,8.0]},"faces":{"east":{"uv":[4.125,12.375,3.875,12.625],"rotation":0,"texture":"#0","tintindex":0},"south":{"uv":[6.75,12.375,7.0,12.625],"rotation":0,"texture":"#0","tintindex":0},"north":{"uv":[6.5,12.625,6.75,12.375],"rotation":0,"texture":"#0","tintindex":0},"west":{"uv":[6.5,12.375,6.25,12.625],"rotation":0,"texture":"#0","tintindex":0},"up":{"uv":[3.625,12.625,3.875,12.375],"rotation":0,"texture":"#0","tintindex":0},"down":{"uv":[12.375,6.25,12.625,6.0],"rotation":0,"texture":"#0","tintindex":0}}},{"from":[9.087975,7.6373415,7.6373415],"to":[9.813292,8.3626585,8.3626585],"rotation":{"angle":0.0,"axis":"y","origin":[7.6373415,8.3626585,8.3626585]},"faces":{"east":{"uv":[12.375,6.0,12.125,6.25],"rotation":0,"texture":"#0","tintindex":0},"south":{"uv":[7.5,12.125,7.75,12.375],"rotation":0,"texture":"#0","tintindex":0},"north":{"uv":[7.0,12.375,7.25,12.125],"rotation":0,"texture":"#0","tintindex":0},"west":{"uv":[7.0,12.125,6.75,12.375],"rotation":0,"texture":"#0","tintindex":0},"up":{"uv":[10.375,11.5,10.625,11.25],"rotation":0,"texture":"#0","tintindex":0},"down":{"uv":[6.5,12.375,6.75,12.125],"rotation":0,"texture":"#0","tintindex":0}}},{"from":[9.087975,7.6373415,7.6373415],"to":[9.813292,8.3626585,8.3626585],"rotation":{"angle":45.0,"axis":"z","origin":[8.0,8.0,8.0]},"faces":{"east":{"uv":[10.25,12.125,10.0,12.375],"rotation":0,"texture":"#0","tintindex":0},"south":{"uv":[12.125,12.125,12.375,12.375],"rotation":0,"texture":"#0","tintindex":0},"north":{"uv":[11.875,12.375,12.125,12.125],"rotation":0,"texture":"#0","tintindex":0},"west":{"uv":[11.375,12.125,11.125,12.375],"rotation":0,"texture":"#0","tintindex":0},"up":{"uv":[9.75,12.375,10.0,12.125],"rotation":0,"texture":"#0","tintindex":0},"down":{"uv":[10.875,12.375,11.125,12.125],"rotation":0,"texture":"#0","tintindex":0}}},{"from":[7.6373415,9.087975,7.6373415],"to":[8.3626585,9.813292,8.3626585],"rotation":{"angle":0.0,"axis":"y","origin":[8.0,8.0,8.0]},"faces":{"east":{"uv":[12.5,6.75,12.25,7.0],"rotation":0,"texture":"#0","tintindex":0},"south":{"uv":[12.25,9.875,12.5,10.125],"rotation":0,"texture":"#0","tintindex":0},"north":{"uv":[12.25,8.875,12.5,8.625],"rotation":0,"texture":"#0","tintindex":0},"west":{"uv":[12.5,8.375,12.25,8.625],"rotation":0,"texture":"#0","tintindex":0},"up":{"uv":[12.25,6.75,12.5,6.5],"rotation":0,"texture":"#0","tintindex":0},"down":{"uv":[12.25,8.375,12.5,8.125],"rotation":0,"texture":"#0","tintindex":0}}},{"from":[6.912025,6.912025,7.6373415],"to":[9.087975,9.087975,8.3626585],"rotation":{"angle":0.0,"axis":"y","origin":[7.6373415,8.3626585,8.3626585]},"faces":{"east":{"uv":[12.375,11.375,11.75,11.625],"rotation":0,"texture":"#0","tintindex":0},"south":{"uv":[3.0,10.0,3.625,10.625],"rotation":0,"texture":"#0","tintindex":0},"north":{"uv":[6.0,10.375,6.625,9.75],"rotation":0,"texture":"#0","tintindex":0},"west":{"uv":[12.5,1.875,11.875,2.125],"rotation":0,"texture":"#0","tintindex":0},"up":{"uv":[11.75,11.375,12.375,11.125],"rotation":0,"texture":"#0","tintindex":0},"down":{"uv":[1.375,12.125,2.0,11.875],"rotation":0,"texture":"#0","tintindex":0}}},{"from":[7.365348,7.365348,7.4560127],"to":[8.634652,8.634652,8.543987],"rotation":{"angle":45.0,"axis":"z","origin":[8.0,8.0,7.546677]},"faces":{"east":{"uv":[12.25,10.625,11.875,11.0],"rotation":0,"texture":"#0","tintindex":0},"south":{"uv":[12.0,0.75,12.375,1.125],"rotation":0,"texture":"#0","tintindex":0},"north":{"uv":[12.0,0.75,12.375,0.375],"rotation":0,"texture":"#0","tintindex":0},"west":{"uv":[12.375,0.0,12.0,0.375],"rotation":0,"texture":"#0","tintindex":0},"up":{"uv":[10.375,12.25,10.75,11.875],"rotation":0,"texture":"#0","tintindex":0},"down":{"uv":[11.875,12.125,12.25,11.75],"rotation":0,"texture":"#0","tintindex":0}}}],"display":{"head":{"translation":[0.0,-6.4,0.0],"scale":[4.0,4.0,4.0]}}}