{"textures":{"0":"minecraft:modelengine/entity/mini_gear_lockbox"},"elements":[{"from":[6.79193,8.505226,0.52121353],"to":[7.5974727,10.619775,6.7342105],"rotation":{"angle":-45.0,"axis":"z","origin":[7.1947017,9.914926,3.5991406]},"faces":{"east":{"uv":[0.0,8.75,1.5,9.25],"rotation":0,"texture":"#0","tintindex":0},"south":{"uv":[2.5,12.0,2.75,12.5],"rotation":0,"texture":"#0","tintindex":0},"north":{"uv":[2.25,12.0,2.5,12.5],"rotation":0,"texture":"#0","tintindex":0},"west":{"uv":[1.5,8.75,3.0,9.25],"rotation":0,"texture":"#0","tintindex":0},"up":{"uv":[7.0,12.125,6.75,10.625],"rotation":0,"texture":"#0","tintindex":0},"down":{"uv":[7.25,10.625,7.0,12.125],"rotation":0,"texture":"#0","tintindex":0}}},{"from":[5.6952057,9.814299,1.0314741],"to":[6.232025,10.351117,6.166807],"rotation":{"angle":45.0,"axis":"z","origin":[6.4265485,9.902783,3.5991406]},"faces":{"east":{"uv":[11.75,3.875,13.125,4.0],"rotation":0,"texture":"#0","tintindex":0},"south":{"uv":[3.625,11.5,3.75,11.625],"rotation":0,"texture":"#0","tintindex":0},"north":{"uv":[10.625,11.375,10.75,11.5],"rotation":0,"texture":"#0","tintindex":0},"west":{"uv":[11.75,9.75,13.125,9.875],"rotation":0,"texture":"#0","tintindex":0},"up":{"uv":[4.25,13.0,4.125,11.625],"rotation":0,"texture":"#0","tintindex":0},"down":{"uv":[4.375,11.625,4.25,13.0],"rotation":0,"texture":"#0","tintindex":0}}},{"from":[9.949012,9.814299,1.0314741],"to":[10.485831,10.351117,6.166807],"rotation":{"angle":-45.0,"axis":"z","origin":[9.754489,9.902783,3.5991406]},"faces":{"east":{"uv":[13.125,9.75,11.75,9.875],"rotation":0,"texture":"#0","tintindex":0},"south":{"uv":[3.75,11.5,3.625,11.625],"rotation":0,"texture":"#0","tintindex":0},"north":{"uv":[10.75,11.375,10.625,11.5],"rotation":0,"texture":"#0","tintindex":0},"west":{"uv":[13.125,3.875,11.75,4.0],"rotation":0,"texture":"#0","tintindex":0},"up":{"uv":[4.125,13.0,4.25,11.625],"rotation":0,"texture":"#0","tintindex":0},"down":{"uv":[4.25,11.625,4.375,13.0],"rotation":0,"texture":"#0","tintindex":0}}},{"from":[8.583565,8.505226,0.52121353],"to":[9.389107,10.619775,6.7342105],"rotation":{"angle":45.0,"axis":"z","origin":[8.986336,9.914926,3.5991406]},"faces":{"east":{"uv":[7.125,8.5,8.625,9.0],"rotation":0,"texture":"#0","tintindex":0},"south":{"uv":[0.0,12.0,0.25,12.5],"rotation":0,"texture":"#0","tintindex":0},"north":{"uv":[6.25,11.875,6.5,12.375],"rotation":0,"texture":"#0","tintindex":0},"west":{"uv":[8.625,8.5,10.125,9.0],"rotation":0,"texture":"#0","tintindex":0},"up":{"uv":[3.5,12.125,3.25,10.625],"rotation":0,"texture":"#0","tintindex":0},"down":{"uv":[6.75,10.625,6.5,12.125],"rotation":0,"texture":"#0","tintindex":0}}},{"from":[3.6574965,8.025059,1.0818205],"to":[5.1779513,9.336387,6.116461],"rotation":{"angle":0.0,"axis":"y","origin":[12.090519,3.3325782,-0.4285717]},"faces":{"east":{"uv":[9.875,3.125,11.125,3.5],"rotation":0,"texture":"#0","tintindex":0},"south":{"uv":[12.25,12.375,12.375,12.75],"rotation":0,"texture":"#0","tintindex":0},"north":{"uv":[12.375,12.125,12.5,12.5],"rotation":0,"texture":"#0","tintindex":0},"west":{"uv":[10.125,8.5,11.375,8.875],"rotation":0,"texture":"#0","tintindex":0},"up":{"uv":[1.25,13.125,1.125,11.875],"rotation":0,"texture":"#0","tintindex":0},"down":{"uv":[1.375,11.875,1.25,13.125],"rotation":0,"texture":"#0","tintindex":0}}},{"from":[11.003085,8.025059,1.0818205],"to":[12.5235405,9.336387,6.116461],"rotation":{"angle":0.0,"axis":"y","origin":[4.090518,3.3325782,-0.4285717]},"faces":{"east":{"uv":[9.875,2.375,11.125,2.75],"rotation":0,"texture":"#0","tintindex":0},"south":{"uv":[12.125,12.375,12.25,12.75],"rotation":0,"texture":"#0","tintindex":0},"north":{"uv":[12.0,12.375,12.125,12.75],"rotation":0,"texture":"#0","tintindex":0},"west":{"uv":[9.875,2.75,11.125,3.125],"rotation":0,"texture":"#0","tintindex":0},"up":{"uv":[1.0,13.125,0.875,11.875],"rotation":0,"texture":"#0","tintindex":0},"down":{"uv":[1.125,11.875,1.0,13.125],"rotation":0,"texture":"#0","tintindex":0}}},{"from":[5.8312006,8.025059,-0.69188404],"to":[10.349836,9.336387,0.8285713],"rotation":{"angle":0.0,"axis":"y","origin":[8.376233,3.3325782,-0.4285717]},"faces":{"east":{"uv":[12.375,11.0,12.5,11.375],"rotation":0,"texture":"#0","tintindex":0},"south":{"uv":[8.375,7.75,9.75,8.125],"rotation":0,"texture":"#0","tintindex":0},"north":{"uv":[5.0,7.75,6.375,8.125],"rotation":0,"texture":"#0","tintindex":0},"west":{"uv":[11.125,12.375,11.25,12.75],"rotation":0,"texture":"#0","tintindex":0},"up":{"uv":[12.25,3.625,10.875,3.5],"rotation":0,"texture":"#0","tintindex":0},"down":{"uv":[12.25,3.625,10.875,3.75],"rotation":0,"texture":"#0","tintindex":0}}},{"from":[5.8312006,8.025059,6.36971],"to":[10.349836,9.336387,7.890165],"rotation":{"angle":0.0,"axis":"y","origin":[8.376233,3.3325782,9.055424]},"faces":{"east":{"uv":[12.5,11.0,12.375,11.375],"rotation":0,"texture":"#0","tintindex":0},"south":{"uv":[6.375,7.75,5.0,8.125],"rotation":0,"texture":"#0","tintindex":0},"north":{"uv":[9.75,7.75,8.375,8.125],"rotation":0,"texture":"#0","tintindex":0},"west":{"uv":[11.25,12.375,11.125,12.75],"rotation":0,"texture":"#0","tintindex":0},"up":{"uv":[12.25,3.5,10.875,3.625],"rotation":0,"texture":"#0","tintindex":0},"down":{"uv":[12.25,3.75,10.875,3.625],"rotation":0,"texture":"#0","tintindex":0}}},{"from":[7.3957624,9.374146,0.57835627],"to":[7.3957624,10.481768,6.6199245],"rotation":{"angle":0.0,"axis":"y","origin":[8.090519,3.3325782,7.6268525]},"faces":{"east":{"uv":[10.25,3.75,11.75,4.0],"rotation":0,"texture":"#0","tintindex":0},"south":{"uv":[9.875,2.125,11.875,2.375],"rotation":0,"texture":"#0","tintindex":0},"north":{"uv":[9.875,1.875,11.875,2.125],"rotation":0,"texture":"#0","tintindex":0},"west":{"uv":[10.375,6.375,11.875,6.625],"rotation":0,"texture":"#0","tintindex":0},"up":{"uv":[6.0,7.75,4.0,6.25],"rotation":0,"texture":"#0","tintindex":0},"down":{"uv":[8.0,6.25,6.0,7.75],"rotation":0,"texture":"#0","tintindex":0}}},{"from":[7.4083033,9.288432,0.52121353],"to":[8.213845,10.698132,6.7342105],"rotation":{"angle":0.0,"axis":"y","origin":[12.090519,3.2468643,7.6268525]},"faces":{"east":{"uv":[9.875,0.375,11.375,0.75],"rotation":0,"texture":"#0","tintindex":0},"south":{"uv":[3.875,12.0,4.125,12.375],"rotation":0,"texture":"#0","tintindex":0},"north":{"uv":[3.625,12.0,3.875,12.375],"rotation":0,"texture":"#0","tintindex":0},"west":{"uv":[9.875,0.75,11.375,1.125],"rotation":0,"texture":"#0","tintindex":0},"up":{"uv":[6.5,11.875,6.25,10.375],"rotation":0,"texture":"#0","tintindex":0},"down":{"uv":[0.25,10.5,0.0,12.0],"rotation":0,"texture":"#0","tintindex":0}}},{"from":[7.967191,9.288432,0.52121353],"to":[8.772734,10.698132,6.7342105],"rotation":{"angle":0.0,"axis":"y","origin":[4.090518,3.2468643,7.6268525]},"faces":{"east":{"uv":[8.75,8.125,10.25,8.5],"rotation":0,"texture":"#0","tintindex":0},"south":{"uv":[3.0,12.0,3.25,12.375],"rotation":0,"texture":"#0","tintindex":0},"north":{"uv":[2.75,12.0,3.0,12.375],"rotation":0,"texture":"#0","tintindex":0},"west":{"uv":[9.875,0.0,11.375,0.375],"rotation":0,"texture":"#0","tintindex":0},"up":{"uv":[3.875,11.5,3.625,10.0],"rotation":0,"texture":"#0","tintindex":0},"down":{"uv":[6.25,10.375,6.0,11.875],"rotation":0,"texture":"#0","tintindex":0}}},{"from":[5.8648767,11.3875,-0.44455624],"to":[10.25445,12.897892,1.0406623],"rotation":{"angle":-22.5,"axis":"z","origin":[2.1990256,6.3528595,3.570569]},"faces":{"east":{"uv":[12.25,5.125,11.875,5.5],"rotation":0,"texture":"#0","tintindex":0},"south":{"uv":[11.125,9.125,10.125,9.5],"rotation":0,"texture":"#0","tintindex":0},"north":{"uv":[11.125,9.5,10.125,9.875],"rotation":0,"texture":"#0","tintindex":0},"west":{"uv":[12.25,5.5,11.875,5.875],"rotation":0,"texture":"#0","tintindex":0},"up":{"uv":[11.125,9.875,10.125,10.25],"rotation":0,"texture":"#0","tintindex":0},"down":{"uv":[7.625,10.625,6.625,10.25],"rotation":0,"texture":"#0","tintindex":0}}},{"from":[5.926587,11.3875,-0.44455624],"to":[10.31616,12.897892,1.0406623],"rotation":{"angle":22.5,"axis":"z","origin":[13.982012,6.3528595,3.570569]},"faces":{"east":{"uv":[12.25,8.125,11.875,8.5],"rotation":0,"texture":"#0","tintindex":0},"south":{"uv":[11.375,6.625,10.375,7.0],"rotation":0,"texture":"#0","tintindex":0},"north":{"uv":[11.375,7.0,10.375,7.375],"rotation":0,"texture":"#0","tintindex":0},"west":{"uv":[12.25,8.5,11.875,8.875],"rotation":0,"texture":"#0","tintindex":0},"up":{"uv":[1.25,10.5,0.25,10.875],"rotation":0,"texture":"#0","tintindex":0},"down":{"uv":[2.25,10.875,1.25,10.5],"rotation":0,"texture":"#0","tintindex":0}}},{"from":[5.8648767,11.330357,6.143333],"to":[10.25445,12.897892,7.628552],"rotation":{"angle":-22.5,"axis":"z","origin":[2.1990256,6.3528595,3.6134262]},"faces":{"east":{"uv":[11.875,5.125,12.25,5.5],"rotation":0,"texture":"#0","tintindex":0},"south":{"uv":[10.125,9.5,11.125,9.875],"rotation":0,"texture":"#0","tintindex":0},"north":{"uv":[10.125,9.125,11.125,9.5],"rotation":0,"texture":"#0","tintindex":0},"west":{"uv":[11.875,5.5,12.25,5.875],"rotation":0,"texture":"#0","tintindex":0},"up":{"uv":[11.125,10.25,10.125,9.875],"rotation":0,"texture":"#0","tintindex":0},"down":{"uv":[7.625,10.25,6.625,10.625],"rotation":0,"texture":"#0","tintindex":0}}},{"from":[5.926587,11.330357,6.143333],"to":[10.31616,12.897892,7.628552],"rotation":{"angle":22.5,"axis":"z","origin":[13.982012,6.3528595,3.6134262]},"faces":{"east":{"uv":[11.875,8.125,12.25,8.5],"rotation":0,"texture":"#0","tintindex":0},"south":{"uv":[10.375,7.0,11.375,7.375],"rotation":0,"texture":"#0","tintindex":0},"north":{"uv":[10.375,6.625,11.375,7.0],"rotation":0,"texture":"#0","tintindex":0},"west":{"uv":[11.875,8.5,12.25,8.875],"rotation":0,"texture":"#0","tintindex":0},"up":{"uv":[1.25,10.875,0.25,10.5],"rotation":0,"texture":"#0","tintindex":0},"down":{"uv":[2.25,10.5,1.25,10.875],"rotation":0,"texture":"#0","tintindex":0}}},{"from":[3.6821642,8.025059,5.057644],"to":[4.6563644,9.348973,7.1973658],"rotation":{"angle":-22.5,"axis":"y","origin":[3.8835502,5.8498983,6.127505]},"faces":{"east":{"uv":[2.25,11.625,2.75,12.0],"rotation":0,"texture":"#0","tintindex":0},"south":{"uv":[10.75,12.375,10.875,12.75],"rotation":0,"texture":"#0","tintindex":0},"north":{"uv":[10.125,12.375,10.25,12.75],"rotation":0,"texture":"#0","tintindex":0},"west":{"uv":[2.75,11.625,3.25,12.0],"rotation":0,"texture":"#0","tintindex":0},"up":{"uv":[2.0,12.625,1.875,12.125],"rotation":0,"texture":"#0","tintindex":0},"down":{"uv":[3.375,12.125,3.25,12.625],"rotation":0,"texture":"#0","tintindex":0}}},{"from":[4.0350943,8.025059,5.6129966],"to":[5.9230843,9.373413,8.130317],"rotation":{"angle":-45.0,"axis":"y","origin":[4.9790893,5.8498983,6.6828575]},"faces":{"east":{"uv":[9.125,11.25,9.75,11.625],"rotation":0,"texture":"#0","tintindex":0},"south":{"uv":[10.375,11.5,10.875,11.875],"rotation":0,"texture":"#0","tintindex":0},"north":{"uv":[11.5,4.75,12.0,5.125],"rotation":0,"texture":"#0","tintindex":0},"west":{"uv":[9.75,11.25,10.375,11.625],"rotation":0,"texture":"#0","tintindex":0},"up":{"uv":[3.25,11.625,2.75,11.0],"rotation":0,"texture":"#0","tintindex":0},"down":{"uv":[4.375,11.0,3.875,11.625],"rotation":0,"texture":"#0","tintindex":0}}},{"from":[4.069561,8.025059,7.1342297],"to":[6.209283,9.348973,8.10843],"rotation":{"angle":22.5,"axis":"y","origin":[5.013556,5.8498983,6.8497696]},"faces":{"east":{"uv":[9.875,12.375,10.0,12.75],"rotation":0,"texture":"#0","tintindex":0},"south":{"uv":[4.75,11.5,5.25,11.875],"rotation":0,"texture":"#0","tintindex":0},"north":{"uv":[11.5,4.375,12.0,4.75],"rotation":0,"texture":"#0","tintindex":0},"west":{"uv":[10.0,12.375,10.125,12.75],"rotation":0,"texture":"#0","tintindex":0},"up":{"uv":[1.875,12.25,1.375,12.125],"rotation":0,"texture":"#0","tintindex":0},"down":{"uv":[12.625,4.0,12.125,4.125],"rotation":0,"texture":"#0","tintindex":0}}},{"from":[9.971754,8.025059,7.1342297],"to":[12.111477,9.348973,8.10843],"rotation":{"angle":-22.5,"axis":"y","origin":[11.167481,5.8498983,6.8497696]},"faces":{"east":{"uv":[9.125,12.375,9.25,12.75],"rotation":0,"texture":"#0","tintindex":0},"south":{"uv":[11.5,4.0,12.0,4.375],"rotation":0,"texture":"#0","tintindex":0},"north":{"uv":[1.75,11.5,2.25,11.875],"rotation":0,"texture":"#0","tintindex":0},"west":{"uv":[9.75,12.375,9.875,12.75],"rotation":0,"texture":"#0","tintindex":0},"up":{"uv":[10.25,12.125,9.75,12.0],"rotation":0,"texture":"#0","tintindex":0},"down":{"uv":[11.375,12.0,10.875,12.125],"rotation":0,"texture":"#0","tintindex":0}}},{"from":[10.257953,8.025059,5.6129966],"to":[12.145943,9.373413,8.130317],"rotation":{"angle":45.0,"axis":"y","origin":[11.201948,5.8498983,6.6828575]},"faces":{"east":{"uv":[11.25,8.125,11.875,8.5],"rotation":0,"texture":"#0","tintindex":0},"south":{"uv":[1.25,11.5,1.75,11.875],"rotation":0,"texture":"#0","tintindex":0},"north":{"uv":[0.75,11.5,1.25,11.875],"rotation":0,"texture":"#0","tintindex":0},"west":{"uv":[8.5,11.25,9.125,11.625],"rotation":0,"texture":"#0","tintindex":0},"up":{"uv":[11.25,11.5,10.75,10.875],"rotation":0,"texture":"#0","tintindex":0},"down":{"uv":[2.75,11.0,2.25,11.625],"rotation":0,"texture":"#0","tintindex":0}}},{"from":[11.5246725,8.025059,5.057644],"to":[12.498873,9.348973,7.1973658],"rotation":{"angle":22.5,"axis":"y","origin":[12.297487,5.8498983,6.127505]},"faces":{"east":{"uv":[11.375,8.5,11.875,8.875],"rotation":0,"texture":"#0","tintindex":0},"south":{"uv":[9.0,12.375,9.125,12.75],"rotation":0,"texture":"#0","tintindex":0},"north":{"uv":[8.875,12.375,9.0,12.75],"rotation":0,"texture":"#0","tintindex":0},"west":{"uv":[0.25,11.5,0.75,11.875],"rotation":0,"texture":"#0","tintindex":0},"up":{"uv":[9.625,12.5,9.5,12.0],"rotation":0,"texture":"#0","tintindex":0},"down":{"uv":[9.75,12.0,9.625,12.5],"rotation":0,"texture":"#0","tintindex":0}}},{"from":[3.6821642,8.025059,9.150505E-4],"to":[4.6563644,9.348973,2.1406374],"rotation":{"angle":22.5,"axis":"y","origin":[3.8835502,5.8498983,1.0707765]},"faces":{"east":{"uv":[11.375,6.625,11.875,7.0],"rotation":0,"texture":"#0","tintindex":0},"south":{"uv":[8.75,12.375,8.875,12.75],"rotation":0,"texture":"#0","tintindex":0},"north":{"uv":[8.625,12.375,8.75,12.75],"rotation":0,"texture":"#0","tintindex":0},"west":{"uv":[11.375,7.0,11.875,7.375],"rotation":0,"texture":"#0","tintindex":0},"up":{"uv":[9.375,12.5,9.25,12.0],"rotation":0,"texture":"#0","tintindex":0},"down":{"uv":[9.5,12.0,9.375,12.5],"rotation":0,"texture":"#0","tintindex":0}}},{"from":[4.0350943,8.025059,-0.93203545],"to":[5.9230843,9.373413,1.5852842],"rotation":{"angle":45.0,"axis":"y","origin":[4.9790893,5.8498983,0.5154238]},"faces":{"east":{"uv":[7.25,11.25,7.875,11.625],"rotation":0,"texture":"#0","tintindex":0},"south":{"uv":[11.375,5.5,11.875,5.875],"rotation":0,"texture":"#0","tintindex":0},"north":{"uv":[5.25,11.375,5.75,11.75],"rotation":0,"texture":"#0","tintindex":0},"west":{"uv":[7.875,11.25,8.5,11.625],"rotation":0,"texture":"#0","tintindex":0},"up":{"uv":[1.75,11.5,1.25,10.875],"rotation":0,"texture":"#0","tintindex":0},"down":{"uv":[2.25,10.875,1.75,11.5],"rotation":0,"texture":"#0","tintindex":0}}},{"from":[4.069561,8.025059,-0.9101486],"to":[6.209283,9.348973,0.06405115],"rotation":{"angle":-22.5,"axis":"y","origin":[5.013556,5.8498983,0.3485117]},"faces":{"east":{"uv":[5.875,12.375,6.0,12.75],"rotation":0,"texture":"#0","tintindex":0},"south":{"uv":[11.375,5.125,11.875,5.5],"rotation":0,"texture":"#0","tintindex":0},"north":{"uv":[11.375,0.75,11.875,1.125],"rotation":0,"texture":"#0","tintindex":0},"west":{"uv":[8.5,12.375,8.625,12.75],"rotation":0,"texture":"#0","tintindex":0},"up":{"uv":[8.75,12.125,8.25,12.0],"rotation":0,"texture":"#0","tintindex":0},"down":{"uv":[9.25,12.0,8.75,12.125],"rotation":0,"texture":"#0","tintindex":0}}},{"from":[11.5246725,8.025059,9.150505E-4],"to":[12.498873,9.348973,2.1406374],"rotation":{"angle":-22.5,"axis":"y","origin":[12.297487,5.8498983,1.0707765]},"faces":{"east":{"uv":[11.375,0.0,11.875,0.375],"rotation":0,"texture":"#0","tintindex":0},"south":{"uv":[10.625,12.25,10.75,12.625],"rotation":0,"texture":"#0","tintindex":0},"north":{"uv":[3.375,12.125,3.5,12.5],"rotation":0,"texture":"#0","tintindex":0},"west":{"uv":[11.375,0.375,11.875,0.75],"rotation":0,"texture":"#0","tintindex":0},"up":{"uv":[8.125,12.5,8.0,12.0],"rotation":0,"texture":"#0","tintindex":0},"down":{"uv":[8.25,12.0,8.125,12.5],"rotation":0,"texture":"#0","tintindex":0}}},{"from":[10.257953,8.025059,-0.93203545],"to":[12.145943,9.373413,1.5852842],"rotation":{"angle":-45.0,"axis":"y","origin":[11.201948,5.8498983,0.5154238]},"faces":{"east":{"uv":[5.25,11.0,5.875,11.375],"rotation":0,"texture":"#0","tintindex":0},"south":{"uv":[11.25,11.25,11.75,11.625],"rotation":0,"texture":"#0","tintindex":0},"north":{"uv":[11.25,10.875,11.75,11.25],"rotation":0,"texture":"#0","tintindex":0},"west":{"uv":[11.125,9.75,11.75,10.125],"rotation":0,"texture":"#0","tintindex":0},"up":{"uv":[0.75,11.5,0.25,10.875],"rotation":0,"texture":"#0","tintindex":0},"down":{"uv":[1.25,10.875,0.75,11.5],"rotation":0,"texture":"#0","tintindex":0}}},{"from":[9.971754,8.025059,-0.9101486],"to":[12.111477,9.348973,0.06405115],"rotation":{"angle":22.5,"axis":"y","origin":[11.167481,5.8498983,0.3485117]},"faces":{"east":{"uv":[4.0,4.75,4.125,5.125],"rotation":0,"texture":"#0","tintindex":0},"south":{"uv":[11.25,10.5,11.75,10.875],"rotation":0,"texture":"#0","tintindex":0},"north":{"uv":[11.25,10.125,11.75,10.5],"rotation":0,"texture":"#0","tintindex":0},"west":{"uv":[10.625,10.25,10.75,10.625],"rotation":0,"texture":"#0","tintindex":0},"up":{"uv":[12.5,5.125,12.0,5.0],"rotation":0,"texture":"#0","tintindex":0},"down":{"uv":[8.0,12.0,7.5,12.125],"rotation":0,"texture":"#0","tintindex":0}}},{"from":[4.0350943,8.367218,-0.4285717],"to":[11.574514,9.374146,7.6268525],"rotation":{"angle":0.0,"axis":"y","origin":[8.090519,3.3325782,-0.4285717]},"faces":{"east":{"uv":[8.25,3.75,10.25,4.0],"rotation":0,"texture":"#0","tintindex":0},"south":{"uv":[8.0,6.125,12.125,6.375],"rotation":0,"texture":"#0","tintindex":0},"north":{"uv":[8.0,5.875,12.125,6.125],"rotation":0,"texture":"#0","tintindex":0},"west":{"uv":[9.875,1.125,11.875,1.375],"rotation":0,"texture":"#0","tintindex":0},"up":{"uv":[7.375,2.0,4.875,0.0],"rotation":0,"texture":"#0","tintindex":0},"down":{"uv":[8.25,2.0,4.125,4.0],"rotation":0,"texture":"#0","tintindex":0}}}],"display":{"head":{"translation":[0.0,-6.4,0.0],"scale":[4.0,4.0,4.0]}}}