{"textures":{"0":"minecraft:modelengine/entity/artillery_default"},"elements":[{"from":[9.656686,3.3078446,4.309041],"to":[14.001371,5.615959,6.481384],"rotation":{"angle":-45.0,"axis":"x","origin":[11.829029,5.931492,5.1779776]},"faces":{"east":{"uv":[2.375,6.375,2.625,6.625],"rotation":0,"texture":"#0","tintindex":0},"south":{"uv":[6.125,0.0,6.625,0.25],"rotation":0,"texture":"#0","tintindex":0},"north":{"uv":[5.625,6.0,6.125,6.25],"rotation":0,"texture":"#0","tintindex":0},"west":{"uv":[4.625,6.375,4.875,6.625],"rotation":0,"texture":"#0","tintindex":0},"up":{"uv":[6.625,0.5,6.125,0.25],"rotation":0,"texture":"#0","tintindex":0},"down":{"uv":[1.5,6.125,1.0,6.375],"rotation":0,"texture":"#0","tintindex":0}}}],"display":{"head":{"translation":[0.0,-6.4,0.0],"scale":[4.0,4.0,4.0]}}}