{"textures":{"0":"minecraft:modelengine/entity/artillery_default"},"elements":[{"from":[2.7341547,5.0205984,6.468091],"to":[4.9687057,13.586378,9.819918],"rotation":{"angle":0.0,"axis":"y","origin":[4.223855,13.213953,7.5853667]},"faces":{"east":{"uv":[3.75,2.8125,4.125,3.6875],"rotation":0,"texture":"#0","tintindex":0},"south":{"uv":[5.0,3.75,5.25,4.625],"rotation":0,"texture":"#0","tintindex":0},"north":{"uv":[5.25,3.75,5.0,4.625],"rotation":0,"texture":"#0","tintindex":0},"west":{"uv":[3.75,2.875,4.125,3.75],"rotation":0,"texture":"#0","tintindex":0},"up":{"uv":[6.125,6.625,5.875,6.25],"rotation":0,"texture":"#0","tintindex":0},"down":{"uv":[6.375,6.25,6.125,6.625],"rotation":0,"texture":"#0","tintindex":0}}},{"from":[4.223855,10.979402,-1.3528366],"to":[4.9687057,14.703653,6.468091],"rotation":{"angle":0.0,"axis":"y","origin":[4.223855,13.586378,7.5853667]},"faces":{"east":{"uv":[0.9375,4.5,1.75,4.875],"rotation":0,"texture":"#0","tintindex":0},"south":{"uv":[5.25,7.5,5.3125,7.875],"rotation":0,"texture":"#0","tintindex":0},"north":{"uv":[5.125,7.5,5.1875,7.875],"rotation":0,"texture":"#0","tintindex":0},"west":{"uv":[0.875,4.5,1.6875,4.875],"rotation":0,"texture":"#0","tintindex":0},"up":{"uv":[6.6875,3.6875,6.625,2.875],"rotation":0,"texture":"#0","tintindex":0},"down":{"uv":[3.0625,6.625,3.0,7.4375],"rotation":0,"texture":"#0","tintindex":0}}},{"from":[4.223855,10.979402,9.819918],"to":[4.9687057,13.586378,16.895996],"rotation":{"angle":0.0,"axis":"y","origin":[4.223855,13.586378,7.5853667]},"faces":{"east":{"uv":[5.25,5.25,6.0,5.5],"rotation":0,"texture":"#0","tintindex":0},"south":{"uv":[3.5,7.875,3.5625,8.125],"rotation":0,"texture":"#0","tintindex":0},"north":{"uv":[2.0,7.875,2.0625,8.125],"rotation":0,"texture":"#0","tintindex":0},"west":{"uv":[5.25,5.25,6.0,5.5],"rotation":0,"texture":"#0","tintindex":0},"up":{"uv":[6.3125,7.625,6.25,6.875],"rotation":0,"texture":"#0","tintindex":0},"down":{"uv":[2.1875,7.0,2.125,7.75],"rotation":0,"texture":"#0","tintindex":0}}},{"from":[3.85143,6.510299,-1.3528366],"to":[4.9687057,10.979402,16.895996],"rotation":{"angle":0.0,"axis":"y","origin":[4.223855,13.586378,7.5853667]},"faces":{"east":{"uv":[0.0,1.5,1.875,1.9375],"rotation":0,"texture":"#0","tintindex":0},"south":{"uv":[6.625,2.375,6.75,2.8125],"rotation":0,"texture":"#0","tintindex":0},"north":{"uv":[2.375,6.625,2.5,7.0625],"rotation":0,"texture":"#0","tintindex":0},"west":{"uv":[0.0,1.5,1.875,1.9375],"rotation":0,"texture":"#0","tintindex":0},"up":{"uv":[4.5,6.625,4.375,4.75],"rotation":0,"texture":"#0","tintindex":0},"down":{"uv":[4.625,4.75,4.5,6.625],"rotation":0,"texture":"#0","tintindex":0}}},{"from":[2.3617296,11.351827,7.4363966],"to":[3.9294372,12.841528,8.926097],"rotation":{"angle":-45.0,"axis":"x","origin":[2.7341547,12.096677,8.181247]},"faces":{"east":{"uv":[3.625,7.875,3.75,8.0],"rotation":0,"texture":"#0","tintindex":0},"south":{"uv":[1.75,8.375,1.8125,8.5],"rotation":0,"texture":"#0","tintindex":0},"north":{"uv":[1.625,8.375,1.6875,8.5],"rotation":0,"texture":"#0","tintindex":0},"west":{"uv":[7.875,3.625,8.0,3.75],"rotation":0,"texture":"#0","tintindex":0},"up":{"uv":[1.9375,8.5,1.875,8.375],"rotation":0,"texture":"#0","tintindex":0},"down":{"uv":[2.0625,8.375,2.0,8.5],"rotation":0,"texture":"#0","tintindex":0}}},{"from":[2.1829658,11.724252,7.8088217],"to":[2.3617296,12.469102,8.553672],"rotation":{"angle":0.0,"axis":"y","origin":[2.7341547,12.096677,8.181247]},"faces":{"east":{"uv":[8.5,0.125,8.5625,0.1875],"rotation":0,"texture":"#0","tintindex":0},"south":{"uv":[0.25,8.5,0.3125,8.5625],"rotation":0,"texture":"#0","tintindex":0},"north":{"uv":[0.125,8.5,0.1875,8.5625],"rotation":0,"texture":"#0","tintindex":0},"west":{"uv":[8.5,0.25,8.5625,0.3125],"rotation":0,"texture":"#0","tintindex":0},"up":{"uv":[0.4375,8.5625,0.375,8.5],"rotation":0,"texture":"#0","tintindex":0},"down":{"uv":[8.5625,0.375,8.5,0.4375],"rotation":0,"texture":"#0","tintindex":0}}},{"from":[2.7341547,5.0205984,9.819918],"to":[4.9687057,6.137874,10.192343],"rotation":{"angle":0.0,"axis":"y","origin":[4.223855,13.213953,7.5853667]},"faces":{"east":{"uv":[8.375,2.0,8.4375,2.125],"rotation":0,"texture":"#0","tintindex":0},"south":{"uv":[7.5,0.125,7.75,0.25],"rotation":0,"texture":"#0","tintindex":0},"north":{"uv":[7.5,0.0,7.75,0.125],"rotation":0,"texture":"#0","tintindex":0},"west":{"uv":[2.125,8.375,2.1875,8.5],"rotation":0,"texture":"#0","tintindex":0},"up":{"uv":[4.0,7.9375,3.75,7.875],"rotation":0,"texture":"#0","tintindex":0},"down":{"uv":[8.125,3.75,7.875,3.8125],"rotation":0,"texture":"#0","tintindex":0}}},{"from":[2.7341547,5.0205984,10.192343],"to":[4.9687057,5.765449,16.895996],"rotation":{"angle":0.0,"axis":"y","origin":[4.223855,13.213953,7.5853667]},"faces":{"east":{"uv":[7.0,3.375,7.6875,3.4375],"rotation":0,"texture":"#0","tintindex":0},"south":{"uv":[4.0,7.875,4.25,7.9375],"rotation":0,"texture":"#0","tintindex":0},"north":{"uv":[7.875,3.875,8.125,3.9375],"rotation":0,"texture":"#0","tintindex":0},"west":{"uv":[7.0,3.5,7.6875,3.5625],"rotation":0,"texture":"#0","tintindex":0},"up":{"uv":[0.25,6.3125,0.0,5.625],"rotation":0,"texture":"#0","tintindex":0},"down":{"uv":[0.5,5.625,0.25,6.3125],"rotation":0,"texture":"#0","tintindex":0}}},{"from":[2.7341547,5.0205984,-0.60798645],"to":[4.9687057,5.765449,6.095666],"rotation":{"angle":0.0,"axis":"y","origin":[4.223855,13.213953,7.5853667]},"faces":{"east":{"uv":[7.0,4.0,7.6875,4.0625],"rotation":0,"texture":"#0","tintindex":0},"south":{"uv":[7.875,4.125,8.125,4.1875],"rotation":0,"texture":"#0","tintindex":0},"north":{"uv":[7.875,4.0,8.125,4.0625],"rotation":0,"texture":"#0","tintindex":0},"west":{"uv":[7.0,4.125,7.6875,4.1875],"rotation":0,"texture":"#0","tintindex":0},"up":{"uv":[0.75,6.3125,0.5,5.625],"rotation":0,"texture":"#0","tintindex":0},"down":{"uv":[1.0,5.625,0.75,6.3125],"rotation":0,"texture":"#0","tintindex":0}}},{"from":[2.7341547,5.0205984,6.095666],"to":[4.9687057,6.137874,6.468091],"rotation":{"angle":0.0,"axis":"y","origin":[4.223855,13.213953,7.5853667]},"faces":{"east":{"uv":[2.25,8.375,2.3125,8.5],"rotation":0,"texture":"#0","tintindex":0},"south":{"uv":[7.5,0.25,7.75,0.375],"rotation":0,"texture":"#0","tintindex":0},"north":{"uv":[0.25,7.5,0.5,7.625],"rotation":0,"texture":"#0","tintindex":0},"west":{"uv":[2.375,8.375,2.4375,8.5],"rotation":0,"texture":"#0","tintindex":0},"up":{"uv":[4.5,7.9375,4.25,7.875],"rotation":0,"texture":"#0","tintindex":0},"down":{"uv":[8.125,4.375,7.875,4.4375],"rotation":0,"texture":"#0","tintindex":0}}},{"from":[2.7341547,5.765449,1.6265645],"to":[4.9687057,6.510299,2.3714147],"rotation":{"angle":0.0,"axis":"y","origin":[4.223855,13.213953,7.5853667]},"faces":{"east":{"uv":[0.5,8.5,0.5625,8.5625],"rotation":0,"texture":"#0","tintindex":0},"south":{"uv":[7.875,4.625,8.125,4.6875],"rotation":0,"texture":"#0","tintindex":0},"north":{"uv":[7.875,4.5,8.125,4.5625],"rotation":0,"texture":"#0","tintindex":0},"west":{"uv":[8.5,0.5,8.5625,0.5625],"rotation":0,"texture":"#0","tintindex":0},"up":{"uv":[8.125,4.8125,7.875,4.75],"rotation":0,"texture":"#0","tintindex":0},"down":{"uv":[5.125,7.875,4.875,7.9375],"rotation":0,"texture":"#0","tintindex":0}}},{"from":[2.7341547,5.765449,12.799318],"to":[4.9687057,6.510299,13.544168],"rotation":{"angle":0.0,"axis":"y","origin":[4.223855,13.213953,7.5853667]},"faces":{"east":{"uv":[0.625,8.5,0.6875,8.5625],"rotation":0,"texture":"#0","tintindex":0},"south":{"uv":[7.875,5.0,8.125,5.0625],"rotation":0,"texture":"#0","tintindex":0},"north":{"uv":[7.875,4.875,8.125,4.9375],"rotation":0,"texture":"#0","tintindex":0},"west":{"uv":[8.5,0.625,8.5625,0.6875],"rotation":0,"texture":"#0","tintindex":0},"up":{"uv":[5.375,7.9375,5.125,7.875],"rotation":0,"texture":"#0","tintindex":0},"down":{"uv":[8.125,5.125,7.875,5.1875],"rotation":0,"texture":"#0","tintindex":0}}},{"from":[12.41721,5.0205984,10.192343],"to":[14.65176,5.765449,16.895996],"rotation":{"angle":0.0,"axis":"y","origin":[13.16206,13.213953,7.5853667]},"faces":{"east":{"uv":[7.6875,3.5,7.0,3.5625],"rotation":0,"texture":"#0","tintindex":0},"south":{"uv":[4.25,7.875,4.0,7.9375],"rotation":0,"texture":"#0","tintindex":0},"north":{"uv":[8.125,3.875,7.875,3.9375],"rotation":0,"texture":"#0","tintindex":0},"west":{"uv":[7.6875,3.375,7.0,3.4375],"rotation":0,"texture":"#0","tintindex":0},"up":{"uv":[0.0,6.3125,0.25,5.625],"rotation":0,"texture":"#0","tintindex":0},"down":{"uv":[0.25,5.625,0.5,6.3125],"rotation":0,"texture":"#0","tintindex":0}}},{"from":[12.41721,5.765449,12.799318],"to":[14.65176,6.510299,13.544168],"rotation":{"angle":0.0,"axis":"y","origin":[13.16206,13.213953,7.5853667]},"faces":{"east":{"uv":[8.5625,0.625,8.5,0.6875],"rotation":0,"texture":"#0","tintindex":0},"south":{"uv":[8.125,5.0,7.875,5.0625],"rotation":0,"texture":"#0","tintindex":0},"north":{"uv":[8.125,4.875,7.875,4.9375],"rotation":0,"texture":"#0","tintindex":0},"west":{"uv":[0.6875,8.5,0.625,8.5625],"rotation":0,"texture":"#0","tintindex":0},"up":{"uv":[5.125,7.9375,5.375,7.875],"rotation":0,"texture":"#0","tintindex":0},"down":{"uv":[7.875,5.125,8.125,5.1875],"rotation":0,"texture":"#0","tintindex":0}}},{"from":[12.41721,5.0205984,6.468091],"to":[14.65176,13.586378,9.819918],"rotation":{"angle":0.0,"axis":"y","origin":[13.16206,13.213953,7.5853667]},"faces":{"east":{"uv":[4.125,2.875,3.75,3.75],"rotation":0,"texture":"#0","tintindex":0},"south":{"uv":[5.25,3.75,5.0,4.625],"rotation":0,"texture":"#0","tintindex":0},"north":{"uv":[5.0,3.75,5.25,4.625],"rotation":0,"texture":"#0","tintindex":0},"west":{"uv":[4.125,2.8125,3.75,3.6875],"rotation":0,"texture":"#0","tintindex":0},"up":{"uv":[5.875,6.625,6.125,6.25],"rotation":0,"texture":"#0","tintindex":0},"down":{"uv":[6.125,6.25,6.375,6.625],"rotation":0,"texture":"#0","tintindex":0}}},{"from":[12.41721,6.510299,-1.3528366],"to":[13.534485,10.979402,16.895996],"rotation":{"angle":0.0,"axis":"y","origin":[13.16206,13.586378,7.5853667]},"faces":{"east":{"uv":[1.875,1.5,0.0,1.9375],"rotation":0,"texture":"#0","tintindex":0},"south":{"uv":[6.75,2.375,6.625,2.8125],"rotation":0,"texture":"#0","tintindex":0},"north":{"uv":[2.5,6.625,2.375,7.0625],"rotation":0,"texture":"#0","tintindex":0},"west":{"uv":[1.875,1.5,0.0,1.9375],"rotation":0,"texture":"#0","tintindex":0},"up":{"uv":[4.375,6.625,4.5,4.75],"rotation":0,"texture":"#0","tintindex":0},"down":{"uv":[4.5,4.75,4.625,6.625],"rotation":0,"texture":"#0","tintindex":0}}},{"from":[12.41721,10.979402,9.819918],"to":[13.16206,13.586378,16.895996],"rotation":{"angle":0.0,"axis":"y","origin":[13.16206,13.586378,7.5853667]},"faces":{"east":{"uv":[6.0,5.25,5.25,5.5],"rotation":0,"texture":"#0","tintindex":0},"south":{"uv":[3.5625,7.875,3.5,8.125],"rotation":0,"texture":"#0","tintindex":0},"north":{"uv":[2.0625,7.875,2.0,8.125],"rotation":0,"texture":"#0","tintindex":0},"west":{"uv":[6.0,5.25,5.25,5.5],"rotation":0,"texture":"#0","tintindex":0},"up":{"uv":[6.25,7.625,6.3125,6.875],"rotation":0,"texture":"#0","tintindex":0},"down":{"uv":[2.125,7.0,2.1875,7.75],"rotation":0,"texture":"#0","tintindex":0}}},{"from":[15.024185,11.724252,7.8088217],"to":[15.20295,12.469102,8.553672],"rotation":{"angle":0.0,"axis":"y","origin":[14.65176,12.096677,8.181247]},"faces":{"east":{"uv":[8.5625,0.25,8.5,0.3125],"rotation":0,"texture":"#0","tintindex":0},"south":{"uv":[0.3125,8.5,0.25,8.5625],"rotation":0,"texture":"#0","tintindex":0},"north":{"uv":[0.1875,8.5,0.125,8.5625],"rotation":0,"texture":"#0","tintindex":0},"west":{"uv":[8.5625,0.125,8.5,0.1875],"rotation":0,"texture":"#0","tintindex":0},"up":{"uv":[0.375,8.5625,0.4375,8.5],"rotation":0,"texture":"#0","tintindex":0},"down":{"uv":[8.5,0.375,8.5625,0.4375],"rotation":0,"texture":"#0","tintindex":0}}},{"from":[12.8393345,11.351827,7.4363966],"to":[15.024185,12.841528,8.926097],"rotation":{"angle":-45.0,"axis":"x","origin":[14.65176,12.096677,8.181247]},"faces":{"east":{"uv":[8.0,3.625,7.875,3.75],"rotation":0,"texture":"#0","tintindex":0},"south":{"uv":[1.8125,8.375,1.75,8.5],"rotation":0,"texture":"#0","tintindex":0},"north":{"uv":[1.6875,8.375,1.625,8.5],"rotation":0,"texture":"#0","tintindex":0},"west":{"uv":[3.75,7.875,3.625,8.0],"rotation":0,"texture":"#0","tintindex":0},"up":{"uv":[1.875,8.5,1.9375,8.375],"rotation":0,"texture":"#0","tintindex":0},"down":{"uv":[2.0,8.375,2.0625,8.5],"rotation":0,"texture":"#0","tintindex":0}}},{"from":[3.3764772,11.968969,7.642111],"to":[12.5556135,12.224384,8.720383],"rotation":{"angle":-45.0,"axis":"x","origin":[14.65176,12.096677,8.181247]},"faces":{"east":{"uv":[8.0,3.625,7.875,3.75],"rotation":0,"texture":"#0","tintindex":0},"south":{"uv":[1.8125,8.375,1.75,8.5],"rotation":0,"texture":"#0","tintindex":0},"north":{"uv":[1.6875,8.375,1.625,8.5],"rotation":0,"texture":"#0","tintindex":0},"west":{"uv":[3.75,7.875,3.625,8.0],"rotation":0,"texture":"#0","tintindex":0},"up":{"uv":[1.875,8.5,1.9375,8.375],"rotation":0,"texture":"#0","tintindex":0},"down":{"uv":[2.0,8.375,2.0625,8.5],"rotation":0,"texture":"#0","tintindex":0}}},{"from":[12.41721,10.979402,-1.3528366],"to":[13.16206,14.703653,6.468091],"rotation":{"angle":0.0,"axis":"y","origin":[13.16206,13.586378,7.5853667]},"faces":{"east":{"uv":[1.6875,4.5,0.875,4.875],"rotation":0,"texture":"#0","tintindex":0},"south":{"uv":[5.3125,7.5,5.25,7.875],"rotation":0,"texture":"#0","tintindex":0},"north":{"uv":[5.1875,7.5,5.125,7.875],"rotation":0,"texture":"#0","tintindex":0},"west":{"uv":[1.75,4.5,0.9375,4.875],"rotation":0,"texture":"#0","tintindex":0},"up":{"uv":[6.625,3.6875,6.6875,2.875],"rotation":0,"texture":"#0","tintindex":0},"down":{"uv":[3.0,6.625,3.0625,7.4375],"rotation":0,"texture":"#0","tintindex":0}}},{"from":[12.41721,5.765449,1.6265645],"to":[14.65176,6.510299,2.3714147],"rotation":{"angle":0.0,"axis":"y","origin":[13.16206,13.213953,7.5853667]},"faces":{"east":{"uv":[8.5625,0.5,8.5,0.5625],"rotation":0,"texture":"#0","tintindex":0},"south":{"uv":[8.125,4.625,7.875,4.6875],"rotation":0,"texture":"#0","tintindex":0},"north":{"uv":[8.125,4.5,7.875,4.5625],"rotation":0,"texture":"#0","tintindex":0},"west":{"uv":[0.5625,8.5,0.5,8.5625],"rotation":0,"texture":"#0","tintindex":0},"up":{"uv":[7.875,4.8125,8.125,4.75],"rotation":0,"texture":"#0","tintindex":0},"down":{"uv":[4.875,7.875,5.125,7.9375],"rotation":0,"texture":"#0","tintindex":0}}},{"from":[12.41721,5.0205984,-0.60798645],"to":[14.65176,5.765449,6.095666],"rotation":{"angle":0.0,"axis":"y","origin":[13.16206,13.213953,7.5853667]},"faces":{"east":{"uv":[7.6875,4.125,7.0,4.1875],"rotation":0,"texture":"#0","tintindex":0},"south":{"uv":[8.125,4.125,7.875,4.1875],"rotation":0,"texture":"#0","tintindex":0},"north":{"uv":[8.125,4.0,7.875,4.0625],"rotation":0,"texture":"#0","tintindex":0},"west":{"uv":[7.6875,4.0,7.0,4.0625],"rotation":0,"texture":"#0","tintindex":0},"up":{"uv":[0.5,6.3125,0.75,5.625],"rotation":0,"texture":"#0","tintindex":0},"down":{"uv":[0.75,5.625,1.0,6.3125],"rotation":0,"texture":"#0","tintindex":0}}},{"from":[12.41721,5.0205984,6.095666],"to":[14.65176,6.137874,6.468091],"rotation":{"angle":0.0,"axis":"y","origin":[13.16206,13.213953,7.5853667]},"faces":{"east":{"uv":[2.4375,8.375,2.375,8.5],"rotation":0,"texture":"#0","tintindex":0},"south":{"uv":[7.75,0.25,7.5,0.375],"rotation":0,"texture":"#0","tintindex":0},"north":{"uv":[0.5,7.5,0.25,7.625],"rotation":0,"texture":"#0","tintindex":0},"west":{"uv":[2.3125,8.375,2.25,8.5],"rotation":0,"texture":"#0","tintindex":0},"up":{"uv":[4.25,7.9375,4.5,7.875],"rotation":0,"texture":"#0","tintindex":0},"down":{"uv":[7.875,4.375,8.125,4.4375],"rotation":0,"texture":"#0","tintindex":0}}},{"from":[12.41721,5.0205984,9.819918],"to":[14.65176,6.137874,10.192343],"rotation":{"angle":0.0,"axis":"y","origin":[13.16206,13.213953,7.5853667]},"faces":{"east":{"uv":[2.1875,8.375,2.125,8.5],"rotation":0,"texture":"#0","tintindex":0},"south":{"uv":[7.75,0.125,7.5,0.25],"rotation":0,"texture":"#0","tintindex":0},"north":{"uv":[7.75,0.0,7.5,0.125],"rotation":0,"texture":"#0","tintindex":0},"west":{"uv":[8.4375,2.0,8.375,2.125],"rotation":0,"texture":"#0","tintindex":0},"up":{"uv":[3.75,7.9375,4.0,7.875],"rotation":0,"texture":"#0","tintindex":0},"down":{"uv":[7.875,3.75,8.125,3.8125],"rotation":0,"texture":"#0","tintindex":0}}},{"from":[4.9687057,5.0205984,-0.60798645],"to":[12.41721,5.3930235,1.6265645],"rotation":{"angle":0.0,"axis":"y","origin":[8.692957,2.4136224,7.5853667]},"faces":{"east":{"uv":[7.875,6.5,8.125,6.5625],"rotation":0,"texture":"#0","tintindex":0},"south":{"uv":[7.0,2.75,7.75,2.8125],"rotation":0,"texture":"#0","tintindex":0},"north":{"uv":[7.0,2.625,7.75,2.6875],"rotation":0,"texture":"#0","tintindex":0},"west":{"uv":[6.625,7.875,6.875,7.9375],"rotation":0,"texture":"#0","tintindex":0},"up":{"uv":[6.25,1.875,5.5,1.625],"rotation":0,"texture":"#0","tintindex":0},"down":{"uv":[6.25,1.625,5.5,1.875],"rotation":0,"texture":"#0","tintindex":0}}},{"from":[4.9687057,5.0205984,6.900585],"to":[12.41721,5.3930235,9.135136],"rotation":{"angle":0.0,"axis":"y","origin":[8.692957,2.4136224,7.5853667]},"faces":{"east":{"uv":[7.875,6.5,8.125,6.5625],"rotation":0,"texture":"#0","tintindex":0},"south":{"uv":[7.0,2.75,7.75,2.8125],"rotation":0,"texture":"#0","tintindex":0},"north":{"uv":[7.0,2.625,7.75,2.6875],"rotation":0,"texture":"#0","tintindex":0},"west":{"uv":[6.625,7.875,6.875,7.9375],"rotation":0,"texture":"#0","tintindex":0},"up":{"uv":[6.25,1.875,5.5,1.625],"rotation":0,"texture":"#0","tintindex":0},"down":{"uv":[6.25,1.625,5.5,1.875],"rotation":0,"texture":"#0","tintindex":0}}},{"from":[4.9687057,5.0205984,14.409157],"to":[12.41721,5.3930235,16.643707],"rotation":{"angle":0.0,"axis":"y","origin":[8.692957,2.4136224,7.5853667]},"faces":{"east":{"uv":[7.875,6.5,8.125,6.5625],"rotation":0,"texture":"#0","tintindex":0},"south":{"uv":[7.0,2.75,7.75,2.8125],"rotation":0,"texture":"#0","tintindex":0},"north":{"uv":[7.0,2.625,7.75,2.6875],"rotation":0,"texture":"#0","tintindex":0},"west":{"uv":[6.625,7.875,6.875,7.9375],"rotation":0,"texture":"#0","tintindex":0},"up":{"uv":[6.25,1.875,5.5,1.625],"rotation":0,"texture":"#0","tintindex":0},"down":{"uv":[6.25,1.625,5.5,1.875],"rotation":0,"texture":"#0","tintindex":0}}},{"from":[8.320532,5.3930235,-0.60798645],"to":[9.065382,8.0,16.523571],"rotation":{"angle":0.0,"axis":"y","origin":[4.223855,13.586378,7.5853667]},"faces":{"east":{"uv":[3.25,0.0,5.0625,0.25],"rotation":0,"texture":"#0","tintindex":0},"south":{"uv":[6.875,7.875,6.9375,8.125],"rotation":0,"texture":"#0","tintindex":0},"north":{"uv":[7.875,6.625,7.9375,6.875],"rotation":0,"texture":"#0","tintindex":0},"west":{"uv":[3.25,0.0,5.0625,0.25],"rotation":0,"texture":"#0","tintindex":0},"up":{"uv":[2.6875,6.9375,2.625,5.125],"rotation":0,"texture":"#0","tintindex":0},"down":{"uv":[1.5625,6.125,1.5,7.9375],"rotation":0,"texture":"#0","tintindex":0}}},{"from":[4.9687057,6.510299,-1.3528366],"to":[12.489291,8.0,-0.60798645],"rotation":{"angle":0.0,"axis":"y","origin":[4.223855,13.586378,7.5853667]},"faces":{"east":{"uv":[8.375,2.375,8.4375,2.5],"rotation":0,"texture":"#0","tintindex":0},"south":{"uv":[5.125,0.375,5.9375,0.5],"rotation":0,"texture":"#0","tintindex":0},"north":{"uv":[5.125,0.375,5.9375,0.5],"rotation":0,"texture":"#0","tintindex":0},"west":{"uv":[2.5,8.375,2.5625,8.5],"rotation":0,"texture":"#0","tintindex":0},"up":{"uv":[7.4375,4.6875,6.625,4.625],"rotation":0,"texture":"#0","tintindex":0},"down":{"uv":[7.4375,4.75,6.625,4.8125],"rotation":0,"texture":"#0","tintindex":0}}},{"from":[4.9687057,6.510299,16.523571],"to":[12.789634,8.0,17.268421],"rotation":{"angle":0.0,"axis":"y","origin":[4.223855,13.586378,7.5853667]},"faces":{"east":{"uv":[8.375,2.5,8.4375,2.625],"rotation":0,"texture":"#0","tintindex":0},"south":{"uv":[5.125,0.375,5.9375,0.5],"rotation":0,"texture":"#0","tintindex":0},"north":{"uv":[5.125,0.375,5.9375,0.5],"rotation":0,"texture":"#0","tintindex":0},"west":{"uv":[2.625,8.375,2.6875,8.5],"rotation":0,"texture":"#0","tintindex":0},"up":{"uv":[7.4375,4.6875,6.625,4.625],"rotation":0,"texture":"#0","tintindex":0},"down":{"uv":[7.4375,5.0,6.625,5.0625],"rotation":0,"texture":"#0","tintindex":0}}}],"display":{"head":{"translation":[0.0,-6.4,0.0],"scale":[4.0,4.0,4.0]}}}