{"textures":{"0":"minecraft:modelengine/entity/artillery_default"},"elements":[{"from":[8.1828575,8.0,7.1771426],"to":[9.828571,9.645715,8.822857],"rotation":{"angle":0.0,"axis":"y","origin":[9.005714,8.0,8.0]},"faces":{"east":{"uv":[0.0,0.0,0.25,0.25],"rotation":0,"texture":"#0","tintindex":0},"south":{"uv":[0.0,0.0,0.25,0.25],"rotation":0,"texture":"#0","tintindex":0},"north":{"uv":[0.0,0.0,0.25,0.25],"rotation":0,"texture":"#0","tintindex":0},"west":{"uv":[0.0,0.0,0.25,0.25],"rotation":0,"texture":"#0","tintindex":0},"up":{"uv":[0.0,0.0,0.25,0.25],"rotation":0,"texture":"#0","tintindex":0},"down":{"uv":[0.0,0.0,0.25,0.25],"rotation":0,"texture":"#0","tintindex":0}}}],"display":{"head":{"translation":[0.0,-6.4,0.0],"scale":[4.0,4.0,4.0]}}}