{"textures":{"0":"minecraft:modelengine/entity/artillery_default"},"elements":[{"from":[7.5214796,5.8276567,5.8353434],"to":[8.607651,8.0,6.921515],"rotation":{"angle":0.0,"axis":"y","origin":[8.064566,-6.663316,9.093858]},"faces":{"east":{"uv":[1.625,6.125,1.75,6.375],"rotation":0,"texture":"#0","tintindex":0},"south":{"uv":[2.25,6.125,2.375,6.375],"rotation":0,"texture":"#0","tintindex":0},"north":{"uv":[4.875,5.125,5.0,5.375],"rotation":0,"texture":"#0","tintindex":0},"west":{"uv":[2.375,7.125,2.5,7.375],"rotation":0,"texture":"#0","tintindex":0},"up":{"uv":[3.375,1.375,3.25,1.25],"rotation":0,"texture":"#0","tintindex":0},"down":{"uv":[3.875,1.125,3.75,1.25],"rotation":0,"texture":"#0","tintindex":0}}},{"from":[5.8922224,6.370743,6.921515],"to":[10.236908,11.8016,11.266201],"rotation":{"angle":0.0,"axis":"y","origin":[8.064566,-6.663316,9.093858]},"faces":{"east":{"uv":[4.625,1.75,4.125,2.375],"rotation":0,"texture":"#0","tintindex":0},"south":{"uv":[4.0,3.75,4.5,4.375],"rotation":0,"texture":"#0","tintindex":0},"north":{"uv":[3.875,1.125,4.375,1.75],"rotation":0,"texture":"#0","tintindex":0},"west":{"uv":[4.125,1.75,4.625,2.375],"rotation":0,"texture":"#0","tintindex":0},"up":{"uv":[4.25,5.25,3.75,4.75],"rotation":0,"texture":"#0","tintindex":0},"down":{"uv":[0.5,4.875,0.0,5.375],"rotation":0,"texture":"#0","tintindex":0}}}],"display":{"head":{"translation":[0.0,-6.4,0.0],"scale":[4.0,4.0,4.0]}}}