{"textures":{"0":"minecraft:modelengine/entity/artillery_default"},"elements":[{"from":[9.536887,8.615932,5.005042],"to":[14.424659,8.887476,9.892814],"rotation":{"angle":0.0,"axis":"y","origin":[17.954716,-9.577438,7.448928]},"faces":{"east":{"uv":[7.0,6.0,7.5625,6.0625],"rotation":0,"texture":"#0","tintindex":0},"south":{"uv":[7.0,6.125,7.5625,6.1875],"rotation":0,"texture":"#0","tintindex":0},"north":{"uv":[7.0,5.875,7.5625,5.9375],"rotation":0,"texture":"#0","tintindex":0},"west":{"uv":[7.0,6.25,7.5625,6.3125],"rotation":0,"texture":"#0","tintindex":0},"up":{"uv":[4.3125,1.0625,3.75,0.5],"rotation":0,"texture":"#0","tintindex":0},"down":{"uv":[3.9375,3.75,3.375,4.3125],"rotation":0,"texture":"#0","tintindex":0}}},{"from":[10.079973,8.615932,9.892814],"to":[13.881574,8.887476,10.164356],"rotation":{"angle":0.0,"axis":"y","origin":[17.954716,-9.577438,7.448928]},"faces":{"east":{"uv":[2.75,8.375,2.8125,8.4375],"rotation":0,"texture":"#0","tintindex":0},"south":{"uv":[7.5,0.5,7.9375,0.5625],"rotation":0,"texture":"#0","tintindex":0},"north":{"uv":[7.5,0.375,7.9375,0.4375],"rotation":0,"texture":"#0","tintindex":0},"west":{"uv":[2.875,8.375,2.9375,8.4375],"rotation":0,"texture":"#0","tintindex":0},"up":{"uv":[7.9375,0.6875,7.5,0.625],"rotation":0,"texture":"#0","tintindex":0},"down":{"uv":[1.1875,7.5,0.75,7.5625],"rotation":0,"texture":"#0","tintindex":0}}},{"from":[9.808431,8.887476,6.091213],"to":[14.153116,9.430561,9.892814],"rotation":{"angle":0.0,"axis":"y","origin":[17.954716,-9.577438,7.448928]},"faces":{"east":{"uv":[6.375,7.0,6.9375,7.0625],"rotation":0,"texture":"#0","tintindex":0},"south":{"uv":[7.125,5.375,7.625,5.4375],"rotation":0,"texture":"#0","tintindex":0},"north":{"uv":[7.125,4.5,7.625,4.5625],"rotation":0,"texture":"#0","tintindex":0},"west":{"uv":[7.0,6.375,7.5625,6.4375],"rotation":0,"texture":"#0","tintindex":0},"up":{"uv":[2.75,5.0625,2.25,4.5],"rotation":0,"texture":"#0","tintindex":0},"down":{"uv":[5.0,3.75,4.5,4.3125],"rotation":0,"texture":"#0","tintindex":0}}},{"from":[9.536887,6.4435897,5.005042],"to":[9.808431,8.615932,9.892814],"rotation":{"angle":0.0,"axis":"y","origin":[17.954716,-9.577438,7.448928]},"faces":{"east":{"uv":[5.625,5.5,6.1875,5.75],"rotation":0,"texture":"#0","tintindex":0},"south":{"uv":[7.625,3.75,7.6875,4.0],"rotation":0,"texture":"#0","tintindex":0},"north":{"uv":[3.625,7.625,3.6875,7.875],"rotation":0,"texture":"#0","tintindex":0},"west":{"uv":[5.75,1.875,6.3125,2.125],"rotation":0,"texture":"#0","tintindex":0},"up":{"uv":[2.3125,7.5625,2.25,7.0],"rotation":0,"texture":"#0","tintindex":0},"down":{"uv":[2.6875,7.0,2.625,7.5625],"rotation":0,"texture":"#0","tintindex":0}}},{"from":[9.265345,6.9866753,5.2765846],"to":[9.536887,8.615932,9.892814],"rotation":{"angle":0.0,"axis":"y","origin":[17.954716,-9.577438,7.448928]},"faces":{"east":{"uv":[6.125,6.0,6.6875,6.1875],"rotation":0,"texture":"#0","tintindex":0},"south":{"uv":[7.0,7.875,7.0625,8.0625],"rotation":0,"texture":"#0","tintindex":0},"north":{"uv":[7.875,6.875,7.9375,7.0625],"rotation":0,"texture":"#0","tintindex":0},"west":{"uv":[6.25,1.125,6.8125,1.3125],"rotation":0,"texture":"#0","tintindex":0},"up":{"uv":[4.1875,7.5625,4.125,7.0],"rotation":0,"texture":"#0","tintindex":0},"down":{"uv":[7.0625,7.0,7.0,7.5625],"rotation":0,"texture":"#0","tintindex":0}}},{"from":[14.424659,6.9866753,5.2765846],"to":[14.696202,8.615932,9.892814],"rotation":{"angle":0.0,"axis":"y","origin":[17.954716,-9.577438,7.448928]},"faces":{"east":{"uv":[6.25,1.375,6.8125,1.5625],"rotation":0,"texture":"#0","tintindex":0},"south":{"uv":[7.875,7.125,7.9375,7.3125],"rotation":0,"texture":"#0","tintindex":0},"north":{"uv":[7.125,7.875,7.1875,8.0625],"rotation":0,"texture":"#0","tintindex":0},"west":{"uv":[6.25,1.625,6.8125,1.8125],"rotation":0,"texture":"#0","tintindex":0},"up":{"uv":[7.1875,0.5625,7.125,0.0],"rotation":0,"texture":"#0","tintindex":0},"down":{"uv":[0.5625,7.125,0.5,7.6875],"rotation":0,"texture":"#0","tintindex":0}}},{"from":[14.424659,8.615932,7.448928],"to":[14.696202,8.887476,9.892814],"rotation":{"angle":0.0,"axis":"y","origin":[17.954716,-9.577438,7.448928]},"faces":{"east":{"uv":[7.5,3.625,7.8125,3.6875],"rotation":0,"texture":"#0","tintindex":0},"south":{"uv":[3.0,8.375,3.0625,8.4375],"rotation":0,"texture":"#0","tintindex":0},"north":{"uv":[8.375,2.875,8.4375,2.9375],"rotation":0,"texture":"#0","tintindex":0},"west":{"uv":[7.5,4.875,7.8125,4.9375],"rotation":0,"texture":"#0","tintindex":0},"up":{"uv":[5.4375,7.8125,5.375,7.5],"rotation":0,"texture":"#0","tintindex":0},"down":{"uv":[5.5625,7.5,5.5,7.8125],"rotation":0,"texture":"#0","tintindex":0}}},{"from":[9.265345,8.615932,7.448928],"to":[9.536887,8.887476,9.892814],"rotation":{"angle":0.0,"axis":"y","origin":[17.954716,-9.577438,7.448928]},"faces":{"east":{"uv":[7.5,5.0,7.8125,5.0625],"rotation":0,"texture":"#0","tintindex":0},"south":{"uv":[3.125,8.375,3.1875,8.4375],"rotation":0,"texture":"#0","tintindex":0},"north":{"uv":[8.375,3.0,8.4375,3.0625],"rotation":0,"texture":"#0","tintindex":0},"west":{"uv":[5.625,7.5,5.9375,7.5625],"rotation":0,"texture":"#0","tintindex":0},"up":{"uv":[6.0625,7.8125,6.0,7.5],"rotation":0,"texture":"#0","tintindex":0},"down":{"uv":[6.1875,7.5,6.125,7.8125],"rotation":0,"texture":"#0","tintindex":0}}},{"from":[9.265345,6.7151327,7.448928],"to":[9.536887,6.9866753,9.892814],"rotation":{"angle":0.0,"axis":"y","origin":[17.954716,-9.577438,7.448928]},"faces":{"east":{"uv":[7.5,5.625,7.8125,5.6875],"rotation":0,"texture":"#0","tintindex":0},"south":{"uv":[3.375,8.375,3.4375,8.4375],"rotation":0,"texture":"#0","tintindex":0},"north":{"uv":[3.25,8.375,3.3125,8.4375],"rotation":0,"texture":"#0","tintindex":0},"west":{"uv":[7.5,5.75,7.8125,5.8125],"rotation":0,"texture":"#0","tintindex":0},"up":{"uv":[6.4375,7.8125,6.375,7.5],"rotation":0,"texture":"#0","tintindex":0},"down":{"uv":[6.5625,7.5,6.5,7.8125],"rotation":0,"texture":"#0","tintindex":0}}},{"from":[14.153116,8.887476,7.448928],"to":[14.424659,9.430561,9.892814],"rotation":{"angle":0.0,"axis":"y","origin":[17.954716,-9.577438,7.448928]},"faces":{"east":{"uv":[7.125,7.5,7.4375,7.5625],"rotation":0,"texture":"#0","tintindex":0},"south":{"uv":[3.5,8.375,3.5625,8.4375],"rotation":0,"texture":"#0","tintindex":0},"north":{"uv":[8.375,3.375,8.4375,3.4375],"rotation":0,"texture":"#0","tintindex":0},"west":{"uv":[7.5,7.5,7.8125,7.5625],"rotation":0,"texture":"#0","tintindex":0},"up":{"uv":[6.6875,7.8125,6.625,7.5],"rotation":0,"texture":"#0","tintindex":0},"down":{"uv":[6.8125,7.5,6.75,7.8125],"rotation":0,"texture":"#0","tintindex":0}}},{"from":[9.536887,8.887476,7.448928],"to":[9.808431,9.430561,9.892814],"rotation":{"angle":0.0,"axis":"y","origin":[17.954716,-9.577438,7.448928]},"faces":{"east":{"uv":[0.0,7.625,0.3125,7.6875],"rotation":0,"texture":"#0","tintindex":0},"south":{"uv":[3.75,8.375,3.8125,8.4375],"rotation":0,"texture":"#0","tintindex":0},"north":{"uv":[3.625,8.375,3.6875,8.4375],"rotation":0,"texture":"#0","tintindex":0},"west":{"uv":[0.75,7.625,1.0625,7.6875],"rotation":0,"texture":"#0","tintindex":0},"up":{"uv":[0.4375,7.9375,0.375,7.625],"rotation":0,"texture":"#0","tintindex":0},"down":{"uv":[7.6875,1.0,7.625,1.3125],"rotation":0,"texture":"#0","tintindex":0}}},{"from":[9.536887,6.172047,7.448928],"to":[9.808431,6.4435897,9.892814],"rotation":{"angle":0.0,"axis":"y","origin":[17.954716,-9.577438,7.448928]},"faces":{"east":{"uv":[7.625,1.375,7.9375,1.4375],"rotation":0,"texture":"#0","tintindex":0},"south":{"uv":[3.875,8.375,3.9375,8.4375],"rotation":0,"texture":"#0","tintindex":0},"north":{"uv":[8.375,3.75,8.4375,3.8125],"rotation":0,"texture":"#0","tintindex":0},"west":{"uv":[7.625,1.5,7.9375,1.5625],"rotation":0,"texture":"#0","tintindex":0},"up":{"uv":[1.1875,7.9375,1.125,7.625],"rotation":0,"texture":"#0","tintindex":0},"down":{"uv":[1.6875,7.625,1.625,7.9375],"rotation":0,"texture":"#0","tintindex":0}}},{"from":[14.153116,6.172047,7.448928],"to":[14.424659,6.4435897,9.892814],"rotation":{"angle":0.0,"axis":"y","origin":[17.954716,-9.577438,7.448928]},"faces":{"east":{"uv":[7.625,1.625,7.9375,1.6875],"rotation":0,"texture":"#0","tintindex":0},"south":{"uv":[4.0,8.375,4.0625,8.4375],"rotation":0,"texture":"#0","tintindex":0},"north":{"uv":[8.375,3.875,8.4375,3.9375],"rotation":0,"texture":"#0","tintindex":0},"west":{"uv":[7.625,1.75,7.9375,1.8125],"rotation":0,"texture":"#0","tintindex":0},"up":{"uv":[1.8125,7.9375,1.75,7.625],"rotation":0,"texture":"#0","tintindex":0},"down":{"uv":[7.6875,1.875,7.625,2.1875],"rotation":0,"texture":"#0","tintindex":0}}},{"from":[14.153116,6.4435897,5.005042],"to":[14.424659,8.615932,9.892814],"rotation":{"angle":0.0,"axis":"y","origin":[17.954716,-9.577438,7.448928]},"faces":{"east":{"uv":[5.75,2.125,6.3125,2.375],"rotation":0,"texture":"#0","tintindex":0},"south":{"uv":[4.125,7.625,4.1875,7.875],"rotation":0,"texture":"#0","tintindex":0},"north":{"uv":[4.0,7.625,4.0625,7.875],"rotation":0,"texture":"#0","tintindex":0},"west":{"uv":[5.625,5.75,6.1875,6.0],"rotation":0,"texture":"#0","tintindex":0},"up":{"uv":[0.6875,7.6875,0.625,7.125],"rotation":0,"texture":"#0","tintindex":0},"down":{"uv":[7.1875,0.625,7.125,1.1875],"rotation":0,"texture":"#0","tintindex":0}}},{"from":[9.808431,5.900504,9.621271],"to":[14.153116,8.615932,10.164356],"rotation":{"angle":0.0,"axis":"y","origin":[17.954716,-9.577438,7.448928]},"faces":{"east":{"uv":[2.25,7.625,2.3125,7.9375],"rotation":0,"texture":"#0","tintindex":0},"south":{"uv":[5.625,0.0,6.125,0.3125],"rotation":0,"texture":"#0","tintindex":0},"north":{"uv":[5.5,4.0,6.0,4.3125],"rotation":0,"texture":"#0","tintindex":0},"west":{"uv":[2.375,7.625,2.4375,7.9375],"rotation":0,"texture":"#0","tintindex":0},"up":{"uv":[6.0,7.1875,5.5,7.125],"rotation":0,"texture":"#0","tintindex":0},"down":{"uv":[7.625,5.5,7.125,5.5625],"rotation":0,"texture":"#0","tintindex":0}}},{"from":[9.808431,6.9866753,4.733499],"to":[14.153116,8.615932,5.5481277],"rotation":{"angle":0.0,"axis":"y","origin":[17.954716,-9.577438,7.448928]},"faces":{"east":{"uv":[4.0,7.125,4.125,7.375],"rotation":0,"texture":"#0","tintindex":0},"south":{"uv":[1.0,5.875,1.5,6.125],"rotation":0,"texture":"#0","tintindex":0},"north":{"uv":[1.0,5.625,1.5,5.875],"rotation":0,"texture":"#0","tintindex":0},"west":{"uv":[6.0,7.125,6.125,7.375],"rotation":0,"texture":"#0","tintindex":0},"up":{"uv":[5.75,2.375,5.25,2.25],"rotation":0,"texture":"#0","tintindex":0},"down":{"uv":[6.0,4.375,5.5,4.5],"rotation":0,"texture":"#0","tintindex":0}}},{"from":[10.079973,8.887476,5.005042],"to":[13.881574,9.1590185,6.091213],"rotation":{"angle":0.0,"axis":"y","origin":[17.954716,-9.577438,7.448928]},"faces":{"east":{"uv":[8.25,4.25,8.375,4.3125],"rotation":0,"texture":"#0","tintindex":0},"south":{"uv":[7.5,0.875,7.9375,0.9375],"rotation":0,"texture":"#0","tintindex":0},"north":{"uv":[7.5,0.75,7.9375,0.8125],"rotation":0,"texture":"#0","tintindex":0},"west":{"uv":[4.625,8.25,4.75,8.3125],"rotation":0,"texture":"#0","tintindex":0},"up":{"uv":[6.9375,6.0,6.5,5.875],"rotation":0,"texture":"#0","tintindex":0},"down":{"uv":[2.3125,6.625,1.875,6.75],"rotation":0,"texture":"#0","tintindex":0}}}],"display":{"head":{"translation":[0.0,-6.4,0.0],"scale":[4.0,4.0,4.0]}}}