{"textures":{"0":"minecraft:modelengine/entity/artillery_default"},"elements":[{"from":[9.928228,6.226121,4.863611],"to":[12.100572,8.534235,9.072526],"rotation":{"angle":-45.0,"axis":"x","origin":[10.471314,7.312292,8.800982]},"faces":{"east":{"uv":[6.0,4.0,6.5,4.25],"rotation":0,"texture":"#0","tintindex":0},"south":{"uv":[1.25,6.375,1.5,6.625],"rotation":0,"texture":"#0","tintindex":0},"north":{"uv":[4.375,1.5,4.625,1.75],"rotation":0,"texture":"#0","tintindex":0},"west":{"uv":[6.0,4.25,6.5,4.5],"rotation":0,"texture":"#0","tintindex":0},"up":{"uv":[6.25,5.0,6.0,4.5],"rotation":0,"texture":"#0","tintindex":0},"down":{"uv":[6.25,5.0,6.0,5.5],"rotation":0,"texture":"#0","tintindex":0}}}],"display":{"head":{"translation":[0.0,-6.4,0.0],"scale":[4.0,4.0,4.0]}}}