{"textures":{"0":"minecraft:modelengine/entity/artillery_default"},"elements":[{"from":[10.742857,1.7874284,6.9138284],"to":[12.9152,8.304457,9.086171],"rotation":{"angle":0.0,"axis":"y","origin":[11.829029,8.304457,8.0]},"faces":{"east":{"uv":[3.75,5.25,4.0,6.0],"rotation":0,"texture":"#0","tintindex":0},"south":{"uv":[5.25,3.75,5.5,4.5],"rotation":0,"texture":"#0","tintindex":0},"north":{"uv":[5.25,1.125,5.5,1.875],"rotation":0,"texture":"#0","tintindex":0},"west":{"uv":[4.0,5.25,4.25,6.0],"rotation":0,"texture":"#0","tintindex":0},"up":{"uv":[5.125,6.75,4.875,6.5],"rotation":0,"texture":"#0","tintindex":0},"down":{"uv":[5.375,6.5,5.125,6.75],"rotation":0,"texture":"#0","tintindex":0}}}],"display":{"head":{"translation":[0.0,-6.4,0.0],"scale":[4.0,4.0,4.0]}}}