{"textures":{"0":"minecraft:modelengine/entity/artillery_default"},"elements":[{"from":[10.471314,1.7874284,6.9138284],"to":[12.643658,8.304457,9.086171],"rotation":{"angle":0.0,"axis":"y","origin":[11.557486,8.304457,8.0]},"faces":{"east":{"uv":[2.125,5.125,2.375,5.875],"rotation":0,"texture":"#0","tintindex":0},"south":{"uv":[2.375,5.125,2.625,5.875],"rotation":0,"texture":"#0","tintindex":0},"north":{"uv":[5.0,4.625,5.25,5.375],"rotation":0,"texture":"#0","tintindex":0},"west":{"uv":[4.625,5.125,4.875,5.875],"rotation":0,"texture":"#0","tintindex":0},"up":{"uv":[6.75,4.25,6.5,4.0],"rotation":0,"texture":"#0","tintindex":0},"down":{"uv":[6.75,4.25,6.5,4.5],"rotation":0,"texture":"#0","tintindex":0}}}],"display":{"head":{"translation":[0.0,-6.4,0.0],"scale":[4.0,4.0,4.0]}}}