{"textures":{"0":"minecraft:modelengine/entity/artillery_default"},"elements":[{"from":[4.3307185,8.116056,3.1384554],"to":[5.4450145,9.0784025,17.844097],"rotation":{"angle":0.0,"axis":"y","origin":[2.7731233,4.663972,8.94842]},"faces":{"east":{"uv":[4.125,2.375,6.625,2.5],"rotation":0,"texture":"#0","tintindex":0},"south":{"uv":[5.125,5.375,5.25,5.5],"rotation":0,"texture":"#0","tintindex":0},"north":{"uv":[2.125,5.0,2.25,5.125],"rotation":0,"texture":"#0","tintindex":0},"west":{"uv":[4.125,2.5,6.625,2.625],"rotation":0,"texture":"#0","tintindex":0},"up":{"uv":[2.875,6.375,2.75,3.875],"rotation":0,"texture":"#0","tintindex":0},"down":{"uv":[3.0,4.125,2.875,6.625],"rotation":0,"texture":"#0","tintindex":0}}},{"from":[5.4450145,8.597229,3.1384554],"to":[7.673607,9.559576,17.844097],"rotation":{"angle":0.0,"axis":"y","origin":[4.4445677,-3.9971476,8.94842]},"faces":{"east":{"uv":[4.125,2.75,6.625,2.875],"rotation":0,"texture":"#0","tintindex":0},"south":{"uv":[3.75,7.0,4.0625,7.125],"rotation":0,"texture":"#0","tintindex":0},"north":{"uv":[4.625,2.25,4.9375,2.375],"rotation":0,"texture":"#0","tintindex":0},"west":{"uv":[4.125,2.75,6.625,2.875],"rotation":0,"texture":"#0","tintindex":0},"up":{"uv":[2.1875,2.5,1.875,0.0],"rotation":0,"texture":"#0","tintindex":0},"down":{"uv":[0.3125,2.0,0.0,4.5],"rotation":0,"texture":"#0","tintindex":0}}},{"from":[5.650729,8.597229,-0.3586874],"to":[7.4678926,9.353862,3.2383828],"rotation":{"angle":0.0,"axis":"y","origin":[4.4445677,-3.9971476,8.94842]},"faces":{"east":{"uv":[4.125,2.75,6.625,2.875],"rotation":0,"texture":"#0","tintindex":0},"south":{"uv":[3.75,7.0,4.0625,7.125],"rotation":0,"texture":"#0","tintindex":0},"north":{"uv":[4.625,2.25,4.9375,2.375],"rotation":0,"texture":"#0","tintindex":0},"west":{"uv":[4.125,2.75,6.625,2.875],"rotation":0,"texture":"#0","tintindex":0},"up":{"uv":[2.1875,2.5,1.875,0.0],"rotation":0,"texture":"#0","tintindex":0},"down":{"uv":[0.3125,2.0,0.0,4.5],"rotation":0,"texture":"#0","tintindex":0}}},{"from":[5.906637,9.52747,15.913313],"to":[6.2887383,9.825359,17.463528],"rotation":{"angle":0.0,"axis":"y","origin":[4.4445677,-3.9971476,8.94842]},"faces":{"east":{"uv":[4.125,2.75,6.625,2.875],"rotation":0,"texture":"#0","tintindex":0},"south":{"uv":[3.75,7.0,4.0625,7.125],"rotation":0,"texture":"#0","tintindex":0},"north":{"uv":[4.625,2.25,4.9375,2.375],"rotation":0,"texture":"#0","tintindex":0},"west":{"uv":[4.125,2.75,6.625,2.875],"rotation":0,"texture":"#0","tintindex":0},"up":{"uv":[2.1875,2.5,1.875,0.0],"rotation":0,"texture":"#0","tintindex":0},"down":{"uv":[0.3125,2.0,0.0,4.5],"rotation":0,"texture":"#0","tintindex":0}}},{"from":[6.829883,9.52747,15.913313],"to":[7.2119837,9.825359,17.463528],"rotation":{"angle":0.0,"axis":"y","origin":[4.4445677,-3.9971476,8.94842]},"faces":{"east":{"uv":[4.125,2.75,6.625,2.875],"rotation":0,"texture":"#0","tintindex":0},"south":{"uv":[3.75,7.0,4.0625,7.125],"rotation":0,"texture":"#0","tintindex":0},"north":{"uv":[4.625,2.25,4.9375,2.375],"rotation":0,"texture":"#0","tintindex":0},"west":{"uv":[4.125,2.75,6.625,2.875],"rotation":0,"texture":"#0","tintindex":0},"up":{"uv":[2.1875,2.5,1.875,0.0],"rotation":0,"texture":"#0","tintindex":0},"down":{"uv":[0.3125,2.0,0.0,4.5],"rotation":0,"texture":"#0","tintindex":0}}},{"from":[6.214386,9.52747,17.137314],"to":[6.9042354,9.825359,17.463528],"rotation":{"angle":0.0,"axis":"y","origin":[4.4445677,-3.9971476,8.94842]},"faces":{"east":{"uv":[4.125,2.75,6.625,2.875],"rotation":0,"texture":"#0","tintindex":0},"south":{"uv":[3.75,7.0,4.0625,7.125],"rotation":0,"texture":"#0","tintindex":0},"north":{"uv":[4.625,2.25,4.9375,2.375],"rotation":0,"texture":"#0","tintindex":0},"west":{"uv":[4.125,2.75,6.625,2.875],"rotation":0,"texture":"#0","tintindex":0},"up":{"uv":[2.1875,2.5,1.875,0.0],"rotation":0,"texture":"#0","tintindex":0},"down":{"uv":[0.3125,2.0,0.0,4.5],"rotation":0,"texture":"#0","tintindex":0}}},{"from":[6.214386,9.52747,15.913313],"to":[6.9042354,9.825359,16.239527],"rotation":{"angle":0.0,"axis":"y","origin":[4.4445677,-3.9971476,8.94842]},"faces":{"east":{"uv":[4.125,2.75,6.625,2.875],"rotation":0,"texture":"#0","tintindex":0},"south":{"uv":[3.75,7.0,4.0625,7.125],"rotation":0,"texture":"#0","tintindex":0},"north":{"uv":[4.625,2.25,4.9375,2.375],"rotation":0,"texture":"#0","tintindex":0},"west":{"uv":[4.125,2.75,6.625,2.875],"rotation":0,"texture":"#0","tintindex":0},"up":{"uv":[2.1875,2.5,1.875,0.0],"rotation":0,"texture":"#0","tintindex":0},"down":{"uv":[0.3125,2.0,0.0,4.5],"rotation":0,"texture":"#0","tintindex":0}}},{"from":[5.4450145,4.7478433,3.1384554],"to":[7.673607,5.71019,17.844097],"rotation":{"angle":0.0,"axis":"y","origin":[4.4445677,-3.9971476,8.94842]},"faces":{"east":{"uv":[4.125,2.875,6.625,3.0],"rotation":0,"texture":"#0","tintindex":0},"south":{"uv":[7.0,4.375,7.3125,4.5],"rotation":0,"texture":"#0","tintindex":0},"north":{"uv":[7.0,4.25,7.3125,4.375],"rotation":0,"texture":"#0","tintindex":0},"west":{"uv":[4.125,3.0,6.625,3.125],"rotation":0,"texture":"#0","tintindex":0},"up":{"uv":[0.6875,4.5,0.375,2.0],"rotation":0,"texture":"#0","tintindex":0},"down":{"uv":[2.1875,0.0,1.875,2.5],"rotation":0,"texture":"#0","tintindex":0}}},{"from":[7.898263,6.0904717,3.1384554],"to":[9.452886,8.216948,17.844097],"rotation":{"angle":0.0,"axis":"y","origin":[8.470411,3.2204523,8.94842]},"faces":{"east":{"uv":[4.125,3.125,6.625,3.25],"rotation":0,"texture":"#0","tintindex":0},"south":{"uv":[5.125,7.0,5.4375,7.125],"rotation":0,"texture":"#0","tintindex":0},"north":{"uv":[4.75,7.0,5.0625,7.125],"rotation":0,"texture":"#0","tintindex":0},"west":{"uv":[4.125,3.25,6.625,3.375],"rotation":0,"texture":"#0","tintindex":0},"up":{"uv":[1.4375,4.5,1.125,2.0],"rotation":0,"texture":"#0","tintindex":0},"down":{"uv":[2.1875,2.5,1.875,5.0],"rotation":0,"texture":"#0","tintindex":0}}},{"from":[3.854447,6.0904717,3.1384554],"to":[5.4090695,8.216948,17.844097],"rotation":{"angle":0.0,"axis":"y","origin":[8.470411,3.2204523,8.94842]},"faces":{"east":{"uv":[4.125,3.125,6.625,3.25],"rotation":0,"texture":"#0","tintindex":0},"south":{"uv":[5.125,7.0,5.4375,7.125],"rotation":0,"texture":"#0","tintindex":0},"north":{"uv":[4.75,7.0,5.0625,7.125],"rotation":0,"texture":"#0","tintindex":0},"west":{"uv":[4.125,3.25,6.625,3.375],"rotation":0,"texture":"#0","tintindex":0},"up":{"uv":[1.4375,4.5,1.125,2.0],"rotation":0,"texture":"#0","tintindex":0},"down":{"uv":[2.1875,2.5,1.875,5.0],"rotation":0,"texture":"#0","tintindex":0}}},{"from":[4.3307185,5.2290163,3.1384554],"to":[5.4450145,6.191363,17.844097],"rotation":{"angle":0.0,"axis":"y","origin":[2.7731233,1.7769327,8.94842]},"faces":{"east":{"uv":[4.125,3.625,6.625,3.75],"rotation":0,"texture":"#0","tintindex":0},"south":{"uv":[4.75,6.625,4.875,6.75],"rotation":0,"texture":"#0","tintindex":0},"north":{"uv":[6.0,0.375,6.125,0.5],"rotation":0,"texture":"#0","tintindex":0},"west":{"uv":[4.375,0.5,6.875,0.625],"rotation":0,"texture":"#0","tintindex":0},"up":{"uv":[3.125,6.625,3.0,4.125],"rotation":0,"texture":"#0","tintindex":0},"down":{"uv":[3.25,4.125,3.125,6.625],"rotation":0,"texture":"#0","tintindex":0}}},{"from":[7.673607,5.2290163,3.1384554],"to":[8.787903,6.191363,17.844097],"rotation":{"angle":0.0,"axis":"y","origin":[6.1160116,1.7769327,8.94842]},"faces":{"east":{"uv":[4.375,0.625,6.875,0.75],"rotation":0,"texture":"#0","tintindex":0},"south":{"uv":[6.875,1.75,7.0,1.875],"rotation":0,"texture":"#0","tintindex":0},"north":{"uv":[5.5,6.75,5.625,6.875],"rotation":0,"texture":"#0","tintindex":0},"west":{"uv":[4.375,0.75,6.875,0.875],"rotation":0,"texture":"#0","tintindex":0},"up":{"uv":[3.25,6.625,3.125,4.125],"rotation":0,"texture":"#0","tintindex":0},"down":{"uv":[3.5,4.375,3.375,6.875],"rotation":0,"texture":"#0","tintindex":0}}},{"from":[7.673607,8.116056,3.1384554],"to":[8.787903,9.0784025,17.844097],"rotation":{"angle":0.0,"axis":"y","origin":[6.1160116,4.663972,8.94842]},"faces":{"east":{"uv":[4.375,0.875,6.875,1.0],"rotation":0,"texture":"#0","tintindex":0},"south":{"uv":[7.625,4.375,7.75,4.5],"rotation":0,"texture":"#0","tintindex":0},"north":{"uv":[7.625,4.25,7.75,4.375],"rotation":0,"texture":"#0","tintindex":0},"west":{"uv":[4.375,1.0,6.875,1.125],"rotation":0,"texture":"#0","tintindex":0},"up":{"uv":[3.0,6.625,2.875,4.125],"rotation":0,"texture":"#0","tintindex":0},"down":{"uv":[3.75,4.375,3.625,6.875],"rotation":0,"texture":"#0","tintindex":0}}},{"from":[7.673607,8.527485,1.9041696],"to":[8.582189,8.872688,3.032669],"rotation":{"angle":0.0,"axis":"y","origin":[6.1160116,4.663972,8.94842]},"faces":{"east":{"uv":[4.375,0.875,6.875,1.0],"rotation":0,"texture":"#0","tintindex":0},"south":{"uv":[7.625,4.375,7.75,4.5],"rotation":0,"texture":"#0","tintindex":0},"north":{"uv":[7.625,4.25,7.75,4.375],"rotation":0,"texture":"#0","tintindex":0},"west":{"uv":[4.375,1.0,6.875,1.125],"rotation":0,"texture":"#0","tintindex":0},"up":{"uv":[3.0,6.625,2.875,4.125],"rotation":0,"texture":"#0","tintindex":0},"down":{"uv":[3.75,4.375,3.625,6.875],"rotation":0,"texture":"#0","tintindex":0}}},{"from":[4.5878925,8.527485,1.9041696],"to":[5.4964743,8.872688,3.032669],"rotation":{"angle":0.0,"axis":"y","origin":[6.1160116,4.663972,8.94842]},"faces":{"east":{"uv":[4.375,0.875,6.875,1.0],"rotation":0,"texture":"#0","tintindex":0},"south":{"uv":[7.625,4.375,7.75,4.5],"rotation":0,"texture":"#0","tintindex":0},"north":{"uv":[7.625,4.25,7.75,4.375],"rotation":0,"texture":"#0","tintindex":0},"west":{"uv":[4.375,1.0,6.875,1.125],"rotation":0,"texture":"#0","tintindex":0},"up":{"uv":[3.0,6.625,2.875,4.125],"rotation":0,"texture":"#0","tintindex":0},"down":{"uv":[3.75,4.375,3.625,6.875],"rotation":0,"texture":"#0","tintindex":0}}},{"from":[5.4450145,8.128201,-3.197545],"to":[7.673607,9.090548,3.3206687],"rotation":{"angle":0.0,"axis":"y","origin":[4.532603,3.22399,-3.6148968]},"faces":{"east":{"uv":[4.125,2.75,6.625,2.875],"rotation":0,"texture":"#0","tintindex":0},"south":{"uv":[3.75,7.0,4.0625,7.125],"rotation":0,"texture":"#0","tintindex":0},"north":{"uv":[4.625,2.25,4.9375,2.375],"rotation":0,"texture":"#0","tintindex":0},"west":{"uv":[4.125,2.75,6.625,2.875],"rotation":0,"texture":"#0","tintindex":0},"up":{"uv":[2.1875,2.5,1.875,0.0],"rotation":0,"texture":"#0","tintindex":0},"down":{"uv":[0.3125,2.0,0.0,4.5],"rotation":0,"texture":"#0","tintindex":0}}},{"from":[4.3307185,7.6470275,-3.197545],"to":[5.4450145,8.609374,3.3206687],"rotation":{"angle":0.0,"axis":"y","origin":[4.532603,3.22399,-3.6148968]},"faces":{"east":{"uv":[4.125,2.375,6.625,2.5],"rotation":0,"texture":"#0","tintindex":0},"south":{"uv":[5.125,5.375,5.25,5.5],"rotation":0,"texture":"#0","tintindex":0},"north":{"uv":[2.125,5.0,2.25,5.125],"rotation":0,"texture":"#0","tintindex":0},"west":{"uv":[4.125,2.5,6.625,2.625],"rotation":0,"texture":"#0","tintindex":0},"up":{"uv":[2.875,6.375,2.75,3.875],"rotation":0,"texture":"#0","tintindex":0},"down":{"uv":[3.0,4.125,2.875,6.625],"rotation":0,"texture":"#0","tintindex":0}}},{"from":[3.854447,5.6214433,-3.197545],"to":[5.4090695,7.7479186,3.3206687],"rotation":{"angle":0.0,"axis":"y","origin":[4.532603,3.22399,-3.6148968]},"faces":{"east":{"uv":[4.125,3.125,6.625,3.25],"rotation":0,"texture":"#0","tintindex":0},"south":{"uv":[5.125,7.0,5.4375,7.125],"rotation":0,"texture":"#0","tintindex":0},"north":{"uv":[4.75,7.0,5.0625,7.125],"rotation":0,"texture":"#0","tintindex":0},"west":{"uv":[4.125,3.25,6.625,3.375],"rotation":0,"texture":"#0","tintindex":0},"up":{"uv":[1.4375,4.5,1.125,2.0],"rotation":0,"texture":"#0","tintindex":0},"down":{"uv":[2.1875,2.5,1.875,5.0],"rotation":0,"texture":"#0","tintindex":0}}},{"from":[4.3307185,4.759988,-3.197545],"to":[5.4450145,5.7223344,3.3206687],"rotation":{"angle":0.0,"axis":"y","origin":[4.532603,3.22399,-3.6148968]},"faces":{"east":{"uv":[4.125,3.625,6.625,3.75],"rotation":0,"texture":"#0","tintindex":0},"south":{"uv":[4.75,6.625,4.875,6.75],"rotation":0,"texture":"#0","tintindex":0},"north":{"uv":[6.0,0.375,6.125,0.5],"rotation":0,"texture":"#0","tintindex":0},"west":{"uv":[4.375,0.5,6.875,0.625],"rotation":0,"texture":"#0","tintindex":0},"up":{"uv":[3.125,6.625,3.0,4.125],"rotation":0,"texture":"#0","tintindex":0},"down":{"uv":[3.25,4.125,3.125,6.625],"rotation":0,"texture":"#0","tintindex":0}}},{"from":[5.4450145,4.2788143,-3.197545],"to":[7.673607,5.241161,3.3206687],"rotation":{"angle":0.0,"axis":"y","origin":[4.532603,3.22399,-3.6148968]},"faces":{"east":{"uv":[4.125,2.875,6.625,3.0],"rotation":0,"texture":"#0","tintindex":0},"south":{"uv":[7.0,4.375,7.3125,4.5],"rotation":0,"texture":"#0","tintindex":0},"north":{"uv":[7.0,4.25,7.3125,4.375],"rotation":0,"texture":"#0","tintindex":0},"west":{"uv":[4.125,3.0,6.625,3.125],"rotation":0,"texture":"#0","tintindex":0},"up":{"uv":[0.6875,4.5,0.375,2.0],"rotation":0,"texture":"#0","tintindex":0},"down":{"uv":[2.1875,0.0,1.875,2.5],"rotation":0,"texture":"#0","tintindex":0}}},{"from":[7.673607,4.759988,-3.197545],"to":[8.787903,5.7223344,3.3206687],"rotation":{"angle":0.0,"axis":"y","origin":[4.532603,3.22399,-3.6148968]},"faces":{"east":{"uv":[4.375,0.625,6.875,0.75],"rotation":0,"texture":"#0","tintindex":0},"south":{"uv":[6.875,1.75,7.0,1.875],"rotation":0,"texture":"#0","tintindex":0},"north":{"uv":[5.5,6.75,5.625,6.875],"rotation":0,"texture":"#0","tintindex":0},"west":{"uv":[4.375,0.75,6.875,0.875],"rotation":0,"texture":"#0","tintindex":0},"up":{"uv":[3.25,6.625,3.125,4.125],"rotation":0,"texture":"#0","tintindex":0},"down":{"uv":[3.5,4.375,3.375,6.875],"rotation":0,"texture":"#0","tintindex":0}}},{"from":[7.898263,5.6214433,-3.197545],"to":[9.452886,7.7479186,3.3206687],"rotation":{"angle":0.0,"axis":"y","origin":[4.532603,3.22399,-3.6148968]},"faces":{"east":{"uv":[4.125,3.125,6.625,3.25],"rotation":0,"texture":"#0","tintindex":0},"south":{"uv":[5.125,7.0,5.4375,7.125],"rotation":0,"texture":"#0","tintindex":0},"north":{"uv":[4.75,7.0,5.0625,7.125],"rotation":0,"texture":"#0","tintindex":0},"west":{"uv":[4.125,3.25,6.625,3.375],"rotation":0,"texture":"#0","tintindex":0},"up":{"uv":[1.4375,4.5,1.125,2.0],"rotation":0,"texture":"#0","tintindex":0},"down":{"uv":[2.1875,2.5,1.875,5.0],"rotation":0,"texture":"#0","tintindex":0}}},{"from":[7.673607,7.6470275,-3.197545],"to":[8.787903,8.609374,3.3206687],"rotation":{"angle":0.0,"axis":"y","origin":[4.532603,3.22399,-3.6148968]},"faces":{"east":{"uv":[4.375,0.875,6.875,1.0],"rotation":0,"texture":"#0","tintindex":0},"south":{"uv":[7.625,4.375,7.75,4.5],"rotation":0,"texture":"#0","tintindex":0},"north":{"uv":[7.625,4.25,7.75,4.375],"rotation":0,"texture":"#0","tintindex":0},"west":{"uv":[4.375,1.0,6.875,1.125],"rotation":0,"texture":"#0","tintindex":0},"up":{"uv":[3.0,6.625,2.875,4.125],"rotation":0,"texture":"#0","tintindex":0},"down":{"uv":[3.75,4.375,3.625,6.875],"rotation":0,"texture":"#0","tintindex":0}}},{"from":[5.623215,7.879796,-7.5185947],"to":[7.5175185,8.697791,-1.9781132],"rotation":{"angle":0.0,"axis":"y","origin":[5.7976537,3.3479252,-4.5202007]},"faces":{"east":{"uv":[4.125,2.75,6.625,2.875],"rotation":0,"texture":"#0","tintindex":0},"south":{"uv":[3.75,7.0,4.0625,7.125],"rotation":0,"texture":"#0","tintindex":0},"north":{"uv":[4.625,2.25,4.9375,2.375],"rotation":0,"texture":"#0","tintindex":0},"west":{"uv":[4.125,2.75,6.625,2.875],"rotation":0,"texture":"#0","tintindex":0},"up":{"uv":[2.1875,2.5,1.875,0.0],"rotation":0,"texture":"#0","tintindex":0},"down":{"uv":[0.3125,2.0,0.0,4.5],"rotation":0,"texture":"#0","tintindex":0}}},{"from":[7.5175185,7.470799,-7.5185947],"to":[8.46467,8.288794,-1.9781132],"rotation":{"angle":0.0,"axis":"y","origin":[5.7976537,3.3479252,-4.5202007]},"faces":{"east":{"uv":[4.375,0.875,6.875,1.0],"rotation":0,"texture":"#0","tintindex":0},"south":{"uv":[7.625,4.375,7.75,4.5],"rotation":0,"texture":"#0","tintindex":0},"north":{"uv":[7.625,4.25,7.75,4.375],"rotation":0,"texture":"#0","tintindex":0},"west":{"uv":[4.375,1.0,6.875,1.125],"rotation":0,"texture":"#0","tintindex":0},"up":{"uv":[3.0,6.625,2.875,4.125],"rotation":0,"texture":"#0","tintindex":0},"down":{"uv":[3.75,4.375,3.625,6.875],"rotation":0,"texture":"#0","tintindex":0}}},{"from":[7.7084765,5.749052,-7.5185947],"to":[9.029905,7.556556,-1.9781132],"rotation":{"angle":0.0,"axis":"y","origin":[5.7976537,3.3479252,-4.5202007]},"faces":{"east":{"uv":[4.125,3.125,6.625,3.25],"rotation":0,"texture":"#0","tintindex":0},"south":{"uv":[5.125,7.0,5.4375,7.125],"rotation":0,"texture":"#0","tintindex":0},"north":{"uv":[4.75,7.0,5.0625,7.125],"rotation":0,"texture":"#0","tintindex":0},"west":{"uv":[4.125,3.25,6.625,3.375],"rotation":0,"texture":"#0","tintindex":0},"up":{"uv":[1.4375,4.5,1.125,2.0],"rotation":0,"texture":"#0","tintindex":0},"down":{"uv":[2.1875,2.5,1.875,5.0],"rotation":0,"texture":"#0","tintindex":0}}},{"from":[7.5175185,4.860472,-7.5185947],"to":[8.645699,5.8348093,-1.9781132],"rotation":{"angle":0.0,"axis":"y","origin":[5.7976537,3.3479252,-4.5202007]},"faces":{"east":{"uv":[4.375,0.625,6.875,0.75],"rotation":0,"texture":"#0","tintindex":0},"south":{"uv":[6.875,1.75,7.0,1.875],"rotation":0,"texture":"#0","tintindex":0},"north":{"uv":[5.5,6.75,5.625,6.875],"rotation":0,"texture":"#0","tintindex":0},"west":{"uv":[4.375,0.75,6.875,0.875],"rotation":0,"texture":"#0","tintindex":0},"up":{"uv":[3.25,6.625,3.125,4.125],"rotation":0,"texture":"#0","tintindex":0},"down":{"uv":[3.5,4.375,3.375,6.875],"rotation":0,"texture":"#0","tintindex":0}}},{"from":[5.623215,4.6078176,-7.5185947],"to":[7.5175185,5.4258122,-1.9781132],"rotation":{"angle":0.0,"axis":"y","origin":[5.7976537,3.3479252,-4.5202007]},"faces":{"east":{"uv":[4.125,2.875,6.625,3.0],"rotation":0,"texture":"#0","tintindex":0},"south":{"uv":[7.0,4.375,7.3125,4.5],"rotation":0,"texture":"#0","tintindex":0},"north":{"uv":[7.0,4.25,7.3125,4.375],"rotation":0,"texture":"#0","tintindex":0},"west":{"uv":[4.125,3.0,6.625,3.125],"rotation":0,"texture":"#0","tintindex":0},"up":{"uv":[0.6875,4.5,0.375,2.0],"rotation":0,"texture":"#0","tintindex":0},"down":{"uv":[2.1875,0.0,1.875,2.5],"rotation":0,"texture":"#0","tintindex":0}}},{"from":[4.6760635,4.860472,-7.5185947],"to":[5.623215,5.8348093,-1.9781132],"rotation":{"angle":0.0,"axis":"y","origin":[5.7976537,3.3479252,-4.5202007]},"faces":{"east":{"uv":[4.125,3.625,6.625,3.75],"rotation":0,"texture":"#0","tintindex":0},"south":{"uv":[4.75,6.625,4.875,6.75],"rotation":0,"texture":"#0","tintindex":0},"north":{"uv":[6.0,0.375,6.125,0.5],"rotation":0,"texture":"#0","tintindex":0},"west":{"uv":[4.375,0.5,6.875,0.625],"rotation":0,"texture":"#0","tintindex":0},"up":{"uv":[3.125,6.625,3.0,4.125],"rotation":0,"texture":"#0","tintindex":0},"down":{"uv":[3.25,4.125,3.125,6.625],"rotation":0,"texture":"#0","tintindex":0}}},{"from":[4.2712326,5.749052,-7.5185947],"to":[5.592662,7.556556,-1.9781132],"rotation":{"angle":0.0,"axis":"y","origin":[5.7976537,3.3479252,-4.5202007]},"faces":{"east":{"uv":[4.125,3.125,6.625,3.25],"rotation":0,"texture":"#0","tintindex":0},"south":{"uv":[5.125,7.0,5.4375,7.125],"rotation":0,"texture":"#0","tintindex":0},"north":{"uv":[4.75,7.0,5.0625,7.125],"rotation":0,"texture":"#0","tintindex":0},"west":{"uv":[4.125,3.25,6.625,3.375],"rotation":0,"texture":"#0","tintindex":0},"up":{"uv":[1.4375,4.5,1.125,2.0],"rotation":0,"texture":"#0","tintindex":0},"down":{"uv":[2.1875,2.5,1.875,5.0],"rotation":0,"texture":"#0","tintindex":0}}},{"from":[4.6760635,7.470799,-7.5185947],"to":[5.623215,8.288794,-1.9781132],"rotation":{"angle":0.0,"axis":"y","origin":[5.7976537,3.3479252,-4.5202007]},"faces":{"east":{"uv":[4.125,2.375,6.625,2.5],"rotation":0,"texture":"#0","tintindex":0},"south":{"uv":[5.125,5.375,5.25,5.5],"rotation":0,"texture":"#0","tintindex":0},"north":{"uv":[2.125,5.0,2.25,5.125],"rotation":0,"texture":"#0","tintindex":0},"west":{"uv":[4.125,2.5,6.625,2.625],"rotation":0,"texture":"#0","tintindex":0},"up":{"uv":[2.875,6.375,2.75,3.875],"rotation":0,"texture":"#0","tintindex":0},"down":{"uv":[3.0,4.125,2.875,6.625],"rotation":0,"texture":"#0","tintindex":0}}},{"from":[4.720722,7.971704,17.780787],"to":[5.667874,8.789699,20.02827],"rotation":{"angle":0.0,"axis":"y","origin":[3.0795546,4.447444,19.9331]},"faces":{"east":{"uv":[4.875,6.125,5.125,6.25],"rotation":0,"texture":"#0","tintindex":0},"south":{"uv":[7.625,4.625,7.75,4.75],"rotation":0,"texture":"#0","tintindex":0},"north":{"uv":[7.625,4.5,7.75,4.625],"rotation":0,"texture":"#0","tintindex":0},"west":{"uv":[6.375,7.125,6.625,7.25],"rotation":0,"texture":"#0","tintindex":0},"up":{"uv":[6.25,7.375,6.125,7.125],"rotation":0,"texture":"#0","tintindex":0},"down":{"uv":[7.25,6.5,7.125,6.75],"rotation":0,"texture":"#0","tintindex":0}}},{"from":[5.667874,8.380701,17.780787],"to":[7.562177,9.198696,20.02827],"rotation":{"angle":0.0,"axis":"y","origin":[4.5002823,-2.9145079,27.625542]},"faces":{"east":{"uv":[7.125,6.75,7.375,6.875],"rotation":0,"texture":"#0","tintindex":0},"south":{"uv":[7.125,6.875,7.375,7.0],"rotation":0,"texture":"#0","tintindex":0},"north":{"uv":[6.625,7.125,6.875,7.25],"rotation":0,"texture":"#0","tintindex":0},"west":{"uv":[7.125,7.0,7.375,7.125],"rotation":0,"texture":"#0","tintindex":0},"up":{"uv":[5.625,6.75,5.375,6.5],"rotation":0,"texture":"#0","tintindex":0},"down":{"uv":[6.75,5.625,6.5,5.875],"rotation":0,"texture":"#0","tintindex":0}}},{"from":[5.667874,5.108723,17.780787],"to":[7.562177,5.9267178,20.02827],"rotation":{"angle":0.0,"axis":"y","origin":[4.5002823,-2.9145079,27.625542]},"faces":{"east":{"uv":[0.0,7.25,0.25,7.375],"rotation":0,"texture":"#0","tintindex":0},"south":{"uv":[7.25,0.0,7.5,0.125],"rotation":0,"texture":"#0","tintindex":0},"north":{"uv":[7.125,7.125,7.375,7.25],"rotation":0,"texture":"#0","tintindex":0},"west":{"uv":[7.25,0.125,7.5,0.25],"rotation":0,"texture":"#0","tintindex":0},"up":{"uv":[6.625,6.75,6.375,6.5],"rotation":0,"texture":"#0","tintindex":0},"down":{"uv":[6.875,0.0,6.625,0.25],"rotation":0,"texture":"#0","tintindex":0}}},{"from":[8.236147,6.3566694,17.780787],"to":[9.007168,7.95075,20.02827],"rotation":{"angle":0.0,"axis":"y","origin":[8.191837,3.2204523,19.9331]},"faces":{"east":{"uv":[7.25,0.25,7.5,0.375],"rotation":0,"texture":"#0","tintindex":0},"south":{"uv":[7.25,0.375,7.5,0.5],"rotation":0,"texture":"#0","tintindex":0},"north":{"uv":[0.25,7.25,0.5,7.375],"rotation":0,"texture":"#0","tintindex":0},"west":{"uv":[7.25,0.5,7.5,0.625],"rotation":0,"texture":"#0","tintindex":0},"up":{"uv":[6.875,0.5,6.625,0.25],"rotation":0,"texture":"#0","tintindex":0},"down":{"uv":[0.75,6.625,0.5,6.875],"rotation":0,"texture":"#0","tintindex":0}}},{"from":[4.1923304,6.3566694,17.780787],"to":[5.8619766,7.95075,20.02827],"rotation":{"angle":0.0,"axis":"y","origin":[8.191837,3.2204523,19.9331]},"faces":{"east":{"uv":[7.25,0.25,7.5,0.375],"rotation":0,"texture":"#0","tintindex":0},"south":{"uv":[7.25,0.375,7.5,0.5],"rotation":0,"texture":"#0","tintindex":0},"north":{"uv":[0.25,7.25,0.5,7.375],"rotation":0,"texture":"#0","tintindex":0},"west":{"uv":[7.25,0.5,7.5,0.625],"rotation":0,"texture":"#0","tintindex":0},"up":{"uv":[6.875,0.5,6.625,0.25],"rotation":0,"texture":"#0","tintindex":0},"down":{"uv":[0.75,6.625,0.5,6.875],"rotation":0,"texture":"#0","tintindex":0}}},{"from":[4.720722,5.51772,17.780787],"to":[5.667874,7.111801,20.283562],"rotation":{"angle":0.0,"axis":"y","origin":[3.0795546,1.9934602,19.9331]},"faces":{"east":{"uv":[7.25,1.125,7.5,1.25],"rotation":0,"texture":"#0","tintindex":0},"south":{"uv":[7.625,5.125,7.75,5.25],"rotation":0,"texture":"#0","tintindex":0},"north":{"uv":[7.625,4.75,7.75,4.875],"rotation":0,"texture":"#0","tintindex":0},"west":{"uv":[7.25,1.75,7.5,1.875],"rotation":0,"texture":"#0","tintindex":0},"up":{"uv":[7.0,7.375,6.875,7.125],"rotation":0,"texture":"#0","tintindex":0},"down":{"uv":[2.0,7.25,1.875,7.5],"rotation":0,"texture":"#0","tintindex":0}}},{"from":[7.562177,5.51772,17.780787],"to":[8.509329,6.335715,20.283562],"rotation":{"angle":0.0,"axis":"y","origin":[5.92101,1.9934602,19.9331]},"faces":{"east":{"uv":[7.25,1.875,7.5,2.0],"rotation":0,"texture":"#0","tintindex":0},"south":{"uv":[7.625,5.375,7.75,5.5],"rotation":0,"texture":"#0","tintindex":0},"north":{"uv":[7.625,5.25,7.75,5.375],"rotation":0,"texture":"#0","tintindex":0},"west":{"uv":[7.25,2.0,7.5,2.125],"rotation":0,"texture":"#0","tintindex":0},"up":{"uv":[2.125,7.5,2.0,7.25],"rotation":0,"texture":"#0","tintindex":0},"down":{"uv":[5.625,7.25,5.5,7.5],"rotation":0,"texture":"#0","tintindex":0}}},{"from":[7.562177,7.971704,17.780787],"to":[8.509329,8.789699,20.02827],"rotation":{"angle":0.0,"axis":"y","origin":[5.92101,4.447444,19.9331]},"faces":{"east":{"uv":[7.25,2.125,7.5,2.25],"rotation":0,"texture":"#0","tintindex":0},"south":{"uv":[5.625,7.625,5.75,7.75],"rotation":0,"texture":"#0","tintindex":0},"north":{"uv":[7.625,5.5,7.75,5.625],"rotation":0,"texture":"#0","tintindex":0},"west":{"uv":[5.625,7.25,5.875,7.375],"rotation":0,"texture":"#0","tintindex":0},"up":{"uv":[6.0,7.5,5.875,7.25],"rotation":0,"texture":"#0","tintindex":0},"down":{"uv":[6.5,7.25,6.375,7.5],"rotation":0,"texture":"#0","tintindex":0}}},{"from":[5.0327253,7.849005,20.091583],"to":[5.837804,8.5443,21.278536],"rotation":{"angle":0.0,"axis":"y","origin":[3.3205214,4.2633953,21.199345]},"faces":{"east":{"uv":[4.75,8.25,4.8125,8.375],"rotation":0,"texture":"#0","tintindex":0},"south":{"uv":[5.875,7.625,6.0,7.75],"rotation":0,"texture":"#0","tintindex":0},"north":{"uv":[5.75,7.625,5.875,7.75],"rotation":0,"texture":"#0","tintindex":0},"west":{"uv":[4.875,8.25,4.9375,8.375],"rotation":0,"texture":"#0","tintindex":0},"up":{"uv":[5.125,8.3125,5.0,8.25],"rotation":0,"texture":"#0","tintindex":0},"down":{"uv":[5.25,8.25,5.125,8.3125],"rotation":0,"texture":"#0","tintindex":0}}},{"from":[5.8405895,7.2343063,20.091583],"to":[7.4507475,8.891949,21.278536],"rotation":{"angle":0.0,"axis":"y","origin":[4.631212,-1.9942627,29.52491]},"faces":{"east":{"uv":[7.625,5.875,7.6875,6.125],"rotation":0,"texture":"#0","tintindex":0},"south":{"uv":[1.625,6.625,1.875,6.875],"rotation":0,"texture":"#0","tintindex":0},"north":{"uv":[1.25,6.625,1.5,6.875],"rotation":0,"texture":"#0","tintindex":0},"west":{"uv":[7.625,6.125,7.6875,6.375],"rotation":0,"texture":"#0","tintindex":0},"up":{"uv":[7.875,6.4375,7.625,6.375],"rotation":0,"texture":"#0","tintindex":0},"down":{"uv":[7.875,6.5,7.625,6.5625],"rotation":0,"texture":"#0","tintindex":0}}},{"from":[5.8405895,5.415471,20.091583],"to":[7.4507475,7.3136997,21.278536],"rotation":{"angle":0.0,"axis":"y","origin":[4.631212,-1.9942627,29.52491]},"faces":{"east":{"uv":[2.625,7.625,2.6875,7.9375],"rotation":0,"texture":"#0","tintindex":0},"south":{"uv":[0.25,6.375,0.5,6.6875],"rotation":0,"texture":"#0","tintindex":0},"north":{"uv":[0.0,6.375,0.25,6.6875],"rotation":0,"texture":"#0","tintindex":0},"west":{"uv":[2.75,7.625,2.8125,7.9375],"rotation":0,"texture":"#0","tintindex":0},"up":{"uv":[7.875,6.6875,7.625,6.625],"rotation":0,"texture":"#0","tintindex":0},"down":{"uv":[7.875,6.75,7.625,6.8125],"rotation":0,"texture":"#0","tintindex":0}}},{"from":[4.681183,6.455232,20.091583],"to":[6.066684,7.852187,21.278536],"rotation":{"angle":0.0,"axis":"y","origin":[7.760048,3.2204523,21.199345]},"faces":{"east":{"uv":[7.25,7.875,7.3125,8.0625],"rotation":0,"texture":"#0","tintindex":0},"south":{"uv":[4.25,6.625,4.5,6.8125],"rotation":0,"texture":"#0","tintindex":0},"north":{"uv":[3.125,6.625,3.375,6.8125],"rotation":0,"texture":"#0","tintindex":0},"west":{"uv":[7.875,7.375,7.9375,7.5625],"rotation":0,"texture":"#0","tintindex":0},"up":{"uv":[7.125,7.6875,6.875,7.625],"rotation":0,"texture":"#0","tintindex":0},"down":{"uv":[7.875,6.875,7.625,6.9375],"rotation":0,"texture":"#0","tintindex":0}}},{"from":[7.152404,6.455232,20.091583],"to":[8.537905,7.852187,21.278536],"rotation":{"angle":0.0,"axis":"y","origin":[7.760048,3.2204523,21.199345]},"faces":{"east":{"uv":[7.25,7.875,7.3125,8.0625],"rotation":0,"texture":"#0","tintindex":0},"south":{"uv":[4.25,6.625,4.5,6.8125],"rotation":0,"texture":"#0","tintindex":0},"north":{"uv":[3.125,6.625,3.375,6.8125],"rotation":0,"texture":"#0","tintindex":0},"west":{"uv":[7.875,7.375,7.9375,7.5625],"rotation":0,"texture":"#0","tintindex":0},"up":{"uv":[7.125,7.6875,6.875,7.625],"rotation":0,"texture":"#0","tintindex":0},"down":{"uv":[7.875,6.875,7.625,6.9375],"rotation":0,"texture":"#0","tintindex":0}}},{"from":[5.0327253,5.7631187,20.091583],"to":[5.837804,6.458414,20.661392],"rotation":{"angle":0.0,"axis":"y","origin":[3.3205214,2.1775088,21.199345]},"faces":{"east":{"uv":[5.25,8.25,5.3125,8.375],"rotation":0,"texture":"#0","tintindex":0},"south":{"uv":[7.625,7.125,7.75,7.25],"rotation":0,"texture":"#0","tintindex":0},"north":{"uv":[6.25,7.625,6.375,7.75],"rotation":0,"texture":"#0","tintindex":0},"west":{"uv":[5.375,8.25,5.4375,8.375],"rotation":0,"texture":"#0","tintindex":0},"up":{"uv":[5.625,8.3125,5.5,8.25],"rotation":0,"texture":"#0","tintindex":0},"down":{"uv":[5.75,8.25,5.625,8.3125],"rotation":0,"texture":"#0","tintindex":0}}},{"from":[7.4507475,5.7631187,20.091583],"to":[8.255826,6.458414,21.278536],"rotation":{"angle":0.0,"axis":"y","origin":[5.738544,2.1775088,21.199345]},"faces":{"east":{"uv":[5.75,8.25,5.8125,8.375],"rotation":0,"texture":"#0","tintindex":0},"south":{"uv":[7.375,7.625,7.5,7.75],"rotation":0,"texture":"#0","tintindex":0},"north":{"uv":[7.625,7.25,7.75,7.375],"rotation":0,"texture":"#0","tintindex":0},"west":{"uv":[5.875,8.25,5.9375,8.375],"rotation":0,"texture":"#0","tintindex":0},"up":{"uv":[8.375,5.9375,8.25,5.875],"rotation":0,"texture":"#0","tintindex":0},"down":{"uv":[6.125,8.25,6.0,8.3125],"rotation":0,"texture":"#0","tintindex":0}}},{"from":[7.4507475,7.849005,20.091583],"to":[8.255826,8.5443,21.278536],"rotation":{"angle":0.0,"axis":"y","origin":[5.738544,4.2633953,21.199345]},"faces":{"east":{"uv":[8.25,6.0,8.3125,6.125],"rotation":0,"texture":"#0","tintindex":0},"south":{"uv":[7.5,7.625,7.625,7.75],"rotation":0,"texture":"#0","tintindex":0},"north":{"uv":[7.625,7.375,7.75,7.5],"rotation":0,"texture":"#0","tintindex":0},"west":{"uv":[6.125,8.25,6.1875,8.375],"rotation":0,"texture":"#0","tintindex":0},"up":{"uv":[6.375,8.3125,6.25,8.25],"rotation":0,"texture":"#0","tintindex":0},"down":{"uv":[6.5,8.25,6.375,8.3125],"rotation":0,"texture":"#0","tintindex":0}}},{"from":[4.0673323,7.613869,-8.32691],"to":[5.3510013,8.722492,-7.095974],"rotation":{"angle":0.0,"axis":"y","origin":[2.275813,4.5976386,-1.5926762]},"faces":{"east":{"uv":[6.625,5.375,6.875,5.5625],"rotation":0,"texture":"#0","tintindex":0},"south":{"uv":[1.0,7.125,1.1875,7.3125],"rotation":0,"texture":"#0","tintindex":0},"north":{"uv":[0.75,7.125,0.9375,7.3125],"rotation":0,"texture":"#0","tintindex":0},"west":{"uv":[5.625,6.625,5.875,6.8125],"rotation":0,"texture":"#0","tintindex":0},"up":{"uv":[6.0625,6.875,5.875,6.625],"rotation":0,"texture":"#0","tintindex":0},"down":{"uv":[6.3125,6.625,6.125,6.875],"rotation":0,"texture":"#0","tintindex":0}}},{"from":[4.4293895,7.613869,-7.0926247],"to":[5.7130585,8.409806,-5.8616877],"rotation":{"angle":0.0,"axis":"y","origin":[2.275813,4.5976386,-1.5926762]},"faces":{"east":{"uv":[6.625,5.375,6.875,5.5625],"rotation":0,"texture":"#0","tintindex":0},"south":{"uv":[1.0,7.125,1.1875,7.3125],"rotation":0,"texture":"#0","tintindex":0},"north":{"uv":[0.75,7.125,0.9375,7.3125],"rotation":0,"texture":"#0","tintindex":0},"west":{"uv":[5.625,6.625,5.875,6.8125],"rotation":0,"texture":"#0","tintindex":0},"up":{"uv":[6.0625,6.875,5.875,6.625],"rotation":0,"texture":"#0","tintindex":0},"down":{"uv":[6.3125,6.625,6.125,6.875],"rotation":0,"texture":"#0","tintindex":0}}},{"from":[4.4293895,4.6433544,-7.0926247],"to":[5.7130585,5.439292,-5.8616877],"rotation":{"angle":0.0,"axis":"y","origin":[2.275813,4.5976386,-1.5926762]},"faces":{"east":{"uv":[6.625,5.375,6.875,5.5625],"rotation":0,"texture":"#0","tintindex":0},"south":{"uv":[1.0,7.125,1.1875,7.3125],"rotation":0,"texture":"#0","tintindex":0},"north":{"uv":[0.75,7.125,0.9375,7.3125],"rotation":0,"texture":"#0","tintindex":0},"west":{"uv":[5.625,6.625,5.875,6.8125],"rotation":0,"texture":"#0","tintindex":0},"up":{"uv":[6.0625,6.875,5.875,6.625],"rotation":0,"texture":"#0","tintindex":0},"down":{"uv":[6.3125,6.625,6.125,6.875],"rotation":0,"texture":"#0","tintindex":0}}},{"from":[7.506875,7.613869,-7.0926247],"to":[8.7905445,8.409806,-5.8616877],"rotation":{"angle":0.0,"axis":"y","origin":[2.275813,4.5976386,-1.5926762]},"faces":{"east":{"uv":[6.625,5.375,6.875,5.5625],"rotation":0,"texture":"#0","tintindex":0},"south":{"uv":[1.0,7.125,1.1875,7.3125],"rotation":0,"texture":"#0","tintindex":0},"north":{"uv":[0.75,7.125,0.9375,7.3125],"rotation":0,"texture":"#0","tintindex":0},"west":{"uv":[5.625,6.625,5.875,6.8125],"rotation":0,"texture":"#0","tintindex":0},"up":{"uv":[6.0625,6.875,5.875,6.625],"rotation":0,"texture":"#0","tintindex":0},"down":{"uv":[6.3125,6.625,6.125,6.875],"rotation":0,"texture":"#0","tintindex":0}}},{"from":[7.506875,4.6433544,-7.0926247],"to":[8.7905445,5.439292,-5.8616877],"rotation":{"angle":0.0,"axis":"y","origin":[2.275813,4.5976386,-1.5926762]},"faces":{"east":{"uv":[6.625,5.375,6.875,5.5625],"rotation":0,"texture":"#0","tintindex":0},"south":{"uv":[1.0,7.125,1.1875,7.3125],"rotation":0,"texture":"#0","tintindex":0},"north":{"uv":[0.75,7.125,0.9375,7.3125],"rotation":0,"texture":"#0","tintindex":0},"west":{"uv":[5.625,6.625,5.875,6.8125],"rotation":0,"texture":"#0","tintindex":0},"up":{"uv":[6.0625,6.875,5.875,6.625],"rotation":0,"texture":"#0","tintindex":0},"down":{"uv":[6.3125,6.625,6.125,6.875],"rotation":0,"texture":"#0","tintindex":0}}},{"from":[5.329607,8.16818,-8.32691],"to":[7.896945,9.276804,-7.095974],"rotation":{"angle":0.0,"axis":"y","origin":[4.0408583,-5.3799706,-10.405745]},"faces":{"east":{"uv":[0.0,6.75,0.25,6.9375],"rotation":0,"texture":"#0","tintindex":0},"south":{"uv":[0.875,6.375,1.25,6.5625],"rotation":0,"texture":"#0","tintindex":0},"north":{"uv":[0.5,6.375,0.875,6.5625],"rotation":0,"texture":"#0","tintindex":0},"west":{"uv":[0.0,6.75,0.25,6.9375],"rotation":0,"texture":"#0","tintindex":0},"up":{"uv":[2.25,6.375,1.875,6.125],"rotation":0,"texture":"#0","tintindex":0},"down":{"uv":[4.125,6.25,3.75,6.5],"rotation":0,"texture":"#0","tintindex":0}}},{"from":[5.329607,8.16818,-7.0926247],"to":[7.896945,8.964118,-5.8616877],"rotation":{"angle":0.0,"axis":"y","origin":[4.0408583,-5.3799706,-10.405745]},"faces":{"east":{"uv":[0.0,6.75,0.25,6.9375],"rotation":0,"texture":"#0","tintindex":0},"south":{"uv":[0.875,6.375,1.25,6.5625],"rotation":0,"texture":"#0","tintindex":0},"north":{"uv":[0.5,6.375,0.875,6.5625],"rotation":0,"texture":"#0","tintindex":0},"west":{"uv":[0.0,6.75,0.25,6.9375],"rotation":0,"texture":"#0","tintindex":0},"up":{"uv":[2.25,6.375,1.875,6.125],"rotation":0,"texture":"#0","tintindex":0},"down":{"uv":[4.125,6.25,3.75,6.5],"rotation":0,"texture":"#0","tintindex":0}}},{"from":[5.329607,3.7336874,-8.32691],"to":[7.896945,4.842311,-7.095974],"rotation":{"angle":0.0,"axis":"y","origin":[4.0408583,-5.3799706,-10.405745]},"faces":{"east":{"uv":[1.875,6.75,2.125,6.9375],"rotation":0,"texture":"#0","tintindex":0},"south":{"uv":[6.375,1.875,6.75,2.0625],"rotation":0,"texture":"#0","tintindex":0},"north":{"uv":[1.625,6.375,2.0,6.5625],"rotation":0,"texture":"#0","tintindex":0},"west":{"uv":[1.875,6.75,2.125,6.9375],"rotation":0,"texture":"#0","tintindex":0},"up":{"uv":[6.625,4.875,6.25,4.625],"rotation":0,"texture":"#0","tintindex":0},"down":{"uv":[5.25,6.25,4.875,6.5],"rotation":0,"texture":"#0","tintindex":0}}},{"from":[5.329607,4.0463734,-7.0926247],"to":[7.896945,4.842311,-5.8616877],"rotation":{"angle":0.0,"axis":"y","origin":[4.0408583,-5.3799706,-10.405745]},"faces":{"east":{"uv":[1.875,6.75,2.125,6.9375],"rotation":0,"texture":"#0","tintindex":0},"south":{"uv":[6.375,1.875,6.75,2.0625],"rotation":0,"texture":"#0","tintindex":0},"north":{"uv":[1.625,6.375,2.0,6.5625],"rotation":0,"texture":"#0","tintindex":0},"west":{"uv":[1.875,6.75,2.125,6.9375],"rotation":0,"texture":"#0","tintindex":0},"up":{"uv":[6.625,4.875,6.25,4.625],"rotation":0,"texture":"#0","tintindex":0},"down":{"uv":[5.25,6.25,4.875,6.5],"rotation":0,"texture":"#0","tintindex":0}}},{"from":[8.618836,5.392152,-8.32691],"to":[9.892153,7.618339,-7.095974],"rotation":{"angle":0.0,"axis":"y","origin":[6.8221416,2.9347038,-1.5926762]},"faces":{"east":{"uv":[6.75,2.125,7.0,2.3125],"rotation":0,"texture":"#0","tintindex":0},"south":{"uv":[3.75,6.5,4.125,6.6875],"rotation":0,"texture":"#0","tintindex":0},"north":{"uv":[6.375,6.25,6.75,6.4375],"rotation":0,"texture":"#0","tintindex":0},"west":{"uv":[6.75,2.375,7.0,2.5625],"rotation":0,"texture":"#0","tintindex":0},"up":{"uv":[5.625,6.5,5.25,6.25],"rotation":0,"texture":"#0","tintindex":0},"down":{"uv":[6.625,5.125,6.25,5.375],"rotation":0,"texture":"#0","tintindex":0}}},{"from":[3.4082441,5.392152,-8.32691],"to":[4.681561,7.618339,-7.095974],"rotation":{"angle":0.0,"axis":"y","origin":[6.8221416,2.9347038,-1.5926762]},"faces":{"east":{"uv":[6.75,2.125,7.0,2.3125],"rotation":0,"texture":"#0","tintindex":0},"south":{"uv":[3.75,6.5,4.125,6.6875],"rotation":0,"texture":"#0","tintindex":0},"north":{"uv":[6.375,6.25,6.75,6.4375],"rotation":0,"texture":"#0","tintindex":0},"west":{"uv":[6.75,2.375,7.0,2.5625],"rotation":0,"texture":"#0","tintindex":0},"up":{"uv":[5.625,6.5,5.25,6.25],"rotation":0,"texture":"#0","tintindex":0},"down":{"uv":[6.625,5.125,6.25,5.375],"rotation":0,"texture":"#0","tintindex":0}}},{"from":[3.9513297,5.392152,-7.0926247],"to":[4.681561,7.618339,-5.8616877],"rotation":{"angle":0.0,"axis":"y","origin":[6.8221416,2.9347038,-1.5926762]},"faces":{"east":{"uv":[6.75,2.125,7.0,2.3125],"rotation":0,"texture":"#0","tintindex":0},"south":{"uv":[3.75,6.5,4.125,6.6875],"rotation":0,"texture":"#0","tintindex":0},"north":{"uv":[6.375,6.25,6.75,6.4375],"rotation":0,"texture":"#0","tintindex":0},"west":{"uv":[6.75,2.375,7.0,2.5625],"rotation":0,"texture":"#0","tintindex":0},"up":{"uv":[5.625,6.5,5.25,6.25],"rotation":0,"texture":"#0","tintindex":0},"down":{"uv":[6.625,5.125,6.25,5.375],"rotation":0,"texture":"#0","tintindex":0}}},{"from":[8.658072,5.392152,-7.0926247],"to":[9.388304,7.618339,-5.8616877],"rotation":{"angle":0.0,"axis":"y","origin":[6.8221416,2.9347038,-1.5926762]},"faces":{"east":{"uv":[6.75,2.125,7.0,2.3125],"rotation":0,"texture":"#0","tintindex":0},"south":{"uv":[3.75,6.5,4.125,6.6875],"rotation":0,"texture":"#0","tintindex":0},"north":{"uv":[6.375,6.25,6.75,6.4375],"rotation":0,"texture":"#0","tintindex":0},"west":{"uv":[6.75,2.375,7.0,2.5625],"rotation":0,"texture":"#0","tintindex":0},"up":{"uv":[5.625,6.5,5.25,6.25],"rotation":0,"texture":"#0","tintindex":0},"down":{"uv":[6.625,5.125,6.25,5.375],"rotation":0,"texture":"#0","tintindex":0}}},{"from":[4.0673323,4.287999,-8.32691],"to":[5.3510013,5.3966227,-7.095974],"rotation":{"angle":0.0,"axis":"y","origin":[2.275813,1.271769,-1.5926762]},"faces":{"east":{"uv":[6.75,2.625,7.0,2.8125],"rotation":0,"texture":"#0","tintindex":0},"south":{"uv":[7.125,1.25,7.3125,1.4375],"rotation":0,"texture":"#0","tintindex":0},"north":{"uv":[1.25,7.125,1.4375,7.3125],"rotation":0,"texture":"#0","tintindex":0},"west":{"uv":[6.75,2.875,7.0,3.0625],"rotation":0,"texture":"#0","tintindex":0},"up":{"uv":[6.9375,3.375,6.75,3.125],"rotation":0,"texture":"#0","tintindex":0},"down":{"uv":[6.9375,3.375,6.75,3.625],"rotation":0,"texture":"#0","tintindex":0}}},{"from":[7.8862476,4.287999,-8.32691],"to":[9.169917,5.3966227,-7.095974],"rotation":{"angle":0.0,"axis":"y","origin":[6.094729,1.271769,-1.5926762]},"faces":{"east":{"uv":[3.75,6.75,4.0,6.9375],"rotation":0,"texture":"#0","tintindex":0},"south":{"uv":[1.625,7.125,1.8125,7.3125],"rotation":0,"texture":"#0","tintindex":0},"north":{"uv":[7.125,1.5,7.3125,1.6875],"rotation":0,"texture":"#0","tintindex":0},"west":{"uv":[4.0,6.75,4.25,6.9375],"rotation":0,"texture":"#0","tintindex":0},"up":{"uv":[6.9375,3.625,6.75,3.375],"rotation":0,"texture":"#0","tintindex":0},"down":{"uv":[6.9375,4.25,6.75,4.5],"rotation":0,"texture":"#0","tintindex":0}}},{"from":[7.8862476,7.613869,-8.32691],"to":[9.169917,8.722492,-7.095974],"rotation":{"angle":0.0,"axis":"y","origin":[6.094729,4.5976386,-1.5926762]},"faces":{"east":{"uv":[4.75,6.75,5.0,6.9375],"rotation":0,"texture":"#0","tintindex":0},"south":{"uv":[3.375,7.125,3.5625,7.3125],"rotation":0,"texture":"#0","tintindex":0},"north":{"uv":[3.125,7.125,3.3125,7.3125],"rotation":0,"texture":"#0","tintindex":0},"west":{"uv":[5.0,6.75,5.25,6.9375],"rotation":0,"texture":"#0","tintindex":0},"up":{"uv":[6.3125,6.875,6.125,6.625],"rotation":0,"texture":"#0","tintindex":0},"down":{"uv":[6.9375,5.625,6.75,5.875],"rotation":0,"texture":"#0","tintindex":0}}},{"from":[6.571469,8.775555,16.677034],"to":[6.571469,10.370253,17.026749],"rotation":{"angle":0.0,"axis":"y","origin":[6.323827,3.7791662,8.49989]},"faces":{"east":{"uv":[0.0,0.0,0.0625,0.375],"rotation":0,"texture":"#0","tintindex":0},"south":{"uv":[0.0,0.0,0.0,0.375],"rotation":0,"texture":"#0","tintindex":0},"north":{"uv":[0.0,0.0,0.0,0.375],"rotation":0,"texture":"#0","tintindex":0},"west":{"uv":[0.0,0.0,0.0625,0.375],"rotation":0,"texture":"#0","tintindex":0},"up":{"uv":[0.0,0.0,0.0,0.0625],"rotation":0,"texture":"#0","tintindex":0},"down":{"uv":[0.0,0.0,0.0,0.0625],"rotation":0,"texture":"#0","tintindex":0}}}],"display":{"head":{"translation":[0.0,-6.4,0.0],"scale":[4.0,4.0,4.0]}}}