{"textures":{"0":"minecraft:modelengine/entity/artillery_default"},"elements":[{"from":[11.557486,6.2940063,4.5920687],"to":[13.729829,8.60212,8.800982],"rotation":{"angle":-45.0,"axis":"x","origin":[13.186743,7.380178,8.52944]},"faces":{"east":{"uv":[6.0,4.25,6.5,4.5],"rotation":0,"texture":"#0","tintindex":0},"south":{"uv":[3.875,1.75,4.125,2.0],"rotation":0,"texture":"#0","tintindex":0},"north":{"uv":[2.625,2.25,2.875,2.5],"rotation":0,"texture":"#0","tintindex":0},"west":{"uv":[3.75,6.0,4.25,6.25],"rotation":0,"texture":"#0","tintindex":0},"up":{"uv":[2.625,6.375,2.375,5.875],"rotation":0,"texture":"#0","tintindex":0},"down":{"uv":[6.25,5.0,6.0,5.5],"rotation":0,"texture":"#0","tintindex":0}}}],"display":{"head":{"translation":[0.0,-6.4,0.0],"scale":[4.0,4.0,4.0]}}}