{"textures":{"0":"minecraft:modelengine/entity/artillery_default"},"elements":[{"from":[6.883657,9.697143,6.0992],"to":[11.771429,21.373486,9.9008],"rotation":{"angle":0.0,"axis":"y","origin":[9.327543,8.067885,8.0]},"faces":{"east":{"uv":[2.875,2.75,3.3125,4.125],"rotation":0,"texture":"#0","tintindex":0},"south":{"uv":[2.625,0.0,3.1875,1.375],"rotation":0,"texture":"#0","tintindex":0},"north":{"uv":[2.25,2.5,2.8125,3.875],"rotation":0,"texture":"#0","tintindex":0},"west":{"uv":[2.875,2.75,3.3125,4.125],"rotation":0,"texture":"#0","tintindex":0},"up":{"uv":[1.0625,5.3125,0.5,4.875],"rotation":0,"texture":"#0","tintindex":0},"down":{"uv":[1.6875,4.875,1.125,5.3125],"rotation":0,"texture":"#0","tintindex":0}}},{"from":[7.1552,14.584914,6.370743],"to":[11.499886,21.373486,9.629257],"rotation":{"angle":0.0,"axis":"y","origin":[9.327543,8.067885,8.0]},"faces":{"east":{"uv":[4.625,1.5,5.0,2.25],"rotation":0,"texture":"#0","tintindex":0},"south":{"uv":[3.375,1.25,3.875,2.0],"rotation":0,"texture":"#0","tintindex":0},"north":{"uv":[3.25,0.5,3.75,1.25],"rotation":0,"texture":"#0","tintindex":0},"west":{"uv":[4.625,4.375,5.0,5.125],"rotation":0,"texture":"#0","tintindex":0},"up":{"uv":[5.625,0.375,5.125,0.0],"rotation":0,"texture":"#0","tintindex":0},"down":{"uv":[5.75,1.875,5.25,2.25],"rotation":0,"texture":"#0","tintindex":0}}}],"display":{"head":{"translation":[0.0,-6.4,0.0],"scale":[4.0,4.0,4.0]}}}