{"textures":{"0":"minecraft:modelengine/entity/artillery_default"},"elements":[{"from":[9.28034,4.347584,6.785495],"to":[11.216951,5.092434,9.39247],"rotation":{"angle":0.0,"axis":"y","origin":[10.956253,7.885623,8.088983]},"faces":{"east":{"uv":[7.625,7.625,7.875,7.6875],"rotation":0,"texture":"#0","tintindex":0},"south":{"uv":[8.0,0.125,8.1875,0.1875],"rotation":0,"texture":"#0","tintindex":0},"north":{"uv":[8.0,0.0,8.1875,0.0625],"rotation":0,"texture":"#0","tintindex":0},"west":{"uv":[0.0,7.75,0.25,7.8125],"rotation":0,"texture":"#0","tintindex":0},"up":{"uv":[6.9375,6.25,6.75,6.0],"rotation":0,"texture":"#0","tintindex":0},"down":{"uv":[6.9375,6.25,6.75,6.5],"rotation":0,"texture":"#0","tintindex":0}}},{"from":[9.28034,5.092434,6.040644],"to":[11.216951,5.8372846,6.785495],"rotation":{"angle":0.0,"axis":"y","origin":[10.956253,7.885623,8.088983]},"faces":{"east":{"uv":[8.375,4.0,8.4375,4.0625],"rotation":0,"texture":"#0","tintindex":0},"south":{"uv":[8.0,0.25,8.1875,0.3125],"rotation":0,"texture":"#0","tintindex":0},"north":{"uv":[0.25,8.0,0.4375,8.0625],"rotation":0,"texture":"#0","tintindex":0},"west":{"uv":[4.125,8.375,4.1875,8.4375],"rotation":0,"texture":"#0","tintindex":0},"up":{"uv":[8.1875,0.4375,8.0,0.375],"rotation":0,"texture":"#0","tintindex":0},"down":{"uv":[8.1875,0.5,8.0,0.5625],"rotation":0,"texture":"#0","tintindex":0}}},{"from":[9.28034,5.8372846,5.295794],"to":[11.216951,6.5821347,6.040644],"rotation":{"angle":0.0,"axis":"y","origin":[10.956253,7.885623,8.088983]},"faces":{"east":{"uv":[8.375,4.125,8.4375,4.1875],"rotation":0,"texture":"#0","tintindex":0},"south":{"uv":[0.75,8.0,0.9375,8.0625],"rotation":0,"texture":"#0","tintindex":0},"north":{"uv":[8.0,0.625,8.1875,0.6875],"rotation":0,"texture":"#0","tintindex":0},"west":{"uv":[4.25,8.375,4.3125,8.4375],"rotation":0,"texture":"#0","tintindex":0},"up":{"uv":[8.1875,0.8125,8.0,0.75],"rotation":0,"texture":"#0","tintindex":0},"down":{"uv":[8.1875,0.875,8.0,0.9375],"rotation":0,"texture":"#0","tintindex":0}}},{"from":[9.28034,6.5821347,4.550944],"to":[11.216951,9.189111,5.295794],"rotation":{"angle":0.0,"axis":"y","origin":[10.956253,7.885623,8.088983]},"faces":{"east":{"uv":[7.75,0.0,7.8125,0.25],"rotation":0,"texture":"#0","tintindex":0},"south":{"uv":[6.625,6.75,6.8125,7.0],"rotation":0,"texture":"#0","tintindex":0},"north":{"uv":[6.375,6.75,6.5625,7.0],"rotation":0,"texture":"#0","tintindex":0},"west":{"uv":[0.25,7.75,0.3125,8.0],"rotation":0,"texture":"#0","tintindex":0},"up":{"uv":[1.1875,8.0625,1.0,8.0],"rotation":0,"texture":"#0","tintindex":0},"down":{"uv":[8.1875,1.0,8.0,1.0625],"rotation":0,"texture":"#0","tintindex":0}}},{"from":[9.28034,9.189111,5.295794],"to":[11.216951,9.933961,6.040644],"rotation":{"angle":0.0,"axis":"y","origin":[10.956253,7.885623,8.088983]},"faces":{"east":{"uv":[8.375,4.25,8.4375,4.3125],"rotation":0,"texture":"#0","tintindex":0},"south":{"uv":[1.25,8.0,1.4375,8.0625],"rotation":0,"texture":"#0","tintindex":0},"north":{"uv":[8.0,1.125,8.1875,1.1875],"rotation":0,"texture":"#0","tintindex":0},"west":{"uv":[8.375,4.375,8.4375,4.4375],"rotation":0,"texture":"#0","tintindex":0},"up":{"uv":[8.1875,1.3125,8.0,1.25],"rotation":0,"texture":"#0","tintindex":0},"down":{"uv":[8.1875,1.375,8.0,1.4375],"rotation":0,"texture":"#0","tintindex":0}}},{"from":[9.28034,9.933961,6.040644],"to":[11.216951,10.678812,6.785495],"rotation":{"angle":0.0,"axis":"y","origin":[10.956253,7.885623,8.088983]},"faces":{"east":{"uv":[8.375,4.5,8.4375,4.5625],"rotation":0,"texture":"#0","tintindex":0},"south":{"uv":[8.0,1.5,8.1875,1.5625],"rotation":0,"texture":"#0","tintindex":0},"north":{"uv":[1.5,8.0,1.6875,8.0625],"rotation":0,"texture":"#0","tintindex":0},"west":{"uv":[4.625,8.375,4.6875,8.4375],"rotation":0,"texture":"#0","tintindex":0},"up":{"uv":[8.1875,1.6875,8.0,1.625],"rotation":0,"texture":"#0","tintindex":0},"down":{"uv":[1.9375,8.0,1.75,8.0625],"rotation":0,"texture":"#0","tintindex":0}}},{"from":[9.28034,10.678812,6.785495],"to":[11.216951,11.423662,9.39247],"rotation":{"angle":0.0,"axis":"y","origin":[10.956253,7.885623,8.088983]},"faces":{"east":{"uv":[7.75,0.25,8.0,0.3125],"rotation":0,"texture":"#0","tintindex":0},"south":{"uv":[8.0,1.875,8.1875,1.9375],"rotation":0,"texture":"#0","tintindex":0},"north":{"uv":[8.0,1.75,8.1875,1.8125],"rotation":0,"texture":"#0","tintindex":0},"west":{"uv":[0.5,7.75,0.75,7.8125],"rotation":0,"texture":"#0","tintindex":0},"up":{"uv":[7.0625,0.25,6.875,0.0],"rotation":0,"texture":"#0","tintindex":0},"down":{"uv":[7.0625,0.25,6.875,0.5],"rotation":0,"texture":"#0","tintindex":0}}},{"from":[9.28034,9.933961,9.39247],"to":[11.216951,10.678812,10.137321],"rotation":{"angle":0.0,"axis":"y","origin":[10.956253,7.885623,8.088983]},"faces":{"east":{"uv":[8.375,4.625,8.4375,4.6875],"rotation":0,"texture":"#0","tintindex":0},"south":{"uv":[8.0,2.125,8.1875,2.1875],"rotation":0,"texture":"#0","tintindex":0},"north":{"uv":[2.125,8.0,2.3125,8.0625],"rotation":0,"texture":"#0","tintindex":0},"west":{"uv":[4.75,8.375,4.8125,8.4375],"rotation":0,"texture":"#0","tintindex":0},"up":{"uv":[8.1875,2.3125,8.0,2.25],"rotation":0,"texture":"#0","tintindex":0},"down":{"uv":[2.5625,8.0,2.375,8.0625],"rotation":0,"texture":"#0","tintindex":0}}},{"from":[9.28034,9.189111,10.137321],"to":[11.216951,9.933961,10.882172],"rotation":{"angle":0.0,"axis":"y","origin":[10.956253,7.885623,8.088983]},"faces":{"east":{"uv":[8.375,4.75,8.4375,4.8125],"rotation":0,"texture":"#0","tintindex":0},"south":{"uv":[8.0,2.625,8.1875,2.6875],"rotation":0,"texture":"#0","tintindex":0},"north":{"uv":[2.625,8.0,2.8125,8.0625],"rotation":0,"texture":"#0","tintindex":0},"west":{"uv":[4.875,8.375,4.9375,8.4375],"rotation":0,"texture":"#0","tintindex":0},"up":{"uv":[8.1875,2.8125,8.0,2.75],"rotation":0,"texture":"#0","tintindex":0},"down":{"uv":[3.0625,8.0,2.875,8.0625],"rotation":0,"texture":"#0","tintindex":0}}},{"from":[9.28034,6.5821347,10.882172],"to":[11.216951,9.189111,11.627022],"rotation":{"angle":0.0,"axis":"y","origin":[10.956253,7.885623,8.088983]},"faces":{"east":{"uv":[0.75,7.75,0.8125,8.0],"rotation":0,"texture":"#0","tintindex":0},"south":{"uv":[6.875,0.5,7.0625,0.75],"rotation":0,"texture":"#0","tintindex":0},"north":{"uv":[0.5,6.875,0.6875,7.125],"rotation":0,"texture":"#0","tintindex":0},"west":{"uv":[0.875,7.75,0.9375,8.0],"rotation":0,"texture":"#0","tintindex":0},"up":{"uv":[3.3125,8.0625,3.125,8.0],"rotation":0,"texture":"#0","tintindex":0},"down":{"uv":[8.1875,3.5,8.0,3.5625],"rotation":0,"texture":"#0","tintindex":0}}},{"from":[9.28034,5.8372846,10.137321],"to":[11.216951,6.5821347,10.882172],"rotation":{"angle":0.0,"axis":"y","origin":[10.956253,7.885623,8.088983]},"faces":{"east":{"uv":[8.375,4.875,8.4375,4.9375],"rotation":0,"texture":"#0","tintindex":0},"south":{"uv":[8.0,3.625,8.1875,3.6875],"rotation":0,"texture":"#0","tintindex":0},"north":{"uv":[3.625,8.0,3.8125,8.0625],"rotation":0,"texture":"#0","tintindex":0},"west":{"uv":[5.0,8.375,5.0625,8.4375],"rotation":0,"texture":"#0","tintindex":0},"up":{"uv":[4.0625,8.0625,3.875,8.0],"rotation":0,"texture":"#0","tintindex":0},"down":{"uv":[4.3125,8.0,4.125,8.0625],"rotation":0,"texture":"#0","tintindex":0}}},{"from":[9.28034,5.092434,9.39247],"to":[11.216951,5.8372846,10.137321],"rotation":{"angle":0.0,"axis":"y","origin":[10.956253,7.885623,8.088983]},"faces":{"east":{"uv":[8.375,5.0,8.4375,5.0625],"rotation":0,"texture":"#0","tintindex":0},"south":{"uv":[4.375,8.0,4.5625,8.0625],"rotation":0,"texture":"#0","tintindex":0},"north":{"uv":[8.0,4.25,8.1875,4.3125],"rotation":0,"texture":"#0","tintindex":0},"west":{"uv":[5.125,8.375,5.1875,8.4375],"rotation":0,"texture":"#0","tintindex":0},"up":{"uv":[4.8125,8.0625,4.625,8.0],"rotation":0,"texture":"#0","tintindex":0},"down":{"uv":[5.0625,8.0,4.875,8.0625],"rotation":0,"texture":"#0","tintindex":0}}},{"from":[10.02519,4.9434643,7.530345],"to":[10.397615,7.2525,8.64762],"rotation":{"angle":45.0,"axis":"x","origin":[10.956253,7.885623,8.088983]},"faces":{"east":{"uv":[6.5,7.25,6.625,7.5],"rotation":0,"texture":"#0","tintindex":0},"south":{"uv":[7.75,1.0,7.8125,1.25],"rotation":0,"texture":"#0","tintindex":0},"north":{"uv":[1.0,7.75,1.0625,8.0],"rotation":0,"texture":"#0","tintindex":0},"west":{"uv":[7.25,6.5,7.375,6.75],"rotation":0,"texture":"#0","tintindex":0},"up":{"uv":[6.5625,8.375,6.5,8.25],"rotation":0,"texture":"#0","tintindex":0},"down":{"uv":[6.6875,8.25,6.625,8.375],"rotation":0,"texture":"#0","tintindex":0}}},{"from":[10.02519,7.3269854,5.1766176],"to":[10.397615,8.444261,7.485654],"rotation":{"angle":45.0,"axis":"x","origin":[10.956253,7.885623,8.088983]},"faces":{"east":{"uv":[6.625,7.25,6.875,7.375],"rotation":0,"texture":"#0","tintindex":0},"south":{"uv":[6.75,8.25,6.8125,8.375],"rotation":0,"texture":"#0","tintindex":0},"north":{"uv":[8.25,6.625,8.3125,6.75],"rotation":0,"texture":"#0","tintindex":0},"west":{"uv":[7.125,7.25,7.375,7.375],"rotation":0,"texture":"#0","tintindex":0},"up":{"uv":[1.3125,8.0,1.25,7.75],"rotation":0,"texture":"#0","tintindex":0},"down":{"uv":[1.4375,7.75,1.375,8.0],"rotation":0,"texture":"#0","tintindex":0}}},{"from":[10.02519,8.816686,7.530345],"to":[10.397615,10.797988,8.64762],"rotation":{"angle":45.0,"axis":"x","origin":[10.956253,7.885623,8.088983]},"faces":{"east":{"uv":[6.875,7.375,7.0,7.5625],"rotation":0,"texture":"#0","tintindex":0},"south":{"uv":[3.375,8.0,3.4375,8.1875],"rotation":0,"texture":"#0","tintindex":0},"north":{"uv":[0.5,8.0,0.5625,8.1875],"rotation":0,"texture":"#0","tintindex":0},"west":{"uv":[7.5,1.0,7.625,1.1875],"rotation":0,"texture":"#0","tintindex":0},"up":{"uv":[8.3125,6.875,8.25,6.75],"rotation":0,"texture":"#0","tintindex":0},"down":{"uv":[6.9375,8.25,6.875,8.375],"rotation":0,"texture":"#0","tintindex":0}}},{"from":[10.02519,7.3269854,8.900869],"to":[10.397615,8.444261,11.135421],"rotation":{"angle":45.0,"axis":"x","origin":[10.956253,7.885623,8.088983]},"faces":{"east":{"uv":[0.0,7.375,0.25,7.5],"rotation":0,"texture":"#0","tintindex":0},"south":{"uv":[7.0,8.25,7.0625,8.375],"rotation":0,"texture":"#0","tintindex":0},"north":{"uv":[8.25,6.875,8.3125,7.0],"rotation":0,"texture":"#0","tintindex":0},"west":{"uv":[0.25,7.375,0.5,7.5],"rotation":0,"texture":"#0","tintindex":0},"up":{"uv":[1.9375,8.0,1.875,7.75],"rotation":0,"texture":"#0","tintindex":0},"down":{"uv":[7.8125,1.875,7.75,2.125],"rotation":0,"texture":"#0","tintindex":0}}},{"from":[9.28034,6.95456,7.15792],"to":[10.7700405,8.816686,9.020045],"rotation":{"angle":45.0,"axis":"x","origin":[10.956253,7.885623,8.088983]},"faces":{"east":{"uv":[3.75,7.125,3.9375,7.3125],"rotation":0,"texture":"#0","tintindex":0},"south":{"uv":[1.375,7.5,1.5,7.6875],"rotation":0,"texture":"#0","tintindex":0},"north":{"uv":[1.25,7.5,1.375,7.6875],"rotation":0,"texture":"#0","tintindex":0},"west":{"uv":[7.125,3.75,7.3125,3.9375],"rotation":0,"texture":"#0","tintindex":0},"up":{"uv":[7.625,1.5625,7.5,1.375],"rotation":0,"texture":"#0","tintindex":0},"down":{"uv":[7.625,1.75,7.5,1.9375],"rotation":0,"texture":"#0","tintindex":0}}},{"from":[8.907915,7.3269854,7.530345],"to":[11.514891,8.444261,8.64762],"rotation":{"angle":0.0,"axis":"y","origin":[10.956253,7.885623,8.088983]},"faces":{"east":{"uv":[7.75,1.25,7.875,1.375],"rotation":0,"texture":"#0","tintindex":0},"south":{"uv":[1.0,7.375,1.25,7.5],"rotation":0,"texture":"#0","tintindex":0},"north":{"uv":[0.75,7.375,1.0,7.5],"rotation":0,"texture":"#0","tintindex":0},"west":{"uv":[2.0,7.75,2.125,7.875],"rotation":0,"texture":"#0","tintindex":0},"up":{"uv":[1.5,7.5,1.25,7.375],"rotation":0,"texture":"#0","tintindex":0},"down":{"uv":[7.625,1.25,7.375,1.375],"rotation":0,"texture":"#0","tintindex":0}}}],"display":{"head":{"translation":[0.0,-6.4,0.0],"scale":[4.0,4.0,4.0]}}}