{"textures":{"0":"minecraft:modelengine/entity/zap_tower_4"},"elements":[{"from":[-4.7323074,-11.482019,-4.8616657],"to":[3.267692,-5.882019,3.1383348],"rotation":{"angle":0.0,"axis":"y","origin":[-4.7323074,-11.482019,-4.8616657]},"faces":{"east":{"uv":[7.125,2.0,7.75,2.4375],"rotation":0,"texture":"#0","tintindex":0},"south":{"uv":[7.125,2.5,7.75,2.9375],"rotation":0,"texture":"#0","tintindex":0},"north":{"uv":[7.125,1.5,7.75,1.9375],"rotation":0,"texture":"#0","tintindex":0},"west":{"uv":[7.125,3.0,7.75,3.4375],"rotation":0,"texture":"#0","tintindex":0},"up":{"uv":[5.5,4.375,4.875,3.75],"rotation":0,"texture":"#0","tintindex":0},"down":{"uv":[5.875,4.375,5.25,5.0],"rotation":0,"texture":"#0","tintindex":0}}},{"from":[12.867693,-11.482019,-4.8616657],"to":[20.867693,-5.882019,3.1383348],"rotation":{"angle":0.0,"axis":"y","origin":[20.867693,-11.482019,-4.8616657]},"faces":{"east":{"uv":[7.125,6.875,7.75,7.3125],"rotation":0,"texture":"#0","tintindex":0},"south":{"uv":[5.125,7.25,5.75,7.6875],"rotation":0,"texture":"#0","tintindex":0},"north":{"uv":[7.125,3.5,7.75,3.9375],"rotation":0,"texture":"#0","tintindex":0},"west":{"uv":[5.75,7.25,6.375,7.6875],"rotation":0,"texture":"#0","tintindex":0},"up":{"uv":[5.875,5.625,5.25,5.0],"rotation":0,"texture":"#0","tintindex":0},"down":{"uv":[6.0,2.75,5.375,3.375],"rotation":0,"texture":"#0","tintindex":0}}},{"from":[-4.7323074,-11.482019,12.738335],"to":[3.267692,-5.882019,20.738335],"rotation":{"angle":0.0,"axis":"y","origin":[-4.7323074,-11.482019,20.738335]},"faces":{"east":{"uv":[0.75,7.375,1.375,7.8125],"rotation":0,"texture":"#0","tintindex":0},"south":{"uv":[1.375,7.375,2.0,7.8125],"rotation":0,"texture":"#0","tintindex":0},"north":{"uv":[6.375,7.25,7.0,7.6875],"rotation":0,"texture":"#0","tintindex":0},"west":{"uv":[2.0,7.375,2.625,7.8125],"rotation":0,"texture":"#0","tintindex":0},"up":{"uv":[6.125,0.625,5.5,0.0],"rotation":0,"texture":"#0","tintindex":0},"down":{"uv":[6.125,0.625,5.5,1.25],"rotation":0,"texture":"#0","tintindex":0}}},{"from":[13.141613,-6.09898,-3.458785],"to":[19.464813,-2.1450596,2.8644147],"rotation":{"angle":0.0,"axis":"y","origin":[19.464813,-10.6929,-3.458785]},"faces":{"east":{"uv":[8.5,5.875,9.0,6.1875],"rotation":0,"texture":"#0","tintindex":0},"south":{"uv":[0.75,8.625,1.25,8.9375],"rotation":0,"texture":"#0","tintindex":0},"north":{"uv":[8.5,5.5,9.0,5.8125],"rotation":0,"texture":"#0","tintindex":0},"west":{"uv":[2.5,8.625,3.0,8.9375],"rotation":0,"texture":"#0","tintindex":0},"up":{"uv":[8.25,2.625,7.75,2.125],"rotation":0,"texture":"#0","tintindex":0},"down":{"uv":[8.25,2.625,7.75,3.125],"rotation":0,"texture":"#0","tintindex":0}}},{"from":[-3.3294277,-6.09898,-3.458785],"to":[2.993772,-2.1450596,2.8644147],"rotation":{"angle":0.0,"axis":"y","origin":[-3.3294277,-10.6929,-3.458785]},"faces":{"east":{"uv":[7.625,8.625,8.125,8.9375],"rotation":0,"texture":"#0","tintindex":0},"south":{"uv":[8.125,8.625,8.625,8.9375],"rotation":0,"texture":"#0","tintindex":0},"north":{"uv":[3.0,8.625,3.5,8.9375],"rotation":0,"texture":"#0","tintindex":0},"west":{"uv":[8.625,8.625,9.125,8.9375],"rotation":0,"texture":"#0","tintindex":0},"up":{"uv":[8.25,3.625,7.75,3.125],"rotation":0,"texture":"#0","tintindex":0},"down":{"uv":[8.25,4.75,7.75,5.25],"rotation":0,"texture":"#0","tintindex":0}}},{"from":[-3.3294277,-6.09898,13.012255],"to":[2.993772,-2.1450596,19.335455],"rotation":{"angle":0.0,"axis":"y","origin":[-3.3294277,-10.6929,19.335455]},"faces":{"east":{"uv":[8.75,7.375,9.25,7.6875],"rotation":0,"texture":"#0","tintindex":0},"south":{"uv":[8.875,1.375,9.375,1.6875],"rotation":0,"texture":"#0","tintindex":0},"north":{"uv":[8.75,4.25,9.25,4.5625],"rotation":0,"texture":"#0","tintindex":0},"west":{"uv":[8.875,1.75,9.375,2.0625],"rotation":0,"texture":"#0","tintindex":0},"up":{"uv":[5.625,8.25,5.125,7.75],"rotation":0,"texture":"#0","tintindex":0},"down":{"uv":[8.25,5.25,7.75,5.75],"rotation":0,"texture":"#0","tintindex":0}}},{"from":[13.141613,-6.09898,13.012255],"to":[19.464813,-2.1450596,19.335455],"rotation":{"angle":0.0,"axis":"y","origin":[19.464813,-10.6929,19.335455]},"faces":{"east":{"uv":[1.0,9.0,1.5,9.3125],"rotation":0,"texture":"#0","tintindex":0},"south":{"uv":[2.5,9.0,3.0,9.3125],"rotation":0,"texture":"#0","tintindex":0},"north":{"uv":[0.5,9.0,1.0,9.3125],"rotation":0,"texture":"#0","tintindex":0},"west":{"uv":[3.0,9.0,3.5,9.3125],"rotation":0,"texture":"#0","tintindex":0},"up":{"uv":[6.125,8.25,5.625,7.75],"rotation":0,"texture":"#0","tintindex":0},"down":{"uv":[8.25,5.75,7.75,6.25],"rotation":0,"texture":"#0","tintindex":0}}},{"from":[2.867692,-12.762022,-3.4216652],"to":[13.267693,-2.84202,-1.0216656],"rotation":{"angle":22.5,"axis":"x","origin":[8.067693,-9.08202,-0.8616657]},"faces":{"east":{"uv":[7.875,9.0,8.0625,9.75],"rotation":0,"texture":"#0","tintindex":0},"south":{"uv":[0.0,4.0,0.8125,4.75],"rotation":0,"texture":"#0","tintindex":0},"north":{"uv":[3.125,3.75,3.9375,4.5],"rotation":0,"texture":"#0","tintindex":0},"west":{"uv":[8.125,9.0,8.3125,9.75],"rotation":0,"texture":"#0","tintindex":0},"up":{"uv":[9.8125,4.1875,9.0,4.0],"rotation":0,"texture":"#0","tintindex":0},"down":{"uv":[5.9375,9.0,5.125,9.1875],"rotation":0,"texture":"#0","tintindex":0}}},{"from":[2.867692,-12.762022,16.898335],"to":[13.267693,-2.84202,19.298336],"rotation":{"angle":-22.5,"axis":"x","origin":[8.067693,-9.08202,16.738335]},"faces":{"east":{"uv":[8.375,9.0,8.5625,9.75],"rotation":0,"texture":"#0","tintindex":0},"south":{"uv":[4.0,3.75,4.8125,4.5],"rotation":0,"texture":"#0","tintindex":0},"north":{"uv":[0.875,4.0,1.6875,4.75],"rotation":0,"texture":"#0","tintindex":0},"west":{"uv":[8.625,9.0,8.8125,9.75],"rotation":0,"texture":"#0","tintindex":0},"up":{"uv":[9.8125,5.6875,9.0,5.5],"rotation":0,"texture":"#0","tintindex":0},"down":{"uv":[9.8125,5.75,9.0,5.9375],"rotation":0,"texture":"#0","tintindex":0}}},{"from":[15.706117,-16.0,2.7383347],"to":[18.106117,-6.08,13.138334],"rotation":{"angle":22.5,"axis":"z","origin":[8.067693,-7.3790035,7.938335]},"faces":{"east":{"uv":[4.25,0.0,5.0625,0.75],"rotation":0,"texture":"#0","tintindex":0},"south":{"uv":[1.5,9.125,1.6875,9.875],"rotation":0,"texture":"#0","tintindex":0},"north":{"uv":[8.875,9.0,9.0625,9.75],"rotation":0,"texture":"#0","tintindex":0},"west":{"uv":[4.25,0.75,5.0625,1.5],"rotation":0,"texture":"#0","tintindex":0},"up":{"uv":[6.1875,9.8125,6.0,9.0],"rotation":0,"texture":"#0","tintindex":0},"down":{"uv":[6.4375,9.0,6.25,9.8125],"rotation":0,"texture":"#0","tintindex":0}}},{"from":[-1.9707327,-16.0,2.7383347],"to":[0.42926788,-6.08,13.138334],"rotation":{"angle":-22.5,"axis":"z","origin":[8.067693,-7.3790035,7.938335]},"faces":{"east":{"uv":[4.25,1.5,5.0625,2.25],"rotation":0,"texture":"#0","tintindex":0},"south":{"uv":[2.0,9.125,2.1875,9.875],"rotation":0,"texture":"#0","tintindex":0},"north":{"uv":[1.75,9.125,1.9375,9.875],"rotation":0,"texture":"#0","tintindex":0},"west":{"uv":[4.25,2.25,5.0625,3.0],"rotation":0,"texture":"#0","tintindex":0},"up":{"uv":[6.6875,9.8125,6.5,9.0],"rotation":0,"texture":"#0","tintindex":0},"down":{"uv":[7.8125,9.0,7.625,9.8125],"rotation":0,"texture":"#0","tintindex":0}}},{"from":[15.667692,-9.882019,-5.661666],"to":[18.067692,-7.4820194,-4.8616657],"rotation":{"angle":0.0,"axis":"y","origin":[20.867693,-11.482019,-4.8616657]},"faces":{"east":{"uv":[9.75,10.75,9.8125,10.9375],"rotation":0,"texture":"#0","tintindex":0},"south":{"uv":[10.125,7.625,10.3125,7.8125],"rotation":0,"texture":"#0","tintindex":0},"north":{"uv":[7.125,10.125,7.3125,10.3125],"rotation":0,"texture":"#0","tintindex":0},"west":{"uv":[9.875,10.75,9.9375,10.9375],"rotation":0,"texture":"#0","tintindex":0},"up":{"uv":[10.9375,9.6875,10.75,9.625],"rotation":0,"texture":"#0","tintindex":0},"down":{"uv":[10.1875,10.75,10.0,10.8125],"rotation":0,"texture":"#0","tintindex":0}}},{"from":[-1.9323072,-9.882019,-5.661666],"to":[0.46769238,-7.4820194,-4.8616657],"rotation":{"angle":0.0,"axis":"y","origin":[-4.7323074,-11.482019,-4.8616657]},"faces":{"east":{"uv":[10.25,10.75,10.3125,10.9375],"rotation":0,"texture":"#0","tintindex":0},"south":{"uv":[10.125,8.25,10.3125,8.4375],"rotation":0,"texture":"#0","tintindex":0},"north":{"uv":[8.25,10.125,8.4375,10.3125],"rotation":0,"texture":"#0","tintindex":0},"west":{"uv":[10.375,10.75,10.4375,10.9375],"rotation":0,"texture":"#0","tintindex":0},"up":{"uv":[10.6875,10.8125,10.5,10.75],"rotation":0,"texture":"#0","tintindex":0},"down":{"uv":[10.9375,10.75,10.75,10.8125],"rotation":0,"texture":"#0","tintindex":0}}},{"from":[15.667692,-9.882019,20.738335],"to":[18.067692,-7.4820194,21.538334],"rotation":{"angle":0.0,"axis":"y","origin":[20.867693,-11.482019,20.738335]},"faces":{"east":{"uv":[0.0,10.875,0.0625,11.0625],"rotation":0,"texture":"#0","tintindex":0},"south":{"uv":[10.125,8.75,10.3125,8.9375],"rotation":0,"texture":"#0","tintindex":0},"north":{"uv":[10.125,8.5,10.3125,8.6875],"rotation":0,"texture":"#0","tintindex":0},"west":{"uv":[10.875,0.0,10.9375,0.1875],"rotation":0,"texture":"#0","tintindex":0},"up":{"uv":[0.3125,10.9375,0.125,10.875],"rotation":0,"texture":"#0","tintindex":0},"down":{"uv":[11.0625,0.25,10.875,0.3125],"rotation":0,"texture":"#0","tintindex":0}}},{"from":[-1.9323072,-9.882019,20.738335],"to":[0.46769238,-7.4820194,21.538334],"rotation":{"angle":0.0,"axis":"y","origin":[-4.7323074,-11.482019,20.738335]},"faces":{"east":{"uv":[0.375,10.875,0.4375,11.0625],"rotation":0,"texture":"#0","tintindex":0},"south":{"uv":[10.125,9.0,10.3125,9.1875],"rotation":0,"texture":"#0","tintindex":0},"north":{"uv":[8.875,10.125,9.0625,10.3125],"rotation":0,"texture":"#0","tintindex":0},"west":{"uv":[0.5,10.875,0.5625,11.0625],"rotation":0,"texture":"#0","tintindex":0},"up":{"uv":[11.0625,0.4375,10.875,0.375],"rotation":0,"texture":"#0","tintindex":0},"down":{"uv":[0.8125,10.875,0.625,10.9375],"rotation":0,"texture":"#0","tintindex":0}}},{"from":[20.867693,-9.882019,-2.0616655],"to":[21.667694,-7.4820194,0.33833456],"rotation":{"angle":0.0,"axis":"y","origin":[8.067693,-8.68202,7.938335]},"faces":{"east":{"uv":[10.125,9.25,10.3125,9.4375],"rotation":0,"texture":"#0","tintindex":0},"south":{"uv":[1.0,10.875,1.0625,11.0625],"rotation":0,"texture":"#0","tintindex":0},"north":{"uv":[0.875,10.875,0.9375,11.0625],"rotation":0,"texture":"#0","tintindex":0},"west":{"uv":[10.25,0.75,10.4375,0.9375],"rotation":0,"texture":"#0","tintindex":0},"up":{"uv":[1.1875,11.0625,1.125,10.875],"rotation":0,"texture":"#0","tintindex":0},"down":{"uv":[1.3125,10.875,1.25,11.0625],"rotation":0,"texture":"#0","tintindex":0}}},{"from":[20.867693,-9.882019,15.538335],"to":[21.667694,-7.4820194,17.938335],"rotation":{"angle":0.0,"axis":"y","origin":[8.067693,-8.68202,7.938335]},"faces":{"east":{"uv":[10.25,1.25,10.4375,1.4375],"rotation":0,"texture":"#0","tintindex":0},"south":{"uv":[1.5,10.875,1.5625,11.0625],"rotation":0,"texture":"#0","tintindex":0},"north":{"uv":[1.375,10.875,1.4375,11.0625],"rotation":0,"texture":"#0","tintindex":0},"west":{"uv":[1.5,10.25,1.6875,10.4375],"rotation":0,"texture":"#0","tintindex":0},"up":{"uv":[1.6875,11.0625,1.625,10.875],"rotation":0,"texture":"#0","tintindex":0},"down":{"uv":[1.8125,10.875,1.75,11.0625],"rotation":0,"texture":"#0","tintindex":0}}},{"from":[-5.5323076,-9.882019,15.538335],"to":[-4.7323074,-7.4820194,17.938335],"rotation":{"angle":0.0,"axis":"y","origin":[8.067693,-8.68202,7.938335]},"faces":{"east":{"uv":[10.25,1.5,10.4375,1.6875],"rotation":0,"texture":"#0","tintindex":0},"south":{"uv":[2.0,10.875,2.0625,11.0625],"rotation":0,"texture":"#0","tintindex":0},"north":{"uv":[1.875,10.875,1.9375,11.0625],"rotation":0,"texture":"#0","tintindex":0},"west":{"uv":[1.75,10.25,1.9375,10.4375],"rotation":0,"texture":"#0","tintindex":0},"up":{"uv":[10.9375,2.1875,10.875,2.0],"rotation":0,"texture":"#0","tintindex":0},"down":{"uv":[2.1875,10.875,2.125,11.0625],"rotation":0,"texture":"#0","tintindex":0}}},{"from":[-5.5323076,-9.882019,-2.0616655],"to":[-4.7323074,-7.4820194,0.33833456],"rotation":{"angle":0.0,"axis":"y","origin":[8.067693,-8.68202,7.938335]},"faces":{"east":{"uv":[10.25,1.75,10.4375,1.9375],"rotation":0,"texture":"#0","tintindex":0},"south":{"uv":[2.5,10.875,2.5625,11.0625],"rotation":0,"texture":"#0","tintindex":0},"north":{"uv":[2.375,10.875,2.4375,11.0625],"rotation":0,"texture":"#0","tintindex":0},"west":{"uv":[2.0,10.25,2.1875,10.4375],"rotation":0,"texture":"#0","tintindex":0},"up":{"uv":[10.9375,2.8125,10.875,2.625],"rotation":0,"texture":"#0","tintindex":0},"down":{"uv":[2.8125,10.875,2.75,11.0625],"rotation":0,"texture":"#0","tintindex":0}}},{"from":[11.941612,0.5749407,0.14121485],"to":[15.864813,17.53494,4.0644145],"rotation":{"angle":0.0,"axis":"y","origin":[19.464813,-16.6129,-3.458785]},"faces":{"east":{"uv":[3.75,4.875,4.0625,6.1875],"rotation":0,"texture":"#0","tintindex":0},"south":{"uv":[4.125,4.875,4.4375,6.1875],"rotation":0,"texture":"#0","tintindex":0},"north":{"uv":[3.375,4.875,3.6875,6.1875],"rotation":0,"texture":"#0","tintindex":0},"west":{"uv":[4.5,4.875,4.8125,6.1875],"rotation":0,"texture":"#0","tintindex":0},"up":{"uv":[5.8125,9.5625,5.5,9.25],"rotation":0,"texture":"#0","tintindex":0},"down":{"uv":[9.5625,7.25,9.25,7.5625],"rotation":0,"texture":"#0","tintindex":0}}},{"from":[0.27057266,0.5749407,0.14121485],"to":[4.1937723,17.53494,4.0644145],"rotation":{"angle":0.0,"axis":"y","origin":[-3.3294277,-16.6129,-3.458785]},"faces":{"east":{"uv":[0.0,5.125,0.3125,6.4375],"rotation":0,"texture":"#0","tintindex":0},"south":{"uv":[5.125,0.0,5.4375,1.3125],"rotation":0,"texture":"#0","tintindex":0},"north":{"uv":[4.875,4.875,5.1875,6.1875],"rotation":0,"texture":"#0","tintindex":0},"west":{"uv":[0.375,5.125,0.6875,6.4375],"rotation":0,"texture":"#0","tintindex":0},"up":{"uv":[0.3125,9.6875,0.0,9.375],"rotation":0,"texture":"#0","tintindex":0},"down":{"uv":[9.6875,0.0,9.375,0.3125],"rotation":0,"texture":"#0","tintindex":0}}},{"from":[0.8596921,-2.4667892,-2.1762428],"to":[15.275692,1.94281,0.36775732],"rotation":{"angle":0.0,"axis":"y","origin":[8.067693,-0.27259064,7.938335]},"faces":{"east":{"uv":[1.75,4.0,1.9375,4.375],"rotation":0,"texture":"#0","tintindex":0},"south":{"uv":[4.25,3.375,5.375,3.75],"rotation":0,"texture":"#0","tintindex":0},"north":{"uv":[4.25,3.0,5.375,3.375],"rotation":0,"texture":"#0","tintindex":0},"west":{"uv":[1.25,8.625,1.4375,9.0],"rotation":0,"texture":"#0","tintindex":0},"up":{"uv":[9.375,0.1875,8.25,0.0],"rotation":0,"texture":"#0","tintindex":0},"down":{"uv":[9.375,2.125,8.25,2.3125],"rotation":0,"texture":"#0","tintindex":0}}},{"from":[0.8596921,-2.4667892,15.508913],"to":[15.275692,1.94281,18.052914],"rotation":{"angle":0.0,"axis":"y","origin":[8.067693,-0.27259064,7.938335]},"faces":{"east":{"uv":[9.125,9.625,9.3125,10.0],"rotation":0,"texture":"#0","tintindex":0},"south":{"uv":[2.875,4.5,4.0,4.875],"rotation":0,"texture":"#0","tintindex":0},"north":{"uv":[1.75,4.5,2.875,4.875],"rotation":0,"texture":"#0","tintindex":0},"west":{"uv":[9.75,1.25,9.9375,1.625],"rotation":0,"texture":"#0","tintindex":0},"up":{"uv":[9.375,2.5625,8.25,2.375],"rotation":0,"texture":"#0","tintindex":0},"down":{"uv":[9.375,2.625,8.25,2.8125],"rotation":0,"texture":"#0","tintindex":0}}},{"from":[15.638269,-2.4667892,0.7303343],"to":[18.18227,1.94281,15.146336],"rotation":{"angle":0.0,"axis":"y","origin":[8.067693,-0.27259064,7.938335]},"faces":{"east":{"uv":[4.0,4.5,5.125,4.875],"rotation":0,"texture":"#0","tintindex":0},"south":{"uv":[9.75,2.0,9.9375,2.375],"rotation":0,"texture":"#0","tintindex":0},"north":{"uv":[9.75,1.625,9.9375,2.0],"rotation":0,"texture":"#0","tintindex":0},"west":{"uv":[0.0,4.75,1.125,5.125],"rotation":0,"texture":"#0","tintindex":0},"up":{"uv":[4.3125,9.25,4.125,8.125],"rotation":0,"texture":"#0","tintindex":0},"down":{"uv":[4.5625,8.125,4.375,9.25],"rotation":0,"texture":"#0","tintindex":0}}},{"from":[-2.0468855,-2.4667892,0.7303343],"to":[0.49711466,1.94281,15.146336],"rotation":{"angle":0.0,"axis":"y","origin":[8.067693,-0.27259064,7.938335]},"faces":{"east":{"uv":[1.125,4.875,2.25,5.25],"rotation":0,"texture":"#0","tintindex":0},"south":{"uv":[2.5,9.75,2.6875,10.125],"rotation":0,"texture":"#0","tintindex":0},"north":{"uv":[2.25,9.75,2.4375,10.125],"rotation":0,"texture":"#0","tintindex":0},"west":{"uv":[2.25,4.875,3.375,5.25],"rotation":0,"texture":"#0","tintindex":0},"up":{"uv":[0.1875,9.375,0.0,8.25],"rotation":0,"texture":"#0","tintindex":0},"down":{"uv":[0.4375,8.25,0.25,9.375],"rotation":0,"texture":"#0","tintindex":0}}},{"from":[6.0124316,-2.4667912,-4.3105774],"to":[10.122953,1.9004107,-2.4449778],"rotation":{"angle":-45.0,"axis":"y","origin":[8.067693,-0.27259064,7.938335]},"faces":{"east":{"uv":[5.125,4.375,5.25,4.6875],"rotation":0,"texture":"#0","tintindex":0},"south":{"uv":[9.375,1.125,9.6875,1.4375],"rotation":0,"texture":"#0","tintindex":0},"north":{"uv":[1.125,9.375,1.4375,9.6875],"rotation":0,"texture":"#0","tintindex":0},"west":{"uv":[5.375,3.375,5.5,3.6875],"rotation":0,"texture":"#0","tintindex":0},"up":{"uv":[1.4375,4.875,1.125,4.75],"rotation":0,"texture":"#0","tintindex":0},"down":{"uv":[1.0625,6.5,0.75,6.625],"rotation":0,"texture":"#0","tintindex":0}}},{"from":[6.012431,-2.4667912,-4.3105774],"to":[10.122953,1.9004107,-2.4449778],"rotation":{"angle":45.0,"axis":"y","origin":[8.067693,-0.27259064,7.938335]},"faces":{"east":{"uv":[5.75,3.375,5.875,3.6875],"rotation":0,"texture":"#0","tintindex":0},"south":{"uv":[9.375,1.875,9.6875,2.1875],"rotation":0,"texture":"#0","tintindex":0},"north":{"uv":[9.375,1.5,9.6875,1.8125],"rotation":0,"texture":"#0","tintindex":0},"west":{"uv":[5.75,3.75,5.875,4.0625],"rotation":0,"texture":"#0","tintindex":0},"up":{"uv":[7.4375,4.375,7.125,4.25],"rotation":0,"texture":"#0","tintindex":0},"down":{"uv":[9.0625,4.625,8.75,4.75],"rotation":0,"texture":"#0","tintindex":0}}},{"from":[6.0124316,-2.4667912,18.321648],"to":[10.122953,1.9004107,20.187248],"rotation":{"angle":45.0,"axis":"y","origin":[8.067693,-0.27259064,7.938335]},"faces":{"east":{"uv":[5.875,5.0,6.0,5.3125],"rotation":0,"texture":"#0","tintindex":0},"south":{"uv":[2.5,9.375,2.8125,9.6875],"rotation":0,"texture":"#0","tintindex":0},"north":{"uv":[9.375,2.25,9.6875,2.5625],"rotation":0,"texture":"#0","tintindex":0},"west":{"uv":[6.0,2.75,6.125,3.0625],"rotation":0,"texture":"#0","tintindex":0},"up":{"uv":[9.0625,7.875,8.75,7.75],"rotation":0,"texture":"#0","tintindex":0},"down":{"uv":[9.3125,0.25,9.0,0.375],"rotation":0,"texture":"#0","tintindex":0}}},{"from":[6.012431,-2.4667912,18.321648],"to":[10.122953,1.9004107,20.187248],"rotation":{"angle":-45.0,"axis":"y","origin":[8.067693,-0.27259064,7.938335]},"faces":{"east":{"uv":[5.125,6.25,5.25,6.5625],"rotation":0,"texture":"#0","tintindex":0},"south":{"uv":[9.375,6.0,9.6875,6.3125],"rotation":0,"texture":"#0","tintindex":0},"north":{"uv":[2.875,9.375,3.1875,9.6875],"rotation":0,"texture":"#0","tintindex":0},"west":{"uv":[3.25,6.625,3.375,6.9375],"rotation":0,"texture":"#0","tintindex":0},"up":{"uv":[10.0625,7.25,9.75,7.125],"rotation":0,"texture":"#0","tintindex":0},"down":{"uv":[10.1875,5.875,9.875,6.0],"rotation":0,"texture":"#0","tintindex":0}}},{"from":[1.2676926,-5.462591,-2.8037195],"to":[14.867693,-2.3425903,0.7962804],"rotation":{"angle":-22.5,"axis":"x","origin":[8.067693,-3.9025898,-1.0037193]},"faces":{"east":{"uv":[5.5,2.5,5.8125,2.75],"rotation":0,"texture":"#0","tintindex":0},"south":{"uv":[7.625,4.25,8.6875,4.5],"rotation":0,"texture":"#0","tintindex":0},"north":{"uv":[7.125,4.0,8.1875,4.25],"rotation":0,"texture":"#0","tintindex":0},"west":{"uv":[5.5,4.125,5.8125,4.375],"rotation":0,"texture":"#0","tintindex":0},"up":{"uv":[7.0625,7.1875,6.0,6.875],"rotation":0,"texture":"#0","tintindex":0},"down":{"uv":[1.8125,7.0,0.75,7.3125],"rotation":0,"texture":"#0","tintindex":0}}},{"from":[1.2676926,-5.462591,15.080389],"to":[14.867693,-2.3425903,18.68039],"rotation":{"angle":22.5,"axis":"x","origin":[8.067693,-3.9025898,16.88039]},"faces":{"east":{"uv":[9.0,6.0,9.3125,6.25],"rotation":0,"texture":"#0","tintindex":0},"south":{"uv":[7.625,7.375,8.6875,7.625],"rotation":0,"texture":"#0","tintindex":0},"north":{"uv":[7.625,4.5,8.6875,4.75],"rotation":0,"texture":"#0","tintindex":0},"west":{"uv":[9.75,0.5,10.0625,0.75],"rotation":0,"texture":"#0","tintindex":0},"up":{"uv":[2.9375,7.3125,1.875,7.0],"rotation":0,"texture":"#0","tintindex":0},"down":{"uv":[8.1875,0.0,7.125,0.3125],"rotation":0,"texture":"#0","tintindex":0}}},{"from":[14.529074,-2.040615,1.1383348],"to":[18.129074,1.0793867,14.738335],"rotation":{"angle":-22.5,"axis":"z","origin":[8.067693,-3.9025898,7.938335]},"faces":{"east":{"uv":[7.625,7.625,8.6875,7.875],"rotation":0,"texture":"#0","tintindex":0},"south":{"uv":[9.75,0.75,10.0625,1.0],"rotation":0,"texture":"#0","tintindex":0},"north":{"uv":[0.75,9.75,1.0625,10.0],"rotation":0,"texture":"#0","tintindex":0},"west":{"uv":[7.75,1.375,8.8125,1.625],"rotation":0,"texture":"#0","tintindex":0},"up":{"uv":[3.3125,8.0625,3.0,7.0],"rotation":0,"texture":"#0","tintindex":0},"down":{"uv":[0.3125,7.125,0.0,8.1875],"rotation":0,"texture":"#0","tintindex":0}}},{"from":[-1.9936895,-2.040615,1.1383348],"to":[1.6063113,1.0793867,14.738335],"rotation":{"angle":22.5,"axis":"z","origin":[8.067693,-3.9025898,7.938335]},"faces":{"east":{"uv":[7.75,1.625,8.8125,1.875],"rotation":0,"texture":"#0","tintindex":0},"south":{"uv":[1.125,9.75,1.4375,10.0],"rotation":0,"texture":"#0","tintindex":0},"north":{"uv":[9.75,1.0,10.0625,1.25],"rotation":0,"texture":"#0","tintindex":0},"west":{"uv":[7.75,1.875,8.8125,2.125],"rotation":0,"texture":"#0","tintindex":0},"up":{"uv":[0.6875,8.1875,0.375,7.125],"rotation":0,"texture":"#0","tintindex":0},"down":{"uv":[7.4375,0.375,7.125,1.4375],"rotation":0,"texture":"#0","tintindex":0}}},{"from":[-1.5294867,13.666704,0.20457458],"to":[0.6939697,17.336847,15.672094],"rotation":{"angle":0.0,"axis":"y","origin":[8.067693,16.83798,7.938335]},"faces":{"east":{"uv":[6.375,4.375,7.5625,4.6875],"rotation":0,"texture":"#0","tintindex":0},"south":{"uv":[6.0,9.875,6.1875,10.1875],"rotation":0,"texture":"#0","tintindex":0},"north":{"uv":[9.875,5.5,10.0625,5.8125],"rotation":0,"texture":"#0","tintindex":0},"west":{"uv":[6.5,4.75,7.6875,5.0625],"rotation":0,"texture":"#0","tintindex":0},"up":{"uv":[2.8125,8.5625,2.625,7.375],"rotation":0,"texture":"#0","tintindex":0},"down":{"uv":[6.3125,7.75,6.125,8.9375],"rotation":0,"texture":"#0","tintindex":0}}},{"from":[15.441415,13.666704,0.20457458],"to":[17.664871,17.336847,15.672094],"rotation":{"angle":0.0,"axis":"y","origin":[8.067693,16.83798,7.938335]},"faces":{"east":{"uv":[6.5,5.125,7.6875,5.4375],"rotation":0,"texture":"#0","tintindex":0},"south":{"uv":[6.5,9.875,6.6875,10.1875],"rotation":0,"texture":"#0","tintindex":0},"north":{"uv":[6.25,9.875,6.4375,10.1875],"rotation":0,"texture":"#0","tintindex":0},"west":{"uv":[6.5,5.5,7.6875,5.8125],"rotation":0,"texture":"#0","tintindex":0},"up":{"uv":[6.5625,8.9375,6.375,7.75],"rotation":0,"texture":"#0","tintindex":0},"down":{"uv":[6.8125,7.75,6.625,8.9375],"rotation":0,"texture":"#0","tintindex":0}}},{"from":[0.3339324,13.666704,15.3120575],"to":[15.801453,17.336847,17.535515],"rotation":{"angle":0.0,"axis":"y","origin":[8.067693,16.83798,7.938335]},"faces":{"east":{"uv":[7.625,9.875,7.8125,10.1875],"rotation":0,"texture":"#0","tintindex":0},"south":{"uv":[6.25,6.5,7.4375,6.8125],"rotation":0,"texture":"#0","tintindex":0},"north":{"uv":[6.5,5.875,7.6875,6.1875],"rotation":0,"texture":"#0","tintindex":0},"west":{"uv":[9.75,9.875,9.9375,10.1875],"rotation":0,"texture":"#0","tintindex":0},"up":{"uv":[8.9375,7.0625,7.75,6.875],"rotation":0,"texture":"#0","tintindex":0},"down":{"uv":[8.9375,7.125,7.75,7.3125],"rotation":0,"texture":"#0","tintindex":0}}},{"from":[0.3339324,13.666704,-1.658844],"to":[15.801453,17.336847,0.5646124],"rotation":{"angle":0.0,"axis":"y","origin":[8.067693,16.83798,7.938335]},"faces":{"east":{"uv":[0.75,10.0,0.9375,10.3125],"rotation":0,"texture":"#0","tintindex":0},"south":{"uv":[2.0,6.625,3.1875,6.9375],"rotation":0,"texture":"#0","tintindex":0},"north":{"uv":[0.75,6.625,1.9375,6.9375],"rotation":0,"texture":"#0","tintindex":0},"west":{"uv":[1.0,10.0,1.1875,10.3125],"rotation":0,"texture":"#0","tintindex":0},"up":{"uv":[1.9375,8.0625,0.75,7.875],"rotation":0,"texture":"#0","tintindex":0},"down":{"uv":[4.5625,7.875,3.375,8.0625],"rotation":0,"texture":"#0","tintindex":0}}},{"from":[-4.187132,13.71504,6.6206985],"to":[-2.737052,17.288513,9.255971],"rotation":{"angle":45.0,"axis":"y","origin":[8.067693,16.83798,7.938335]},"faces":{"east":{"uv":[10.0,9.75,10.1875,10.0],"rotation":0,"texture":"#0","tintindex":0},"south":{"uv":[3.125,9.75,3.25,10.0],"rotation":0,"texture":"#0","tintindex":0},"north":{"uv":[9.375,2.625,9.5,2.875],"rotation":0,"texture":"#0","tintindex":0},"west":{"uv":[10.0,10.0,10.1875,10.25],"rotation":0,"texture":"#0","tintindex":0},"up":{"uv":[10.25,10.6875,10.125,10.5],"rotation":0,"texture":"#0","tintindex":0},"down":{"uv":[10.375,10.5,10.25,10.6875],"rotation":0,"texture":"#0","tintindex":0}}},{"from":[3.7259321,13.242704,-2.5068436],"to":[12.409452,20.389648,0.9886122],"rotation":{"angle":0.0,"axis":"y","origin":[8.067693,16.83798,7.938335]},"faces":{"east":{"uv":[4.875,9.125,5.125,9.6875],"rotation":0,"texture":"#0","tintindex":0},"south":{"uv":[6.375,3.125,7.0625,3.6875],"rotation":0,"texture":"#0","tintindex":0},"north":{"uv":[6.375,2.5,7.0625,3.0625],"rotation":0,"texture":"#0","tintindex":0},"west":{"uv":[6.75,9.125,7.0,9.6875],"rotation":0,"texture":"#0","tintindex":0},"up":{"uv":[7.1875,6.5,6.5,6.25],"rotation":0,"texture":"#0","tintindex":0},"down":{"uv":[8.9375,4.0,8.25,4.25],"rotation":0,"texture":"#0","tintindex":0}}},{"from":[3.768332,9.559471,-0.3525877],"to":[12.367052,10.940015,2.8884683],"rotation":{"angle":22.5,"axis":"x","origin":[8.067693,16.83798,7.938335]},"faces":{"east":{"uv":[10.25,5.875,10.5,6.0],"rotation":0,"texture":"#0","tintindex":0},"south":{"uv":[9.625,7.375,10.3125,7.5],"rotation":0,"texture":"#0","tintindex":0},"north":{"uv":[9.625,7.25,10.3125,7.375],"rotation":0,"texture":"#0","tintindex":0},"west":{"uv":[10.25,6.75,10.5,6.875],"rotation":0,"texture":"#0","tintindex":0},"up":{"uv":[8.3125,8.625,7.625,8.375],"rotation":0,"texture":"#0","tintindex":0},"down":{"uv":[9.0625,8.375,8.375,8.625],"rotation":0,"texture":"#0","tintindex":0}}},{"from":[3.768332,22.735947,-0.3525877],"to":[12.367052,24.11649,2.8884683],"rotation":{"angle":-22.5,"axis":"x","origin":[8.067693,16.83798,7.938335]},"faces":{"east":{"uv":[10.375,9.375,10.625,9.5],"rotation":0,"texture":"#0","tintindex":0},"south":{"uv":[0.0,9.75,0.6875,9.875],"rotation":0,"texture":"#0","tintindex":0},"north":{"uv":[9.625,7.5,10.3125,7.625],"rotation":0,"texture":"#0","tintindex":0},"west":{"uv":[10.5,4.25,10.75,4.375],"rotation":0,"texture":"#0","tintindex":0},"up":{"uv":[9.1875,3.125,8.5,2.875],"rotation":0,"texture":"#0","tintindex":0},"down":{"uv":[9.1875,3.125,8.5,3.375],"rotation":0,"texture":"#0","tintindex":0}}},{"from":[18.440247,17.17851,6.673404],"to":[19.832325,19.591444,9.203265],"rotation":{"angle":45.0,"axis":"y","origin":[8.067693,16.83798,7.938335]},"faces":{"east":{"uv":[10.25,2.0,10.4375,2.1875],"rotation":0,"texture":"#0","tintindex":0},"south":{"uv":[0.0,10.625,0.125,10.8125],"rotation":0,"texture":"#0","tintindex":0},"north":{"uv":[10.5,10.5,10.625,10.6875],"rotation":0,"texture":"#0","tintindex":0},"west":{"uv":[2.25,10.25,2.4375,10.4375],"rotation":0,"texture":"#0","tintindex":0},"up":{"uv":[0.25,10.8125,0.125,10.625],"rotation":0,"texture":"#0","tintindex":0},"down":{"uv":[0.375,10.625,0.25,10.8125],"rotation":0,"texture":"#0","tintindex":0}}},{"from":[15.146466,17.132107,0.5139251],"to":[17.280983,19.637844,15.362744],"rotation":{"angle":0.0,"axis":"y","origin":[8.067693,16.83798,7.938335]},"faces":{"east":{"uv":[6.875,7.875,8.0625,8.0625],"rotation":0,"texture":"#0","tintindex":0},"south":{"uv":[10.25,2.625,10.4375,2.8125],"rotation":0,"texture":"#0","tintindex":0},"north":{"uv":[2.5,10.25,2.6875,10.4375],"rotation":0,"texture":"#0","tintindex":0},"west":{"uv":[8.125,0.375,9.3125,0.5625],"rotation":0,"texture":"#0","tintindex":0},"up":{"uv":[2.1875,9.0625,2.0,7.875],"rotation":0,"texture":"#0","tintindex":0},"down":{"uv":[2.4375,7.875,2.25,9.0625],"rotation":0,"texture":"#0","tintindex":0}}},{"from":[18.440247,17.17851,6.6734037],"to":[19.832325,19.591444,9.203265],"rotation":{"angle":-45.0,"axis":"y","origin":[8.067693,16.83798,7.938335]},"faces":{"east":{"uv":[10.25,2.875,10.4375,3.0625],"rotation":0,"texture":"#0","tintindex":0},"south":{"uv":[0.75,10.625,0.875,10.8125],"rotation":0,"texture":"#0","tintindex":0},"north":{"uv":[0.375,10.625,0.5,10.8125],"rotation":0,"texture":"#0","tintindex":0},"west":{"uv":[10.25,3.125,10.4375,3.3125],"rotation":0,"texture":"#0","tintindex":0},"up":{"uv":[1.0,10.8125,0.875,10.625],"rotation":0,"texture":"#0","tintindex":0},"down":{"uv":[1.125,10.625,1.0,10.8125],"rotation":0,"texture":"#0","tintindex":0}}},{"from":[-3.6969395,17.17851,6.6734037],"to":[-2.304862,19.591444,9.203265],"rotation":{"angle":45.0,"axis":"y","origin":[8.067693,16.83798,7.938335]},"faces":{"east":{"uv":[10.25,3.375,10.4375,3.5625],"rotation":0,"texture":"#0","tintindex":0},"south":{"uv":[1.25,10.625,1.375,10.8125],"rotation":0,"texture":"#0","tintindex":0},"north":{"uv":[1.125,10.625,1.25,10.8125],"rotation":0,"texture":"#0","tintindex":0},"west":{"uv":[3.5,10.25,3.6875,10.4375],"rotation":0,"texture":"#0","tintindex":0},"up":{"uv":[1.5,10.8125,1.375,10.625],"rotation":0,"texture":"#0","tintindex":0},"down":{"uv":[2.875,10.625,2.75,10.8125],"rotation":0,"texture":"#0","tintindex":0}}},{"from":[0.6432829,17.132107,15.017109],"to":[15.492102,19.637844,17.151627],"rotation":{"angle":0.0,"axis":"y","origin":[8.067693,16.83798,7.938335]},"faces":{"east":{"uv":[10.25,3.625,10.4375,3.8125],"rotation":0,"texture":"#0","tintindex":0},"south":{"uv":[0.75,8.125,1.9375,8.3125],"rotation":0,"texture":"#0","tintindex":0},"north":{"uv":[8.125,0.625,9.3125,0.8125],"rotation":0,"texture":"#0","tintindex":0},"west":{"uv":[3.75,10.25,3.9375,10.4375],"rotation":0,"texture":"#0","tintindex":0},"up":{"uv":[9.3125,1.0625,8.125,0.875],"rotation":0,"texture":"#0","tintindex":0},"down":{"uv":[9.3125,1.125,8.125,1.3125],"rotation":0,"texture":"#0","tintindex":0}}},{"from":[0.6432829,17.132107,-1.2749567],"to":[15.492102,19.637844,0.85956097],"rotation":{"angle":0.0,"axis":"y","origin":[8.067693,16.83798,7.938335]},"faces":{"east":{"uv":[4.0,10.25,4.1875,10.4375],"rotation":0,"texture":"#0","tintindex":0},"south":{"uv":[8.125,6.25,9.3125,6.4375],"rotation":0,"texture":"#0","tintindex":0},"north":{"uv":[2.875,8.125,4.0625,8.3125],"rotation":0,"texture":"#0","tintindex":0},"west":{"uv":[10.25,4.0,10.4375,4.1875],"rotation":0,"texture":"#0","tintindex":0},"up":{"uv":[9.3125,6.6875,8.125,6.5],"rotation":0,"texture":"#0","tintindex":0},"down":{"uv":[8.0625,8.125,6.875,8.3125],"rotation":0,"texture":"#0","tintindex":0}}},{"from":[-1.1455994,17.132107,0.5139251],"to":[0.9889188,19.637844,15.362744],"rotation":{"angle":0.0,"axis":"y","origin":[8.067693,16.83798,7.938335]},"faces":{"east":{"uv":[8.125,7.875,9.3125,8.0625],"rotation":0,"texture":"#0","tintindex":0},"south":{"uv":[6.0,10.25,6.1875,10.4375],"rotation":0,"texture":"#0","tintindex":0},"north":{"uv":[10.25,4.75,10.4375,4.9375],"rotation":0,"texture":"#0","tintindex":0},"west":{"uv":[8.125,8.125,9.3125,8.3125],"rotation":0,"texture":"#0","tintindex":0},"up":{"uv":[4.8125,9.0625,4.625,7.875],"rotation":0,"texture":"#0","tintindex":0},"down":{"uv":[5.0625,7.875,4.875,9.0625],"rotation":0,"texture":"#0","tintindex":0}}},{"from":[0.8676925,-0.12201977,0.73833466],"to":[15.267693,18.99798,15.138334],"rotation":{"angle":0.0,"axis":"y","origin":[-4.7323074,-0.12201977,-4.8616657]},"faces":{"east":{"uv":[2.0,0.0,3.125,1.5],"rotation":0,"texture":"#0","tintindex":0},"south":{"uv":[2.0,0.0,3.125,1.5],"rotation":0,"texture":"#0","tintindex":0},"north":{"uv":[2.0,0.0,3.125,1.5],"rotation":0,"texture":"#0","tintindex":0},"west":{"uv":[2.0,0.0,3.125,1.5],"rotation":0,"texture":"#0","tintindex":0},"up":{"uv":[4.25,2.625,3.125,1.5],"rotation":0,"texture":"#0","tintindex":0},"down":{"uv":[4.25,2.625,3.125,3.75],"rotation":0,"texture":"#0","tintindex":0}}},{"from":[6.035695,5.716097,-1.3016653],"to":[10.035695,9.716097,0.2983346],"rotation":{"angle":-45.0,"axis":"z","origin":[8.067693,7.6841,7.938335]},"faces":{"east":{"uv":[2.875,7.75,3.0,8.0625],"rotation":0,"texture":"#0","tintindex":0},"south":{"uv":[9.375,8.0,9.6875,8.3125],"rotation":0,"texture":"#0","tintindex":0},"north":{"uv":[9.375,7.625,9.6875,7.9375],"rotation":0,"texture":"#0","tintindex":0},"west":{"uv":[2.5,7.875,2.625,8.1875],"rotation":0,"texture":"#0","tintindex":0},"up":{"uv":[10.4375,0.625,10.125,0.5],"rotation":0,"texture":"#0","tintindex":0},"down":{"uv":[10.4375,0.625,10.125,0.75],"rotation":0,"texture":"#0","tintindex":0}}},{"from":[6.650854,-2.6046581,-0.9787855],"to":[9.614055,17.715343,0.06441498],"rotation":{"angle":45.0,"axis":"z","origin":[8.067693,7.6841,7.938335]},"faces":{"east":{"uv":[9.375,8.375,9.4375,9.9375],"rotation":0,"texture":"#0","tintindex":0},"south":{"uv":[6.125,0.0,6.375,1.5625],"rotation":0,"texture":"#0","tintindex":0},"north":{"uv":[6.0,5.0,6.25,6.5625],"rotation":0,"texture":"#0","tintindex":0},"west":{"uv":[9.5,8.375,9.5625,9.9375],"rotation":0,"texture":"#0","tintindex":0},"up":{"uv":[11.0,3.9375,10.75,3.875],"rotation":0,"texture":"#0","tintindex":0},"down":{"uv":[4.25,10.75,4.0,10.8125],"rotation":0,"texture":"#0","tintindex":0}}},{"from":[-4.7323074,-13.08202,-4.8616657],"to":[20.867693,-11.482019,20.738335],"rotation":{"angle":0.0,"axis":"y","origin":[-4.7323074,-13.08202,-4.8616657]},"faces":{"east":{"uv":[7.5,6.75,9.5,6.875],"rotation":0,"texture":"#0","tintindex":0},"south":{"uv":[7.5,6.75,9.5,6.875],"rotation":0,"texture":"#0","tintindex":0},"north":{"uv":[7.5,6.75,9.5,6.875],"rotation":0,"texture":"#0","tintindex":0},"west":{"uv":[7.5,6.75,9.5,6.875],"rotation":0,"texture":"#0","tintindex":0},"up":{"uv":[2.0,2.0,0.0,0.0],"rotation":0,"texture":"#0","tintindex":0},"down":{"uv":[2.0,2.0,0.0,4.0],"rotation":0,"texture":"#0","tintindex":0}}},{"from":[-3.6969395,17.17851,6.673404],"to":[-2.304862,19.591444,9.203265],"rotation":{"angle":-45.0,"axis":"y","origin":[8.067693,16.83798,7.938335]},"faces":{"east":{"uv":[2.4375,10.25,2.25,10.4375],"rotation":0,"texture":"#0","tintindex":0},"south":{"uv":[0.125,10.625,0.0,10.8125],"rotation":0,"texture":"#0","tintindex":0},"north":{"uv":[10.625,10.5,10.5,10.6875],"rotation":0,"texture":"#0","tintindex":0},"west":{"uv":[10.4375,2.0,10.25,2.1875],"rotation":0,"texture":"#0","tintindex":0},"up":{"uv":[0.125,10.8125,0.25,10.625],"rotation":0,"texture":"#0","tintindex":0},"down":{"uv":[0.25,10.625,0.375,10.8125],"rotation":0,"texture":"#0","tintindex":0}}},{"from":[11.941612,0.5749407,11.812255],"to":[15.864813,17.53494,15.735455],"rotation":{"angle":0.0,"axis":"y","origin":[19.464813,-16.6129,19.335455]},"faces":{"east":{"uv":[4.0625,4.875,3.75,6.1875],"rotation":0,"texture":"#0","tintindex":0},"south":{"uv":[3.6875,4.875,3.375,6.1875],"rotation":0,"texture":"#0","tintindex":0},"north":{"uv":[4.4375,4.875,4.125,6.1875],"rotation":0,"texture":"#0","tintindex":0},"west":{"uv":[4.8125,4.875,4.5,6.1875],"rotation":0,"texture":"#0","tintindex":0},"up":{"uv":[5.8125,9.25,5.5,9.5625],"rotation":0,"texture":"#0","tintindex":0},"down":{"uv":[9.5625,7.5625,9.25,7.25],"rotation":0,"texture":"#0","tintindex":0}}},{"from":[0.27057266,0.5749407,11.812255],"to":[4.1937723,17.53494,15.735455],"rotation":{"angle":0.0,"axis":"y","origin":[-3.3294277,-16.6129,19.335455]},"faces":{"east":{"uv":[0.3125,5.125,0.0,6.4375],"rotation":0,"texture":"#0","tintindex":0},"south":{"uv":[5.1875,4.875,4.875,6.1875],"rotation":0,"texture":"#0","tintindex":0},"north":{"uv":[5.4375,0.0,5.125,1.3125],"rotation":0,"texture":"#0","tintindex":0},"west":{"uv":[0.6875,5.125,0.375,6.4375],"rotation":0,"texture":"#0","tintindex":0},"up":{"uv":[0.3125,9.375,0.0,9.6875],"rotation":0,"texture":"#0","tintindex":0},"down":{"uv":[9.6875,0.3125,9.375,0.0],"rotation":0,"texture":"#0","tintindex":0}}},{"from":[6.5213304,-2.6046581,-0.9787855],"to":[9.48453,17.715343,0.06441498],"rotation":{"angle":-45.0,"axis":"z","origin":[8.067693,7.6841,7.938335]},"faces":{"east":{"uv":[4.25,9.625,4.3125,11.1875],"rotation":0,"texture":"#0","tintindex":0},"south":{"uv":[6.125,3.25,6.375,4.8125],"rotation":0,"texture":"#0","tintindex":0},"north":{"uv":[6.125,1.625,6.375,3.1875],"rotation":0,"texture":"#0","tintindex":0},"west":{"uv":[4.375,9.625,4.4375,11.1875],"rotation":0,"texture":"#0","tintindex":0},"up":{"uv":[11.0,4.0625,10.75,4.0],"rotation":0,"texture":"#0","tintindex":0},"down":{"uv":[11.0,4.125,10.75,4.1875],"rotation":0,"texture":"#0","tintindex":0}}},{"from":[6.5213304,-2.6046581,15.812256],"to":[9.48453,17.715343,16.855455],"rotation":{"angle":-45.0,"axis":"z","origin":[8.067693,7.6841,7.938335]},"faces":{"east":{"uv":[4.3125,9.625,4.25,11.1875],"rotation":0,"texture":"#0","tintindex":0},"south":{"uv":[6.375,1.625,6.125,3.1875],"rotation":0,"texture":"#0","tintindex":0},"north":{"uv":[6.375,3.25,6.125,4.8125],"rotation":0,"texture":"#0","tintindex":0},"west":{"uv":[4.4375,9.625,4.375,11.1875],"rotation":0,"texture":"#0","tintindex":0},"up":{"uv":[11.0,4.0,10.75,4.0625],"rotation":0,"texture":"#0","tintindex":0},"down":{"uv":[11.0,4.1875,10.75,4.125],"rotation":0,"texture":"#0","tintindex":0}}},{"from":[6.035695,5.716097,15.578335],"to":[10.035695,9.716097,17.178335],"rotation":{"angle":-45.0,"axis":"z","origin":[8.067693,7.6841,7.938335]},"faces":{"east":{"uv":[3.0,7.75,2.875,8.0625],"rotation":0,"texture":"#0","tintindex":0},"south":{"uv":[9.6875,7.625,9.375,7.9375],"rotation":0,"texture":"#0","tintindex":0},"north":{"uv":[9.6875,8.0,9.375,8.3125],"rotation":0,"texture":"#0","tintindex":0},"west":{"uv":[2.625,7.875,2.5,8.1875],"rotation":0,"texture":"#0","tintindex":0},"up":{"uv":[10.4375,0.5,10.125,0.625],"rotation":0,"texture":"#0","tintindex":0},"down":{"uv":[10.4375,0.75,10.125,0.625],"rotation":0,"texture":"#0","tintindex":0}}},{"from":[6.650854,-2.6046581,15.812256],"to":[9.614055,17.715343,16.855455],"rotation":{"angle":45.0,"axis":"z","origin":[8.067693,7.6841,7.938335]},"faces":{"east":{"uv":[9.4375,8.375,9.375,9.9375],"rotation":0,"texture":"#0","tintindex":0},"south":{"uv":[6.25,5.0,6.0,6.5625],"rotation":0,"texture":"#0","tintindex":0},"north":{"uv":[6.375,0.0,6.125,1.5625],"rotation":0,"texture":"#0","tintindex":0},"west":{"uv":[9.5625,8.375,9.5,9.9375],"rotation":0,"texture":"#0","tintindex":0},"up":{"uv":[11.0,3.875,10.75,3.9375],"rotation":0,"texture":"#0","tintindex":0},"down":{"uv":[4.25,10.8125,4.0,10.75],"rotation":0,"texture":"#0","tintindex":0}}},{"from":[15.941612,-2.6046581,6.391973],"to":[16.984814,17.715343,9.355173],"rotation":{"angle":45.0,"axis":"x","origin":[8.067693,7.6841,7.938335]},"faces":{"east":{"uv":[6.125,1.625,6.375,3.1875],"rotation":0,"texture":"#0","tintindex":0},"south":{"uv":[4.25,9.625,4.3125,11.1875],"rotation":0,"texture":"#0","tintindex":0},"north":{"uv":[4.375,9.625,4.4375,11.1875],"rotation":0,"texture":"#0","tintindex":0},"west":{"uv":[6.125,3.25,6.375,4.8125],"rotation":0,"texture":"#0","tintindex":0},"up":{"uv":[11.0,4.0625,10.75,4.0],"rotation":90,"texture":"#0","tintindex":0},"down":{"uv":[11.0,4.125,10.75,4.1875],"rotation":270,"texture":"#0","tintindex":0}}},{"from":[15.707692,5.716097,5.9063373],"to":[17.307693,9.716097,9.906338],"rotation":{"angle":45.0,"axis":"x","origin":[8.067693,7.6841,7.938335]},"faces":{"east":{"uv":[9.375,7.625,9.6875,7.9375],"rotation":0,"texture":"#0","tintindex":0},"south":{"uv":[2.875,7.75,3.0,8.0625],"rotation":0,"texture":"#0","tintindex":0},"north":{"uv":[2.5,7.875,2.625,8.1875],"rotation":0,"texture":"#0","tintindex":0},"west":{"uv":[9.375,8.0,9.6875,8.3125],"rotation":0,"texture":"#0","tintindex":0},"up":{"uv":[10.4375,0.625,10.125,0.5],"rotation":90,"texture":"#0","tintindex":0},"down":{"uv":[10.4375,0.625,10.125,0.75],"rotation":270,"texture":"#0","tintindex":0}}},{"from":[15.941612,-2.6046581,6.521497],"to":[16.984814,17.715343,9.484696],"rotation":{"angle":-45.0,"axis":"x","origin":[8.067693,7.6841,7.938335]},"faces":{"east":{"uv":[6.0,5.0,6.25,6.5625],"rotation":0,"texture":"#0","tintindex":0},"south":{"uv":[9.375,8.375,9.4375,9.9375],"rotation":0,"texture":"#0","tintindex":0},"north":{"uv":[9.5,8.375,9.5625,9.9375],"rotation":0,"texture":"#0","tintindex":0},"west":{"uv":[6.125,0.0,6.375,1.5625],"rotation":0,"texture":"#0","tintindex":0},"up":{"uv":[11.0,3.9375,10.75,3.875],"rotation":90,"texture":"#0","tintindex":0},"down":{"uv":[4.25,10.75,4.0,10.8125],"rotation":270,"texture":"#0","tintindex":0}}},{"from":[-0.8494282,-2.6046581,6.391973],"to":[0.19377184,17.715343,9.355173],"rotation":{"angle":45.0,"axis":"x","origin":[8.067693,7.6841,7.938335]},"faces":{"east":{"uv":[6.375,3.25,6.125,4.8125],"rotation":0,"texture":"#0","tintindex":0},"south":{"uv":[4.3125,9.625,4.25,11.1875],"rotation":0,"texture":"#0","tintindex":0},"north":{"uv":[4.4375,9.625,4.375,11.1875],"rotation":0,"texture":"#0","tintindex":0},"west":{"uv":[6.375,1.625,6.125,3.1875],"rotation":0,"texture":"#0","tintindex":0},"up":{"uv":[11.0,4.0,10.75,4.0625],"rotation":90,"texture":"#0","tintindex":0},"down":{"uv":[11.0,4.1875,10.75,4.125],"rotation":270,"texture":"#0","tintindex":0}}},{"from":[-1.172308,5.716097,5.9063373],"to":[0.4276924,9.716097,9.906338],"rotation":{"angle":45.0,"axis":"x","origin":[8.067693,7.6841,7.938335]},"faces":{"east":{"uv":[9.6875,8.0,9.375,8.3125],"rotation":0,"texture":"#0","tintindex":0},"south":{"uv":[3.0,7.75,2.875,8.0625],"rotation":0,"texture":"#0","tintindex":0},"north":{"uv":[2.625,7.875,2.5,8.1875],"rotation":0,"texture":"#0","tintindex":0},"west":{"uv":[9.6875,7.625,9.375,7.9375],"rotation":0,"texture":"#0","tintindex":0},"up":{"uv":[10.4375,0.5,10.125,0.625],"rotation":90,"texture":"#0","tintindex":0},"down":{"uv":[10.4375,0.75,10.125,0.625],"rotation":270,"texture":"#0","tintindex":0}}},{"from":[-0.8494282,-2.6046581,6.521497],"to":[0.19377184,17.715343,9.484696],"rotation":{"angle":-45.0,"axis":"x","origin":[8.067693,7.6841,7.938335]},"faces":{"east":{"uv":[6.375,0.0,6.125,1.5625],"rotation":0,"texture":"#0","tintindex":0},"south":{"uv":[9.4375,8.375,9.375,9.9375],"rotation":0,"texture":"#0","tintindex":0},"north":{"uv":[9.5625,8.375,9.5,9.9375],"rotation":0,"texture":"#0","tintindex":0},"west":{"uv":[6.25,5.0,6.0,6.5625],"rotation":0,"texture":"#0","tintindex":0},"up":{"uv":[11.0,3.875,10.75,3.9375],"rotation":90,"texture":"#0","tintindex":0},"down":{"uv":[4.25,10.8125,4.0,10.75],"rotation":270,"texture":"#0","tintindex":0}}},{"from":[-4.7323074,-11.482019,12.738335],"to":[3.267692,-5.882019,20.738335],"rotation":{"angle":0.0,"axis":"y","origin":[-4.7323074,-11.482019,20.738335]},"faces":{"east":{"uv":[7.75,2.0,7.125,2.4375],"rotation":0,"texture":"#0","tintindex":0},"south":{"uv":[7.75,1.5,7.125,1.9375],"rotation":0,"texture":"#0","tintindex":0},"north":{"uv":[7.75,2.5,7.125,2.9375],"rotation":0,"texture":"#0","tintindex":0},"west":{"uv":[7.75,3.0,7.125,3.4375],"rotation":0,"texture":"#0","tintindex":0},"up":{"uv":[5.5,3.75,4.875,4.375],"rotation":0,"texture":"#0","tintindex":0},"down":{"uv":[5.875,5.0,5.25,4.375],"rotation":0,"texture":"#0","tintindex":0}}},{"from":[12.867693,-11.482019,12.738335],"to":[20.867693,-5.882019,20.738335],"rotation":{"angle":0.0,"axis":"y","origin":[20.867693,-11.482019,20.738335]},"faces":{"east":{"uv":[7.75,6.875,7.125,7.3125],"rotation":0,"texture":"#0","tintindex":0},"south":{"uv":[7.75,3.5,7.125,3.9375],"rotation":0,"texture":"#0","tintindex":0},"north":{"uv":[5.75,7.25,5.125,7.6875],"rotation":0,"texture":"#0","tintindex":0},"west":{"uv":[6.375,7.25,5.75,7.6875],"rotation":0,"texture":"#0","tintindex":0},"up":{"uv":[5.875,5.0,5.25,5.625],"rotation":0,"texture":"#0","tintindex":0},"down":{"uv":[6.0,3.375,5.375,2.75],"rotation":0,"texture":"#0","tintindex":0}}},{"from":[3.768332,9.559471,12.988201],"to":[12.367052,10.940015,16.229258],"rotation":{"angle":-22.5,"axis":"x","origin":[8.067693,16.83798,7.938335]},"faces":{"east":{"uv":[10.5,5.875,10.25,6.0],"rotation":0,"texture":"#0","tintindex":0},"south":{"uv":[10.3125,7.25,9.625,7.375],"rotation":0,"texture":"#0","tintindex":0},"north":{"uv":[10.3125,7.375,9.625,7.5],"rotation":0,"texture":"#0","tintindex":0},"west":{"uv":[10.5,6.75,10.25,6.875],"rotation":0,"texture":"#0","tintindex":0},"up":{"uv":[8.3125,8.375,7.625,8.625],"rotation":0,"texture":"#0","tintindex":0},"down":{"uv":[9.0625,8.625,8.375,8.375],"rotation":0,"texture":"#0","tintindex":0}}},{"from":[3.7259321,13.242704,14.888058],"to":[12.409452,20.389648,18.383514],"rotation":{"angle":0.0,"axis":"y","origin":[8.067693,16.83798,7.938335]},"faces":{"east":{"uv":[5.125,9.125,4.875,9.6875],"rotation":0,"texture":"#0","tintindex":0},"south":{"uv":[7.0625,2.5,6.375,3.0625],"rotation":0,"texture":"#0","tintindex":0},"north":{"uv":[7.0625,3.125,6.375,3.6875],"rotation":0,"texture":"#0","tintindex":0},"west":{"uv":[7.0,9.125,6.75,9.6875],"rotation":0,"texture":"#0","tintindex":0},"up":{"uv":[7.1875,6.25,6.5,6.5],"rotation":0,"texture":"#0","tintindex":0},"down":{"uv":[8.9375,4.25,8.25,4.0],"rotation":0,"texture":"#0","tintindex":0}}},{"from":[3.768332,22.735947,12.988201],"to":[12.367052,24.11649,16.229258],"rotation":{"angle":22.5,"axis":"x","origin":[8.067693,16.83798,7.938335]},"faces":{"east":{"uv":[10.625,9.375,10.375,9.5],"rotation":0,"texture":"#0","tintindex":0},"south":{"uv":[10.3125,7.5,9.625,7.625],"rotation":0,"texture":"#0","tintindex":0},"north":{"uv":[0.6875,9.75,0.0,9.875],"rotation":0,"texture":"#0","tintindex":0},"west":{"uv":[10.75,4.25,10.5,4.375],"rotation":0,"texture":"#0","tintindex":0},"up":{"uv":[9.1875,2.875,8.5,3.125],"rotation":0,"texture":"#0","tintindex":0},"down":{"uv":[9.1875,3.375,8.5,3.125],"rotation":0,"texture":"#0","tintindex":0}}},{"from":[13.117559,9.559471,3.6389747],"to":[16.358616,10.940015,12.237696],"rotation":{"angle":22.5,"axis":"z","origin":[8.067693,16.83798,7.938335]},"faces":{"east":{"uv":[9.625,7.25,10.3125,7.375],"rotation":0,"texture":"#0","tintindex":0},"south":{"uv":[10.25,5.875,10.5,6.0],"rotation":0,"texture":"#0","tintindex":0},"north":{"uv":[10.25,6.75,10.5,6.875],"rotation":0,"texture":"#0","tintindex":0},"west":{"uv":[9.625,7.375,10.3125,7.5],"rotation":0,"texture":"#0","tintindex":0},"up":{"uv":[8.3125,8.625,7.625,8.375],"rotation":90,"texture":"#0","tintindex":0},"down":{"uv":[9.0625,8.375,8.375,8.625],"rotation":270,"texture":"#0","tintindex":0}}},{"from":[15.017415,13.242704,3.5965748],"to":[18.51287,20.389648,12.280095],"rotation":{"angle":0.0,"axis":"y","origin":[8.067693,16.83798,7.938335]},"faces":{"east":{"uv":[6.375,2.5,7.0625,3.0625],"rotation":0,"texture":"#0","tintindex":0},"south":{"uv":[4.875,9.125,5.125,9.6875],"rotation":0,"texture":"#0","tintindex":0},"north":{"uv":[6.75,9.125,7.0,9.6875],"rotation":0,"texture":"#0","tintindex":0},"west":{"uv":[6.375,3.125,7.0625,3.6875],"rotation":0,"texture":"#0","tintindex":0},"up":{"uv":[7.1875,6.5,6.5,6.25],"rotation":90,"texture":"#0","tintindex":0},"down":{"uv":[8.9375,4.0,8.25,4.25],"rotation":270,"texture":"#0","tintindex":0}}},{"from":[13.117559,22.735947,3.6389747],"to":[16.358616,24.11649,12.237696],"rotation":{"angle":-22.5,"axis":"z","origin":[8.067693,16.83798,7.938335]},"faces":{"east":{"uv":[9.625,7.5,10.3125,7.625],"rotation":0,"texture":"#0","tintindex":0},"south":{"uv":[10.375,9.375,10.625,9.5],"rotation":0,"texture":"#0","tintindex":0},"north":{"uv":[10.5,4.25,10.75,4.375],"rotation":0,"texture":"#0","tintindex":0},"west":{"uv":[0.0,9.75,0.6875,9.875],"rotation":0,"texture":"#0","tintindex":0},"up":{"uv":[9.1875,3.125,8.5,2.875],"rotation":90,"texture":"#0","tintindex":0},"down":{"uv":[9.1875,3.125,8.5,3.375],"rotation":270,"texture":"#0","tintindex":0}}},{"from":[-0.22323036,9.559471,3.6389747],"to":[3.017826,10.940015,12.237696],"rotation":{"angle":-22.5,"axis":"z","origin":[8.067693,16.83798,7.938335]},"faces":{"east":{"uv":[10.3125,7.375,9.625,7.5],"rotation":0,"texture":"#0","tintindex":0},"south":{"uv":[10.5,5.875,10.25,6.0],"rotation":0,"texture":"#0","tintindex":0},"north":{"uv":[10.5,6.75,10.25,6.875],"rotation":0,"texture":"#0","tintindex":0},"west":{"uv":[10.3125,7.25,9.625,7.375],"rotation":0,"texture":"#0","tintindex":0},"up":{"uv":[8.3125,8.375,7.625,8.625],"rotation":90,"texture":"#0","tintindex":0},"down":{"uv":[9.0625,8.625,8.375,8.375],"rotation":270,"texture":"#0","tintindex":0}}},{"from":[-2.3774862,13.242704,3.5965748],"to":[1.1179695,20.389648,12.280095],"rotation":{"angle":0.0,"axis":"y","origin":[8.067693,16.83798,7.938335]},"faces":{"east":{"uv":[7.0625,3.125,6.375,3.6875],"rotation":0,"texture":"#0","tintindex":0},"south":{"uv":[5.125,9.125,4.875,9.6875],"rotation":0,"texture":"#0","tintindex":0},"north":{"uv":[7.0,9.125,6.75,9.6875],"rotation":0,"texture":"#0","tintindex":0},"west":{"uv":[7.0625,2.5,6.375,3.0625],"rotation":0,"texture":"#0","tintindex":0},"up":{"uv":[7.1875,6.25,6.5,6.5],"rotation":90,"texture":"#0","tintindex":0},"down":{"uv":[8.9375,4.25,8.25,4.0],"rotation":270,"texture":"#0","tintindex":0}}},{"from":[-0.22323036,22.735947,3.6389747],"to":[3.017826,24.11649,12.237696],"rotation":{"angle":22.5,"axis":"z","origin":[8.067693,16.83798,7.938335]},"faces":{"east":{"uv":[0.6875,9.75,0.0,9.875],"rotation":0,"texture":"#0","tintindex":0},"south":{"uv":[10.625,9.375,10.375,9.5],"rotation":0,"texture":"#0","tintindex":0},"north":{"uv":[10.75,4.25,10.5,4.375],"rotation":0,"texture":"#0","tintindex":0},"west":{"uv":[10.3125,7.5,9.625,7.625],"rotation":0,"texture":"#0","tintindex":0},"up":{"uv":[9.1875,2.875,8.5,3.125],"rotation":90,"texture":"#0","tintindex":0},"down":{"uv":[9.1875,3.375,8.5,3.125],"rotation":270,"texture":"#0","tintindex":0}}},{"from":[18.872437,13.71504,6.6206985],"to":[20.322517,17.288513,9.255971],"rotation":{"angle":-45.0,"axis":"y","origin":[8.067693,16.83798,7.938335]},"faces":{"east":{"uv":[10.1875,10.0,10.0,10.25],"rotation":0,"texture":"#0","tintindex":0},"south":{"uv":[3.25,9.75,3.125,10.0],"rotation":0,"texture":"#0","tintindex":0},"north":{"uv":[9.5,2.625,9.375,2.875],"rotation":0,"texture":"#0","tintindex":0},"west":{"uv":[10.1875,9.75,10.0,10.0],"rotation":0,"texture":"#0","tintindex":0},"up":{"uv":[10.125,10.6875,10.25,10.5],"rotation":0,"texture":"#0","tintindex":0},"down":{"uv":[10.25,10.5,10.375,10.6875],"rotation":0,"texture":"#0","tintindex":0}}},{"from":[18.872437,13.71504,6.620699],"to":[20.322517,17.288513,9.255971],"rotation":{"angle":45.0,"axis":"y","origin":[8.067693,16.83798,7.938335]},"faces":{"east":{"uv":[9.375,10.0,9.5625,10.25],"rotation":0,"texture":"#0","tintindex":0},"south":{"uv":[9.25,7.625,9.375,7.875],"rotation":0,"texture":"#0","tintindex":0},"north":{"uv":[5.125,7.0,5.25,7.25],"rotation":0,"texture":"#0","tintindex":0},"west":{"uv":[10.0,9.5,10.1875,9.75],"rotation":0,"texture":"#0","tintindex":0},"up":{"uv":[10.125,10.6875,10.0,10.5],"rotation":0,"texture":"#0","tintindex":0},"down":{"uv":[10.625,10.0,10.5,10.1875],"rotation":0,"texture":"#0","tintindex":0}}},{"from":[-4.187132,13.71504,6.620699],"to":[-2.737052,17.288513,9.255971],"rotation":{"angle":-45.0,"axis":"y","origin":[8.067693,16.83798,7.938335]},"faces":{"east":{"uv":[10.1875,9.5,10.0,9.75],"rotation":0,"texture":"#0","tintindex":0},"south":{"uv":[9.375,7.625,9.25,7.875],"rotation":0,"texture":"#0","tintindex":0},"north":{"uv":[5.25,7.0,5.125,7.25],"rotation":0,"texture":"#0","tintindex":0},"west":{"uv":[9.5625,10.0,9.375,10.25],"rotation":0,"texture":"#0","tintindex":0},"up":{"uv":[10.0,10.6875,10.125,10.5],"rotation":0,"texture":"#0","tintindex":0},"down":{"uv":[10.5,10.0,10.625,10.1875],"rotation":0,"texture":"#0","tintindex":0}}}],"display":{"head":{"translation":[0.0,-30.766272,0.0],"scale":[4.0,4.0,4.0]}}}