{"textures":{"0":"minecraft:modelengine/entity/zap_tower_4"},"elements":[{"from":[4.7270856,4.7270856,4.7270856],"to":[11.272915,11.272915,11.272915],"rotation":{"angle":-45.0,"axis":"z","origin":[8.0,8.0,8.0]},"faces":{"east":{"uv":[4.25,9.25,4.625,9.625],"rotation":0,"texture":"#0","tintindex":0},"south":{"uv":[9.25,4.25,9.625,4.625],"rotation":0,"texture":"#0","tintindex":0},"north":{"uv":[9.0,6.875,9.375,7.25],"rotation":0,"texture":"#0","tintindex":0},"west":{"uv":[9.25,4.625,9.625,5.0],"rotation":0,"texture":"#0","tintindex":0},"up":{"uv":[9.625,5.375,9.25,5.0],"rotation":0,"texture":"#0","tintindex":0},"down":{"uv":[5.5,9.25,5.125,9.625],"rotation":0,"texture":"#0","tintindex":0}}}],"display":{"head":{"translation":[0.0,-6.4,0.0],"scale":[4.0,4.0,4.0]}}}