{"textures":{"0":"minecraft:modelengine/entity/zap_tower_4"},"elements":[{"from":[6.823323,6.628622,14.636586],"to":[9.176678,9.371378,18.240786],"rotation":{"angle":22.5,"axis":"y","origin":[8.0,7.6286883,8.0]},"faces":{"east":{"uv":[10.625,10.5,10.8125,10.625],"rotation":0,"texture":"#0","tintindex":0},"south":{"uv":[10.75,8.125,10.875,8.25],"rotation":0,"texture":"#0","tintindex":0},"north":{"uv":[10.75,8.0,10.875,8.125],"rotation":0,"texture":"#0","tintindex":0},"west":{"uv":[10.625,10.625,10.8125,10.75],"rotation":0,"texture":"#0","tintindex":0},"up":{"uv":[10.875,0.1875,10.75,0.0],"rotation":0,"texture":"#0","tintindex":0},"down":{"uv":[10.875,0.25,10.75,0.4375],"rotation":0,"texture":"#0","tintindex":0}}},{"from":[14.564791,6.6929827,5.16813],"to":[17.911547,9.307017,10.83187],"rotation":{"angle":-45.0,"axis":"y","origin":[8.0,7.6286883,8.0]},"faces":{"east":{"uv":[10.125,5.625,10.4375,5.75],"rotation":0,"texture":"#0","tintindex":0},"south":{"uv":[10.75,0.5,10.9375,0.625],"rotation":0,"texture":"#0","tintindex":0},"north":{"uv":[0.5,10.75,0.6875,10.875],"rotation":0,"texture":"#0","tintindex":0},"west":{"uv":[10.125,5.75,10.4375,5.875],"rotation":0,"texture":"#0","tintindex":0},"up":{"uv":[2.9375,10.3125,2.75,10.0],"rotation":0,"texture":"#0","tintindex":0},"down":{"uv":[3.1875,10.0,3.0,10.3125],"rotation":0,"texture":"#0","tintindex":0}}},{"from":[14.636586,6.628622,6.823323],"to":[18.240786,9.371378,9.176678],"rotation":{"angle":-22.5,"axis":"y","origin":[8.0,7.6286883,8.0]},"faces":{"east":{"uv":[10.75,8.25,10.875,8.375],"rotation":0,"texture":"#0","tintindex":0},"south":{"uv":[10.75,0.75,10.9375,0.875],"rotation":0,"texture":"#0","tintindex":0},"north":{"uv":[10.75,0.625,10.9375,0.75],"rotation":0,"texture":"#0","tintindex":0},"west":{"uv":[10.75,8.375,10.875,8.5],"rotation":0,"texture":"#0","tintindex":0},"up":{"uv":[10.9375,1.0,10.75,0.875],"rotation":0,"texture":"#0","tintindex":0},"down":{"uv":[10.9375,1.0,10.75,1.125],"rotation":0,"texture":"#0","tintindex":0}}},{"from":[14.564791,6.6929827,5.16813],"to":[17.911547,9.307017,10.83187],"rotation":{"angle":0.0,"axis":"y","origin":[8.0,7.6286883,8.0]},"faces":{"east":{"uv":[10.125,6.0,10.4375,6.125],"rotation":0,"texture":"#0","tintindex":0},"south":{"uv":[10.75,1.25,10.9375,1.375],"rotation":0,"texture":"#0","tintindex":0},"north":{"uv":[10.75,1.125,10.9375,1.25],"rotation":0,"texture":"#0","tintindex":0},"west":{"uv":[10.125,6.125,10.4375,6.25],"rotation":0,"texture":"#0","tintindex":0},"up":{"uv":[10.1875,3.8125,10.0,3.5],"rotation":0,"texture":"#0","tintindex":0},"down":{"uv":[10.1875,4.25,10.0,4.5625],"rotation":0,"texture":"#0","tintindex":0}}},{"from":[14.564791,6.6929827,5.16813],"to":[17.911547,9.307017,10.83187],"rotation":{"angle":45.0,"axis":"y","origin":[8.0,7.6286883,8.0]},"faces":{"east":{"uv":[10.125,6.25,10.4375,6.375],"rotation":0,"texture":"#0","tintindex":0},"south":{"uv":[1.5,10.75,1.6875,10.875],"rotation":0,"texture":"#0","tintindex":0},"north":{"uv":[10.75,1.375,10.9375,1.5],"rotation":0,"texture":"#0","tintindex":0},"west":{"uv":[10.125,6.375,10.4375,6.5],"rotation":0,"texture":"#0","tintindex":0},"up":{"uv":[4.8125,10.3125,4.625,10.0],"rotation":0,"texture":"#0","tintindex":0},"down":{"uv":[10.1875,4.625,10.0,4.9375],"rotation":0,"texture":"#0","tintindex":0}}},{"from":[14.636586,6.628622,6.823323],"to":[18.240786,9.371378,9.176678],"rotation":{"angle":22.5,"axis":"y","origin":[8.0,7.6286883,8.0]},"faces":{"east":{"uv":[10.75,8.5,10.875,8.625],"rotation":0,"texture":"#0","tintindex":0},"south":{"uv":[10.75,1.625,10.9375,1.75],"rotation":0,"texture":"#0","tintindex":0},"north":{"uv":[10.75,1.5,10.9375,1.625],"rotation":0,"texture":"#0","tintindex":0},"west":{"uv":[10.75,8.625,10.875,8.75],"rotation":0,"texture":"#0","tintindex":0},"up":{"uv":[1.9375,10.875,1.75,10.75],"rotation":0,"texture":"#0","tintindex":0},"down":{"uv":[10.9375,1.75,10.75,1.875],"rotation":0,"texture":"#0","tintindex":0}}},{"from":[6.823323,6.628622,-2.2407856],"to":[9.176678,9.371378,1.3634138],"rotation":{"angle":-22.5,"axis":"y","origin":[8.0,7.6286883,8.0]},"faces":{"east":{"uv":[10.75,1.875,10.9375,2.0],"rotation":0,"texture":"#0","tintindex":0},"south":{"uv":[9.0,10.75,9.125,10.875],"rotation":0,"texture":"#0","tintindex":0},"north":{"uv":[10.75,8.75,10.875,8.875],"rotation":0,"texture":"#0","tintindex":0},"west":{"uv":[2.0,10.75,2.1875,10.875],"rotation":0,"texture":"#0","tintindex":0},"up":{"uv":[10.875,2.1875,10.75,2.0],"rotation":0,"texture":"#0","tintindex":0},"down":{"uv":[2.375,10.75,2.25,10.9375],"rotation":0,"texture":"#0","tintindex":0}}},{"from":[5.16813,6.6929827,14.564791],"to":[10.83187,9.307017,17.911547],"rotation":{"angle":0.0,"axis":"y","origin":[8.0,7.6286883,8.0]},"faces":{"east":{"uv":[10.625,10.25,10.8125,10.375],"rotation":0,"texture":"#0","tintindex":0},"south":{"uv":[10.125,5.5,10.4375,5.625],"rotation":0,"texture":"#0","tintindex":0},"north":{"uv":[3.5,10.125,3.8125,10.25],"rotation":0,"texture":"#0","tintindex":0},"west":{"uv":[10.625,10.375,10.8125,10.5],"rotation":0,"texture":"#0","tintindex":0},"up":{"uv":[10.1875,3.3125,9.875,3.125],"rotation":0,"texture":"#0","tintindex":0},"down":{"uv":[10.1875,4.0,9.875,4.1875],"rotation":0,"texture":"#0","tintindex":0}}},{"from":[5.16813,6.6929827,-1.9115467],"to":[10.83187,9.307017,1.4352098],"rotation":{"angle":0.0,"axis":"y","origin":[8.0,7.6286883,8.0]},"faces":{"east":{"uv":[10.75,2.25,10.9375,2.375],"rotation":0,"texture":"#0","tintindex":0},"south":{"uv":[10.125,6.625,10.4375,6.75],"rotation":0,"texture":"#0","tintindex":0},"north":{"uv":[10.125,6.5,10.4375,6.625],"rotation":0,"texture":"#0","tintindex":0},"west":{"uv":[2.375,10.75,2.5625,10.875],"rotation":0,"texture":"#0","tintindex":0},"up":{"uv":[7.0625,10.1875,6.75,10.0],"rotation":0,"texture":"#0","tintindex":0},"down":{"uv":[8.1875,10.0,7.875,10.1875],"rotation":0,"texture":"#0","tintindex":0}}},{"from":[6.823323,6.628622,-2.2407856],"to":[9.176678,9.371378,1.3634138],"rotation":{"angle":22.5,"axis":"y","origin":[8.0,7.6286883,8.0]},"faces":{"east":{"uv":[2.1875,10.75,2.0,10.875],"rotation":0,"texture":"#0","tintindex":0},"south":{"uv":[9.125,10.75,9.0,10.875],"rotation":0,"texture":"#0","tintindex":0},"north":{"uv":[10.875,8.75,10.75,8.875],"rotation":0,"texture":"#0","tintindex":0},"west":{"uv":[10.9375,1.875,10.75,2.0],"rotation":0,"texture":"#0","tintindex":0},"up":{"uv":[10.75,2.1875,10.875,2.0],"rotation":0,"texture":"#0","tintindex":0},"down":{"uv":[2.25,10.75,2.375,10.9375],"rotation":0,"texture":"#0","tintindex":0}}},{"from":[-1.9115467,6.6929827,5.16813],"to":[1.4352098,9.307017,10.83187],"rotation":{"angle":-45.0,"axis":"y","origin":[8.0,7.6286883,8.0]},"faces":{"east":{"uv":[10.4375,6.375,10.125,6.5],"rotation":0,"texture":"#0","tintindex":0},"south":{"uv":[1.6875,10.75,1.5,10.875],"rotation":0,"texture":"#0","tintindex":0},"north":{"uv":[10.9375,1.375,10.75,1.5],"rotation":0,"texture":"#0","tintindex":0},"west":{"uv":[10.4375,6.25,10.125,6.375],"rotation":0,"texture":"#0","tintindex":0},"up":{"uv":[4.625,10.3125,4.8125,10.0],"rotation":0,"texture":"#0","tintindex":0},"down":{"uv":[10.0,4.625,10.1875,4.9375],"rotation":0,"texture":"#0","tintindex":0}}},{"from":[-2.2407856,6.628622,6.823323],"to":[1.3634138,9.371378,9.176678],"rotation":{"angle":-22.5,"axis":"y","origin":[8.0,7.6286883,8.0]},"faces":{"east":{"uv":[10.875,8.625,10.75,8.75],"rotation":0,"texture":"#0","tintindex":0},"south":{"uv":[10.9375,1.625,10.75,1.75],"rotation":0,"texture":"#0","tintindex":0},"north":{"uv":[10.9375,1.5,10.75,1.625],"rotation":0,"texture":"#0","tintindex":0},"west":{"uv":[10.875,8.5,10.75,8.625],"rotation":0,"texture":"#0","tintindex":0},"up":{"uv":[1.75,10.875,1.9375,10.75],"rotation":0,"texture":"#0","tintindex":0},"down":{"uv":[10.75,1.75,10.9375,1.875],"rotation":0,"texture":"#0","tintindex":0}}},{"from":[-1.9115467,6.6929827,5.16813],"to":[1.4352098,9.307017,10.83187],"rotation":{"angle":0.0,"axis":"y","origin":[8.0,7.6286883,8.0]},"faces":{"east":{"uv":[10.4375,6.125,10.125,6.25],"rotation":0,"texture":"#0","tintindex":0},"south":{"uv":[10.9375,1.25,10.75,1.375],"rotation":0,"texture":"#0","tintindex":0},"north":{"uv":[10.9375,1.125,10.75,1.25],"rotation":0,"texture":"#0","tintindex":0},"west":{"uv":[10.4375,6.0,10.125,6.125],"rotation":0,"texture":"#0","tintindex":0},"up":{"uv":[10.0,3.8125,10.1875,3.5],"rotation":0,"texture":"#0","tintindex":0},"down":{"uv":[10.0,4.25,10.1875,4.5625],"rotation":0,"texture":"#0","tintindex":0}}},{"from":[-2.2407856,6.628622,6.823323],"to":[1.3634138,9.371378,9.176678],"rotation":{"angle":22.5,"axis":"y","origin":[8.0,7.6286883,8.0]},"faces":{"east":{"uv":[10.875,8.375,10.75,8.5],"rotation":0,"texture":"#0","tintindex":0},"south":{"uv":[10.9375,0.75,10.75,0.875],"rotation":0,"texture":"#0","tintindex":0},"north":{"uv":[10.9375,0.625,10.75,0.75],"rotation":0,"texture":"#0","tintindex":0},"west":{"uv":[10.875,8.25,10.75,8.375],"rotation":0,"texture":"#0","tintindex":0},"up":{"uv":[10.75,1.0,10.9375,0.875],"rotation":0,"texture":"#0","tintindex":0},"down":{"uv":[10.75,1.0,10.9375,1.125],"rotation":0,"texture":"#0","tintindex":0}}},{"from":[-1.9115467,6.6929827,5.16813],"to":[1.4352098,9.307017,10.83187],"rotation":{"angle":45.0,"axis":"y","origin":[8.0,7.6286883,8.0]},"faces":{"east":{"uv":[10.4375,5.75,10.125,5.875],"rotation":0,"texture":"#0","tintindex":0},"south":{"uv":[10.9375,0.5,10.75,0.625],"rotation":0,"texture":"#0","tintindex":0},"north":{"uv":[0.6875,10.75,0.5,10.875],"rotation":0,"texture":"#0","tintindex":0},"west":{"uv":[10.4375,5.625,10.125,5.75],"rotation":0,"texture":"#0","tintindex":0},"up":{"uv":[2.75,10.3125,2.9375,10.0],"rotation":0,"texture":"#0","tintindex":0},"down":{"uv":[3.0,10.0,3.1875,10.3125],"rotation":0,"texture":"#0","tintindex":0}}},{"from":[6.823323,6.628622,14.636586],"to":[9.176678,9.371378,18.240786],"rotation":{"angle":-22.5,"axis":"y","origin":[8.0,7.6286883,8.0]},"faces":{"east":{"uv":[10.8125,10.625,10.625,10.75],"rotation":0,"texture":"#0","tintindex":0},"south":{"uv":[10.875,8.125,10.75,8.25],"rotation":0,"texture":"#0","tintindex":0},"north":{"uv":[10.875,8.0,10.75,8.125],"rotation":0,"texture":"#0","tintindex":0},"west":{"uv":[10.8125,10.5,10.625,10.625],"rotation":0,"texture":"#0","tintindex":0},"up":{"uv":[10.75,0.1875,10.875,0.0],"rotation":0,"texture":"#0","tintindex":0},"down":{"uv":[10.75,0.25,10.875,0.4375],"rotation":0,"texture":"#0","tintindex":0}}}],"display":{"head":{"translation":[0.0,-6.4,0.0],"scale":[4.0,4.0,4.0]}}}