{"textures":{"0":"minecraft:modelengine/entity/zap_tower_4"},"elements":[{"from":[5.821638,6.6137695,0.37573385],"to":[10.178362,9.38623,2.9501615],"rotation":{"angle":0.0,"axis":"y","origin":[8.0,1.1926188,8.0]},"faces":{"east":{"uv":[3.5,9.0,3.625,9.125],"rotation":0,"texture":"#0","tintindex":0},"south":{"uv":[10.5,5.75,10.75,5.875],"rotation":0,"texture":"#0","tintindex":0},"north":{"uv":[10.5,5.625,10.75,5.75],"rotation":0,"texture":"#0","tintindex":0},"west":{"uv":[6.75,9.0,6.875,9.125],"rotation":0,"texture":"#0","tintindex":0},"up":{"uv":[10.75,6.0,10.5,5.875],"rotation":0,"texture":"#0","tintindex":0},"down":{"uv":[6.25,10.5,6.0,10.625],"rotation":0,"texture":"#0","tintindex":0}}},{"from":[7.094864,6.5642614,0.12247324],"to":[8.905136,9.435739,2.8949337],"rotation":{"angle":-22.5,"axis":"y","origin":[8.0,1.1926188,8.0]},"faces":{"east":{"uv":[6.5,10.625,6.625,10.8125],"rotation":0,"texture":"#0","tintindex":0},"south":{"uv":[6.75,10.625,6.875,10.8125],"rotation":0,"texture":"#0","tintindex":0},"north":{"uv":[10.625,6.375,10.75,6.5625],"rotation":0,"texture":"#0","tintindex":0},"west":{"uv":[10.625,6.75,10.75,6.9375],"rotation":0,"texture":"#0","tintindex":0},"up":{"uv":[4.125,9.25,4.0,9.125],"rotation":0,"texture":"#0","tintindex":0},"down":{"uv":[9.25,4.625,9.125,4.75],"rotation":0,"texture":"#0","tintindex":0}}},{"from":[13.049839,6.6137695,5.821638],"to":[15.624266,9.38623,10.178362],"rotation":{"angle":45.0,"axis":"y","origin":[8.0,1.1926188,8.0]},"faces":{"east":{"uv":[10.5,6.0,10.75,6.125],"rotation":0,"texture":"#0","tintindex":0},"south":{"uv":[2.625,10.125,2.75,10.25],"rotation":0,"texture":"#0","tintindex":0},"north":{"uv":[9.125,7.75,9.25,7.875],"rotation":0,"texture":"#0","tintindex":0},"west":{"uv":[10.5,6.125,10.75,6.25],"rotation":0,"texture":"#0","tintindex":0},"up":{"uv":[9.75,10.625,9.625,10.375],"rotation":0,"texture":"#0","tintindex":0},"down":{"uv":[6.375,10.5,6.25,10.75],"rotation":0,"texture":"#0","tintindex":0}}},{"from":[13.105066,6.5642614,7.094864],"to":[15.877527,9.435739,8.905136],"rotation":{"angle":22.5,"axis":"y","origin":[8.0,1.1926188,8.0]},"faces":{"east":{"uv":[7.0,10.625,7.125,10.8125],"rotation":0,"texture":"#0","tintindex":0},"south":{"uv":[7.125,10.625,7.25,10.8125],"rotation":0,"texture":"#0","tintindex":0},"north":{"uv":[6.875,10.625,7.0,10.8125],"rotation":0,"texture":"#0","tintindex":0},"west":{"uv":[10.625,7.125,10.75,7.3125],"rotation":0,"texture":"#0","tintindex":0},"up":{"uv":[4.0,10.25,3.875,10.125],"rotation":0,"texture":"#0","tintindex":0},"down":{"uv":[7.125,10.25,7.0,10.375],"rotation":0,"texture":"#0","tintindex":0}}},{"from":[13.049839,6.6137695,5.821638],"to":[15.624266,9.38623,10.178362],"rotation":{"angle":0.0,"axis":"y","origin":[8.0,1.1926188,8.0]},"faces":{"east":{"uv":[10.5,6.25,10.75,6.375],"rotation":0,"texture":"#0","tintindex":0},"south":{"uv":[10.25,8.125,10.375,8.25],"rotation":0,"texture":"#0","tintindex":0},"north":{"uv":[8.125,10.25,8.25,10.375],"rotation":0,"texture":"#0","tintindex":0},"west":{"uv":[6.375,10.5,6.625,10.625],"rotation":0,"texture":"#0","tintindex":0},"up":{"uv":[10.625,6.625,10.5,6.375],"rotation":0,"texture":"#0","tintindex":0},"down":{"uv":[6.75,10.5,6.625,10.75],"rotation":0,"texture":"#0","tintindex":0}}},{"from":[13.105066,6.5642614,7.094864],"to":[15.877527,9.435739,8.905136],"rotation":{"angle":-22.5,"axis":"y","origin":[8.0,1.1926188,8.0]},"faces":{"east":{"uv":[7.375,10.625,7.5,10.8125],"rotation":0,"texture":"#0","tintindex":0},"south":{"uv":[10.625,7.375,10.75,7.5625],"rotation":0,"texture":"#0","tintindex":0},"north":{"uv":[7.25,10.625,7.375,10.8125],"rotation":0,"texture":"#0","tintindex":0},"west":{"uv":[10.625,7.625,10.75,7.8125],"rotation":0,"texture":"#0","tintindex":0},"up":{"uv":[10.5,4.0,10.375,3.875],"rotation":0,"texture":"#0","tintindex":0},"down":{"uv":[6.375,10.75,6.25,10.875],"rotation":0,"texture":"#0","tintindex":0}}},{"from":[13.049839,6.6137695,5.821638],"to":[15.624266,9.38623,10.178362],"rotation":{"angle":-45.0,"axis":"y","origin":[8.0,1.1926188,8.0]},"faces":{"east":{"uv":[10.5,6.625,10.75,6.75],"rotation":0,"texture":"#0","tintindex":0},"south":{"uv":[10.75,6.375,10.875,6.5],"rotation":0,"texture":"#0","tintindex":0},"north":{"uv":[10.75,6.25,10.875,6.375],"rotation":0,"texture":"#0","tintindex":0},"west":{"uv":[6.75,10.5,7.0,10.625],"rotation":0,"texture":"#0","tintindex":0},"up":{"uv":[10.625,7.0,10.5,6.75],"rotation":0,"texture":"#0","tintindex":0},"down":{"uv":[7.75,10.5,7.625,10.75],"rotation":0,"texture":"#0","tintindex":0}}},{"from":[7.094864,6.5642614,13.105066],"to":[8.905136,9.435739,15.877527],"rotation":{"angle":22.5,"axis":"y","origin":[8.0,1.1926188,8.0]},"faces":{"east":{"uv":[7.875,10.625,8.0,10.8125],"rotation":0,"texture":"#0","tintindex":0},"south":{"uv":[8.125,10.625,8.25,10.8125],"rotation":0,"texture":"#0","tintindex":0},"north":{"uv":[7.75,10.625,7.875,10.8125],"rotation":0,"texture":"#0","tintindex":0},"west":{"uv":[10.625,8.125,10.75,8.3125],"rotation":0,"texture":"#0","tintindex":0},"up":{"uv":[10.875,6.625,10.75,6.5],"rotation":0,"texture":"#0","tintindex":0},"down":{"uv":[6.75,10.75,6.625,10.875],"rotation":0,"texture":"#0","tintindex":0}}},{"from":[5.821638,6.6137695,13.049839],"to":[10.178362,9.38623,15.624266],"rotation":{"angle":0.0,"axis":"y","origin":[8.0,1.1926188,8.0]},"faces":{"east":{"uv":[10.75,6.625,10.875,6.75],"rotation":0,"texture":"#0","tintindex":0},"south":{"uv":[7.75,10.5,8.0,10.625],"rotation":0,"texture":"#0","tintindex":0},"north":{"uv":[10.5,7.0,10.75,7.125],"rotation":0,"texture":"#0","tintindex":0},"west":{"uv":[10.75,6.75,10.875,6.875],"rotation":0,"texture":"#0","tintindex":0},"up":{"uv":[10.75,8.0,10.5,7.875],"rotation":0,"texture":"#0","tintindex":0},"down":{"uv":[10.75,8.0,10.5,8.125],"rotation":0,"texture":"#0","tintindex":0}}},{"from":[7.094864,6.5642614,13.105066],"to":[8.905136,9.435739,15.877527],"rotation":{"angle":-22.5,"axis":"y","origin":[8.0,1.1926188,8.0]},"faces":{"east":{"uv":[10.75,8.125,10.625,8.3125],"rotation":0,"texture":"#0","tintindex":0},"south":{"uv":[8.25,10.625,8.125,10.8125],"rotation":0,"texture":"#0","tintindex":0},"north":{"uv":[7.875,10.625,7.75,10.8125],"rotation":0,"texture":"#0","tintindex":0},"west":{"uv":[8.0,10.625,7.875,10.8125],"rotation":0,"texture":"#0","tintindex":0},"up":{"uv":[10.75,6.625,10.875,6.5],"rotation":0,"texture":"#0","tintindex":0},"down":{"uv":[6.625,10.75,6.75,10.875],"rotation":0,"texture":"#0","tintindex":0}}},{"from":[0.37573385,6.6137695,5.821638],"to":[2.9501615,9.38623,10.178362],"rotation":{"angle":45.0,"axis":"y","origin":[8.0,1.1926188,8.0]},"faces":{"east":{"uv":[7.0,10.5,6.75,10.625],"rotation":0,"texture":"#0","tintindex":0},"south":{"uv":[10.875,6.375,10.75,6.5],"rotation":0,"texture":"#0","tintindex":0},"north":{"uv":[10.875,6.25,10.75,6.375],"rotation":0,"texture":"#0","tintindex":0},"west":{"uv":[10.75,6.625,10.5,6.75],"rotation":0,"texture":"#0","tintindex":0},"up":{"uv":[10.5,7.0,10.625,6.75],"rotation":0,"texture":"#0","tintindex":0},"down":{"uv":[7.625,10.5,7.75,10.75],"rotation":0,"texture":"#0","tintindex":0}}},{"from":[0.12247324,6.5642614,7.094864],"to":[2.8949337,9.435739,8.905136],"rotation":{"angle":22.5,"axis":"y","origin":[8.0,1.1926188,8.0]},"faces":{"east":{"uv":[10.75,7.625,10.625,7.8125],"rotation":0,"texture":"#0","tintindex":0},"south":{"uv":[10.75,7.375,10.625,7.5625],"rotation":0,"texture":"#0","tintindex":0},"north":{"uv":[7.375,10.625,7.25,10.8125],"rotation":0,"texture":"#0","tintindex":0},"west":{"uv":[7.5,10.625,7.375,10.8125],"rotation":0,"texture":"#0","tintindex":0},"up":{"uv":[10.375,4.0,10.5,3.875],"rotation":0,"texture":"#0","tintindex":0},"down":{"uv":[6.25,10.75,6.375,10.875],"rotation":0,"texture":"#0","tintindex":0}}},{"from":[0.37573385,6.6137695,5.821638],"to":[2.9501615,9.38623,10.178362],"rotation":{"angle":0.0,"axis":"y","origin":[8.0,1.1926188,8.0]},"faces":{"east":{"uv":[6.625,10.5,6.375,10.625],"rotation":0,"texture":"#0","tintindex":0},"south":{"uv":[10.375,8.125,10.25,8.25],"rotation":0,"texture":"#0","tintindex":0},"north":{"uv":[8.25,10.25,8.125,10.375],"rotation":0,"texture":"#0","tintindex":0},"west":{"uv":[10.75,6.25,10.5,6.375],"rotation":0,"texture":"#0","tintindex":0},"up":{"uv":[10.5,6.625,10.625,6.375],"rotation":0,"texture":"#0","tintindex":0},"down":{"uv":[6.625,10.5,6.75,10.75],"rotation":0,"texture":"#0","tintindex":0}}},{"from":[0.12247324,6.5642614,7.094864],"to":[2.8949337,9.435739,8.905136],"rotation":{"angle":-22.5,"axis":"y","origin":[8.0,1.1926188,8.0]},"faces":{"east":{"uv":[10.75,7.125,10.625,7.3125],"rotation":0,"texture":"#0","tintindex":0},"south":{"uv":[7.25,10.625,7.125,10.8125],"rotation":0,"texture":"#0","tintindex":0},"north":{"uv":[7.0,10.625,6.875,10.8125],"rotation":0,"texture":"#0","tintindex":0},"west":{"uv":[7.125,10.625,7.0,10.8125],"rotation":0,"texture":"#0","tintindex":0},"up":{"uv":[3.875,10.25,4.0,10.125],"rotation":0,"texture":"#0","tintindex":0},"down":{"uv":[7.0,10.25,7.125,10.375],"rotation":0,"texture":"#0","tintindex":0}}},{"from":[0.37573385,6.6137695,5.821638],"to":[2.9501615,9.38623,10.178362],"rotation":{"angle":-45.0,"axis":"y","origin":[8.0,1.1926188,8.0]},"faces":{"east":{"uv":[10.75,6.125,10.5,6.25],"rotation":0,"texture":"#0","tintindex":0},"south":{"uv":[2.75,10.125,2.625,10.25],"rotation":0,"texture":"#0","tintindex":0},"north":{"uv":[9.25,7.75,9.125,7.875],"rotation":0,"texture":"#0","tintindex":0},"west":{"uv":[10.75,6.0,10.5,6.125],"rotation":0,"texture":"#0","tintindex":0},"up":{"uv":[9.625,10.625,9.75,10.375],"rotation":0,"texture":"#0","tintindex":0},"down":{"uv":[6.25,10.5,6.375,10.75],"rotation":0,"texture":"#0","tintindex":0}}},{"from":[7.094864,6.5642614,0.12247324],"to":[8.905136,9.435739,2.8949337],"rotation":{"angle":22.5,"axis":"y","origin":[8.0,1.1926188,8.0]},"faces":{"east":{"uv":[10.75,6.75,10.625,6.9375],"rotation":0,"texture":"#0","tintindex":0},"south":{"uv":[6.875,10.625,6.75,10.8125],"rotation":0,"texture":"#0","tintindex":0},"north":{"uv":[10.75,6.375,10.625,6.5625],"rotation":0,"texture":"#0","tintindex":0},"west":{"uv":[6.625,10.625,6.5,10.8125],"rotation":0,"texture":"#0","tintindex":0},"up":{"uv":[4.0,9.25,4.125,9.125],"rotation":0,"texture":"#0","tintindex":0},"down":{"uv":[9.125,4.625,9.25,4.75],"rotation":0,"texture":"#0","tintindex":0}}}],"display":{"head":{"translation":[0.0,-6.4,0.0],"scale":[4.0,4.0,4.0]}}}