{"textures":{"0":"minecraft:modelengine/entity/zap_tower_4"},"elements":[{"from":[5.885714,7.4742856,5.885714],"to":[10.114286,17.668571,10.114286],"rotation":{"angle":0.0,"axis":"y","origin":[8.0,10.011429,8.0]},"faces":{"east":{"uv":[9.125,9.0,9.375,9.5625],"rotation":0,"texture":"#0","tintindex":0},"south":{"uv":[9.25,2.875,9.5,3.4375],"rotation":0,"texture":"#0","tintindex":0},"north":{"uv":[9.125,8.375,9.375,8.9375],"rotation":0,"texture":"#0","tintindex":0},"west":{"uv":[4.0,9.25,4.25,9.8125],"rotation":0,"texture":"#0","tintindex":0},"up":{"uv":[6.25,6.875,6.0,6.625],"rotation":0,"texture":"#0","tintindex":0},"down":{"uv":[7.5,6.25,7.25,6.5],"rotation":0,"texture":"#0","tintindex":0}}}],"display":{"head":{"translation":[0.0,-6.4,0.0],"scale":[4.0,4.0,4.0]}}}