{"textures":{"0":"minecraft:modelengine/entity/token_drill_tier3"},"elements":[{"from":[4.0857143,4.33303,3.7187753],"to":[11.914286,8.762202,8.157727],"rotation":{"angle":22.5,"axis":"x","origin":[8.0,5.1431575,15.008071]},"faces":{"east":{"uv":[6.5,2.5,7.5,3.5],"rotation":0,"texture":"#0","tintindex":0},"south":{"uv":[3.25,4.625,5.0,5.625],"rotation":0,"texture":"#0","tintindex":0},"north":{"uv":[1.5,4.625,3.25,5.625],"rotation":0,"texture":"#0","tintindex":0},"west":{"uv":[6.5,3.5,7.5,4.5],"rotation":0,"texture":"#0","tintindex":0},"up":{"uv":[6.5,2.375,4.75,1.375],"rotation":0,"texture":"#0","tintindex":0},"down":{"uv":[6.5,2.375,4.75,3.375],"rotation":0,"texture":"#0","tintindex":0}}},{"from":[4.0,9.870452,7.563655],"to":[12.0,13.0133095,11.620798],"rotation":{"angle":-22.5,"axis":"x","origin":[8.0,5.1431575,15.008071]},"faces":{"east":{"uv":[6.75,0.0,7.625,0.75],"rotation":0,"texture":"#0","tintindex":0},"south":{"uv":[3.25,5.625,5.0,6.375],"rotation":0,"texture":"#0","tintindex":0},"north":{"uv":[1.5,5.625,3.25,6.375],"rotation":0,"texture":"#0","tintindex":0},"west":{"uv":[5.5,6.875,6.375,7.625],"rotation":0,"texture":"#0","tintindex":0},"up":{"uv":[6.5,4.25,4.75,3.375],"rotation":0,"texture":"#0","tintindex":0},"down":{"uv":[6.75,0.0,5.0,0.875],"rotation":0,"texture":"#0","tintindex":0}}},{"from":[4.0571427,8.204611,8.861408],"to":[11.942858,11.1082325,10.064127],"rotation":{"angle":0.0,"axis":"y","origin":[8.0,5.1431575,15.008071]},"faces":{"east":{"uv":[6.125,7.625,6.375,8.25],"rotation":0,"texture":"#0","tintindex":0},"south":{"uv":[6.5,0.875,8.25,1.5],"rotation":0,"texture":"#0","tintindex":0},"north":{"uv":[1.75,6.375,3.5,7.0],"rotation":0,"texture":"#0","tintindex":0},"west":{"uv":[5.75,8.75,6.0,9.375],"rotation":0,"texture":"#0","tintindex":0},"up":{"uv":[9.5,5.625,7.75,5.375],"rotation":0,"texture":"#0","tintindex":0},"down":{"uv":[9.5,5.625,7.75,5.875],"rotation":0,"texture":"#0","tintindex":0}}},{"from":[4.0571427,12.359463,9.939384],"to":[11.942858,15.263084,11.142104],"rotation":{"angle":-45.0,"axis":"x","origin":[8.0,5.1431575,15.008071]},"faces":{"east":{"uv":[6.5,5.5,6.75,6.125],"rotation":0,"texture":"#0","tintindex":0},"south":{"uv":[0.0,6.375,1.75,7.0],"rotation":0,"texture":"#0","tintindex":0},"north":{"uv":[5.0,6.25,6.75,6.875],"rotation":0,"texture":"#0","tintindex":0},"west":{"uv":[6.375,6.875,6.625,7.5],"rotation":0,"texture":"#0","tintindex":0},"up":{"uv":[2.25,7.875,0.5,7.625],"rotation":0,"texture":"#0","tintindex":0},"down":{"uv":[9.375,0.5,7.625,0.75],"rotation":0,"texture":"#0","tintindex":0}}}],"display":{"head":{"translation":[0.0,-6.4,0.0],"scale":[4.0,4.0,4.0]}}}