{"textures":{"0":"minecraft:modelengine/entity/token_drill_tier3"},"elements":[{"from":[3.9428568,6.2285714,3.5714283],"to":[11.942858,7.3714285,12.257143],"rotation":{"angle":0.0,"axis":"y","origin":[7.9428573,10.535707,12.841279]},"faces":{"east":{"uv":[7.5,4.875,9.375,5.125],"rotation":0,"texture":"#0","tintindex":0},"south":{"uv":[7.625,0.25,9.375,0.5],"rotation":0,"texture":"#0","tintindex":0},"north":{"uv":[7.625,0.0,9.375,0.25],"rotation":0,"texture":"#0","tintindex":0},"west":{"uv":[7.5,5.125,9.375,5.375],"rotation":0,"texture":"#0","tintindex":0},"up":{"uv":[1.75,1.875,0.0,0.0],"rotation":0,"texture":"#0","tintindex":0},"down":{"uv":[3.5,0.0,1.75,1.875],"rotation":0,"texture":"#0","tintindex":0}}},{"from":[4.5714283,7.5633225,10.140232],"to":[11.314285,12.249037,14.540232],"rotation":{"angle":45.0,"axis":"x","origin":[7.9428573,10.535707,12.841279]},"faces":{"east":{"uv":[3.5,6.375,4.5,7.375],"rotation":0,"texture":"#0","tintindex":0},"south":{"uv":[0.0,5.0,1.5,6.0],"rotation":0,"texture":"#0","tintindex":0},"north":{"uv":[1.5,3.625,3.0,4.625],"rotation":0,"texture":"#0","tintindex":0},"west":{"uv":[6.5,1.5,7.5,2.5],"rotation":0,"texture":"#0","tintindex":0},"up":{"uv":[6.5,5.25,5.0,4.25],"rotation":0,"texture":"#0","tintindex":0},"down":{"uv":[6.5,5.25,5.0,6.25],"rotation":0,"texture":"#0","tintindex":0}}},{"from":[4.5142856,7.3714285,4.142857],"to":[11.3714285,13.657143,12.142858],"rotation":{"angle":0.0,"axis":"y","origin":[7.9428573,10.535707,12.841279]},"faces":{"east":{"uv":[3.0,1.875,4.75,3.25],"rotation":0,"texture":"#0","tintindex":0},"south":{"uv":[0.0,3.625,1.5,5.0],"rotation":0,"texture":"#0","tintindex":0},"north":{"uv":[3.5,0.0,5.0,1.375],"rotation":0,"texture":"#0","tintindex":0},"west":{"uv":[3.0,3.25,4.75,4.625],"rotation":0,"texture":"#0","tintindex":0},"up":{"uv":[1.5,3.625,0.0,1.875],"rotation":0,"texture":"#0","tintindex":0},"down":{"uv":[3.0,1.875,1.5,3.625],"rotation":0,"texture":"#0","tintindex":0}}},{"from":[6.8,10.0,12.142858],"to":[9.085714,11.942858,15.571428],"rotation":{"angle":0.0,"axis":"y","origin":[7.9428573,10.535707,12.841279]},"faces":{"east":{"uv":[8.5,4.5,9.25,4.875],"rotation":0,"texture":"#0","tintindex":0},"south":{"uv":[8.75,3.75,9.25,4.125],"rotation":0,"texture":"#0","tintindex":0},"north":{"uv":[8.75,3.375,9.25,3.75],"rotation":0,"texture":"#0","tintindex":0},"west":{"uv":[6.25,8.5,7.0,8.875],"rotation":0,"texture":"#0","tintindex":0},"up":{"uv":[1.0,8.625,0.5,7.875],"rotation":0,"texture":"#0","tintindex":0},"down":{"uv":[1.5,7.875,1.0,8.625],"rotation":0,"texture":"#0","tintindex":0}}},{"from":[9.828571,13.236753,11.18318],"to":[10.857143,18.265326,13.411752],"rotation":{"angle":-45.0,"axis":"x","origin":[7.9428573,10.535707,12.841279]},"faces":{"east":{"uv":[7.5,2.625,8.0,3.75],"rotation":0,"texture":"#0","tintindex":0},"south":{"uv":[8.5,3.375,8.75,4.5],"rotation":0,"texture":"#0","tintindex":0},"north":{"uv":[7.875,8.375,8.125,9.5],"rotation":0,"texture":"#0","tintindex":0},"west":{"uv":[7.5,3.75,8.0,4.875],"rotation":0,"texture":"#0","tintindex":0},"up":{"uv":[10.125,1.25,9.875,0.75],"rotation":0,"texture":"#0","tintindex":0},"down":{"uv":[1.25,9.875,1.0,10.375],"rotation":0,"texture":"#0","tintindex":0}}},{"from":[9.714286,5.6095715,13.621428],"to":[11.257143,9.666715,14.992856],"rotation":{"angle":-22.5,"axis":"x","origin":[7.9428573,10.535707,12.841279]},"faces":{"east":{"uv":[0.75,8.625,1.0,9.5],"rotation":0,"texture":"#0","tintindex":0},"south":{"uv":[2.875,8.0,3.25,8.875],"rotation":0,"texture":"#0","tintindex":0},"north":{"uv":[8.0,2.375,8.375,3.25],"rotation":0,"texture":"#0","tintindex":0},"west":{"uv":[1.0,8.625,1.25,9.5],"rotation":0,"texture":"#0","tintindex":0},"up":{"uv":[9.5,6.5,9.125,6.25],"rotation":0,"texture":"#0","tintindex":0},"down":{"uv":[10.25,6.25,9.875,6.5],"rotation":0,"texture":"#0","tintindex":0}}},{"from":[4.6285715,5.6095715,13.621428],"to":[6.1714287,9.666715,14.992856],"rotation":{"angle":-22.5,"axis":"x","origin":[7.9428573,10.535707,12.841279]},"faces":{"east":{"uv":[1.25,8.625,1.5,9.5],"rotation":0,"texture":"#0","tintindex":0},"south":{"uv":[8.0,3.25,8.375,4.125],"rotation":0,"texture":"#0","tintindex":0},"north":{"uv":[3.25,8.0,3.625,8.875],"rotation":0,"texture":"#0","tintindex":0},"west":{"uv":[8.625,5.875,8.875,6.75],"rotation":0,"texture":"#0","tintindex":0},"up":{"uv":[10.25,8.0,9.875,7.75],"rotation":0,"texture":"#0","tintindex":0},"down":{"uv":[0.625,10.125,0.25,10.375],"rotation":0,"texture":"#0","tintindex":0}}},{"from":[9.842857,10.914825,8.100546],"to":[10.842857,13.114825,10.957688],"rotation":{"angle":22.5,"axis":"x","origin":[7.9428573,10.535707,12.841279]},"faces":{"east":{"uv":[5.0,8.25,5.625,8.75],"rotation":0,"texture":"#0","tintindex":0},"south":{"uv":[9.875,1.25,10.125,1.75],"rotation":0,"texture":"#0","tintindex":0},"north":{"uv":[1.25,9.875,1.5,10.375],"rotation":0,"texture":"#0","tintindex":0},"west":{"uv":[5.625,8.25,6.25,8.75],"rotation":0,"texture":"#0","tintindex":0},"up":{"uv":[6.25,9.375,6.0,8.75],"rotation":0,"texture":"#0","tintindex":0},"down":{"uv":[3.0,8.875,2.75,9.5],"rotation":0,"texture":"#0","tintindex":0}}},{"from":[5.028571,13.236753,11.18318],"to":[6.0571427,18.265326,13.411752],"rotation":{"angle":-45.0,"axis":"x","origin":[7.9428573,10.535707,12.841279]},"faces":{"east":{"uv":[8.0,3.75,7.5,4.875],"rotation":0,"texture":"#0","tintindex":0},"south":{"uv":[8.75,3.375,8.5,4.5],"rotation":0,"texture":"#0","tintindex":0},"north":{"uv":[8.125,8.375,7.875,9.5],"rotation":0,"texture":"#0","tintindex":0},"west":{"uv":[8.0,2.625,7.5,3.75],"rotation":0,"texture":"#0","tintindex":0},"up":{"uv":[9.875,1.25,10.125,0.75],"rotation":0,"texture":"#0","tintindex":0},"down":{"uv":[1.0,9.875,1.25,10.375],"rotation":0,"texture":"#0","tintindex":0}}},{"from":[5.042857,10.914825,8.100546],"to":[6.042857,13.114825,10.957688],"rotation":{"angle":22.5,"axis":"x","origin":[7.9428573,10.535707,12.841279]},"faces":{"east":{"uv":[6.25,8.25,5.625,8.75],"rotation":0,"texture":"#0","tintindex":0},"south":{"uv":[10.125,1.25,9.875,1.75],"rotation":0,"texture":"#0","tintindex":0},"north":{"uv":[1.5,9.875,1.25,10.375],"rotation":0,"texture":"#0","tintindex":0},"west":{"uv":[5.625,8.25,5.0,8.75],"rotation":0,"texture":"#0","tintindex":0},"up":{"uv":[6.0,9.375,6.25,8.75],"rotation":0,"texture":"#0","tintindex":0},"down":{"uv":[2.75,8.875,3.0,9.5],"rotation":0,"texture":"#0","tintindex":0}}},{"from":[9.9395075,11.683118,4.714286],"to":[11.996651,14.597404,9.285714],"rotation":{"angle":-22.5,"axis":"z","origin":[7.9428573,10.535707,12.841279]},"faces":{"east":{"uv":[0.0,7.0,1.0,7.625],"rotation":0,"texture":"#0","tintindex":0},"south":{"uv":[8.25,0.75,8.75,1.375],"rotation":0,"texture":"#0","tintindex":0},"north":{"uv":[8.0,4.125,8.5,4.75],"rotation":0,"texture":"#0","tintindex":0},"west":{"uv":[1.0,7.0,2.0,7.625],"rotation":0,"texture":"#0","tintindex":0},"up":{"uv":[6.875,8.5,6.375,7.5],"rotation":0,"texture":"#0","tintindex":0},"down":{"uv":[7.375,7.5,6.875,8.5],"rotation":0,"texture":"#0","tintindex":0}}},{"from":[4.528571,4.0428143,5.551322],"to":[11.357143,5.4571,6.051322],"rotation":{"angle":22.5,"axis":"x","origin":[7.9428573,10.535707,12.841279]},"faces":{"east":{"uv":[6.625,7.25,6.75,7.5],"rotation":0,"texture":"#0","tintindex":0},"south":{"uv":[5.0,1.125,6.5,1.375],"rotation":0,"texture":"#0","tintindex":0},"north":{"uv":[5.0,0.875,6.5,1.125],"rotation":0,"texture":"#0","tintindex":0},"west":{"uv":[6.25,8.25,6.375,8.5],"rotation":0,"texture":"#0","tintindex":0},"up":{"uv":[8.25,0.875,6.75,0.75],"rotation":0,"texture":"#0","tintindex":0},"down":{"uv":[9.875,7.0,8.375,7.125],"rotation":0,"texture":"#0","tintindex":0}}},{"from":[3.8890638,11.683118,4.714286],"to":[5.946207,14.597404,9.285714],"rotation":{"angle":22.5,"axis":"z","origin":[7.9428573,10.535707,12.841279]},"faces":{"east":{"uv":[2.0,7.0,3.0,7.625],"rotation":0,"texture":"#0","tintindex":0},"south":{"uv":[4.5,8.25,5.0,8.875],"rotation":0,"texture":"#0","tintindex":0},"north":{"uv":[2.25,8.25,2.75,8.875],"rotation":0,"texture":"#0","tintindex":0},"west":{"uv":[3.0,7.375,4.0,8.0],"rotation":0,"texture":"#0","tintindex":0},"up":{"uv":[7.875,8.5,7.375,7.5],"rotation":0,"texture":"#0","tintindex":0},"down":{"uv":[0.5,7.625,0.0,8.625],"rotation":0,"texture":"#0","tintindex":0}}},{"from":[11.368079,9.740261,7.9714284],"to":[11.882364,11.683118,8.714286],"rotation":{"angle":-22.5,"axis":"z","origin":[7.9428573,10.535707,12.841279]},"faces":{"east":{"uv":[6.625,6.875,6.75,7.25],"rotation":0,"texture":"#0","tintindex":0},"south":{"uv":[2.875,7.625,3.0,8.0],"rotation":0,"texture":"#0","tintindex":0},"north":{"uv":[1.375,6.0,1.5,6.375],"rotation":0,"texture":"#0","tintindex":0},"west":{"uv":[5.375,7.875,5.5,8.25],"rotation":0,"texture":"#0","tintindex":0},"up":{"uv":[8.375,1.5,8.25,1.375],"rotation":0,"texture":"#0","tintindex":0},"down":{"uv":[4.0,8.375,3.875,8.5],"rotation":0,"texture":"#0","tintindex":0}}},{"from":[11.368079,9.740261,5.2571425],"to":[11.882364,11.683118,6.0],"rotation":{"angle":-22.5,"axis":"z","origin":[7.9428573,10.535707,12.841279]},"faces":{"east":{"uv":[2.75,8.25,2.875,8.625],"rotation":0,"texture":"#0","tintindex":0},"south":{"uv":[8.375,3.375,8.5,3.75],"rotation":0,"texture":"#0","tintindex":0},"north":{"uv":[3.875,8.0,4.0,8.375],"rotation":0,"texture":"#0","tintindex":0},"west":{"uv":[8.375,3.75,8.5,4.125],"rotation":0,"texture":"#0","tintindex":0},"up":{"uv":[8.5,4.875,8.375,4.75],"rotation":0,"texture":"#0","tintindex":0},"down":{"uv":[8.25,8.375,8.125,8.5],"rotation":0,"texture":"#0","tintindex":0}}},{"from":[4.00335,9.740261,7.9714284],"to":[4.5176353,11.683118,8.714286],"rotation":{"angle":22.5,"axis":"z","origin":[7.9428573,10.535707,12.841279]},"faces":{"east":{"uv":[7.75,8.5,7.875,8.875],"rotation":0,"texture":"#0","tintindex":0},"south":{"uv":[7.75,8.875,7.875,9.25],"rotation":0,"texture":"#0","tintindex":0},"north":{"uv":[4.375,8.5,4.5,8.875],"rotation":0,"texture":"#0","tintindex":0},"west":{"uv":[5.625,9.0,5.75,9.375],"rotation":0,"texture":"#0","tintindex":0},"up":{"uv":[2.875,8.75,2.75,8.625],"rotation":0,"texture":"#0","tintindex":0},"down":{"uv":[2.875,8.75,2.75,8.875],"rotation":0,"texture":"#0","tintindex":0}}},{"from":[4.00335,9.740261,5.2571425],"to":[4.5176353,11.683118,6.0],"rotation":{"angle":22.5,"axis":"z","origin":[7.9428573,10.535707,12.841279]},"faces":{"east":{"uv":[9.5,7.5,9.625,7.875],"rotation":0,"texture":"#0","tintindex":0},"south":{"uv":[9.625,4.5,9.75,4.875],"rotation":0,"texture":"#0","tintindex":0},"north":{"uv":[2.625,9.125,2.75,9.5],"rotation":0,"texture":"#0","tintindex":0},"west":{"uv":[4.75,9.875,4.875,10.25],"rotation":0,"texture":"#0","tintindex":0},"up":{"uv":[3.625,9.0,3.5,8.875],"rotation":0,"texture":"#0","tintindex":0},"down":{"uv":[5.0,8.875,4.875,9.0],"rotation":0,"texture":"#0","tintindex":0}}}],"display":{"head":{"translation":[0.0,-6.4,0.0],"scale":[4.0,4.0,4.0]}}}