{"textures":{"0":"minecraft:modelengine/entity/token_drill_tier3"},"elements":[{"from":[7.2215486,6.6405063,6.635986],"to":[8.397994,9.368534,9.364014],"rotation":{"angle":0.0,"axis":"y","origin":[12.484057,11.420227,4.9841356]},"faces":{"east":{"uv":[8.375,6.5,7.75,7.125],"rotation":0,"texture":"#0","tintindex":0},"south":{"uv":[7.0,8.875,6.75,9.5],"rotation":0,"texture":"#0","tintindex":0},"north":{"uv":[6.75,8.875,6.5,9.5],"rotation":0,"texture":"#0","tintindex":0},"west":{"uv":[8.375,5.875,7.75,6.5],"rotation":0,"texture":"#0","tintindex":0},"up":{"uv":[8.875,8.125,9.125,7.5],"rotation":0,"texture":"#0","tintindex":0},"down":{"uv":[9.0,1.375,9.25,2.0],"rotation":0,"texture":"#0","tintindex":0}}},{"from":[6.933549,7.6005063,7.595986],"to":[12.490566,8.408534,8.404014],"rotation":{"angle":0.0,"axis":"y","origin":[12.484057,11.420227,4.9841356]},"faces":{"east":{"uv":[7.875,9.25,7.75,9.375],"rotation":0,"texture":"#0","tintindex":0},"south":{"uv":[10.125,8.125,8.875,8.25],"rotation":0,"texture":"#0","tintindex":0},"north":{"uv":[10.125,6.625,8.875,6.75],"rotation":0,"texture":"#0","tintindex":0},"west":{"uv":[9.375,1.875,9.25,2.0],"rotation":0,"texture":"#0","tintindex":0},"up":{"uv":[8.875,8.375,10.125,8.25],"rotation":0,"texture":"#0","tintindex":0},"down":{"uv":[8.875,8.375,10.125,8.5],"rotation":0,"texture":"#0","tintindex":0}}},{"from":[7.2442822,8.256035,5.725097],"to":[8.37526,8.892574,7.2027793],"rotation":{"angle":-22.5,"axis":"x","origin":[12.484057,11.420227,4.9841356]},"faces":{"east":{"uv":[10.75,4.125,10.375,4.25],"rotation":0,"texture":"#0","tintindex":0},"south":{"uv":[10.75,0.5,10.5,0.625],"rotation":0,"texture":"#0","tintindex":0},"north":{"uv":[10.75,0.375,10.5,0.5],"rotation":0,"texture":"#0","tintindex":0},"west":{"uv":[10.75,4.0,10.375,4.125],"rotation":0,"texture":"#0","tintindex":0},"up":{"uv":[6.125,10.5,6.375,10.125],"rotation":0,"texture":"#0","tintindex":0},"down":{"uv":[10.125,6.5,10.375,6.875],"rotation":0,"texture":"#0","tintindex":0}}},{"from":[7.2442822,10.564278,8.338082],"to":[8.37526,11.200817,9.815764],"rotation":{"angle":22.5,"axis":"x","origin":[12.484057,11.420227,4.9841356]},"faces":{"east":{"uv":[10.75,5.75,10.375,5.875],"rotation":0,"texture":"#0","tintindex":0},"south":{"uv":[10.75,1.5,10.5,1.625],"rotation":0,"texture":"#0","tintindex":0},"north":{"uv":[10.75,0.625,10.5,0.75],"rotation":0,"texture":"#0","tintindex":0},"west":{"uv":[10.75,5.625,10.375,5.75],"rotation":0,"texture":"#0","tintindex":0},"up":{"uv":[10.125,7.25,10.375,6.875],"rotation":0,"texture":"#0","tintindex":0},"down":{"uv":[10.125,7.25,10.375,7.625],"rotation":0,"texture":"#0","tintindex":0}}},{"from":[7.2442822,7.6364765,8.339366],"to":[8.37526,8.273017,9.817048],"rotation":{"angle":22.5,"axis":"x","origin":[12.484057,11.420227,4.9841356]},"faces":{"east":{"uv":[10.75,6.125,10.375,6.25],"rotation":0,"texture":"#0","tintindex":0},"south":{"uv":[10.75,1.75,10.5,1.875],"rotation":0,"texture":"#0","tintindex":0},"north":{"uv":[10.75,1.625,10.5,1.75],"rotation":0,"texture":"#0","tintindex":0},"west":{"uv":[10.75,6.0,10.375,6.125],"rotation":0,"texture":"#0","tintindex":0},"up":{"uv":[10.125,8.375,10.375,8.0],"rotation":0,"texture":"#0","tintindex":0},"down":{"uv":[10.125,8.75,10.375,9.125],"rotation":0,"texture":"#0","tintindex":0}}},{"from":[7.2442822,5.3282337,5.7238135],"to":[8.37526,5.9647737,7.2014956],"rotation":{"angle":-22.5,"axis":"x","origin":[12.484057,11.420227,4.9841356]},"faces":{"east":{"uv":[10.75,6.875,10.375,7.0],"rotation":0,"texture":"#0","tintindex":0},"south":{"uv":[2.25,10.5,2.0,10.625],"rotation":0,"texture":"#0","tintindex":0},"north":{"uv":[10.75,1.875,10.5,2.0],"rotation":0,"texture":"#0","tintindex":0},"west":{"uv":[7.0,10.375,6.625,10.5],"rotation":0,"texture":"#0","tintindex":0},"up":{"uv":[10.125,9.5,10.375,9.125],"rotation":0,"texture":"#0","tintindex":0},"down":{"uv":[10.25,0.0,10.5,0.375],"rotation":0,"texture":"#0","tintindex":0}}},{"from":[7.2442822,8.674332,10.237961],"to":[8.37526,10.152014,10.874501],"rotation":{"angle":22.5,"axis":"x","origin":[12.484057,11.420227,4.9841356]},"faces":{"east":{"uv":[10.5,7.0,10.375,7.375],"rotation":0,"texture":"#0","tintindex":0},"south":{"uv":[10.5,1.5,10.25,1.875],"rotation":0,"texture":"#0","tintindex":0},"north":{"uv":[10.5,0.375,10.25,0.75],"rotation":0,"texture":"#0","tintindex":0},"west":{"uv":[7.125,10.375,7.0,10.75],"rotation":0,"texture":"#0","tintindex":0},"up":{"uv":[10.5,2.125,10.75,2.0],"rotation":0,"texture":"#0","tintindex":0},"down":{"uv":[10.5,2.125,10.75,2.25],"rotation":0,"texture":"#0","tintindex":0}}},{"from":[7.2442822,6.356156,7.6150427],"to":[8.37526,7.833838,8.251583],"rotation":{"angle":-22.5,"axis":"x","origin":[12.484057,11.420227,4.9841356]},"faces":{"east":{"uv":[7.375,10.375,7.25,10.75],"rotation":0,"texture":"#0","tintindex":0},"south":{"uv":[10.5,2.25,10.25,2.625],"rotation":0,"texture":"#0","tintindex":0},"north":{"uv":[10.5,1.875,10.25,2.25],"rotation":0,"texture":"#0","tintindex":0},"west":{"uv":[7.25,10.375,7.125,10.75],"rotation":0,"texture":"#0","tintindex":0},"up":{"uv":[2.25,10.625,2.5,10.5],"rotation":0,"texture":"#0","tintindex":0},"down":{"uv":[10.5,2.25,10.75,2.375],"rotation":0,"texture":"#0","tintindex":0}}},{"from":[7.2442822,6.366089,4.666361],"to":[8.37526,7.843771,5.302901],"rotation":{"angle":-22.5,"axis":"x","origin":[12.484057,11.420227,4.9841356]},"faces":{"east":{"uv":[10.5,8.75,10.375,9.125],"rotation":0,"texture":"#0","tintindex":0},"south":{"uv":[10.5,4.625,10.25,5.0],"rotation":0,"texture":"#0","tintindex":0},"north":{"uv":[10.5,4.25,10.25,4.625],"rotation":0,"texture":"#0","tintindex":0},"west":{"uv":[10.5,8.0,10.375,8.375],"rotation":0,"texture":"#0","tintindex":0},"up":{"uv":[10.5,2.5,10.75,2.375],"rotation":0,"texture":"#0","tintindex":0},"down":{"uv":[2.5,10.5,2.75,10.625],"rotation":0,"texture":"#0","tintindex":0}}},{"from":[7.2442822,8.664399,7.289279],"to":[8.37526,10.14208,7.925819],"rotation":{"angle":22.5,"axis":"x","origin":[12.484057,11.420227,4.9841356]},"faces":{"east":{"uv":[9.625,10.375,9.5,10.75],"rotation":0,"texture":"#0","tintindex":0},"south":{"uv":[5.25,10.25,5.0,10.625],"rotation":0,"texture":"#0","tintindex":0},"north":{"uv":[5.0,10.25,4.75,10.625],"rotation":0,"texture":"#0","tintindex":0},"west":{"uv":[10.5,9.125,10.375,9.5],"rotation":0,"texture":"#0","tintindex":0},"up":{"uv":[10.5,2.625,10.75,2.5],"rotation":0,"texture":"#0","tintindex":0},"down":{"uv":[2.75,10.5,3.0,10.625],"rotation":0,"texture":"#0","tintindex":0}}}],"display":{"head":{"translation":[0.0,-6.4,0.0],"scale":[4.0,4.0,4.0]}}}