{"textures":{"0":"minecraft:modelengine/entity/lapis_nexus"},"elements":[{"from":[-1.275569,9.329335,3.8179998],"to":[1.7363725,13.887562,12.182],"rotation":{"angle":-22.5,"axis":"z","origin":[8.0,2.514285,8.0]},"faces":{"east":{"uv":[3.4375,8.125,4.375,9.125],"rotation":0,"texture":"#0","tintindex":0},"south":{"uv":[5.5,3.25,5.8125,4.25],"rotation":0,"texture":"#0","tintindex":0},"north":{"uv":[0.3125,10.75,0.625,11.75],"rotation":0,"texture":"#0","tintindex":0},"west":{"uv":[0.9375,8.25,1.875,9.25],"rotation":0,"texture":"#0","tintindex":0},"up":{"uv":[5.0,11.125,4.6875,9.25],"rotation":0,"texture":"#0","tintindex":0},"down":{"uv":[2.1875,9.5,1.875,11.375],"rotation":0,"texture":"#0","tintindex":0}}},{"from":[4.9533443,14.83901,3.8179998],"to":[10.917286,20.802952,12.182],"rotation":{"angle":-45.0,"axis":"z","origin":[6.459315,17.118124,8.0]},"faces":{"east":{"uv":[1.875,3.75,2.8125,5.0],"rotation":0,"texture":"#0","tintindex":0},"south":{"uv":[4.375,3.0,5.0,4.25],"rotation":0,"texture":"#0","tintindex":0},"north":{"uv":[4.375,4.25,5.0,3.0],"rotation":180,"texture":"#0","tintindex":0},"west":{"uv":[1.875,5.0,2.8125,6.25],"rotation":0,"texture":"#0","tintindex":0},"up":{"uv":[2.8125,6.25,1.875,5.0],"rotation":90,"texture":"#0","tintindex":0},"down":{"uv":[3.4375,0.0,2.8125,1.875],"rotation":0,"texture":"#0","tintindex":0}}},{"from":[4.9533443,-2.3038473,3.8179998],"to":[10.917286,3.6600943,12.182],"rotation":{"angle":-45.0,"axis":"z","origin":[6.459315,-0.024734497,8.0]},"faces":{"east":{"uv":[0.625,5.625,1.5625,6.875],"rotation":0,"texture":"#0","tintindex":0},"south":{"uv":[4.375,5.5,5.0,6.75],"rotation":0,"texture":"#0","tintindex":0},"north":{"uv":[4.375,4.25,5.0,5.5],"rotation":0,"texture":"#0","tintindex":0},"west":{"uv":[2.8125,1.875,3.75,3.125],"rotation":0,"texture":"#0","tintindex":0},"up":{"uv":[3.4375,5.0,2.8125,3.125],"rotation":0,"texture":"#0","tintindex":0},"down":{"uv":[3.4375,5.0,2.8125,6.875],"rotation":0,"texture":"#0","tintindex":0}}},{"from":[-1.275569,2.1124377,3.8179998],"to":[1.7363725,6.670665,12.182],"rotation":{"angle":22.5,"axis":"z","origin":[8.0,13.485715,8.0]},"faces":{"east":{"uv":[1.5625,6.25,2.5,7.25],"rotation":0,"texture":"#0","tintindex":0},"south":{"uv":[3.125,10.125,3.4375,11.125],"rotation":0,"texture":"#0","tintindex":0},"north":{"uv":[5.0,5.125,5.3125,6.125],"rotation":0,"texture":"#0","tintindex":0},"west":{"uv":[3.4375,0.0,4.375,1.0],"rotation":0,"texture":"#0","tintindex":0},"up":{"uv":[4.6875,8.625,4.375,6.75],"rotation":0,"texture":"#0","tintindex":0},"down":{"uv":[4.6875,8.625,4.375,10.5],"rotation":0,"texture":"#0","tintindex":0}}},{"from":[2.0384994,3.639823,3.7828565],"to":[3.785297,12.360177,12.217143],"rotation":{"angle":0.0,"axis":"y","origin":[8.0,13.485715,8.0]},"faces":{"east":{"uv":[0.9375,3.75,1.875,5.625],"rotation":0,"texture":"#0","tintindex":0},"south":{"uv":[2.5625,10.125,2.75,12.0],"rotation":0,"texture":"#0","tintindex":0},"north":{"uv":[5.0,9.25,5.1875,11.125],"rotation":0,"texture":"#0","tintindex":0},"west":{"uv":[1.875,1.875,2.8125,3.75],"rotation":0,"texture":"#0","tintindex":0},"up":{"uv":[2.9375,12.0,2.75,10.125],"rotation":0,"texture":"#0","tintindex":0},"down":{"uv":[3.125,10.125,2.9375,12.0],"rotation":0,"texture":"#0","tintindex":0}}},{"from":[12.214703,3.639823,3.7828565],"to":[13.9615,12.360177,12.217143],"rotation":{"angle":0.0,"axis":"y","origin":[8.0,13.485715,8.0]},"faces":{"east":{"uv":[0.0,3.75,0.9375,5.625],"rotation":0,"texture":"#0","tintindex":0},"south":{"uv":[4.0625,9.75,4.25,11.625],"rotation":0,"texture":"#0","tintindex":0},"north":{"uv":[3.875,9.75,4.0625,11.625],"rotation":0,"texture":"#0","tintindex":0},"west":{"uv":[1.875,0.0,2.8125,1.875],"rotation":0,"texture":"#0","tintindex":0},"up":{"uv":[5.1875,5.125,5.0,3.25],"rotation":0,"texture":"#0","tintindex":0},"down":{"uv":[5.1875,7.375,5.0,9.25],"rotation":0,"texture":"#0","tintindex":0}}},{"from":[14.263628,2.1124377,3.8179998],"to":[17.27557,6.670665,12.182],"rotation":{"angle":-22.5,"axis":"z","origin":[8.0,13.485715,8.0]},"faces":{"east":{"uv":[0.625,6.875,1.5625,7.875],"rotation":0,"texture":"#0","tintindex":0},"south":{"uv":[0.9375,10.25,1.25,11.25],"rotation":0,"texture":"#0","tintindex":0},"north":{"uv":[0.625,10.25,0.9375,11.25],"rotation":0,"texture":"#0","tintindex":0},"west":{"uv":[3.4375,3.125,4.375,4.125],"rotation":0,"texture":"#0","tintindex":0},"up":{"uv":[0.3125,10.75,0.0,8.875],"rotation":0,"texture":"#0","tintindex":0},"down":{"uv":[0.625,8.875,0.3125,10.75],"rotation":0,"texture":"#0","tintindex":0}}},{"from":[14.263628,9.329335,3.8179998],"to":[17.27557,13.887562,12.182],"rotation":{"angle":22.5,"axis":"z","origin":[8.0,2.514285,8.0]},"faces":{"east":{"uv":[0.0,7.875,0.9375,8.875],"rotation":0,"texture":"#0","tintindex":0},"south":{"uv":[0.0,10.75,0.3125,11.75],"rotation":0,"texture":"#0","tintindex":0},"north":{"uv":[5.3125,5.25,5.625,6.25],"rotation":0,"texture":"#0","tintindex":0},"west":{"uv":[2.5,7.875,3.4375,8.875],"rotation":0,"texture":"#0","tintindex":0},"up":{"uv":[1.875,11.125,1.5625,9.25],"rotation":0,"texture":"#0","tintindex":0},"down":{"uv":[5.0,7.375,4.6875,9.25],"rotation":0,"texture":"#0","tintindex":0}}},{"from":[3.8179998,9.329335,14.263628],"to":[12.182,13.887562,17.27557],"rotation":{"angle":-22.5,"axis":"x","origin":[8.0,2.514285,8.0]},"faces":{"east":{"uv":[5.1875,9.375,5.5,10.375],"rotation":0,"texture":"#0","tintindex":0},"south":{"uv":[1.5625,7.25,2.5,8.25],"rotation":0,"texture":"#0","tintindex":0},"north":{"uv":[3.4375,7.125,4.375,8.125],"rotation":0,"texture":"#0","tintindex":0},"west":{"uv":[5.1875,10.375,5.5,11.375],"rotation":0,"texture":"#0","tintindex":0},"up":{"uv":[5.625,1.25,4.6875,0.625],"rotation":0,"texture":"#0","tintindex":0},"down":{"uv":[5.625,1.25,4.6875,1.875],"rotation":0,"texture":"#0","tintindex":0}}},{"from":[3.8179998,2.1124377,14.263628],"to":[12.182,6.670665,17.27557],"rotation":{"angle":22.5,"axis":"x","origin":[8.0,13.485715,8.0]},"faces":{"east":{"uv":[1.25,10.25,1.5625,11.25],"rotation":0,"texture":"#0","tintindex":0},"south":{"uv":[2.5,6.875,3.4375,7.875],"rotation":0,"texture":"#0","tintindex":0},"north":{"uv":[3.4375,4.125,4.375,5.125],"rotation":0,"texture":"#0","tintindex":0},"west":{"uv":[5.1875,3.25,5.5,4.25],"rotation":0,"texture":"#0","tintindex":0},"up":{"uv":[5.3125,0.625,4.375,0.0],"rotation":0,"texture":"#0","tintindex":0},"down":{"uv":[3.4375,8.875,2.5,9.5],"rotation":0,"texture":"#0","tintindex":0}}},{"from":[3.782857,3.639823,12.214703],"to":[12.217144,12.360177,13.9615],"rotation":{"angle":0.0,"axis":"y","origin":[8.0,13.485715,8.0]},"faces":{"east":{"uv":[2.1875,9.5,2.375,11.375],"rotation":0,"texture":"#0","tintindex":0},"south":{"uv":[0.0,1.875,0.9375,3.75],"rotation":0,"texture":"#0","tintindex":0},"north":{"uv":[0.0,0.0,0.9375,1.875],"rotation":0,"texture":"#0","tintindex":0},"west":{"uv":[2.375,9.5,2.5625,11.375],"rotation":0,"texture":"#0","tintindex":0},"up":{"uv":[5.625,2.875,4.6875,2.5],"rotation":0,"texture":"#0","tintindex":0},"down":{"uv":[3.5,9.75,2.5625,10.125],"rotation":0,"texture":"#0","tintindex":0}}},{"from":[3.782857,3.639823,2.0384994],"to":[12.217144,12.360177,3.785297],"rotation":{"angle":0.0,"axis":"y","origin":[8.0,13.485715,8.0]},"faces":{"east":{"uv":[3.5,9.75,3.6875,11.625],"rotation":0,"texture":"#0","tintindex":0},"south":{"uv":[0.9375,1.875,1.875,3.75],"rotation":0,"texture":"#0","tintindex":0},"north":{"uv":[0.9375,0.0,1.875,1.875],"rotation":0,"texture":"#0","tintindex":0},"west":{"uv":[3.6875,9.75,3.875,11.625],"rotation":0,"texture":"#0","tintindex":0},"up":{"uv":[1.5625,10.25,0.625,9.875],"rotation":0,"texture":"#0","tintindex":0},"down":{"uv":[5.9375,2.875,5.0,3.25],"rotation":0,"texture":"#0","tintindex":0}}},{"from":[3.8179998,2.1124377,-1.275569],"to":[12.182,6.670665,1.7363725],"rotation":{"angle":-22.5,"axis":"x","origin":[8.0,13.485715,8.0]},"faces":{"east":{"uv":[5.1875,7.375,5.5,8.375],"rotation":0,"texture":"#0","tintindex":0},"south":{"uv":[3.4375,6.125,4.375,7.125],"rotation":0,"texture":"#0","tintindex":0},"north":{"uv":[3.4375,5.125,4.375,6.125],"rotation":0,"texture":"#0","tintindex":0},"west":{"uv":[5.1875,8.375,5.5,9.375],"rotation":0,"texture":"#0","tintindex":0},"up":{"uv":[4.375,9.75,3.4375,9.125],"rotation":0,"texture":"#0","tintindex":0},"down":{"uv":[1.5625,9.25,0.625,9.875],"rotation":0,"texture":"#0","tintindex":0}}},{"from":[3.8179998,9.329335,-1.275569],"to":[12.182,13.887562,1.7363725],"rotation":{"angle":22.5,"axis":"x","origin":[8.0,2.514285,8.0]},"faces":{"east":{"uv":[4.25,10.5,4.5625,11.5],"rotation":0,"texture":"#0","tintindex":0},"south":{"uv":[3.75,2.0,4.6875,3.0],"rotation":0,"texture":"#0","tintindex":0},"north":{"uv":[2.5,7.25,1.5625,8.25],"rotation":0,"texture":"#0","tintindex":0},"west":{"uv":[5.3125,4.25,5.625,5.25],"rotation":0,"texture":"#0","tintindex":0},"up":{"uv":[5.625,2.5,4.6875,1.875],"rotation":0,"texture":"#0","tintindex":0},"down":{"uv":[5.625,6.75,4.6875,7.375],"rotation":0,"texture":"#0","tintindex":0}}}],"display":{"head":{"translation":[0.0,-6.4,0.0],"scale":[4.0,4.0,4.0]}}}