{"textures":{"0":"minecraft:modelengine/entity/lapis_nexus"},"elements":[{"from":[10.693359,8.571614,6.20174],"to":[11.988494,10.5316515,9.79826],"rotation":{"angle":22.5,"axis":"z","origin":[8.0,5.641143,8.0]},"faces":{"east":{"uv":[0.9375,8.25,1.875,9.25],"rotation":0,"texture":"#0","tintindex":0},"south":{"uv":[0.3125,10.75,0.625,11.75],"rotation":0,"texture":"#0","tintindex":0},"north":{"uv":[5.5,3.25,5.8125,4.25],"rotation":0,"texture":"#0","tintindex":0},"west":{"uv":[3.4375,8.125,4.375,9.125],"rotation":0,"texture":"#0","tintindex":0},"up":{"uv":[4.6875,9.25,5.0,11.125],"rotation":0,"texture":"#0","tintindex":0},"down":{"uv":[1.875,11.375,2.1875,9.5],"rotation":0,"texture":"#0","tintindex":0}}},{"from":[6.745567,10.940775,6.20174],"to":[9.310062,13.50527,9.79826],"rotation":{"angle":45.0,"axis":"z","origin":[8.662495,11.920794,8.0]},"faces":{"east":{"uv":[1.875,5.0,2.8125,6.25],"rotation":0,"texture":"#0","tintindex":0},"south":{"uv":[4.375,4.25,5.0,3.0],"rotation":180,"texture":"#0","tintindex":0},"north":{"uv":[4.375,3.0,5.0,4.25],"rotation":0,"texture":"#0","tintindex":0},"west":{"uv":[1.875,3.75,2.8125,5.0],"rotation":0,"texture":"#0","tintindex":0},"up":{"uv":[1.875,5.0,2.8125,6.25],"rotation":90,"texture":"#0","tintindex":0},"down":{"uv":[2.8125,1.875,3.4375,0.0],"rotation":0,"texture":"#0","tintindex":0}}},{"from":[6.745567,3.5693455,6.20174],"to":[9.310062,6.1338406,9.79826],"rotation":{"angle":45.0,"axis":"z","origin":[8.662495,4.5493646,8.0]},"faces":{"east":{"uv":[2.8125,1.875,3.75,3.125],"rotation":0,"texture":"#0","tintindex":0},"south":{"uv":[4.375,4.25,5.0,5.5],"rotation":0,"texture":"#0","tintindex":0},"north":{"uv":[4.375,5.5,5.0,6.75],"rotation":0,"texture":"#0","tintindex":0},"west":{"uv":[0.625,5.625,1.5625,6.875],"rotation":0,"texture":"#0","tintindex":0},"up":{"uv":[2.8125,3.125,3.4375,5.0],"rotation":0,"texture":"#0","tintindex":0},"down":{"uv":[2.8125,6.875,3.4375,5.0],"rotation":0,"texture":"#0","tintindex":0}}},{"from":[10.693359,5.4683485,6.20174],"to":[11.988494,7.4283857,9.79826],"rotation":{"angle":-22.5,"axis":"z","origin":[8.0,10.358857,8.0]},"faces":{"east":{"uv":[3.4375,0.0,4.375,1.0],"rotation":0,"texture":"#0","tintindex":0},"south":{"uv":[5.0,5.125,5.3125,6.125],"rotation":0,"texture":"#0","tintindex":0},"north":{"uv":[3.125,10.125,3.4375,11.125],"rotation":0,"texture":"#0","tintindex":0},"west":{"uv":[1.5625,6.25,2.5,7.25],"rotation":0,"texture":"#0","tintindex":0},"up":{"uv":[4.375,6.75,4.6875,8.625],"rotation":0,"texture":"#0","tintindex":0},"down":{"uv":[4.375,10.5,4.6875,8.625],"rotation":0,"texture":"#0","tintindex":0}}},{"from":[9.812323,6.125124,6.1866283],"to":[10.563445,9.874876,9.813372],"rotation":{"angle":0.0,"axis":"y","origin":[8.0,10.358857,8.0]},"faces":{"east":{"uv":[1.875,1.875,2.8125,3.75],"rotation":0,"texture":"#0","tintindex":0},"south":{"uv":[5.0,9.25,5.1875,11.125],"rotation":0,"texture":"#0","tintindex":0},"north":{"uv":[2.5625,10.125,2.75,12.0],"rotation":0,"texture":"#0","tintindex":0},"west":{"uv":[0.9375,3.75,1.875,5.625],"rotation":0,"texture":"#0","tintindex":0},"up":{"uv":[2.75,10.125,2.9375,12.0],"rotation":0,"texture":"#0","tintindex":0},"down":{"uv":[2.9375,12.0,3.125,10.125],"rotation":0,"texture":"#0","tintindex":0}}},{"from":[5.436555,6.125124,6.1866283],"to":[6.187678,9.874876,9.813372],"rotation":{"angle":0.0,"axis":"y","origin":[8.0,10.358857,8.0]},"faces":{"east":{"uv":[1.875,0.0,2.8125,1.875],"rotation":0,"texture":"#0","tintindex":0},"south":{"uv":[3.875,9.75,4.0625,11.625],"rotation":0,"texture":"#0","tintindex":0},"north":{"uv":[4.0625,9.75,4.25,11.625],"rotation":0,"texture":"#0","tintindex":0},"west":{"uv":[0.0,3.75,0.9375,5.625],"rotation":0,"texture":"#0","tintindex":0},"up":{"uv":[5.0,3.25,5.1875,5.125],"rotation":0,"texture":"#0","tintindex":0},"down":{"uv":[5.0,9.25,5.1875,7.375],"rotation":0,"texture":"#0","tintindex":0}}},{"from":[4.011506,5.4683485,6.20174],"to":[5.30664,7.4283857,9.79826],"rotation":{"angle":22.5,"axis":"z","origin":[8.0,10.358857,8.0]},"faces":{"east":{"uv":[3.4375,3.125,4.375,4.125],"rotation":0,"texture":"#0","tintindex":0},"south":{"uv":[0.625,10.25,0.9375,11.25],"rotation":0,"texture":"#0","tintindex":0},"north":{"uv":[0.9375,10.25,1.25,11.25],"rotation":0,"texture":"#0","tintindex":0},"west":{"uv":[0.625,6.875,1.5625,7.875],"rotation":0,"texture":"#0","tintindex":0},"up":{"uv":[0.0,8.875,0.3125,10.75],"rotation":0,"texture":"#0","tintindex":0},"down":{"uv":[0.3125,10.75,0.625,8.875],"rotation":0,"texture":"#0","tintindex":0}}},{"from":[4.011506,8.571614,6.20174],"to":[5.30664,10.5316515,9.79826],"rotation":{"angle":-22.5,"axis":"z","origin":[8.0,5.641143,8.0]},"faces":{"east":{"uv":[2.5,7.875,3.4375,8.875],"rotation":0,"texture":"#0","tintindex":0},"south":{"uv":[5.3125,5.25,5.625,6.25],"rotation":0,"texture":"#0","tintindex":0},"north":{"uv":[0.0,10.75,0.3125,11.75],"rotation":0,"texture":"#0","tintindex":0},"west":{"uv":[0.0,7.875,0.9375,8.875],"rotation":0,"texture":"#0","tintindex":0},"up":{"uv":[1.5625,9.25,1.875,11.125],"rotation":0,"texture":"#0","tintindex":0},"down":{"uv":[4.6875,9.25,5.0,7.375],"rotation":0,"texture":"#0","tintindex":0}}},{"from":[6.20174,8.571614,4.011506],"to":[9.79826,10.5316515,5.30664],"rotation":{"angle":22.5,"axis":"x","origin":[8.0,5.641143,8.0]},"faces":{"east":{"uv":[5.1875,10.375,5.5,11.375],"rotation":0,"texture":"#0","tintindex":0},"south":{"uv":[3.4375,7.125,4.375,8.125],"rotation":0,"texture":"#0","tintindex":0},"north":{"uv":[1.5625,7.25,2.5,8.25],"rotation":0,"texture":"#0","tintindex":0},"west":{"uv":[5.1875,9.375,5.5,10.375],"rotation":0,"texture":"#0","tintindex":0},"up":{"uv":[4.6875,0.625,5.625,1.25],"rotation":0,"texture":"#0","tintindex":0},"down":{"uv":[4.6875,1.875,5.625,1.25],"rotation":0,"texture":"#0","tintindex":0}}},{"from":[6.20174,5.4683485,4.011506],"to":[9.79826,7.4283857,5.30664],"rotation":{"angle":-22.5,"axis":"x","origin":[8.0,10.358857,8.0]},"faces":{"east":{"uv":[5.1875,3.25,5.5,4.25],"rotation":0,"texture":"#0","tintindex":0},"south":{"uv":[3.4375,4.125,4.375,5.125],"rotation":0,"texture":"#0","tintindex":0},"north":{"uv":[2.5,6.875,3.4375,7.875],"rotation":0,"texture":"#0","tintindex":0},"west":{"uv":[1.25,10.25,1.5625,11.25],"rotation":0,"texture":"#0","tintindex":0},"up":{"uv":[4.375,0.0,5.3125,0.625],"rotation":0,"texture":"#0","tintindex":0},"down":{"uv":[2.5,9.5,3.4375,8.875],"rotation":0,"texture":"#0","tintindex":0}}},{"from":[6.1866283,6.125124,5.436555],"to":[9.813372,9.874876,6.187678],"rotation":{"angle":0.0,"axis":"y","origin":[8.0,10.358857,8.0]},"faces":{"east":{"uv":[2.375,9.5,2.5625,11.375],"rotation":0,"texture":"#0","tintindex":0},"south":{"uv":[0.0,0.0,0.9375,1.875],"rotation":0,"texture":"#0","tintindex":0},"north":{"uv":[0.0,1.875,0.9375,3.75],"rotation":0,"texture":"#0","tintindex":0},"west":{"uv":[2.1875,9.5,2.375,11.375],"rotation":0,"texture":"#0","tintindex":0},"up":{"uv":[4.6875,2.5,5.625,2.875],"rotation":0,"texture":"#0","tintindex":0},"down":{"uv":[2.5625,10.125,3.5,9.75],"rotation":0,"texture":"#0","tintindex":0}}},{"from":[6.1866283,6.125124,9.812323],"to":[9.813372,9.874876,10.563445],"rotation":{"angle":0.0,"axis":"y","origin":[8.0,10.358857,8.0]},"faces":{"east":{"uv":[3.6875,9.75,3.875,11.625],"rotation":0,"texture":"#0","tintindex":0},"south":{"uv":[0.9375,0.0,1.875,1.875],"rotation":0,"texture":"#0","tintindex":0},"north":{"uv":[0.9375,1.875,1.875,3.75],"rotation":0,"texture":"#0","tintindex":0},"west":{"uv":[3.5,9.75,3.6875,11.625],"rotation":0,"texture":"#0","tintindex":0},"up":{"uv":[0.625,9.875,1.5625,10.25],"rotation":0,"texture":"#0","tintindex":0},"down":{"uv":[5.0,3.25,5.9375,2.875],"rotation":0,"texture":"#0","tintindex":0}}},{"from":[6.20174,5.4683485,10.693359],"to":[9.79826,7.4283857,11.988494],"rotation":{"angle":22.5,"axis":"x","origin":[8.0,10.358857,8.0]},"faces":{"east":{"uv":[5.1875,8.375,5.5,9.375],"rotation":0,"texture":"#0","tintindex":0},"south":{"uv":[3.4375,5.125,4.375,6.125],"rotation":0,"texture":"#0","tintindex":0},"north":{"uv":[3.4375,6.125,4.375,7.125],"rotation":0,"texture":"#0","tintindex":0},"west":{"uv":[5.1875,7.375,5.5,8.375],"rotation":0,"texture":"#0","tintindex":0},"up":{"uv":[3.4375,9.125,4.375,9.75],"rotation":0,"texture":"#0","tintindex":0},"down":{"uv":[0.625,9.875,1.5625,9.25],"rotation":0,"texture":"#0","tintindex":0}}},{"from":[6.20174,8.571614,10.693359],"to":[9.79826,10.5316515,11.988494],"rotation":{"angle":-22.5,"axis":"x","origin":[8.0,5.641143,8.0]},"faces":{"east":{"uv":[5.3125,4.25,5.625,5.25],"rotation":0,"texture":"#0","tintindex":0},"south":{"uv":[2.5,7.25,1.5625,8.25],"rotation":0,"texture":"#0","tintindex":0},"north":{"uv":[3.75,2.0,4.6875,3.0],"rotation":0,"texture":"#0","tintindex":0},"west":{"uv":[4.25,10.5,4.5625,11.5],"rotation":0,"texture":"#0","tintindex":0},"up":{"uv":[4.6875,1.875,5.625,2.5],"rotation":0,"texture":"#0","tintindex":0},"down":{"uv":[4.6875,7.375,5.625,6.75],"rotation":0,"texture":"#0","tintindex":0}}}],"display":{"head":{"translation":[0.0,-6.4,0.0],"scale":[4.0,4.0,4.0]}}}