{"textures":{"0":"minecraft:modelengine/entity/construction_textures"},"elements":[{"from":[-3.9428577,16.171429,7.3714285],"to":[19.942858,20.257145,8.6285715],"rotation":{"angle":0.0,"axis":"y","origin":[8.0,8.0,8.0]},"faces":{"east":{"uv":[3.75,4.5,3.875,4.9375],"rotation":0,"texture":"#0","tintindex":0},"south":{"uv":[0.0,1.5,2.375,1.9375],"rotation":0,"texture":"#0","tintindex":0},"north":{"uv":[2.375,1.0,0.0,1.4375],"rotation":0,"texture":"#0","tintindex":0},"west":{"uv":[3.875,4.5,4.0,4.9375],"rotation":0,"texture":"#0","tintindex":0},"up":{"uv":[8.125,5.125,5.75,5.0],"rotation":0,"texture":"#0","tintindex":0},"down":{"uv":[8.125,5.125,5.75,5.25],"rotation":0,"texture":"#0","tintindex":0}}},{"from":[19.942858,8.6285715,6.1142855],"to":[21.2,21.2,9.885715],"rotation":{"angle":0.0,"axis":"y","origin":[8.0,8.0,8.0]},"faces":{"east":{"uv":[2.875,5.25,3.25,6.5],"rotation":0,"texture":"#0","tintindex":0},"south":{"uv":[1.875,6.5,2.0,7.75],"rotation":0,"texture":"#0","tintindex":0},"north":{"uv":[1.75,6.5,1.875,7.75],"rotation":0,"texture":"#0","tintindex":0},"west":{"uv":[4.75,5.25,5.125,6.5],"rotation":0,"texture":"#0","tintindex":0},"up":{"uv":[0.875,5.75,0.75,5.375],"rotation":0,"texture":"#0","tintindex":0},"down":{"uv":[2.75,6.5,2.625,6.875],"rotation":0,"texture":"#0","tintindex":0}}},{"from":[-5.514286,8.0,3.2857141],"to":[-2.3714285,8.6285715,12.714286],"rotation":{"angle":0.0,"axis":"y","origin":[8.0,8.0,8.0]},"faces":{"east":{"uv":[7.75,6.875,8.6875,6.9375],"rotation":0,"texture":"#0","tintindex":0},"south":{"uv":[0.25,6.875,0.5625,6.9375],"rotation":0,"texture":"#0","tintindex":0},"north":{"uv":[0.25,6.75,0.5625,6.8125],"rotation":0,"texture":"#0","tintindex":0},"west":{"uv":[7.75,7.0,8.6875,7.0625],"rotation":0,"texture":"#0","tintindex":0},"up":{"uv":[1.0625,6.9375,0.75,6.0],"rotation":0,"texture":"#0","tintindex":0},"down":{"uv":[1.4375,6.0,1.125,6.9375],"rotation":0,"texture":"#0","tintindex":0}}},{"from":[-4.5714293,8.6285715,6.1142855],"to":[-3.3142862,21.2,9.885715],"rotation":{"angle":0.0,"axis":"y","origin":[8.0,8.0,8.0]},"faces":{"east":{"uv":[5.125,5.25,5.5,6.5],"rotation":0,"texture":"#0","tintindex":0},"south":{"uv":[2.125,6.5,2.25,7.75],"rotation":0,"texture":"#0","tintindex":0},"north":{"uv":[2.0,6.5,2.125,7.75],"rotation":0,"texture":"#0","tintindex":0},"west":{"uv":[0.0,5.375,0.375,6.625],"rotation":0,"texture":"#0","tintindex":0},"up":{"uv":[2.875,6.875,2.75,6.5],"rotation":0,"texture":"#0","tintindex":0},"down":{"uv":[3.0,6.5,2.875,6.875],"rotation":0,"texture":"#0","tintindex":0}}},{"from":[19.0,8.0,3.2857141],"to":[22.142857,8.6285715,12.714286],"rotation":{"angle":0.0,"axis":"y","origin":[8.0,8.0,8.0]},"faces":{"east":{"uv":[7.75,7.125,8.6875,7.1875],"rotation":0,"texture":"#0","tintindex":0},"south":{"uv":[4.375,7.5,4.6875,7.5625],"rotation":0,"texture":"#0","tintindex":0},"north":{"uv":[4.375,7.375,4.6875,7.4375],"rotation":0,"texture":"#0","tintindex":0},"west":{"uv":[7.375,7.75,8.3125,7.8125],"rotation":0,"texture":"#0","tintindex":0},"up":{"uv":[6.4375,0.9375,6.125,0.0],"rotation":0,"texture":"#0","tintindex":0},"down":{"uv":[6.4375,1.0,6.125,1.9375],"rotation":0,"texture":"#0","tintindex":0}}}],"display":{"head":{"translation":[0.0,-6.4,0.0],"scale":[4.0,4.0,4.0]}}}