{"textures":{"1":"minecraft:modelengine/entity/ovni_3"},"elements":[{"from":[3.4285712,8.571428,5.714286],"to":[6.285714,10.285714,8.0],"rotation":{"angle":0.0,"axis":"y","origin":[8.0,8.0,8.0]},"faces":{"east":{"uv":[3.5,8.875,4.0,9.25],"rotation":0,"texture":"#1","tintindex":0},"south":{"uv":[10.125,4.125,10.75,4.5],"rotation":0,"texture":"#1","tintindex":0},"north":{"uv":[10.125,3.75,10.75,4.125],"rotation":0,"texture":"#1","tintindex":0},"west":{"uv":[10.5,1.5,11.0,1.875],"rotation":0,"texture":"#1","tintindex":0},"up":{"uv":[10.5,8.125,9.875,7.625],"rotation":0,"texture":"#1","tintindex":0},"down":{"uv":[10.25,9.875,9.625,10.375],"rotation":0,"texture":"#1","tintindex":0}}},{"from":[2.2857141,5.714286,5.428571],"to":[7.428571,9.714286,8.285714],"rotation":{"angle":0.0,"axis":"y","origin":[8.0,8.0,8.0]},"faces":{"east":{"uv":[8.125,5.0,8.75,5.875],"rotation":0,"texture":"#1","tintindex":0},"south":{"uv":[8.75,7.5,9.875,8.375],"rotation":0,"texture":"#1","tintindex":0},"north":{"uv":[7.0,5.0,8.125,5.875],"rotation":0,"texture":"#1","tintindex":0},"west":{"uv":[9.625,8.375,10.25,9.25],"rotation":0,"texture":"#1","tintindex":0},"up":{"uv":[1.125,5.875,0.0,5.25],"rotation":0,"texture":"#1","tintindex":0},"down":{"uv":[2.25,5.25,1.125,5.875],"rotation":0,"texture":"#1","tintindex":0}}}],"display":{"head":{"translation":[0.0,-6.4,0.0],"scale":[4.0,4.0,4.0]}}}