{"textures":{"1":"minecraft:modelengine/entity/ovni_3"},"elements":[{"from":[7.714286,7.228079,4.683828],"to":[8.285714,10.085222,5.2552567],"rotation":{"angle":0.0,"axis":"y","origin":[12.285715,3.2857141,14.0]},"faces":{"east":{"uv":[6.875,8.0,7.0,8.625],"rotation":0,"texture":"#1","tintindex":0},"south":{"uv":[6.625,8.625,6.75,9.25],"rotation":0,"texture":"#1","tintindex":0},"north":{"uv":[6.75,8.0,6.875,8.625],"rotation":0,"texture":"#1","tintindex":0},"west":{"uv":[6.75,8.625,6.875,9.25],"rotation":0,"texture":"#1","tintindex":0},"up":{"uv":[4.125,8.0,4.0,7.875],"rotation":0,"texture":"#1","tintindex":0},"down":{"uv":[4.25,7.875,4.125,8.0],"rotation":0,"texture":"#1","tintindex":0}}},{"from":[7.428571,10.085222,4.3981137],"to":[8.571428,11.228079,5.540971],"rotation":{"angle":0.0,"axis":"y","origin":[12.0,3.2857141,13.714286]},"faces":{"east":{"uv":[10.5,4.5,10.75,4.75],"rotation":0,"texture":"#1","tintindex":0},"south":{"uv":[10.5,4.75,10.75,5.0],"rotation":0,"texture":"#1","tintindex":0},"north":{"uv":[10.5,3.125,10.75,3.375],"rotation":0,"texture":"#1","tintindex":0},"west":{"uv":[10.5,5.0,10.75,5.25],"rotation":0,"texture":"#1","tintindex":0},"up":{"uv":[10.75,5.5,10.5,5.25],"rotation":0,"texture":"#1","tintindex":0},"down":{"uv":[10.75,5.5,10.5,5.75],"rotation":0,"texture":"#1","tintindex":0}}}],"display":{"head":{"translation":[0.0,-6.4,0.0],"scale":[4.0,4.0,4.0]}}}