{"textures":{"3":"minecraft:modelengine/entity/ovni_extras"},"elements":[{"from":[1.1378059,-0.57142925,1.1832118],"to":[14.852093,0.5714283,2.3260694],"rotation":{"angle":0.0,"axis":"y","origin":[2.8520918,8.0,8.040355]},"faces":{"east":{"uv":[3.875,7.25,4.125,7.5],"rotation":0,"texture":"#3","tintindex":0},"south":{"uv":[5.25,1.5,8.25,1.75],"rotation":0,"texture":"#3","tintindex":0},"north":{"uv":[5.25,1.25,8.25,1.5],"rotation":0,"texture":"#3","tintindex":0},"west":{"uv":[4.125,7.25,4.375,7.5],"rotation":0,"texture":"#3","tintindex":0},"up":{"uv":[8.25,2.0,5.25,1.75],"rotation":0,"texture":"#3","tintindex":0},"down":{"uv":[8.25,2.0,5.25,2.25],"rotation":0,"texture":"#3","tintindex":0}}},{"from":[1.1378059,-0.57142925,13.754641],"to":[14.852093,0.5714283,14.897498],"rotation":{"angle":0.0,"axis":"y","origin":[2.8520918,8.0,8.040355]},"faces":{"east":{"uv":[7.25,4.25,7.5,4.5],"rotation":0,"texture":"#3","tintindex":0},"south":{"uv":[5.25,2.5,8.25,2.75],"rotation":0,"texture":"#3","tintindex":0},"north":{"uv":[5.25,2.25,8.25,2.5],"rotation":0,"texture":"#3","tintindex":0},"west":{"uv":[4.375,7.25,4.625,7.5],"rotation":0,"texture":"#3","tintindex":0},"up":{"uv":[8.25,3.0,5.25,2.75],"rotation":0,"texture":"#3","tintindex":0},"down":{"uv":[8.25,3.0,5.25,3.25],"rotation":0,"texture":"#3","tintindex":0}}},{"from":[13.709235,-0.57142925,2.3260694],"to":[14.852093,0.5714283,13.754641],"rotation":{"angle":0.0,"axis":"y","origin":[2.8520918,8.0,8.040355]},"faces":{"east":{"uv":[5.25,3.25,7.75,3.5],"rotation":0,"texture":"#3","tintindex":0},"south":{"uv":[5.0,7.25,5.25,7.5],"rotation":0,"texture":"#3","tintindex":0},"north":{"uv":[7.25,4.5,7.5,4.75],"rotation":0,"texture":"#3","tintindex":0},"west":{"uv":[5.25,3.5,7.75,3.75],"rotation":0,"texture":"#3","tintindex":0},"up":{"uv":[1.625,7.25,1.375,4.75],"rotation":0,"texture":"#3","tintindex":0},"down":{"uv":[1.875,4.75,1.625,7.25],"rotation":0,"texture":"#3","tintindex":0}}},{"from":[1.1378059,-0.57142925,2.3260694],"to":[2.2806635,0.5714283,13.754641],"rotation":{"angle":0.0,"axis":"y","origin":[2.8520918,8.0,8.040355]},"faces":{"east":{"uv":[5.25,3.75,7.75,4.0],"rotation":0,"texture":"#3","tintindex":0},"south":{"uv":[5.5,7.25,5.75,7.5],"rotation":0,"texture":"#3","tintindex":0},"north":{"uv":[5.25,7.25,5.5,7.5],"rotation":0,"texture":"#3","tintindex":0},"west":{"uv":[5.25,4.0,7.75,4.25],"rotation":0,"texture":"#3","tintindex":0},"up":{"uv":[2.125,7.25,1.875,4.75],"rotation":0,"texture":"#3","tintindex":0},"down":{"uv":[2.375,4.75,2.125,7.25],"rotation":0,"texture":"#3","tintindex":0}}}],"display":{"head":{"translation":[0.0,-6.4,0.0],"scale":[4.0,4.0,4.0]}}}