{"textures":{"1":"minecraft:modelengine/entity/ovni_3"},"elements":[{"from":[4.0,9.142858,4.0],"to":[16.0,10.285714,16.0],"rotation":{"angle":0.0,"axis":"y","origin":[8.0,8.0,8.0]},"faces":{"east":{"uv":[9.625,6.375,12.25,6.625],"rotation":0,"texture":"#1","tintindex":0},"south":{"uv":[9.625,6.625,12.25,6.875],"rotation":0,"texture":"#1","tintindex":0},"north":{"uv":[9.625,3.5,12.25,3.75],"rotation":0,"texture":"#1","tintindex":0},"west":{"uv":[9.625,6.875,12.25,7.125],"rotation":0,"texture":"#1","tintindex":0},"up":{"uv":[2.625,2.625,0.0,0.0],"rotation":0,"texture":"#1","tintindex":0},"down":{"uv":[2.625,2.625,0.0,5.25],"rotation":0,"texture":"#1","tintindex":0}}},{"from":[0.0,9.142858,16.0],"to":[20.0,14.857143,20.0],"rotation":{"angle":0.0,"axis":"y","origin":[8.0,8.0,8.0]},"faces":{"east":{"uv":[7.875,6.75,8.75,8.0],"rotation":0,"texture":"#1","tintindex":0},"south":{"uv":[2.625,1.25,7.0,2.5],"rotation":0,"texture":"#1","tintindex":0},"north":{"uv":[2.625,0.0,7.0,1.25],"rotation":0,"texture":"#1","tintindex":0},"west":{"uv":[4.0,8.0,4.875,9.25],"rotation":0,"texture":"#1","tintindex":0},"up":{"uv":[7.0,5.875,2.625,5.0],"rotation":0,"texture":"#1","tintindex":0},"down":{"uv":[4.375,5.875,0.0,6.75],"rotation":0,"texture":"#1","tintindex":0}}},{"from":[0.0,9.142858,0.0],"to":[20.0,14.857143,4.0],"rotation":{"angle":0.0,"axis":"y","origin":[8.0,8.0,8.0]},"faces":{"east":{"uv":[4.875,8.0,5.75,9.25],"rotation":0,"texture":"#1","tintindex":0},"south":{"uv":[2.625,3.75,7.0,5.0],"rotation":0,"texture":"#1","tintindex":0},"north":{"uv":[2.625,2.5,7.0,3.75],"rotation":0,"texture":"#1","tintindex":0},"west":{"uv":[5.75,8.0,6.625,9.25],"rotation":0,"texture":"#1","tintindex":0},"up":{"uv":[8.75,6.75,4.375,5.875],"rotation":0,"texture":"#1","tintindex":0},"down":{"uv":[4.375,6.75,0.0,7.625],"rotation":0,"texture":"#1","tintindex":0}}},{"from":[16.0,9.142858,4.0],"to":[20.0,14.857143,16.0],"rotation":{"angle":0.0,"axis":"y","origin":[8.0,8.0,8.0]},"faces":{"east":{"uv":[4.375,6.75,7.0,8.0],"rotation":0,"texture":"#1","tintindex":0},"south":{"uv":[8.375,3.75,9.25,5.0],"rotation":0,"texture":"#1","tintindex":0},"north":{"uv":[7.875,8.0,8.75,9.25],"rotation":0,"texture":"#1","tintindex":0},"west":{"uv":[7.0,0.0,9.625,1.25],"rotation":0,"texture":"#1","tintindex":0},"up":{"uv":[7.875,9.375,7.0,6.75],"rotation":0,"texture":"#1","tintindex":0},"down":{"uv":[0.875,7.625,0.0,10.25],"rotation":0,"texture":"#1","tintindex":0}}},{"from":[0.0,9.142858,4.0],"to":[4.0,14.857143,16.0],"rotation":{"angle":0.0,"axis":"y","origin":[8.0,8.0,8.0]},"faces":{"east":{"uv":[7.0,1.25,9.625,2.5],"rotation":0,"texture":"#1","tintindex":0},"south":{"uv":[8.75,6.25,9.625,7.5],"rotation":0,"texture":"#1","tintindex":0},"north":{"uv":[8.75,5.0,9.625,6.25],"rotation":0,"texture":"#1","tintindex":0},"west":{"uv":[7.0,2.5,9.625,3.75],"rotation":0,"texture":"#1","tintindex":0},"up":{"uv":[1.75,10.25,0.875,7.625],"rotation":0,"texture":"#1","tintindex":0},"down":{"uv":[2.625,7.625,1.75,10.25],"rotation":0,"texture":"#1","tintindex":0}}},{"from":[0.5714283,14.857143,16.57143],"to":[3.4285712,16.0,19.428572],"rotation":{"angle":0.0,"axis":"y","origin":[1.9999995,15.428572,1.9999995]},"faces":{"east":{"uv":[10.5,1.875,11.125,2.125],"rotation":0,"texture":"#1","tintindex":0},"south":{"uv":[10.5,2.125,11.125,2.375],"rotation":0,"texture":"#1","tintindex":0},"north":{"uv":[1.75,10.5,2.375,10.75],"rotation":0,"texture":"#1","tintindex":0},"west":{"uv":[10.5,2.375,11.125,2.625],"rotation":0,"texture":"#1","tintindex":0},"up":{"uv":[10.25,9.875,9.625,9.25],"rotation":0,"texture":"#1","tintindex":0},"down":{"uv":[3.25,9.75,2.625,10.375],"rotation":0,"texture":"#1","tintindex":0}}}],"display":{"head":{"translation":[0.0,-6.4,0.0],"scale":[4.0,4.0,4.0]}}}