{"textures":{"1":"minecraft:modelengine/entity/ovni_3"},"elements":[{"from":[7.428571,10.085222,4.3981137],"to":[8.571428,11.228079,5.540971],"rotation":{"angle":0.0,"axis":"y","origin":[5.714286,3.2857141,13.714286]},"faces":{"east":{"uv":[9.25,4.625,9.5,4.875],"rotation":0,"texture":"#1","tintindex":0},"south":{"uv":[3.25,9.75,3.5,10.0],"rotation":0,"texture":"#1","tintindex":0},"north":{"uv":[4.0,7.625,4.25,7.875],"rotation":0,"texture":"#1","tintindex":0},"west":{"uv":[2.375,10.5,2.625,10.75],"rotation":0,"texture":"#1","tintindex":0},"up":{"uv":[10.75,2.875,10.5,2.625],"rotation":0,"texture":"#1","tintindex":0},"down":{"uv":[10.75,2.875,10.5,3.125],"rotation":0,"texture":"#1","tintindex":0}}},{"from":[7.714286,7.228079,4.683828],"to":[8.285714,10.085222,5.2552567],"rotation":{"angle":0.0,"axis":"y","origin":[6.0,3.2857141,14.0]},"faces":{"east":{"uv":[2.375,5.25,2.5,5.875],"rotation":0,"texture":"#1","tintindex":0},"south":{"uv":[2.5,5.25,2.625,5.875],"rotation":0,"texture":"#1","tintindex":0},"north":{"uv":[2.25,5.25,2.375,5.875],"rotation":0,"texture":"#1","tintindex":0},"west":{"uv":[6.625,8.0,6.75,8.625],"rotation":0,"texture":"#1","tintindex":0},"up":{"uv":[4.375,7.75,4.25,7.625],"rotation":0,"texture":"#1","tintindex":0},"down":{"uv":[4.375,7.75,4.25,7.875],"rotation":0,"texture":"#1","tintindex":0}}}],"display":{"head":{"translation":[0.0,-6.4,0.0],"scale":[4.0,4.0,4.0]}}}