{"textures":{"3":"minecraft:modelengine/entity/ovni_extras"},"elements":[{"from":[2.8520918,11.428572,3.4689264],"to":[3.9949493,12.571428,12.611784],"rotation":{"angle":0.0,"axis":"y","origin":[7.9949493,12.0,8.040355]},"faces":{"east":{"uv":[5.25,4.25,7.25,4.5],"rotation":0,"texture":"#3","tintindex":0},"south":{"uv":[0.0,7.25,0.25,7.5],"rotation":0,"texture":"#3","tintindex":0},"north":{"uv":[7.125,7.0,7.375,7.25],"rotation":0,"texture":"#3","tintindex":0},"west":{"uv":[5.25,4.5,7.25,4.75],"rotation":0,"texture":"#3","tintindex":0},"up":{"uv":[2.625,6.75,2.375,4.75],"rotation":0,"texture":"#3","tintindex":0},"down":{"uv":[5.5,4.75,5.25,6.75],"rotation":0,"texture":"#3","tintindex":0}}},{"from":[11.994949,11.428572,3.4689264],"to":[13.137807,12.571428,12.611784],"rotation":{"angle":0.0,"axis":"y","origin":[7.9949493,12.0,8.040355]},"faces":{"east":{"uv":[5.5,4.75,7.5,5.0],"rotation":0,"texture":"#3","tintindex":0},"south":{"uv":[0.5,7.25,0.75,7.5],"rotation":0,"texture":"#3","tintindex":0},"north":{"uv":[0.25,7.25,0.5,7.5],"rotation":0,"texture":"#3","tintindex":0},"west":{"uv":[5.5,5.0,7.5,5.25],"rotation":0,"texture":"#3","tintindex":0},"up":{"uv":[5.75,7.25,5.5,5.25],"rotation":0,"texture":"#3","tintindex":0},"down":{"uv":[6.0,5.25,5.75,7.25],"rotation":0,"texture":"#3","tintindex":0}}},{"from":[3.9949493,11.428572,3.4689264],"to":[11.994949,12.571428,4.6117835],"rotation":{"angle":0.0,"axis":"y","origin":[9.137806,12.0,11.468926]},"faces":{"east":{"uv":[1.375,7.25,1.625,7.5],"rotation":0,"texture":"#3","tintindex":0},"south":{"uv":[6.0,5.5,7.75,5.75],"rotation":0,"texture":"#3","tintindex":0},"north":{"uv":[6.0,5.25,7.75,5.5],"rotation":0,"texture":"#3","tintindex":0},"west":{"uv":[1.625,7.25,1.875,7.5],"rotation":0,"texture":"#3","tintindex":0},"up":{"uv":[7.75,6.0,6.0,5.75],"rotation":0,"texture":"#3","tintindex":0},"down":{"uv":[7.75,6.0,6.0,6.25],"rotation":0,"texture":"#3","tintindex":0}}},{"from":[3.9949493,11.428572,11.468926],"to":[11.994949,12.571428,12.611784],"rotation":{"angle":0.0,"axis":"y","origin":[9.137806,12.0,11.468926]},"faces":{"east":{"uv":[1.875,7.25,2.125,7.5],"rotation":0,"texture":"#3","tintindex":0},"south":{"uv":[2.625,6.375,4.375,6.625],"rotation":0,"texture":"#3","tintindex":0},"north":{"uv":[6.0,6.25,7.75,6.5],"rotation":0,"texture":"#3","tintindex":0},"west":{"uv":[2.125,7.25,2.375,7.5],"rotation":0,"texture":"#3","tintindex":0},"up":{"uv":[7.75,6.75,6.0,6.5],"rotation":0,"texture":"#3","tintindex":0},"down":{"uv":[8.375,0.0,6.625,0.25],"rotation":0,"texture":"#3","tintindex":0}}}],"display":{"head":{"translation":[0.0,-6.4,0.0],"scale":[4.0,4.0,4.0]}}}