{"textures":{"3":"minecraft:modelengine/entity/ovni_extras"},"elements":[{"from":[1.9999995,24.57143,1.9999995],"to":[14.0,24.57143,14.0],"rotation":{"angle":0.0,"axis":"y","origin":[8.0,19.714287,8.0]},"faces":{"up":{"uv":[2.625,2.625,0.0,0.0],"rotation":0,"texture":"#3","tintindex":0}}},{"from":[1.9999995,14.857143,1.9999995],"to":[14.0,24.57143,1.9999995],"rotation":{"angle":0.0,"axis":"y","origin":[8.0,19.714287,8.0]},"faces":{"north":{"uv":[0.0,2.625,2.625,4.75],"rotation":0,"texture":"#3","tintindex":0}}},{"from":[1.9999995,14.857143,14.0],"to":[14.0,24.57143,14.0],"rotation":{"angle":0.0,"axis":"y","origin":[8.0,19.714287,8.0]},"faces":{"south":{"uv":[2.625,0.0,5.25,2.125],"rotation":0,"texture":"#3","tintindex":0}}},{"from":[14.0,14.857143,1.9999995],"to":[14.0,24.57143,14.0],"rotation":{"angle":0.0,"axis":"y","origin":[8.0,19.714287,8.0]},"faces":{"east":{"uv":[2.625,2.125,5.25,4.25],"rotation":0,"texture":"#3","tintindex":0}}},{"from":[1.9999995,14.857143,1.9999995],"to":[1.9999995,24.57143,14.0],"rotation":{"angle":0.0,"axis":"y","origin":[8.0,19.714287,8.0]},"faces":{"west":{"uv":[2.625,4.25,5.25,6.375],"rotation":0,"texture":"#3","tintindex":0}}}],"display":{"head":{"translation":[0.0,-6.4,0.0],"scale":[4.0,4.0,4.0]}}}