{"textures":{"0":"minecraft:modelengine/entity/mortar_tier3"},"elements":[{"from":[5.2062855,7.5621715,12.172374],"to":[10.7996235,18.723543,14.758888],"rotation":{"angle":22.5,"axis":"y","origin":[8.0,-0.98457146,8.0]},"faces":{"east":{"uv":[2.25,6.0,2.5,7.0],"rotation":0,"texture":"#0","tintindex":0},"south":{"uv":[0.0,3.875,0.5,4.875],"rotation":0,"texture":"#0","tintindex":0},"north":{"uv":[3.75,3.5,4.25,4.5],"rotation":0,"texture":"#0","tintindex":0},"west":{"uv":[6.125,4.0,6.375,5.0],"rotation":0,"texture":"#0","tintindex":0},"up":{"uv":[8.125,4.5,7.625,4.25],"rotation":0,"texture":"#0","tintindex":0},"down":{"uv":[8.125,4.5,7.625,4.75],"rotation":0,"texture":"#0","tintindex":0}}},{"from":[5.2062855,7.5621715,1.2411122],"to":[10.7996235,18.723543,3.8276262],"rotation":{"angle":-22.5,"axis":"y","origin":[8.0,-0.98457146,8.0]},"faces":{"east":{"uv":[6.125,5.0,6.375,6.0],"rotation":0,"texture":"#0","tintindex":0},"south":{"uv":[4.0,0.0,4.5,1.0],"rotation":0,"texture":"#0","tintindex":0},"north":{"uv":[0.5,3.875,1.0,4.875],"rotation":0,"texture":"#0","tintindex":0},"west":{"uv":[5.375,6.125,5.625,7.125],"rotation":0,"texture":"#0","tintindex":0},"up":{"uv":[8.125,5.0,7.625,4.75],"rotation":0,"texture":"#0","tintindex":0},"down":{"uv":[8.125,5.0,7.625,5.25],"rotation":0,"texture":"#0","tintindex":0}}},{"from":[12.172374,7.5621715,5.200377],"to":[14.758888,18.723543,10.793715],"rotation":{"angle":22.5,"axis":"y","origin":[8.0,-0.98457146,8.0]},"faces":{"east":{"uv":[3.25,4.5,3.75,5.5],"rotation":0,"texture":"#0","tintindex":0},"south":{"uv":[2.5,6.375,2.75,7.375],"rotation":0,"texture":"#0","tintindex":0},"north":{"uv":[1.5,6.375,1.75,7.375],"rotation":0,"texture":"#0","tintindex":0},"west":{"uv":[3.75,4.5,4.25,5.5],"rotation":0,"texture":"#0","tintindex":0},"up":{"uv":[8.0,4.0,7.75,3.5],"rotation":0,"texture":"#0","tintindex":0},"down":{"uv":[5.125,7.75,4.875,8.25],"rotation":0,"texture":"#0","tintindex":0}}},{"from":[12.172374,7.5621715,5.2062855],"to":[14.758888,18.723543,10.7996235],"rotation":{"angle":-22.5,"axis":"y","origin":[8.0,-0.98457146,8.0]},"faces":{"east":{"uv":[4.75,2.0,5.25,3.0],"rotation":0,"texture":"#0","tintindex":0},"south":{"uv":[2.75,6.375,3.0,7.375],"rotation":0,"texture":"#0","tintindex":0},"north":{"uv":[6.375,2.5,6.625,3.5],"rotation":0,"texture":"#0","tintindex":0},"west":{"uv":[4.75,3.0,5.25,4.0],"rotation":0,"texture":"#0","tintindex":0},"up":{"uv":[8.0,5.75,7.75,5.25],"rotation":0,"texture":"#0","tintindex":0},"down":{"uv":[8.0,5.75,7.75,6.25],"rotation":0,"texture":"#0","tintindex":0}}},{"from":[1.2411122,7.5621715,5.2062855],"to":[3.8276262,18.723543,10.7996235],"rotation":{"angle":22.5,"axis":"y","origin":[8.0,-0.98457146,8.0]},"faces":{"east":{"uv":[5.25,3.0,4.75,4.0],"rotation":0,"texture":"#0","tintindex":0},"south":{"uv":[3.0,6.375,2.75,7.375],"rotation":0,"texture":"#0","tintindex":0},"north":{"uv":[6.625,2.5,6.375,3.5],"rotation":0,"texture":"#0","tintindex":0},"west":{"uv":[5.25,2.0,4.75,3.0],"rotation":0,"texture":"#0","tintindex":0},"up":{"uv":[7.75,5.75,8.0,5.25],"rotation":0,"texture":"#0","tintindex":0},"down":{"uv":[7.75,5.75,8.0,6.25],"rotation":0,"texture":"#0","tintindex":0}}},{"from":[1.2411122,7.5621715,5.200377],"to":[3.8276262,18.723543,10.793715],"rotation":{"angle":-22.5,"axis":"y","origin":[8.0,-0.98457146,8.0]},"faces":{"east":{"uv":[4.25,4.5,3.75,5.5],"rotation":0,"texture":"#0","tintindex":0},"south":{"uv":[2.75,6.375,2.5,7.375],"rotation":0,"texture":"#0","tintindex":0},"north":{"uv":[1.75,6.375,1.5,7.375],"rotation":0,"texture":"#0","tintindex":0},"west":{"uv":[3.75,4.5,3.25,5.5],"rotation":0,"texture":"#0","tintindex":0},"up":{"uv":[7.75,4.0,8.0,3.5],"rotation":0,"texture":"#0","tintindex":0},"down":{"uv":[4.875,7.75,5.125,8.25],"rotation":0,"texture":"#0","tintindex":0}}},{"from":[5.200377,7.5621715,1.2411122],"to":[10.793715,18.723543,3.8276262],"rotation":{"angle":22.5,"axis":"y","origin":[8.0,-0.98457146,8.0]},"faces":{"east":{"uv":[5.625,6.125,5.375,7.125],"rotation":0,"texture":"#0","tintindex":0},"south":{"uv":[4.5,0.0,4.0,1.0],"rotation":0,"texture":"#0","tintindex":0},"north":{"uv":[1.0,3.875,0.5,4.875],"rotation":0,"texture":"#0","tintindex":0},"west":{"uv":[6.375,5.0,6.125,6.0],"rotation":0,"texture":"#0","tintindex":0},"up":{"uv":[7.625,5.0,8.125,4.75],"rotation":0,"texture":"#0","tintindex":0},"down":{"uv":[7.625,5.0,8.125,5.25],"rotation":0,"texture":"#0","tintindex":0}}},{"from":[5.200377,7.5621715,12.172374],"to":[10.793715,18.723543,14.758888],"rotation":{"angle":-22.5,"axis":"y","origin":[8.0,-0.98457146,8.0]},"faces":{"east":{"uv":[6.375,4.0,6.125,5.0],"rotation":0,"texture":"#0","tintindex":0},"south":{"uv":[0.5,3.875,0.0,4.875],"rotation":0,"texture":"#0","tintindex":0},"north":{"uv":[4.25,3.5,3.75,4.5],"rotation":0,"texture":"#0","tintindex":0},"west":{"uv":[2.5,6.0,2.25,7.0],"rotation":0,"texture":"#0","tintindex":0},"up":{"uv":[7.625,4.5,8.125,4.25],"rotation":0,"texture":"#0","tintindex":0},"down":{"uv":[7.625,4.5,8.125,4.75],"rotation":0,"texture":"#0","tintindex":0}}},{"from":[5.0666,12.087366,12.380992],"to":[10.939604,16.949663,15.096832],"rotation":{"angle":22.5,"axis":"y","origin":[8.0,-1.4581432,8.0]},"faces":{"east":{"uv":[2.25,6.0,2.5,7.0],"rotation":0,"texture":"#0","tintindex":0},"south":{"uv":[0.0,10.5,0.5,11.0],"rotation":0,"texture":"#0","tintindex":0},"north":{"uv":[3.75,3.5,4.25,4.5],"rotation":0,"texture":"#0","tintindex":0},"west":{"uv":[6.125,4.0,6.375,5.0],"rotation":0,"texture":"#0","tintindex":0},"up":{"uv":[10.5625,5.0625,10.0625,4.8125],"rotation":0,"texture":"#0","tintindex":0},"down":{"uv":[10.4375,8.375,9.9375,8.625],"rotation":0,"texture":"#0","tintindex":0}}},{"from":[5.0666,12.087366,0.9031677],"to":[10.939604,16.949663,3.619008],"rotation":{"angle":-22.5,"axis":"y","origin":[8.0,-1.4581432,8.0]},"faces":{"east":{"uv":[6.125,5.0,6.375,6.0],"rotation":0,"texture":"#0","tintindex":0},"south":{"uv":[4.0,0.0,4.5,1.0],"rotation":0,"texture":"#0","tintindex":0},"north":{"uv":[6.875,14.1875,7.375,14.6875],"rotation":0,"texture":"#0","tintindex":0},"west":{"uv":[5.375,6.125,5.625,7.125],"rotation":0,"texture":"#0","tintindex":0},"up":{"uv":[10.5625,4.4375,10.0625,4.1875],"rotation":0,"texture":"#0","tintindex":0},"down":{"uv":[10.5625,8.3125,10.0625,8.5625],"rotation":0,"texture":"#0","tintindex":0}}},{"from":[12.380992,12.087366,5.0603957],"to":[15.096832,16.949663,10.9334],"rotation":{"angle":22.5,"axis":"y","origin":[8.0,-1.4581432,8.0]},"faces":{"east":{"uv":[0.0,15.5,0.5,16.0],"rotation":0,"texture":"#0","tintindex":0},"south":{"uv":[2.5,6.375,2.75,7.375],"rotation":0,"texture":"#0","tintindex":0},"north":{"uv":[1.5,6.375,1.75,7.375],"rotation":0,"texture":"#0","tintindex":0},"west":{"uv":[3.75,4.5,4.25,5.5],"rotation":0,"texture":"#0","tintindex":0},"up":{"uv":[10.3125,5.4375,10.0625,4.9375],"rotation":0,"texture":"#0","tintindex":0},"down":{"uv":[10.4375,8.25,10.1875,8.75],"rotation":0,"texture":"#0","tintindex":0}}},{"from":[12.380992,12.087366,5.0666],"to":[15.096832,16.949663,10.939604],"rotation":{"angle":-22.5,"axis":"y","origin":[8.0,-1.4581432,8.0]},"faces":{"east":{"uv":[3.5625,15.5,4.0625,16.0],"rotation":0,"texture":"#0","tintindex":0},"south":{"uv":[2.75,6.375,3.0,7.375],"rotation":0,"texture":"#0","tintindex":0},"north":{"uv":[6.375,2.5,6.625,3.5],"rotation":0,"texture":"#0","tintindex":0},"west":{"uv":[4.75,3.0,5.25,4.0],"rotation":0,"texture":"#0","tintindex":0},"up":{"uv":[10.0,5.375,9.75,4.875],"rotation":0,"texture":"#0","tintindex":0},"down":{"uv":[10.3125,8.25,10.0625,8.75],"rotation":0,"texture":"#0","tintindex":0}}},{"from":[0.9031677,12.087366,5.0666],"to":[3.619008,16.949663,10.939604],"rotation":{"angle":22.5,"axis":"y","origin":[8.0,-1.4581432,8.0]},"faces":{"east":{"uv":[5.25,3.0,4.75,4.0],"rotation":0,"texture":"#0","tintindex":0},"south":{"uv":[3.0,6.375,2.75,7.375],"rotation":0,"texture":"#0","tintindex":0},"north":{"uv":[6.625,2.5,6.375,3.5],"rotation":0,"texture":"#0","tintindex":0},"west":{"uv":[4.25,10.625,3.75,11.125],"rotation":0,"texture":"#0","tintindex":0},"up":{"uv":[10.0625,4.875,10.3125,4.375],"rotation":0,"texture":"#0","tintindex":0},"down":{"uv":[9.9375,7.6875,10.1875,8.1875],"rotation":0,"texture":"#0","tintindex":0}}},{"from":[0.9031677,12.087366,5.0603957],"to":[3.619008,16.949663,10.9334],"rotation":{"angle":-22.5,"axis":"y","origin":[8.0,-1.4581432,8.0]},"faces":{"east":{"uv":[4.25,4.5,3.75,5.5],"rotation":0,"texture":"#0","tintindex":0},"south":{"uv":[2.75,6.375,2.5,7.375],"rotation":0,"texture":"#0","tintindex":0},"north":{"uv":[1.75,6.375,1.5,7.375],"rotation":0,"texture":"#0","tintindex":0},"west":{"uv":[0.5,14.0,0.0,14.5],"rotation":0,"texture":"#0","tintindex":0},"up":{"uv":[9.875,4.3125,10.125,3.8125],"rotation":0,"texture":"#0","tintindex":0},"down":{"uv":[10.1875,8.0,10.4375,8.5],"rotation":0,"texture":"#0","tintindex":0}}},{"from":[5.0603957,12.087366,0.9031677],"to":[10.9334,16.949663,3.619008],"rotation":{"angle":22.5,"axis":"y","origin":[8.0,-1.4581432,8.0]},"faces":{"east":{"uv":[5.625,6.125,5.375,7.125],"rotation":0,"texture":"#0","tintindex":0},"south":{"uv":[4.5,0.0,4.0,1.0],"rotation":0,"texture":"#0","tintindex":0},"north":{"uv":[2.8125,13.875,2.3125,14.375],"rotation":0,"texture":"#0","tintindex":0},"west":{"uv":[6.375,5.0,6.125,6.0],"rotation":0,"texture":"#0","tintindex":0},"up":{"uv":[9.75,5.0625,10.25,4.8125],"rotation":0,"texture":"#0","tintindex":0},"down":{"uv":[10.125,8.375,10.625,8.625],"rotation":0,"texture":"#0","tintindex":0}}},{"from":[5.0603957,12.087366,12.380992],"to":[10.9334,16.949663,15.096832],"rotation":{"angle":-22.5,"axis":"y","origin":[8.0,-1.4581432,8.0]},"faces":{"east":{"uv":[6.375,4.0,6.125,5.0],"rotation":0,"texture":"#0","tintindex":0},"south":{"uv":[1.75,11.25,1.25,11.75],"rotation":0,"texture":"#0","tintindex":0},"north":{"uv":[4.25,3.5,3.75,4.5],"rotation":0,"texture":"#0","tintindex":0},"west":{"uv":[2.5,6.0,2.25,7.0],"rotation":0,"texture":"#0","tintindex":0},"up":{"uv":[10.125,5.0,10.625,4.75],"rotation":0,"texture":"#0","tintindex":0},"down":{"uv":[9.75,8.25,10.25,8.5],"rotation":0,"texture":"#0","tintindex":0}}}],"display":{"head":{"translation":[0.0,-6.4,0.0],"scale":[4.0,4.0,4.0]}}}