{"textures":{"0":"minecraft:modelengine/entity/mortar_tier3"},"elements":[{"from":[4.963354,6.9960537,0.6533828],"to":[11.043069,16.836056,3.4648113],"rotation":{"angle":-22.5,"axis":"y","origin":[8.0,7.980054,8.0]},"faces":{"east":{"uv":[6.5,0.0,6.75,0.875],"rotation":0,"texture":"#0","tintindex":0},"south":{"uv":[4.25,4.875,4.8125,5.75],"rotation":0,"texture":"#0","tintindex":0},"north":{"uv":[0.625,4.875,1.1875,5.75],"rotation":0,"texture":"#0","tintindex":0},"west":{"uv":[4.25,6.5,4.5,7.375],"rotation":0,"texture":"#0","tintindex":0},"up":{"uv":[7.4375,7.5,6.875,7.25],"rotation":0,"texture":"#0","tintindex":0},"down":{"uv":[7.9375,0.75,7.375,1.0],"rotation":0,"texture":"#0","tintindex":0}}},{"from":[4.963354,6.9960537,12.535189],"to":[11.043069,16.836056,15.346617],"rotation":{"angle":22.5,"axis":"y","origin":[8.0,7.980054,8.0]},"faces":{"east":{"uv":[4.5,6.5,4.75,7.375],"rotation":0,"texture":"#0","tintindex":0},"south":{"uv":[5.0,0.0,5.5625,0.875],"rotation":0,"texture":"#0","tintindex":0},"north":{"uv":[4.875,4.875,5.4375,5.75],"rotation":0,"texture":"#0","tintindex":0},"west":{"uv":[4.75,6.5,5.0,7.375],"rotation":0,"texture":"#0","tintindex":0},"up":{"uv":[7.9375,1.25,7.375,1.0],"rotation":0,"texture":"#0","tintindex":0},"down":{"uv":[7.9375,1.75,7.375,2.0],"rotation":0,"texture":"#0","tintindex":0}}},{"from":[12.535189,6.9960537,4.956931],"to":[15.346617,16.836056,11.036646],"rotation":{"angle":22.5,"axis":"y","origin":[8.0,7.980054,8.0]},"faces":{"east":{"uv":[2.5,5.5,3.0625,6.375],"rotation":0,"texture":"#0","tintindex":0},"south":{"uv":[2.0,6.75,2.25,7.625],"rotation":0,"texture":"#0","tintindex":0},"north":{"uv":[1.75,6.75,2.0,7.625],"rotation":0,"texture":"#0","tintindex":0},"west":{"uv":[3.125,5.5,3.6875,6.375],"rotation":0,"texture":"#0","tintindex":0},"up":{"uv":[1.75,7.9375,1.5,7.375],"rotation":0,"texture":"#0","tintindex":0},"down":{"uv":[4.375,7.375,4.125,7.9375],"rotation":0,"texture":"#0","tintindex":0}}},{"from":[12.535189,6.9960537,4.963354],"to":[15.346617,16.836056,11.043069],"rotation":{"angle":-22.5,"axis":"y","origin":[8.0,7.980054,8.0]},"faces":{"east":{"uv":[5.5,4.375,6.0625,5.25],"rotation":0,"texture":"#0","tintindex":0},"south":{"uv":[3.0,6.875,3.25,7.75],"rotation":0,"texture":"#0","tintindex":0},"north":{"uv":[6.875,2.5,7.125,3.375],"rotation":0,"texture":"#0","tintindex":0},"west":{"uv":[5.5,5.25,6.0625,6.125],"rotation":0,"texture":"#0","tintindex":0},"up":{"uv":[4.625,7.9375,4.375,7.375],"rotation":0,"texture":"#0","tintindex":0},"down":{"uv":[4.875,7.375,4.625,7.9375],"rotation":0,"texture":"#0","tintindex":0}}},{"from":[11.990966,4.7750254,5.3277516],"to":[14.465023,7.670797,10.6779],"rotation":{"angle":-22.5,"axis":"y","origin":[8.0,7.980054,8.0]},"faces":{"east":{"uv":[7.75,1.5,8.25,1.75],"rotation":0,"texture":"#0","tintindex":0},"south":{"uv":[8.625,8.625,8.875,8.875],"rotation":0,"texture":"#0","tintindex":0},"north":{"uv":[8.625,8.375,8.875,8.625],"rotation":0,"texture":"#0","tintindex":0},"west":{"uv":[7.75,4.0,8.25,4.25],"rotation":0,"texture":"#0","tintindex":0},"up":{"uv":[8.0,7.25,7.75,6.75],"rotation":0,"texture":"#0","tintindex":0},"down":{"uv":[7.875,7.75,7.625,8.25],"rotation":0,"texture":"#0","tintindex":0}}},{"from":[11.990966,4.7750254,5.3220997],"to":[14.465023,7.670797,10.672249],"rotation":{"angle":22.5,"axis":"y","origin":[8.0,7.980054,8.0]},"faces":{"east":{"uv":[7.75,7.25,8.25,7.5],"rotation":0,"texture":"#0","tintindex":0},"south":{"uv":[8.75,0.25,9.0,0.5],"rotation":0,"texture":"#0","tintindex":0},"north":{"uv":[8.75,0.0,9.0,0.25],"rotation":0,"texture":"#0","tintindex":0},"west":{"uv":[7.875,0.0,8.375,0.25],"rotation":0,"texture":"#0","tintindex":0},"up":{"uv":[8.125,0.75,7.875,0.25],"rotation":0,"texture":"#0","tintindex":0},"down":{"uv":[0.875,7.875,0.625,8.375],"rotation":0,"texture":"#0","tintindex":0}}},{"from":[5.3277516,4.7750254,11.990966],"to":[10.6779,7.670797,14.465023],"rotation":{"angle":22.5,"axis":"y","origin":[8.0,7.980054,8.0]},"faces":{"east":{"uv":[3.0,8.75,3.25,9.0],"rotation":0,"texture":"#0","tintindex":0},"south":{"uv":[8.0,2.5,8.5,2.75],"rotation":0,"texture":"#0","tintindex":0},"north":{"uv":[8.0,2.0,8.5,2.25],"rotation":0,"texture":"#0","tintindex":0},"west":{"uv":[3.5,8.75,3.75,9.0],"rotation":0,"texture":"#0","tintindex":0},"up":{"uv":[8.5,3.0,8.0,2.75],"rotation":0,"texture":"#0","tintindex":0},"down":{"uv":[8.5,3.0,8.0,3.25],"rotation":0,"texture":"#0","tintindex":0}}},{"from":[5.3277516,4.7750254,1.5349765],"to":[10.6779,7.670797,4.009034],"rotation":{"angle":-22.5,"axis":"y","origin":[8.0,7.980054,8.0]},"faces":{"east":{"uv":[4.0,8.75,4.25,9.0],"rotation":0,"texture":"#0","tintindex":0},"south":{"uv":[8.0,3.5,8.5,3.75],"rotation":0,"texture":"#0","tintindex":0},"north":{"uv":[8.0,3.25,8.5,3.5],"rotation":0,"texture":"#0","tintindex":0},"west":{"uv":[4.25,8.75,4.5,9.0],"rotation":0,"texture":"#0","tintindex":0},"up":{"uv":[8.5,4.0,8.0,3.75],"rotation":0,"texture":"#0","tintindex":0},"down":{"uv":[4.625,8.0,4.125,8.25],"rotation":0,"texture":"#0","tintindex":0}}},{"from":[5.188571,4.5360537,0.33885717],"to":[10.811429,8.190911,8.492],"rotation":{"angle":0.0,"axis":"y","origin":[8.0,7.980054,8.0]},"faces":{"east":{"uv":[6.375,4.0,7.125,4.3125],"rotation":0,"texture":"#0","tintindex":0},"south":{"uv":[7.125,4.625,7.625,4.9375],"rotation":0,"texture":"#0","tintindex":0},"north":{"uv":[7.125,4.25,7.625,4.5625],"rotation":0,"texture":"#0","tintindex":0},"west":{"uv":[6.375,4.375,7.125,4.6875],"rotation":0,"texture":"#0","tintindex":0},"up":{"uv":[4.5,1.75,4.0,1.0],"rotation":0,"texture":"#0","tintindex":0},"down":{"uv":[4.25,5.5,3.75,6.25],"rotation":0,"texture":"#0","tintindex":0}}},{"from":[6.2257996,4.5711966,-0.15386009],"to":[8.334372,8.155768,6.6638546],"rotation":{"angle":22.5,"axis":"y","origin":[8.0,7.980054,8.0]},"faces":{"east":{"uv":[6.875,6.5,7.5,6.8125],"rotation":0,"texture":"#0","tintindex":0},"south":{"uv":[8.75,7.875,8.9375,8.1875],"rotation":0,"texture":"#0","tintindex":0},"north":{"uv":[7.75,8.75,7.9375,9.0625],"rotation":0,"texture":"#0","tintindex":0},"west":{"uv":[6.875,6.875,7.5,7.1875],"rotation":0,"texture":"#0","tintindex":0},"up":{"uv":[4.8125,8.625,4.625,8.0],"rotation":0,"texture":"#0","tintindex":0},"down":{"uv":[2.1875,8.125,2.0,8.75],"rotation":0,"texture":"#0","tintindex":0}}},{"from":[7.665629,4.5711966,-0.15386009],"to":[9.7742,8.155768,6.6638546],"rotation":{"angle":-22.5,"axis":"y","origin":[8.0,7.980054,8.0]},"faces":{"east":{"uv":[7.0,0.0,7.625,0.3125],"rotation":0,"texture":"#0","tintindex":0},"south":{"uv":[0.75,8.875,0.9375,9.1875],"rotation":0,"texture":"#0","tintindex":0},"north":{"uv":[0.5,8.875,0.6875,9.1875],"rotation":0,"texture":"#0","tintindex":0},"west":{"uv":[7.0,0.375,7.625,0.6875],"rotation":0,"texture":"#0","tintindex":0},"up":{"uv":[2.4375,8.75,2.25,8.125],"rotation":0,"texture":"#0","tintindex":0},"down":{"uv":[2.6875,8.125,2.5,8.75],"rotation":0,"texture":"#0","tintindex":0}}},{"from":[5.188571,4.5360537,7.508],"to":[10.811429,8.190911,15.661142],"rotation":{"angle":0.0,"axis":"y","origin":[8.0,7.980054,8.0]},"faces":{"east":{"uv":[6.375,4.75,7.125,5.0625],"rotation":0,"texture":"#0","tintindex":0},"south":{"uv":[5.25,7.125,5.75,7.4375],"rotation":0,"texture":"#0","tintindex":0},"north":{"uv":[7.125,5.0,7.625,5.3125],"rotation":0,"texture":"#0","tintindex":0},"west":{"uv":[6.375,5.125,7.125,5.4375],"rotation":0,"texture":"#0","tintindex":0},"up":{"uv":[6.125,0.75,5.625,0.0],"rotation":0,"texture":"#0","tintindex":0},"down":{"uv":[6.125,0.75,5.625,1.5],"rotation":0,"texture":"#0","tintindex":0}}},{"from":[7.665629,4.5711966,9.336145],"to":[9.7742,8.155768,16.15386],"rotation":{"angle":22.5,"axis":"y","origin":[8.0,7.980054,8.0]},"faces":{"east":{"uv":[7.125,1.375,7.75,1.6875],"rotation":0,"texture":"#0","tintindex":0},"south":{"uv":[3.25,8.875,3.4375,9.1875],"rotation":0,"texture":"#0","tintindex":0},"north":{"uv":[1.625,8.875,1.8125,9.1875],"rotation":0,"texture":"#0","tintindex":0},"west":{"uv":[7.125,2.5,7.75,2.8125],"rotation":0,"texture":"#0","tintindex":0},"up":{"uv":[2.9375,8.75,2.75,8.125],"rotation":0,"texture":"#0","tintindex":0},"down":{"uv":[8.3125,4.25,8.125,4.875],"rotation":0,"texture":"#0","tintindex":0}}},{"from":[6.2257996,4.5711966,9.336145],"to":[8.334372,8.155768,16.15386],"rotation":{"angle":-22.5,"axis":"y","origin":[8.0,7.980054,8.0]},"faces":{"east":{"uv":[7.125,2.875,7.75,3.1875],"rotation":0,"texture":"#0","tintindex":0},"south":{"uv":[8.875,4.0,9.0625,4.3125],"rotation":0,"texture":"#0","tintindex":0},"north":{"uv":[3.75,8.875,3.9375,9.1875],"rotation":0,"texture":"#0","tintindex":0},"west":{"uv":[7.125,3.875,7.75,4.1875],"rotation":0,"texture":"#0","tintindex":0},"up":{"uv":[6.1875,8.75,6.0,8.125],"rotation":0,"texture":"#0","tintindex":0},"down":{"uv":[8.3125,7.5,8.125,8.125],"rotation":0,"texture":"#0","tintindex":0}}},{"from":[7.0024767,5.317631,-0.33361053],"to":[9.139162,8.428477,1.7552814],"rotation":{"angle":22.5,"axis":"y","origin":[8.0,7.980054,8.0]},"faces":{"east":{"uv":[9.0,1.75,9.1875,2.0],"rotation":0,"texture":"#0","tintindex":0},"south":{"uv":[1.875,9.0,2.0625,9.25],"rotation":0,"texture":"#0","tintindex":0},"north":{"uv":[9.0,1.5,9.1875,1.75],"rotation":0,"texture":"#0","tintindex":0},"west":{"uv":[9.0,2.0,9.1875,2.25],"rotation":0,"texture":"#0","tintindex":0},"up":{"uv":[8.0625,9.3125,7.875,9.125],"rotation":0,"texture":"#0","tintindex":0},"down":{"uv":[8.3125,9.125,8.125,9.3125],"rotation":0,"texture":"#0","tintindex":0}}},{"from":[5.863314,5.2909226,-0.13519096],"to":[10.136686,8.455186,2.9686265],"rotation":{"angle":0.0,"axis":"y","origin":[8.0,7.980054,8.0]},"faces":{"east":{"uv":[8.5,5.5,8.75,5.8125],"rotation":0,"texture":"#0","tintindex":0},"south":{"uv":[8.125,0.25,8.5,0.5625],"rotation":0,"texture":"#0","tintindex":0},"north":{"uv":[8.0,6.75,8.375,6.99375],"rotation":0,"texture":"#0","tintindex":0},"west":{"uv":[8.5,8.0,8.75,8.3125],"rotation":0,"texture":"#0","tintindex":0},"up":{"uv":[4.25,3.5,3.875,3.25],"rotation":0,"texture":"#0","tintindex":0},"down":{"uv":[8.375,6.0,8.0,6.25],"rotation":0,"texture":"#0","tintindex":0}}},{"from":[6.8608375,5.317631,-0.33361053],"to":[8.997523,8.428477,1.7552814],"rotation":{"angle":-22.5,"axis":"y","origin":[8.0,7.980054,8.0]},"faces":{"east":{"uv":[9.0,2.25,9.1875,2.5],"rotation":0,"texture":"#0","tintindex":0},"south":{"uv":[2.375,9.0,2.5625,9.25],"rotation":0,"texture":"#0","tintindex":0},"north":{"uv":[2.125,9.0,2.3125,9.25],"rotation":0,"texture":"#0","tintindex":0},"west":{"uv":[9.0,2.5,9.1875,2.75],"rotation":0,"texture":"#0","tintindex":0},"up":{"uv":[9.3125,8.3125,9.125,8.125],"rotation":0,"texture":"#0","tintindex":0},"down":{"uv":[8.5625,9.125,8.375,9.3125],"rotation":0,"texture":"#0","tintindex":0}}},{"from":[6.8608375,5.317631,14.244719],"to":[8.997523,8.428477,16.33361],"rotation":{"angle":22.5,"axis":"y","origin":[8.0,7.980054,8.0]},"faces":{"east":{"uv":[9.0,2.75,9.1875,3.0],"rotation":0,"texture":"#0","tintindex":0},"south":{"uv":[2.875,9.0,3.0625,9.25],"rotation":0,"texture":"#0","tintindex":0},"north":{"uv":[2.625,9.0,2.8125,9.25],"rotation":0,"texture":"#0","tintindex":0},"west":{"uv":[9.0,3.0,9.1875,3.25],"rotation":0,"texture":"#0","tintindex":0},"up":{"uv":[9.3125,8.5625,9.125,8.375],"rotation":0,"texture":"#0","tintindex":0},"down":{"uv":[8.8125,9.125,8.625,9.3125],"rotation":0,"texture":"#0","tintindex":0}}},{"from":[7.0024767,5.317631,14.244719],"to":[9.139162,8.428477,16.33361],"rotation":{"angle":-22.5,"axis":"y","origin":[8.0,7.980054,8.0]},"faces":{"east":{"uv":[3.5,9.0,3.6875,9.25],"rotation":0,"texture":"#0","tintindex":0},"south":{"uv":[9.0,3.5,9.1875,3.75],"rotation":0,"texture":"#0","tintindex":0},"north":{"uv":[9.0,3.25,9.1875,3.5],"rotation":0,"texture":"#0","tintindex":0},"west":{"uv":[9.0,3.75,9.1875,4.0],"rotation":0,"texture":"#0","tintindex":0},"up":{"uv":[9.0625,9.3125,8.875,9.125],"rotation":0,"texture":"#0","tintindex":0},"down":{"uv":[9.3125,9.125,9.125,9.3125],"rotation":0,"texture":"#0","tintindex":0}}},{"from":[5.863314,5.2909226,13.031374],"to":[10.136686,8.455186,16.135191],"rotation":{"angle":0.0,"axis":"y","origin":[8.0,7.980054,8.0]},"faces":{"east":{"uv":[8.75,5.5,8.5,5.8125],"rotation":0,"texture":"#0","tintindex":0},"south":{"uv":[8.375,6.75,8.0,6.99375],"rotation":0,"texture":"#0","tintindex":0},"north":{"uv":[8.5,0.25,8.125,0.5625],"rotation":0,"texture":"#0","tintindex":0},"west":{"uv":[8.75,8.0,8.5,8.3125],"rotation":0,"texture":"#0","tintindex":0},"up":{"uv":[4.25,3.25,3.875,3.5],"rotation":0,"texture":"#0","tintindex":0},"down":{"uv":[8.375,6.25,8.0,6.0],"rotation":0,"texture":"#0","tintindex":0}}},{"from":[3.0518856,4.7750254,3.0518856],"to":[12.948114,13.293654,12.948114],"rotation":{"angle":0.0,"axis":"y","origin":[8.0,7.980054,8.0]},"faces":{"east":{"uv":[6.5,1.125,7.375,1.375],"rotation":0,"texture":"#0","tintindex":0},"south":{"uv":[6.875,3.375,7.75,3.625],"rotation":0,"texture":"#0","tintindex":0},"north":{"uv":[6.5,0.875,7.375,1.125],"rotation":0,"texture":"#0","tintindex":0},"west":{"uv":[6.875,3.625,7.75,3.875],"rotation":0,"texture":"#0","tintindex":0},"up":{"uv":[2.875,2.625,2.0,1.75],"rotation":0,"texture":"#0","tintindex":0},"down":{"uv":[2.875,2.625,2.0,3.5],"rotation":0,"texture":"#0","tintindex":0}}},{"from":[5.3220997,4.7750254,1.5349765],"to":[10.672249,7.670797,4.009034],"rotation":{"angle":22.5,"axis":"y","origin":[8.0,7.980054,8.0]},"faces":{"east":{"uv":[4.5,8.75,4.25,9.0],"rotation":0,"texture":"#0","tintindex":0},"south":{"uv":[8.5,3.5,8.0,3.75],"rotation":0,"texture":"#0","tintindex":0},"north":{"uv":[8.5,3.25,8.0,3.5],"rotation":0,"texture":"#0","tintindex":0},"west":{"uv":[4.25,8.75,4.0,9.0],"rotation":0,"texture":"#0","tintindex":0},"up":{"uv":[8.0,4.0,8.5,3.75],"rotation":0,"texture":"#0","tintindex":0},"down":{"uv":[4.125,8.0,4.625,8.25],"rotation":0,"texture":"#0","tintindex":0}}},{"from":[1.5349765,4.7750254,5.3220997],"to":[4.009034,7.670797,10.672249],"rotation":{"angle":-22.5,"axis":"y","origin":[8.0,7.980054,8.0]},"faces":{"east":{"uv":[8.375,0.0,7.875,0.25],"rotation":0,"texture":"#0","tintindex":0},"south":{"uv":[9.0,0.25,8.75,0.5],"rotation":0,"texture":"#0","tintindex":0},"north":{"uv":[9.0,0.0,8.75,0.25],"rotation":0,"texture":"#0","tintindex":0},"west":{"uv":[8.25,7.25,7.75,7.5],"rotation":0,"texture":"#0","tintindex":0},"up":{"uv":[7.875,0.75,8.125,0.25],"rotation":0,"texture":"#0","tintindex":0},"down":{"uv":[0.625,7.875,0.875,8.375],"rotation":0,"texture":"#0","tintindex":0}}},{"from":[1.5349765,4.7750254,5.3277516],"to":[4.009034,7.670797,10.6779],"rotation":{"angle":22.5,"axis":"y","origin":[8.0,7.980054,8.0]},"faces":{"east":{"uv":[8.25,4.0,7.75,4.25],"rotation":0,"texture":"#0","tintindex":0},"south":{"uv":[8.875,8.625,8.625,8.875],"rotation":0,"texture":"#0","tintindex":0},"north":{"uv":[8.875,8.375,8.625,8.625],"rotation":0,"texture":"#0","tintindex":0},"west":{"uv":[8.25,1.5,7.75,1.75],"rotation":0,"texture":"#0","tintindex":0},"up":{"uv":[7.75,7.25,8.0,6.75],"rotation":0,"texture":"#0","tintindex":0},"down":{"uv":[7.625,7.75,7.875,8.25],"rotation":0,"texture":"#0","tintindex":0}}},{"from":[5.3220997,4.7750254,11.990966],"to":[10.672249,7.670797,14.465023],"rotation":{"angle":-22.5,"axis":"y","origin":[8.0,7.980054,8.0]},"faces":{"east":{"uv":[3.75,8.75,3.5,9.0],"rotation":0,"texture":"#0","tintindex":0},"south":{"uv":[8.5,2.5,8.0,2.75],"rotation":0,"texture":"#0","tintindex":0},"north":{"uv":[8.5,2.0,8.0,2.25],"rotation":0,"texture":"#0","tintindex":0},"west":{"uv":[3.25,8.75,3.0,9.0],"rotation":0,"texture":"#0","tintindex":0},"up":{"uv":[8.0,3.0,8.5,2.75],"rotation":0,"texture":"#0","tintindex":0},"down":{"uv":[8.0,3.0,8.5,3.25],"rotation":0,"texture":"#0","tintindex":0}}},{"from":[0.6533828,6.9960537,4.963354],"to":[3.4648113,16.836056,11.043069],"rotation":{"angle":22.5,"axis":"y","origin":[8.0,7.980054,8.0]},"faces":{"east":{"uv":[6.0625,5.25,5.5,6.125],"rotation":0,"texture":"#0","tintindex":0},"south":{"uv":[3.25,6.875,3.0,7.75],"rotation":0,"texture":"#0","tintindex":0},"north":{"uv":[7.125,2.5,6.875,3.375],"rotation":0,"texture":"#0","tintindex":0},"west":{"uv":[6.0625,4.375,5.5,5.25],"rotation":0,"texture":"#0","tintindex":0},"up":{"uv":[4.375,7.9375,4.625,7.375],"rotation":0,"texture":"#0","tintindex":0},"down":{"uv":[4.625,7.375,4.875,7.9375],"rotation":0,"texture":"#0","tintindex":0}}},{"from":[0.6533828,6.9960537,4.956931],"to":[3.4648113,16.836056,11.036646],"rotation":{"angle":-22.5,"axis":"y","origin":[8.0,7.980054,8.0]},"faces":{"east":{"uv":[3.6875,5.5,3.125,6.375],"rotation":0,"texture":"#0","tintindex":0},"south":{"uv":[2.25,6.75,2.0,7.625],"rotation":0,"texture":"#0","tintindex":0},"north":{"uv":[2.0,6.75,1.75,7.625],"rotation":0,"texture":"#0","tintindex":0},"west":{"uv":[3.0625,5.5,2.5,6.375],"rotation":0,"texture":"#0","tintindex":0},"up":{"uv":[1.5,7.9375,1.75,7.375],"rotation":0,"texture":"#0","tintindex":0},"down":{"uv":[4.125,7.375,4.375,7.9375],"rotation":0,"texture":"#0","tintindex":0}}},{"from":[4.956931,6.9960537,12.535189],"to":[11.036646,16.836056,15.346617],"rotation":{"angle":-22.5,"axis":"y","origin":[8.0,7.980054,8.0]},"faces":{"east":{"uv":[5.0,6.5,4.75,7.375],"rotation":0,"texture":"#0","tintindex":0},"south":{"uv":[5.5625,0.0,5.0,0.875],"rotation":0,"texture":"#0","tintindex":0},"north":{"uv":[5.4375,4.875,4.875,5.75],"rotation":0,"texture":"#0","tintindex":0},"west":{"uv":[4.75,6.5,4.5,7.375],"rotation":0,"texture":"#0","tintindex":0},"up":{"uv":[7.375,1.25,7.9375,1.0],"rotation":0,"texture":"#0","tintindex":0},"down":{"uv":[7.375,1.75,7.9375,2.0],"rotation":0,"texture":"#0","tintindex":0}}},{"from":[4.956931,6.9960537,0.6533828],"to":[11.036646,16.836056,3.4648113],"rotation":{"angle":22.5,"axis":"y","origin":[8.0,7.980054,8.0]},"faces":{"east":{"uv":[4.5,6.5,4.25,7.375],"rotation":0,"texture":"#0","tintindex":0},"south":{"uv":[4.8125,4.875,4.25,5.75],"rotation":0,"texture":"#0","tintindex":0},"north":{"uv":[1.1875,4.875,0.625,5.75],"rotation":0,"texture":"#0","tintindex":0},"west":{"uv":[6.75,0.0,6.5,0.875],"rotation":0,"texture":"#0","tintindex":0},"up":{"uv":[6.875,7.5,7.4375,7.25],"rotation":0,"texture":"#0","tintindex":0},"down":{"uv":[7.375,0.75,7.9375,1.0],"rotation":0,"texture":"#0","tintindex":0}}}],"display":{"head":{"translation":[0.0,-6.4,0.0],"scale":[4.0,4.0,4.0]}}}