{"textures":{"0":"minecraft:modelengine/entity/phoenix_thunder"},"elements":[{"from":[7.142857,4.1509805,6.8170977],"to":[8.857143,7.579552,9.102812],"rotation":{"angle":22.5,"axis":"x","origin":[17.976059,7.770147,9.6270075]},"faces":{"east":{"uv":[0.25,7.25,0.0,7.625],"rotation":0,"texture":"#0","tintindex":0},"south":{"uv":[5.5,7.375,5.3125,7.75],"rotation":0,"texture":"#0","tintindex":0},"north":{"uv":[3.375,7.375,3.1875,7.75],"rotation":0,"texture":"#0","tintindex":0},"west":{"uv":[4.625,2.5,4.375,2.875],"rotation":0,"texture":"#0","tintindex":0},"up":{"uv":[7.5,3.1875,7.6875,2.9375],"rotation":0,"texture":"#0","tintindex":0},"down":{"uv":[3.4375,7.5,3.625,7.75],"rotation":0,"texture":"#0","tintindex":0}}},{"from":[7.142857,4.1509805,9.102812],"to":[8.857143,5.865266,10.817098],"rotation":{"angle":22.5,"axis":"x","origin":[17.976059,7.770147,9.6270075]},"faces":{"east":{"uv":[2.4375,7.5625,2.25,7.75],"rotation":0,"texture":"#0","tintindex":0},"south":{"uv":[2.1875,7.5625,2.0,7.75],"rotation":0,"texture":"#0","tintindex":0},"north":{"uv":[2.0625,5.5625,1.875,5.75],"rotation":0,"texture":"#0","tintindex":0},"west":{"uv":[1.9375,7.5625,1.75,7.75],"rotation":0,"texture":"#0","tintindex":0},"up":{"uv":[2.5,7.75,2.6875,7.5625],"rotation":0,"texture":"#0","tintindex":0},"down":{"uv":[7.5625,5.625,7.75,5.8125],"rotation":0,"texture":"#0","tintindex":0}}}],"display":{"head":{"translation":[0.0,-6.4,0.0],"scale":[4.0,4.0,4.0]}}}