{"textures":{"0":"minecraft:modelengine/entity/epcom_ephant_default"},"elements":[{"from":[1.1428566,1.8545079,2.1092138],"to":[14.857143,14.425937,15.869215],"rotation":{"angle":0.0,"axis":"y","origin":[4.0,-7.412858,6.7824607]},"faces":{"east":{"uv":[3.25,3.875,5.0,5.25],"rotation":0,"texture":"#0","tintindex":0},"south":{"uv":[5.0,3.875,6.5,5.25],"rotation":0,"texture":"#0","tintindex":0},"north":{"uv":[4.25,0.0,5.75,1.375],"rotation":0,"texture":"#0","tintindex":0},"west":{"uv":[3.25,3.875,5.0,5.25],"rotation":0,"texture":"#0","tintindex":0},"up":{"uv":[4.25,1.75,2.75,0.0],"rotation":0,"texture":"#0","tintindex":0},"down":{"uv":[1.5,3.875,0.0,5.625],"rotation":0,"texture":"#0","tintindex":0}}},{"from":[1.7142854,2.4259362,-1.8222151],"to":[14.285715,13.854508,18.817787],"rotation":{"angle":0.0,"axis":"y","origin":[4.0,-7.412858,6.7824607]},"faces":{"east":{"uv":[2.625,2.625,5.25,3.875],"rotation":0,"texture":"#0","tintindex":0},"south":{"uv":[1.5,5.25,2.875,6.5],"rotation":0,"texture":"#0","tintindex":0},"north":{"uv":[4.25,1.375,5.625,2.625],"rotation":0,"texture":"#0","tintindex":0},"west":{"uv":[2.625,2.625,5.25,3.875],"rotation":0,"texture":"#0","tintindex":0},"up":{"uv":[1.375,2.625,0.0,0.0],"rotation":0,"texture":"#0","tintindex":0},"down":{"uv":[2.75,0.0,1.375,2.625],"rotation":0,"texture":"#0","tintindex":0}}}],"display":{"head":{"translation":[0.0,-6.4,0.0],"scale":[4.0,4.0,4.0]}}}