{"textures":{"0":"minecraft:modelengine/entity/epcom_ephant_default"},"elements":[{"from":[2.5016842,9.315937,7.2833805],"to":[3.073113,12.17308,7.897666],"rotation":{"angle":0.0,"axis":"y","origin":[7.674556,12.048572,6.7884393]},"faces":{"east":{"uv":[6.9375,7.0625,7.0,7.375],"rotation":0,"texture":"#0","tintindex":0},"south":{"uv":[5.0625,7.3125,5.125,7.625],"rotation":0,"texture":"#0","tintindex":0},"north":{"uv":[6.4375,3.5625,6.5,3.875],"rotation":0,"texture":"#0","tintindex":0},"west":{"uv":[5.9375,8.1875,6.0,8.5],"rotation":0,"texture":"#0","tintindex":0},"up":{"uv":[6.4375,3.75,6.375,3.6875],"rotation":0,"texture":"#0","tintindex":0},"down":{"uv":[4.0,7.125,3.9375,7.1875],"rotation":0,"texture":"#0","tintindex":0}}},{"from":[3.073113,4.1730795,7.2833805],"to":[8.21597,12.744509,7.897666],"rotation":{"angle":0.0,"axis":"y","origin":[7.674556,12.048572,6.7884393]},"faces":{"east":{"uv":[6.8125,7.8125,6.875,8.75],"rotation":0,"texture":"#0","tintindex":0},"south":{"uv":[3.4375,6.1875,4.0,7.125],"rotation":0,"texture":"#0","tintindex":0},"north":{"uv":[2.875,6.1875,3.4375,7.125],"rotation":0,"texture":"#0","tintindex":0},"west":{"uv":[6.875,7.8125,6.9375,8.75],"rotation":0,"texture":"#0","tintindex":0},"up":{"uv":[3.3125,2.5625,2.75,2.5],"rotation":0,"texture":"#0","tintindex":0},"down":{"uv":[3.3125,2.5625,2.75,2.625],"rotation":0,"texture":"#0","tintindex":0}}},{"from":[3.6445413,12.744509,7.2833805],"to":[8.21597,13.315937,7.897666],"rotation":{"angle":0.0,"axis":"y","origin":[7.674556,12.048572,6.7884393]},"faces":{"east":{"uv":[3.9375,7.1875,4.0,7.25],"rotation":0,"texture":"#0","tintindex":0},"south":{"uv":[5.625,2.5625,6.125,2.625],"rotation":0,"texture":"#0","tintindex":0},"north":{"uv":[5.625,2.5,6.125,2.5625],"rotation":0,"texture":"#0","tintindex":0},"west":{"uv":[7.25,3.3125,7.3125,3.375],"rotation":0,"texture":"#0","tintindex":0},"up":{"uv":[6.25,3.8125,5.75,3.75],"rotation":0,"texture":"#0","tintindex":0},"down":{"uv":[6.25,3.8125,5.75,3.875],"rotation":0,"texture":"#0","tintindex":0}}},{"from":[3.6445413,3.6016507,7.2833805],"to":[7.6445417,4.1730795,7.897666],"rotation":{"angle":0.0,"axis":"y","origin":[7.674556,12.048572,6.7884393]},"faces":{"east":{"uv":[3.9375,7.25,4.0,7.3125],"rotation":0,"texture":"#0","tintindex":0},"south":{"uv":[7.375,8.125,7.8125,8.1875],"rotation":0,"texture":"#0","tintindex":0},"north":{"uv":[6.9375,8.125,7.375,8.1875],"rotation":0,"texture":"#0","tintindex":0},"west":{"uv":[7.3125,3.3125,7.375,3.375],"rotation":0,"texture":"#0","tintindex":0},"up":{"uv":[8.625,2.6875,8.1875,2.625],"rotation":0,"texture":"#0","tintindex":0},"down":{"uv":[8.625,2.6875,8.1875,2.75],"rotation":0,"texture":"#0","tintindex":0}}},{"from":[2.5016842,4.744508,7.2833805],"to":[3.073113,8.1730795,7.897666],"rotation":{"angle":0.0,"axis":"y","origin":[7.674556,12.048572,6.7884393]},"faces":{"east":{"uv":[7.0625,2.0,7.125,2.375],"rotation":0,"texture":"#0","tintindex":0},"south":{"uv":[7.4375,1.625,7.5,2.0],"rotation":0,"texture":"#0","tintindex":0},"north":{"uv":[7.0,2.0,7.0625,2.375],"rotation":0,"texture":"#0","tintindex":0},"west":{"uv":[7.5,1.625,7.5625,2.0],"rotation":0,"texture":"#0","tintindex":0},"up":{"uv":[7.4375,0.8125,7.375,0.75],"rotation":0,"texture":"#0","tintindex":0},"down":{"uv":[7.4375,0.8125,7.375,0.875],"rotation":0,"texture":"#0","tintindex":0}}}],"display":{"head":{"translation":[0.0,-6.4,0.0],"scale":[4.0,4.0,4.0]}}}