{"textures":{"0":"minecraft:modelengine/entity/epcom_ephant_default"},"elements":[{"from":[12.773351,8.744508,7.6741953],"to":[13.344779,11.601651,8.288481],"rotation":{"angle":0.0,"axis":"y","origin":[8.171907,11.477143,7.179254]},"faces":{"east":{"uv":[5.9375,8.1875,6.0,8.5],"rotation":0,"texture":"#0","tintindex":0},"south":{"uv":[6.125,8.1875,6.1875,8.5],"rotation":0,"texture":"#0","tintindex":0},"north":{"uv":[6.0,8.1875,6.0625,8.5],"rotation":0,"texture":"#0","tintindex":0},"west":{"uv":[6.1875,8.1875,6.25,8.5],"rotation":0,"texture":"#0","tintindex":0},"up":{"uv":[7.4375,1.9375,7.375,1.875],"rotation":0,"texture":"#0","tintindex":0},"down":{"uv":[7.4375,1.9375,7.375,2.0],"rotation":0,"texture":"#0","tintindex":0}}},{"from":[7.6304927,3.6016507,7.6741953],"to":[12.773351,12.17308,8.288481],"rotation":{"angle":0.0,"axis":"y","origin":[8.171907,11.477143,7.179254]},"faces":{"east":{"uv":[6.875,7.8125,6.9375,8.75],"rotation":0,"texture":"#0","tintindex":0},"south":{"uv":[4.5625,6.375,5.125,7.3125],"rotation":0,"texture":"#0","tintindex":0},"north":{"uv":[4.0,6.375,4.5625,7.3125],"rotation":0,"texture":"#0","tintindex":0},"west":{"uv":[0.4375,8.125,0.5,9.0625],"rotation":0,"texture":"#0","tintindex":0},"up":{"uv":[3.875,2.5625,3.3125,2.5],"rotation":0,"texture":"#0","tintindex":0},"down":{"uv":[3.875,2.5625,3.3125,2.625],"rotation":0,"texture":"#0","tintindex":0}}},{"from":[7.6304927,12.17308,7.6741953],"to":[12.201921,12.744509,8.288481],"rotation":{"angle":0.0,"axis":"y","origin":[8.171907,11.477143,7.179254]},"faces":{"east":{"uv":[2.4375,7.375,2.5,7.4375],"rotation":0,"texture":"#0","tintindex":0},"south":{"uv":[6.125,2.5625,6.625,2.625],"rotation":0,"texture":"#0","tintindex":0},"north":{"uv":[6.125,2.5,6.625,2.5625],"rotation":0,"texture":"#0","tintindex":0},"west":{"uv":[2.4375,7.375,2.5,7.4375],"rotation":0,"texture":"#0","tintindex":0},"up":{"uv":[8.4375,7.0,7.9375,6.9375],"rotation":0,"texture":"#0","tintindex":0},"down":{"uv":[8.5,4.6875,8.0,4.75],"rotation":0,"texture":"#0","tintindex":0}}},{"from":[8.201921,3.0302224,7.6741953],"to":[12.201921,3.6016507,8.288481],"rotation":{"angle":0.0,"axis":"y","origin":[8.171907,11.477143,7.179254]},"faces":{"east":{"uv":[7.3125,3.3125,7.375,3.375],"rotation":0,"texture":"#0","tintindex":0},"south":{"uv":[8.1875,2.8125,8.625,2.875],"rotation":0,"texture":"#0","tintindex":0},"north":{"uv":[8.1875,2.75,8.625,2.8125],"rotation":0,"texture":"#0","tintindex":0},"west":{"uv":[7.375,3.3125,7.4375,3.375],"rotation":0,"texture":"#0","tintindex":0},"up":{"uv":[8.625,2.9375,8.1875,2.875],"rotation":0,"texture":"#0","tintindex":0},"down":{"uv":[8.625,2.9375,8.1875,3.0],"rotation":0,"texture":"#0","tintindex":0}}},{"from":[12.773351,4.1730795,7.6741953],"to":[13.344779,7.601651,8.288481],"rotation":{"angle":0.0,"axis":"y","origin":[8.171907,11.477143,7.179254]},"faces":{"east":{"uv":[7.5,1.625,7.5625,2.0],"rotation":0,"texture":"#0","tintindex":0},"south":{"uv":[5.8125,8.125,5.875,8.5],"rotation":0,"texture":"#0","tintindex":0},"north":{"uv":[5.6875,8.125,5.75,8.5],"rotation":0,"texture":"#0","tintindex":0},"west":{"uv":[5.875,8.125,5.9375,8.5],"rotation":0,"texture":"#0","tintindex":0},"up":{"uv":[7.5,0.8125,7.4375,0.75],"rotation":0,"texture":"#0","tintindex":0},"down":{"uv":[7.5,0.8125,7.4375,0.875],"rotation":0,"texture":"#0","tintindex":0}}}],"display":{"head":{"translation":[0.0,-6.4,0.0],"scale":[4.0,4.0,4.0]}}}