{"textures":{"0":"minecraft:modelengine/entity/epcom_ephant_default"},"elements":[{"from":[2.5714283,3.8872223,4.836415],"to":[13.428572,12.601508,10.070701],"rotation":{"angle":0.0,"axis":"y","origin":[8.428572,8.334143,8.246804]},"faces":{"east":{"uv":[6.125,6.75,6.5,7.6875],"rotation":0,"texture":"#0","tintindex":0},"south":{"uv":[4.25,5.25,2.875,6.1875],"rotation":0,"texture":"#0","tintindex":0},"north":{"uv":[6.625,2.625,5.25,3.5625],"rotation":0,"texture":"#0","tintindex":0},"west":{"uv":[6.5,6.75,6.125,7.6875],"rotation":0,"texture":"#0","tintindex":0},"up":{"uv":[5.625,2.5,7.0,2.125],"rotation":0,"texture":"#0","tintindex":0},"down":{"uv":[5.125,6.375,6.5,6.75],"rotation":0,"texture":"#0","tintindex":0}}},{"from":[2.8571424,2.9570394,1.4496837],"to":[13.142858,13.385611,7.1011124],"rotation":{"angle":0.0,"axis":"y","origin":[8.0,10.082743,5.0504193]},"faces":{"east":{"uv":[1.5,5.625,0.75,6.75],"rotation":0,"texture":"#0","tintindex":0},"south":{"uv":[5.375,5.25,6.5,6.375],"rotation":0,"texture":"#0","tintindex":0},"north":{"uv":[4.25,5.25,5.375,6.375],"rotation":0,"texture":"#0","tintindex":0},"west":{"uv":[0.75,5.625,1.5,6.75],"rotation":0,"texture":"#0","tintindex":0},"up":{"uv":[3.875,2.5,2.75,1.75],"rotation":0,"texture":"#0","tintindex":0},"down":{"uv":[6.75,1.375,5.625,2.125],"rotation":0,"texture":"#0","tintindex":0}}},{"from":[2.8571424,13.385611,2.678255],"to":[13.142858,15.099897,7.1011124],"rotation":{"angle":0.0,"axis":"y","origin":[8.0,10.082743,5.0504193]},"faces":{"east":{"uv":[4.9375,8.125,5.5,8.3125],"rotation":0,"texture":"#0","tintindex":0},"south":{"uv":[7.5,4.75,8.625,4.9375],"rotation":0,"texture":"#0","tintindex":0},"north":{"uv":[5.25,3.5625,6.375,3.75],"rotation":0,"texture":"#0","tintindex":0},"west":{"uv":[4.9375,8.125,5.5,8.3125],"rotation":0,"texture":"#0","tintindex":0},"up":{"uv":[6.875,0.5625,5.75,0.0],"rotation":0,"texture":"#0","tintindex":0},"down":{"uv":[6.875,0.5625,5.75,1.125],"rotation":0,"texture":"#0","tintindex":0}}}],"display":{"head":{"translation":[0.0,-6.4,0.0],"scale":[4.0,4.0,4.0]}}}