{"textures":{"0":"minecraft:modelengine/entity/epcom_ephant_default"},"elements":[{"from":[7.428571,-0.57142925,5.6142855],"to":[11.428572,1.7142854,9.668571],"rotation":{"angle":0.0,"axis":"y","origin":[3.4285712,-0.57142925,-2.8628578]},"faces":{"east":{"uv":[8.0625,2.1875,8.5625,2.4375],"rotation":0,"texture":"#0","tintindex":0},"south":{"uv":[1.9375,8.125,2.375,8.375],"rotation":0,"texture":"#0","tintindex":0},"north":{"uv":[1.5,8.125,1.9375,8.375],"rotation":0,"texture":"#0","tintindex":0},"west":{"uv":[4.25,8.0625,4.75,8.3125],"rotation":0,"texture":"#0","tintindex":0},"up":{"uv":[6.8125,8.3125,6.375,7.8125],"rotation":0,"texture":"#0","tintindex":0},"down":{"uv":[8.25,7.0,7.8125,7.5],"rotation":0,"texture":"#0","tintindex":0}}},{"from":[7.5714283,1.7142854,6.1057143],"to":[11.285714,8.571428,9.668571],"rotation":{"angle":0.0,"axis":"y","origin":[3.4285712,-0.57142925,-2.8628578]},"faces":{"east":{"uv":[7.375,0.0,7.8125,0.75],"rotation":0,"texture":"#0","tintindex":0},"south":{"uv":[6.9375,7.375,7.375,8.125],"rotation":0,"texture":"#0","tintindex":0},"north":{"uv":[1.5,7.375,1.9375,8.125],"rotation":0,"texture":"#0","tintindex":0},"west":{"uv":[7.375,7.375,7.8125,8.125],"rotation":0,"texture":"#0","tintindex":0},"up":{"uv":[8.4375,7.9375,8.0,7.5],"rotation":0,"texture":"#0","tintindex":0},"down":{"uv":[8.4375,7.9375,8.0,8.375],"rotation":0,"texture":"#0","tintindex":0}}}],"display":{"head":{"translation":[0.0,-6.4,0.0],"scale":[4.0,4.0,4.0]}}}