{"textures":{"0":"minecraft:modelengine/entity/epcom_ephant_default"},"elements":[{"from":[5.0,0.25999975,6.242857],"to":[9.285714,8.26,10.297143],"rotation":{"angle":0.0,"axis":"y","origin":[13.142858,-8.454287,-2.4800005]},"faces":{"east":{"uv":[2.0,6.5,2.5,7.375],"rotation":0,"texture":"#0","tintindex":0},"south":{"uv":[6.5,3.5625,7.0,4.4375],"rotation":0,"texture":"#0","tintindex":0},"north":{"uv":[1.5,6.5,2.0,7.375],"rotation":0,"texture":"#0","tintindex":0},"west":{"uv":[6.5,4.4375,7.0,5.3125],"rotation":0,"texture":"#0","tintindex":0},"up":{"uv":[2.875,7.9375,2.375,7.4375],"rotation":0,"texture":"#0","tintindex":0},"down":{"uv":[7.9375,6.5,7.4375,7.0],"rotation":0,"texture":"#0","tintindex":0}}}],"display":{"head":{"translation":[0.0,-6.4,0.0],"scale":[4.0,4.0,4.0]}}}