{"textures":{"0":"minecraft:modelengine/entity/epcom_ephant_default"},"elements":[{"from":[4.5714283,-0.57142925,5.6142855],"to":[8.571428,1.7142854,9.668571],"rotation":{"angle":0.0,"axis":"y","origin":[12.571428,-0.57142925,-2.8628578]},"faces":{"east":{"uv":[8.0625,1.9375,8.5625,2.1875],"rotation":0,"texture":"#0","tintindex":0},"south":{"uv":[8.125,1.0,8.5625,1.25],"rotation":0,"texture":"#0","tintindex":0},"north":{"uv":[8.125,0.75,8.5625,1.0],"rotation":0,"texture":"#0","tintindex":0},"west":{"uv":[8.0625,2.1875,8.5625,2.4375],"rotation":0,"texture":"#0","tintindex":0},"up":{"uv":[8.1875,3.125,7.75,2.625],"rotation":0,"texture":"#0","tintindex":0},"down":{"uv":[8.25,0.0,7.8125,0.5],"rotation":0,"texture":"#0","tintindex":0}}},{"from":[4.714286,1.7142854,6.1057143],"to":[8.428572,8.571428,9.668571],"rotation":{"angle":0.0,"axis":"y","origin":[12.571428,-0.57142925,-2.8628578]},"faces":{"east":{"uv":[4.1875,7.3125,4.625,8.0625],"rotation":0,"texture":"#0","tintindex":0},"south":{"uv":[4.625,7.3125,5.0625,8.0625],"rotation":0,"texture":"#0","tintindex":0},"north":{"uv":[3.75,7.3125,4.1875,8.0625],"rotation":0,"texture":"#0","tintindex":0},"west":{"uv":[7.375,0.0,7.8125,0.75],"rotation":0,"texture":"#0","tintindex":0},"up":{"uv":[8.4375,4.0,8.0,3.5625],"rotation":0,"texture":"#0","tintindex":0},"down":{"uv":[8.4375,4.0,8.0,4.4375],"rotation":0,"texture":"#0","tintindex":0}}}],"display":{"head":{"translation":[0.0,-6.4,0.0],"scale":[4.0,4.0,4.0]}}}