{"textures":{"0":"minecraft:modelengine/entity/epcom_ephant_default"},"elements":[{"from":[7.285714,0.014285088,7.017143],"to":[11.571428,8.014286,11.071428],"rotation":{"angle":0.0,"axis":"y","origin":[3.4285712,-8.700001,-1.7057152]},"faces":{"east":{"uv":[5.125,6.75,5.625,7.625],"rotation":0,"texture":"#0","tintindex":0},"south":{"uv":[7.0,3.375,7.5,4.25],"rotation":0,"texture":"#0","tintindex":0},"north":{"uv":[5.625,6.75,6.125,7.625],"rotation":0,"texture":"#0","tintindex":0},"west":{"uv":[7.0,4.25,7.5,5.125],"rotation":0,"texture":"#0","tintindex":0},"up":{"uv":[8.0625,2.625,7.5625,2.125],"rotation":0,"texture":"#0","tintindex":0},"down":{"uv":[0.5,7.625,0.0,8.125],"rotation":0,"texture":"#0","tintindex":0}}}],"display":{"head":{"translation":[0.0,-6.4,0.0],"scale":[4.0,4.0,4.0]}}}