{"textures":{"0":"minecraft:modelengine/entity/epcom_ephant_default"},"elements":[{"from":[6.0,-0.57142925,5.4342856],"to":[10.0,1.7142854,9.488571],"rotation":{"angle":0.0,"axis":"y","origin":[1.9999995,-0.57142925,-3.0428581]},"faces":{"east":{"uv":[6.25,1.125,6.75,1.375],"rotation":0,"texture":"#0","tintindex":0},"south":{"uv":[0.0,8.125,0.4375,8.375],"rotation":0,"texture":"#0","tintindex":0},"north":{"uv":[8.0625,6.25,8.5,6.5],"rotation":0,"texture":"#0","tintindex":0},"west":{"uv":[8.0,4.4375,8.5,4.6875],"rotation":0,"texture":"#0","tintindex":0},"up":{"uv":[8.125,1.25,7.6875,0.75],"rotation":0,"texture":"#0","tintindex":0},"down":{"uv":[6.375,7.6875,5.9375,8.1875],"rotation":0,"texture":"#0","tintindex":0}}},{"from":[6.142857,1.7142854,5.925714],"to":[9.857143,8.571428,9.488571],"rotation":{"angle":0.0,"axis":"y","origin":[1.9999995,-0.57142925,-3.0428581]},"faces":{"east":{"uv":[6.5,7.0625,6.9375,7.8125],"rotation":0,"texture":"#0","tintindex":0},"south":{"uv":[3.3125,7.125,3.75,7.875],"rotation":0,"texture":"#0","tintindex":0},"north":{"uv":[7.125,2.0,7.5625,2.75],"rotation":0,"texture":"#0","tintindex":0},"west":{"uv":[7.25,0.875,7.6875,1.625],"rotation":0,"texture":"#0","tintindex":0},"up":{"uv":[8.375,6.9375,7.9375,6.5],"rotation":0,"texture":"#0","tintindex":0},"down":{"uv":[8.4375,3.125,8.0,3.5625],"rotation":0,"texture":"#0","tintindex":0}}}],"display":{"head":{"translation":[0.0,-6.4,0.0],"scale":[4.0,4.0,4.0]}}}