{"textures":{"0":"minecraft:modelengine/entity/epcom_ephant_default"},"elements":[{"from":[6.714286,0.25999975,6.242857],"to":[11.0,8.26,10.297143],"rotation":{"angle":0.0,"axis":"y","origin":[2.8571424,-8.454287,-2.4800005]},"faces":{"east":{"uv":[6.5,4.4375,7.0,5.3125],"rotation":0,"texture":"#0","tintindex":0},"south":{"uv":[6.625,2.5,7.125,3.375],"rotation":0,"texture":"#0","tintindex":0},"north":{"uv":[6.5,5.3125,7.0,6.1875],"rotation":0,"texture":"#0","tintindex":0},"west":{"uv":[0.0,6.75,0.5,7.625],"rotation":0,"texture":"#0","tintindex":0},"up":{"uv":[8.0,3.75,7.5,3.25],"rotation":0,"texture":"#0","tintindex":0},"down":{"uv":[8.0,3.75,7.5,4.25],"rotation":0,"texture":"#0","tintindex":0}}}],"display":{"head":{"translation":[0.0,-6.4,0.0],"scale":[4.0,4.0,4.0]}}}