{"textures":{"0":"minecraft:modelengine/entity/epcom_ephant_default"},"elements":[{"from":[6.0,-0.57142925,5.72],"to":[10.0,1.7142854,9.774286],"rotation":{"angle":0.0,"axis":"y","origin":[14.0,-0.57142925,-2.757144]},"faces":{"east":{"uv":[5.75,1.125,6.25,1.375],"rotation":0,"texture":"#0","tintindex":0},"south":{"uv":[8.0625,6.0,8.5,6.25],"rotation":0,"texture":"#0","tintindex":0},"north":{"uv":[8.0625,5.75,8.5,6.0],"rotation":0,"texture":"#0","tintindex":0},"west":{"uv":[6.25,1.125,6.75,1.375],"rotation":0,"texture":"#0","tintindex":0},"up":{"uv":[5.5,8.125,5.0625,7.625],"rotation":0,"texture":"#0","tintindex":0},"down":{"uv":[5.9375,7.625,5.5,8.125],"rotation":0,"texture":"#0","tintindex":0}}},{"from":[6.142857,1.7142854,6.2114286],"to":[9.857143,8.571428,9.774286],"rotation":{"angle":0.0,"axis":"y","origin":[14.0,-0.57142925,-2.757144]},"faces":{"east":{"uv":[7.0,5.875,7.4375,6.625],"rotation":0,"texture":"#0","tintindex":0},"south":{"uv":[7.0,6.625,7.4375,7.375],"rotation":0,"texture":"#0","tintindex":0},"north":{"uv":[7.0,5.125,7.4375,5.875],"rotation":0,"texture":"#0","tintindex":0},"west":{"uv":[6.5,7.0625,6.9375,7.8125],"rotation":0,"texture":"#0","tintindex":0},"up":{"uv":[3.5,8.3125,3.0625,7.875],"rotation":0,"texture":"#0","tintindex":0},"down":{"uv":[2.8125,7.9375,2.375,8.375],"rotation":0,"texture":"#0","tintindex":0}}}],"display":{"head":{"translation":[0.0,-6.4,0.0],"scale":[4.0,4.0,4.0]}}}