{"textures":{"0":"minecraft:modelengine/entity/epcom_ephant_default"},"elements":[{"from":[4.428571,0.014285088,7.017143],"to":[8.714286,8.014286,11.071428],"rotation":{"angle":0.0,"axis":"y","origin":[12.571428,-8.700001,-1.7057152]},"faces":{"east":{"uv":[1.0,6.75,1.5,7.625],"rotation":0,"texture":"#0","tintindex":0},"south":{"uv":[6.75,1.125,7.25,2.0],"rotation":0,"texture":"#0","tintindex":0},"north":{"uv":[0.5,6.75,1.0,7.625],"rotation":0,"texture":"#0","tintindex":0},"west":{"uv":[5.125,6.75,5.625,7.625],"rotation":0,"texture":"#0","tintindex":0},"up":{"uv":[8.0,4.75,7.5,4.25],"rotation":0,"texture":"#0","tintindex":0},"down":{"uv":[8.0625,1.625,7.5625,2.125],"rotation":0,"texture":"#0","tintindex":0}}}],"display":{"head":{"translation":[0.0,-6.4,0.0],"scale":[4.0,4.0,4.0]}}}