{"textures":{"0":"minecraft:modelengine/entity/epcom_ephant_default"},"elements":[{"from":[7.142857,6.516412,7.277366],"to":[8.857143,7.944983,16.123081],"rotation":{"angle":45.0,"axis":"x","origin":[8.0,7.3540835,8.264557]},"faces":{"east":{"uv":[7.6875,1.25,8.8125,1.4375],"rotation":0,"texture":"#0","tintindex":0},"south":{"uv":[7.6875,1.4375,7.875,1.625],"rotation":0,"texture":"#0","tintindex":0},"north":{"uv":[3.75,7.125,3.9375,7.3125],"rotation":0,"texture":"#0","tintindex":0},"west":{"uv":[7.6875,1.25,8.8125,1.4375],"rotation":0,"texture":"#0","tintindex":0},"up":{"uv":[8.0,8.625,7.8125,7.5],"rotation":0,"texture":"#0","tintindex":0},"down":{"uv":[3.0625,7.875,2.875,9.0],"rotation":0,"texture":"#0","tintindex":0}}},{"from":[8.0,6.802126,15.631652],"to":[8.0,8.516412,17.597366],"rotation":{"angle":45.0,"axis":"x","origin":[8.0,7.3540835,8.264557]},"faces":{"east":{"uv":[4.0,6.1875,4.25,6.375],"rotation":0,"texture":"#0","tintindex":0},"south":{"uv":[0.0,0.0,0.0,0.1875],"rotation":0,"texture":"#0","tintindex":0},"north":{"uv":[0.0,0.0,0.0,0.1875],"rotation":0,"texture":"#0","tintindex":0},"west":{"uv":[6.625,3.375,6.875,3.5625],"rotation":0,"texture":"#0","tintindex":0},"up":{"uv":[0.0,0.25,0.0,0.0],"rotation":0,"texture":"#0","tintindex":0},"down":{"uv":[0.0,0.0,0.0,0.25],"rotation":0,"texture":"#0","tintindex":0}}},{"from":[8.0,8.516412,16.123081],"to":[8.0,9.08784,17.105938],"rotation":{"angle":45.0,"axis":"x","origin":[8.0,7.3540835,8.264557]},"faces":{"east":{"uv":[6.875,3.375,7.0,3.4375],"rotation":0,"texture":"#0","tintindex":0},"south":{"uv":[0.0,0.0,0.0,0.0625],"rotation":0,"texture":"#0","tintindex":0},"north":{"uv":[0.0,0.0,0.0,0.0625],"rotation":0,"texture":"#0","tintindex":0},"west":{"uv":[6.875,3.4375,7.0,3.5],"rotation":0,"texture":"#0","tintindex":0},"up":{"uv":[0.0,0.125,0.0,0.0],"rotation":0,"texture":"#0","tintindex":0},"down":{"uv":[0.0,0.0,0.0,0.125],"rotation":0,"texture":"#0","tintindex":0}}},{"from":[8.0,9.08784,16.61451],"to":[8.0,9.373554,17.597366],"rotation":{"angle":45.0,"axis":"x","origin":[8.0,7.3540835,8.264557]},"faces":{"east":{"uv":[6.875,3.5,7.0,3.5625],"rotation":0,"texture":"#0","tintindex":0},"south":{"uv":[0.0,0.0,0.0,0.0625],"rotation":0,"texture":"#0","tintindex":0},"north":{"uv":[0.0,0.0,0.0,0.0625],"rotation":0,"texture":"#0","tintindex":0},"west":{"uv":[7.0,2.375,7.125,2.4375],"rotation":0,"texture":"#0","tintindex":0},"up":{"uv":[0.0,0.125,0.0,0.0],"rotation":0,"texture":"#0","tintindex":0},"down":{"uv":[0.0,0.0,0.0,0.125],"rotation":0,"texture":"#0","tintindex":0}}},{"from":[8.0,9.373554,17.597366],"to":[8.0,9.659269,18.580223],"rotation":{"angle":45.0,"axis":"x","origin":[8.0,7.3540835,8.264557]},"faces":{"east":{"uv":[7.0,2.4375,7.125,2.5],"rotation":0,"texture":"#0","tintindex":0},"south":{"uv":[0.0,0.0,0.0,0.0625],"rotation":0,"texture":"#0","tintindex":0},"north":{"uv":[0.0,0.0,0.0,0.0625],"rotation":0,"texture":"#0","tintindex":0},"west":{"uv":[7.125,3.25,7.25,3.3125],"rotation":0,"texture":"#0","tintindex":0},"up":{"uv":[0.0,0.125,0.0,0.0],"rotation":0,"texture":"#0","tintindex":0},"down":{"uv":[0.0,0.0,0.0,0.125],"rotation":0,"texture":"#0","tintindex":0}}},{"from":[8.0,7.659269,17.597366],"to":[8.0,8.516412,18.088795],"rotation":{"angle":45.0,"axis":"x","origin":[8.0,7.3540835,8.264557]},"faces":{"east":{"uv":[6.375,3.5625,6.4375,3.6875],"rotation":0,"texture":"#0","tintindex":0},"south":{"uv":[0.0,0.0,0.0,0.125],"rotation":0,"texture":"#0","tintindex":0},"north":{"uv":[0.0,0.0,0.0,0.125],"rotation":0,"texture":"#0","tintindex":0},"west":{"uv":[6.9375,2.0,7.0,2.125],"rotation":0,"texture":"#0","tintindex":0},"up":{"uv":[0.0,0.0625,0.0,0.0],"rotation":0,"texture":"#0","tintindex":0},"down":{"uv":[0.0,0.0,0.0,0.0625],"rotation":0,"texture":"#0","tintindex":0}}},{"from":[8.0,8.516412,18.088795],"to":[8.0,9.08784,18.948795],"rotation":{"angle":45.0,"axis":"x","origin":[8.0,7.3540835,8.264557]},"faces":{"east":{"uv":[7.125,3.3125,7.25,3.375],"rotation":0,"texture":"#0","tintindex":0},"south":{"uv":[0.0,0.0,0.0,0.0625],"rotation":0,"texture":"#0","tintindex":0},"north":{"uv":[0.0,0.0,0.0,0.0625],"rotation":0,"texture":"#0","tintindex":0},"west":{"uv":[7.25,1.875,7.375,1.9375],"rotation":0,"texture":"#0","tintindex":0},"up":{"uv":[0.0,0.125,0.0,0.0],"rotation":0,"texture":"#0","tintindex":0},"down":{"uv":[0.0,0.0,0.0,0.125],"rotation":0,"texture":"#0","tintindex":0}}},{"from":[8.0,7.373554,18.088795],"to":[8.0,7.944983,18.948795],"rotation":{"angle":45.0,"axis":"x","origin":[8.0,7.3540835,8.264557]},"faces":{"east":{"uv":[7.25,1.9375,7.375,2.0],"rotation":0,"texture":"#0","tintindex":0},"south":{"uv":[0.0,0.0,0.0,0.0625],"rotation":0,"texture":"#0","tintindex":0},"north":{"uv":[0.0,0.0,0.0,0.0625],"rotation":0,"texture":"#0","tintindex":0},"west":{"uv":[7.25,3.25,7.375,3.3125],"rotation":0,"texture":"#0","tintindex":0},"up":{"uv":[0.0,0.125,0.0,0.0],"rotation":0,"texture":"#0","tintindex":0},"down":{"uv":[0.0,0.0,0.0,0.125],"rotation":0,"texture":"#0","tintindex":0}}}],"display":{"head":{"translation":[0.0,-6.4,0.0],"scale":[4.0,4.0,4.0]}}}