{"textures":{"0":"minecraft:modelengine/entity/epcom_ephant_default"},"elements":[{"from":[7.285714,7.475327,6.7186546],"to":[8.714286,8.475327,8.684369],"rotation":{"angle":0.0,"axis":"y","origin":[8.0,8.647734,5.5433874]},"faces":{"east":{"uv":[5.5,3.75,5.75,3.875],"rotation":0,"texture":"#0","tintindex":0},"south":{"uv":[6.75,2.0,6.9375,2.125],"rotation":0,"texture":"#0","tintindex":0},"north":{"uv":[6.25,3.75,6.4375,3.875],"rotation":0,"texture":"#0","tintindex":0},"west":{"uv":[5.5,3.75,5.75,3.875],"rotation":0,"texture":"#0","tintindex":0},"up":{"uv":[7.4375,1.875,7.25,1.625],"rotation":0,"texture":"#0","tintindex":0},"down":{"uv":[5.6875,8.125,5.5,8.375],"rotation":0,"texture":"#0","tintindex":0}}}],"display":{"head":{"translation":[0.0,-6.4,0.0],"scale":[4.0,4.0,4.0]}}}