{"textures":{"0":"minecraft:modelengine/entity/epcom_ephant_default"},"elements":[{"from":[7.285714,5.142857,7.017143],"to":[8.714286,10.857143,8.982857],"rotation":{"angle":0.0,"axis":"y","origin":[8.0,8.6809845,7.5712767]},"faces":{"east":{"uv":[1.25,8.0625,1.5,8.6875],"rotation":0,"texture":"#0","tintindex":0},"south":{"uv":[8.0625,5.125,8.25,5.75],"rotation":0,"texture":"#0","tintindex":0},"north":{"uv":[4.75,8.0625,4.9375,8.6875],"rotation":0,"texture":"#0","tintindex":0},"west":{"uv":[1.25,8.0625,1.5,8.6875],"rotation":0,"texture":"#0","tintindex":0},"up":{"uv":[7.0625,1.125,6.875,0.875],"rotation":0,"texture":"#0","tintindex":0},"down":{"uv":[7.25,0.875,7.0625,1.125],"rotation":0,"texture":"#0","tintindex":0}}}],"display":{"head":{"translation":[0.0,-6.4,0.0],"scale":[4.0,4.0,4.0]}}}