{"textures":{"0":"minecraft:modelengine/entity/epcom_ephant_default"},"elements":[{"from":[6.285714,5.868885,5.9512167],"to":[9.714286,10.440314,8.654075],"rotation":{"angle":0.0,"axis":"y","origin":[8.0,9.963221,6.559452]},"faces":{"east":{"uv":[8.0625,1.4375,8.4375,1.9375],"rotation":0,"texture":"#0","tintindex":0},"south":{"uv":[0.875,8.0625,1.25,8.5625],"rotation":0,"texture":"#0","tintindex":0},"north":{"uv":[3.875,1.75,4.25,2.25],"rotation":0,"texture":"#0","tintindex":0},"west":{"uv":[8.0625,1.4375,8.4375,1.9375],"rotation":0,"texture":"#0","tintindex":0},"up":{"uv":[4.25,2.625,3.875,2.25],"rotation":0,"texture":"#0","tintindex":0},"down":{"uv":[7.8125,7.0,7.4375,7.375],"rotation":0,"texture":"#0","tintindex":0}}}],"display":{"head":{"translation":[0.0,-6.4,0.0],"scale":[4.0,4.0,4.0]}}}