{"textures":{"0":"minecraft:modelengine/entity/epcom_ephant_default"},"elements":[{"from":[5.285714,5.214286,6.1571426],"to":[10.714286,9.071428,9.842857],"rotation":{"angle":0.0,"axis":"y","origin":[8.0,9.070975,7.089651]},"faces":{"east":{"uv":[1.0,7.625,1.5,8.0625],"rotation":0,"texture":"#0","tintindex":0},"south":{"uv":[7.4375,6.0625,8.0625,6.5],"rotation":0,"texture":"#0","tintindex":0},"north":{"uv":[7.4375,5.625,8.0625,6.0625],"rotation":0,"texture":"#0","tintindex":0},"west":{"uv":[1.0,7.625,1.5,8.0625],"rotation":0,"texture":"#0","tintindex":0},"up":{"uv":[7.75,3.25,7.125,2.75],"rotation":0,"texture":"#0","tintindex":0},"down":{"uv":[8.0625,5.125,7.4375,5.625],"rotation":0,"texture":"#0","tintindex":0}}}],"display":{"head":{"translation":[0.0,-6.4,0.0],"scale":[4.0,4.0,4.0]}}}