{"textures":{"0":"minecraft:modelengine/entity/turret_tier4"},"elements":[{"from":[3.170587,8.00679,14.793623],"to":[10.715416,10.328277,18.159779],"rotation":{"angle":-22.5,"axis":"y","origin":[10.135045,3.3638191,11.19532]},"faces":{"east":{"uv":[6.0,9.25,6.375,9.5],"rotation":0,"texture":"#0","tintindex":0},"south":{"uv":[7.75,5.25,8.625,5.5],"rotation":0,"texture":"#0","tintindex":0},"north":{"uv":[7.75,5.0,8.625,5.25],"rotation":0,"texture":"#0","tintindex":0},"west":{"uv":[6.5,9.25,6.875,9.5],"rotation":0,"texture":"#0","tintindex":0},"up":{"uv":[4.875,5.625,4.0,5.25],"rotation":0,"texture":"#0","tintindex":0},"down":{"uv":[5.875,5.25,5.0,5.625],"rotation":0,"texture":"#0","tintindex":0}}},{"from":[5.284584,8.00679,14.793623],"to":[12.829412,10.328277,18.159779],"rotation":{"angle":22.5,"axis":"y","origin":[5.864955,3.3638191,11.19532]},"faces":{"east":{"uv":[9.25,5.25,9.625,5.5],"rotation":0,"texture":"#0","tintindex":0},"south":{"uv":[7.75,3.25,8.625,3.5],"rotation":0,"texture":"#0","tintindex":0},"north":{"uv":[7.75,3.0,8.625,3.25],"rotation":0,"texture":"#0","tintindex":0},"west":{"uv":[5.5,9.25,5.875,9.5],"rotation":0,"texture":"#0","tintindex":0},"up":{"uv":[6.125,1.375,5.25,1.0],"rotation":0,"texture":"#0","tintindex":0},"down":{"uv":[2.875,5.25,2.0,5.625],"rotation":0,"texture":"#0","tintindex":0}}},{"from":[13.733348,8.00679,4.2243085],"to":[17.099503,10.328277,11.769137],"rotation":{"angle":-22.5,"axis":"y","origin":[8.0,3.3638191,8.0]},"faces":{"east":{"uv":[7.5,7.75,8.375,8.0],"rotation":0,"texture":"#0","tintindex":0},"south":{"uv":[9.5,0.25,9.875,0.5],"rotation":0,"texture":"#0","tintindex":0},"north":{"uv":[0.25,9.5,0.625,9.75],"rotation":0,"texture":"#0","tintindex":0},"west":{"uv":[8.0,0.75,8.875,1.0],"rotation":0,"texture":"#0","tintindex":0},"up":{"uv":[2.375,6.625,2.0,5.75],"rotation":0,"texture":"#0","tintindex":0},"down":{"uv":[2.875,5.75,2.5,6.625],"rotation":0,"texture":"#0","tintindex":0}}},{"from":[-1.0995026,8.00679,4.2243085],"to":[2.266652,10.328277,11.769137],"rotation":{"angle":22.5,"axis":"y","origin":[8.0,3.3638191,8.0]},"faces":{"east":{"uv":[7.75,5.75,8.625,6.0],"rotation":0,"texture":"#0","tintindex":0},"south":{"uv":[9.0,9.25,9.375,9.5],"rotation":0,"texture":"#0","tintindex":0},"north":{"uv":[9.25,8.75,9.625,9.0],"rotation":0,"texture":"#0","tintindex":0},"west":{"uv":[6.5,7.75,7.375,8.0],"rotation":0,"texture":"#0","tintindex":0},"up":{"uv":[0.375,6.625,0.0,5.75],"rotation":0,"texture":"#0","tintindex":0},"down":{"uv":[0.875,5.75,0.5,6.625],"rotation":0,"texture":"#0","tintindex":0}}},{"from":[5.6375875,9.885307,13.910452],"to":[12.20159,12.624661,16.839006],"rotation":{"angle":22.5,"axis":"y","origin":[6.1425114,12.253223,10.779928]},"faces":{"east":{"uv":[6.5,9.5,6.875,9.75],"rotation":0,"texture":"#0","tintindex":0},"south":{"uv":[8.5,0.5,9.25,0.75],"rotation":0,"texture":"#0","tintindex":0},"north":{"uv":[0.0,8.5,0.75,8.75],"rotation":0,"texture":"#0","tintindex":0},"west":{"uv":[9.5,6.75,9.875,7.0],"rotation":0,"texture":"#0","tintindex":0},"up":{"uv":[7.0,7.125,6.25,6.75],"rotation":0,"texture":"#0","tintindex":0},"down":{"uv":[7.75,2.0,7.0,2.375],"rotation":0,"texture":"#0","tintindex":0}}},{"from":[3.798411,9.885307,13.910452],"to":[10.362412,12.624661,16.839006],"rotation":{"angle":-22.5,"axis":"y","origin":[9.857489,12.253223,10.779928]},"faces":{"east":{"uv":[9.5,5.75,9.875,6.0],"rotation":0,"texture":"#0","tintindex":0},"south":{"uv":[8.25,8.25,9.0,8.5],"rotation":0,"texture":"#0","tintindex":0},"north":{"uv":[8.25,7.5,9.0,7.75],"rotation":0,"texture":"#0","tintindex":0},"west":{"uv":[6.0,9.5,6.375,9.75],"rotation":0,"texture":"#0","tintindex":0},"up":{"uv":[7.5,1.875,6.75,1.5],"rotation":0,"texture":"#0","tintindex":0},"down":{"uv":[6.25,6.75,5.5,7.125],"rotation":0,"texture":"#0","tintindex":0}}},{"from":[0.08343315,9.885307,4.715148],"to":[3.0119872,12.624661,11.279149],"rotation":{"angle":22.5,"axis":"y","origin":[8.0,12.253223,8.0]},"faces":{"east":{"uv":[8.25,6.5,9.0,6.75],"rotation":0,"texture":"#0","tintindex":0},"south":{"uv":[5.0,9.5,5.375,9.75],"rotation":0,"texture":"#0","tintindex":0},"north":{"uv":[9.5,3.25,9.875,3.5],"rotation":0,"texture":"#0","tintindex":0},"west":{"uv":[6.75,8.25,7.5,8.5],"rotation":0,"texture":"#0","tintindex":0},"up":{"uv":[3.375,7.5,3.0,6.75],"rotation":0,"texture":"#0","tintindex":0},"down":{"uv":[4.375,6.75,4.0,7.5],"rotation":0,"texture":"#0","tintindex":0}}},{"from":[12.988012,9.885307,4.715148],"to":[15.916567,12.624661,11.279149],"rotation":{"angle":-22.5,"axis":"y","origin":[8.0,12.253223,8.0]},"faces":{"east":{"uv":[3.75,2.25,4.5,2.5],"rotation":0,"texture":"#0","tintindex":0},"south":{"uv":[1.25,9.5,1.625,9.75],"rotation":0,"texture":"#0","tintindex":0},"north":{"uv":[0.75,9.5,1.125,9.75],"rotation":0,"texture":"#0","tintindex":0},"west":{"uv":[6.0,8.25,6.75,8.5],"rotation":0,"texture":"#0","tintindex":0},"up":{"uv":[7.125,1.5,6.75,0.75],"rotation":0,"texture":"#0","tintindex":0},"down":{"uv":[1.875,6.75,1.5,7.5],"rotation":0,"texture":"#0","tintindex":0}}},{"from":[12.988012,9.885307,4.720851],"to":[15.916567,12.624661,11.284852],"rotation":{"angle":22.5,"axis":"y","origin":[8.0,12.253223,8.0]},"faces":{"east":{"uv":[4.5,2.25,3.75,2.5],"rotation":0,"texture":"#0","tintindex":0},"south":{"uv":[1.125,9.5,0.75,9.75],"rotation":0,"texture":"#0","tintindex":0},"north":{"uv":[1.625,9.5,1.25,9.75],"rotation":0,"texture":"#0","tintindex":0},"west":{"uv":[6.75,8.25,6.0,8.5],"rotation":0,"texture":"#0","tintindex":0},"up":{"uv":[7.125,0.75,6.75,1.5],"rotation":0,"texture":"#0","tintindex":0},"down":{"uv":[1.875,7.5,1.5,6.75],"rotation":0,"texture":"#0","tintindex":0}}},{"from":[5.6375875,9.885307,-0.8390064],"to":[12.20159,12.624661,2.0895476],"rotation":{"angle":-22.5,"axis":"y","origin":[6.1425114,12.253223,5.2200713]},"faces":{"east":{"uv":[6.875,9.5,6.5,9.75],"rotation":0,"texture":"#0","tintindex":0},"south":{"uv":[0.75,8.5,0.0,8.75],"rotation":0,"texture":"#0","tintindex":0},"north":{"uv":[9.25,0.5,8.5,0.75],"rotation":0,"texture":"#0","tintindex":0},"west":{"uv":[9.875,6.75,9.5,7.0],"rotation":0,"texture":"#0","tintindex":0},"up":{"uv":[7.0,6.75,6.25,7.125],"rotation":0,"texture":"#0","tintindex":0},"down":{"uv":[7.75,2.375,7.0,2.0],"rotation":0,"texture":"#0","tintindex":0}}},{"from":[5.284584,8.00679,-2.1597776],"to":[12.829412,10.328277,1.206377],"rotation":{"angle":-22.5,"axis":"y","origin":[5.864955,3.3638191,4.80468]},"faces":{"east":{"uv":[9.625,5.25,9.25,5.5],"rotation":0,"texture":"#0","tintindex":0},"south":{"uv":[8.625,3.0,7.75,3.25],"rotation":0,"texture":"#0","tintindex":0},"north":{"uv":[8.625,3.25,7.75,3.5],"rotation":0,"texture":"#0","tintindex":0},"west":{"uv":[5.875,9.25,5.5,9.5],"rotation":0,"texture":"#0","tintindex":0},"up":{"uv":[6.125,1.0,5.25,1.375],"rotation":0,"texture":"#0","tintindex":0},"down":{"uv":[2.875,5.625,2.0,5.25],"rotation":0,"texture":"#0","tintindex":0}}},{"from":[13.733348,8.00679,4.2308626],"to":[17.099503,10.328277,11.775692],"rotation":{"angle":22.5,"axis":"y","origin":[8.0,3.3638191,8.0]},"faces":{"east":{"uv":[8.375,7.75,7.5,8.0],"rotation":0,"texture":"#0","tintindex":0},"south":{"uv":[0.625,9.5,0.25,9.75],"rotation":0,"texture":"#0","tintindex":0},"north":{"uv":[9.875,0.25,9.5,0.5],"rotation":0,"texture":"#0","tintindex":0},"west":{"uv":[8.875,0.75,8.0,1.0],"rotation":0,"texture":"#0","tintindex":0},"up":{"uv":[2.375,5.75,2.0,6.625],"rotation":0,"texture":"#0","tintindex":0},"down":{"uv":[2.875,6.625,2.5,5.75],"rotation":0,"texture":"#0","tintindex":0}}},{"from":[3.798411,9.885307,-0.8390064],"to":[10.362412,12.624661,2.0895476],"rotation":{"angle":22.5,"axis":"y","origin":[9.857489,12.253223,5.2200713]},"faces":{"east":{"uv":[9.875,5.75,9.5,6.0],"rotation":0,"texture":"#0","tintindex":0},"south":{"uv":[9.0,7.5,8.25,7.75],"rotation":0,"texture":"#0","tintindex":0},"north":{"uv":[9.0,8.25,8.25,8.5],"rotation":0,"texture":"#0","tintindex":0},"west":{"uv":[6.375,9.5,6.0,9.75],"rotation":0,"texture":"#0","tintindex":0},"up":{"uv":[7.5,1.5,6.75,1.875],"rotation":0,"texture":"#0","tintindex":0},"down":{"uv":[6.25,7.125,5.5,6.75],"rotation":0,"texture":"#0","tintindex":0}}},{"from":[0.08343315,9.885307,4.720851],"to":[3.0119872,12.624661,11.284852],"rotation":{"angle":-22.5,"axis":"y","origin":[8.0,12.253223,8.0]},"faces":{"east":{"uv":[9.0,6.5,8.25,6.75],"rotation":0,"texture":"#0","tintindex":0},"south":{"uv":[9.875,3.25,9.5,3.5],"rotation":0,"texture":"#0","tintindex":0},"north":{"uv":[5.375,9.5,5.0,9.75],"rotation":0,"texture":"#0","tintindex":0},"west":{"uv":[7.5,8.25,6.75,8.5],"rotation":0,"texture":"#0","tintindex":0},"up":{"uv":[3.375,6.75,3.0,7.5],"rotation":0,"texture":"#0","tintindex":0},"down":{"uv":[4.375,7.5,4.0,6.75],"rotation":0,"texture":"#0","tintindex":0}}},{"from":[3.170587,8.00679,-2.1597776],"to":[10.715416,10.328277,1.206377],"rotation":{"angle":22.5,"axis":"y","origin":[10.135045,3.3638191,4.80468]},"faces":{"east":{"uv":[6.375,9.25,6.0,9.5],"rotation":0,"texture":"#0","tintindex":0},"south":{"uv":[8.625,5.0,7.75,5.25],"rotation":0,"texture":"#0","tintindex":0},"north":{"uv":[8.625,5.25,7.75,5.5],"rotation":0,"texture":"#0","tintindex":0},"west":{"uv":[6.875,9.25,6.5,9.5],"rotation":0,"texture":"#0","tintindex":0},"up":{"uv":[4.875,5.25,4.0,5.625],"rotation":0,"texture":"#0","tintindex":0},"down":{"uv":[5.875,5.625,5.0,5.25],"rotation":0,"texture":"#0","tintindex":0}}},{"from":[-1.0995026,8.00679,4.2308626],"to":[2.266652,10.328277,11.775692],"rotation":{"angle":-22.5,"axis":"y","origin":[8.0,3.3638191,8.0]},"faces":{"east":{"uv":[8.625,5.75,7.75,6.0],"rotation":0,"texture":"#0","tintindex":0},"south":{"uv":[9.625,8.75,9.25,9.0],"rotation":0,"texture":"#0","tintindex":0},"north":{"uv":[9.375,9.25,9.0,9.5],"rotation":0,"texture":"#0","tintindex":0},"west":{"uv":[7.375,7.75,6.5,8.0],"rotation":0,"texture":"#0","tintindex":0},"up":{"uv":[0.375,5.75,0.0,6.625],"rotation":0,"texture":"#0","tintindex":0},"down":{"uv":[0.875,6.625,0.5,5.75],"rotation":0,"texture":"#0","tintindex":0}}},{"from":[-2.249998,7.7903123,5.7365513],"to":[5.352868,10.866281,10.263449],"rotation":{"angle":-22.5,"axis":"z","origin":[8.0,10.949768,8.0]},"faces":{"east":{"uv":[1.5,8.75,2.0,9.125],"rotation":0,"texture":"#0","tintindex":0},"south":{"uv":[6.0,3.25,6.875,3.625],"rotation":0,"texture":"#0","tintindex":0},"north":{"uv":[6.0,2.75,6.875,3.125],"rotation":0,"texture":"#0","tintindex":0},"west":{"uv":[2.0,8.75,2.5,9.125],"rotation":0,"texture":"#0","tintindex":0},"up":{"uv":[0.875,5.25,0.0,4.75],"rotation":0,"texture":"#0","tintindex":0},"down":{"uv":[1.875,4.75,1.0,5.25],"rotation":0,"texture":"#0","tintindex":0}}},{"from":[-2.678835,8.00679,5.678514],"to":[3.647214,11.953317,10.3214855],"rotation":{"angle":0.0,"axis":"y","origin":[8.0,10.949768,8.0]},"faces":{"east":{"uv":[0.5,8.75,1.0,9.125],"rotation":0,"texture":"#0","tintindex":0},"south":{"uv":[4.75,7.5,5.375,7.875],"rotation":0,"texture":"#0","tintindex":0},"north":{"uv":[4.0,7.5,4.625,7.875],"rotation":0,"texture":"#0","tintindex":0},"west":{"uv":[1.0,8.75,1.5,9.125],"rotation":0,"texture":"#0","tintindex":0},"up":{"uv":[0.625,7.25,0.0,6.75],"rotation":0,"texture":"#0","tintindex":0},"down":{"uv":[1.375,6.75,0.75,7.25],"rotation":0,"texture":"#0","tintindex":0}}},{"from":[10.647132,7.7903123,5.7365513],"to":[18.249998,10.866281,10.263449],"rotation":{"angle":22.5,"axis":"z","origin":[8.0,10.949768,8.0]},"faces":{"east":{"uv":[2.5,8.75,2.0,9.125],"rotation":0,"texture":"#0","tintindex":0},"south":{"uv":[6.875,3.25,6.0,3.625],"rotation":0,"texture":"#0","tintindex":0},"north":{"uv":[6.875,2.75,6.0,3.125],"rotation":0,"texture":"#0","tintindex":0},"west":{"uv":[2.0,8.75,1.5,9.125],"rotation":0,"texture":"#0","tintindex":0},"up":{"uv":[0.0,5.25,0.875,4.75],"rotation":0,"texture":"#0","tintindex":0},"down":{"uv":[1.0,4.75,1.875,5.25],"rotation":0,"texture":"#0","tintindex":0}}},{"from":[12.352786,8.00679,5.678514],"to":[18.678835,11.953317,10.3214855],"rotation":{"angle":0.0,"axis":"y","origin":[8.0,10.949768,8.0]},"faces":{"east":{"uv":[1.5,8.75,1.0,9.125],"rotation":0,"texture":"#0","tintindex":0},"south":{"uv":[5.375,7.5,4.75,7.875],"rotation":0,"texture":"#0","tintindex":0},"north":{"uv":[4.625,7.5,4.0,7.875],"rotation":0,"texture":"#0","tintindex":0},"west":{"uv":[1.0,8.75,0.5,9.125],"rotation":0,"texture":"#0","tintindex":0},"up":{"uv":[0.0,7.25,0.625,6.75],"rotation":0,"texture":"#0","tintindex":0},"down":{"uv":[0.75,6.75,1.375,7.25],"rotation":0,"texture":"#0","tintindex":0}}},{"from":[5.545583,7.7903123,-2.4409666],"to":[10.07248,10.866281,5.1618996],"rotation":{"angle":22.5,"axis":"x","origin":[7.8090315,10.949768,7.8090315]},"faces":{"east":{"uv":[6.0,2.75,6.875,3.125],"rotation":0,"texture":"#0","tintindex":0},"south":{"uv":[1.5,8.75,2.0,9.125],"rotation":0,"texture":"#0","tintindex":0},"north":{"uv":[2.0,8.75,2.5,9.125],"rotation":0,"texture":"#0","tintindex":0},"west":{"uv":[6.0,3.25,6.875,3.625],"rotation":0,"texture":"#0","tintindex":0},"up":{"uv":[0.875,5.25,0.0,4.75],"rotation":90,"texture":"#0","tintindex":0},"down":{"uv":[1.875,4.75,1.0,5.25],"rotation":270,"texture":"#0","tintindex":0}}},{"from":[5.487546,8.00679,-2.8698025],"to":[10.130518,11.953317,3.456246],"rotation":{"angle":0.0,"axis":"y","origin":[7.8090315,10.949768,7.8090315]},"faces":{"east":{"uv":[4.0,7.5,4.625,7.875],"rotation":0,"texture":"#0","tintindex":0},"south":{"uv":[0.5,8.75,1.0,9.125],"rotation":0,"texture":"#0","tintindex":0},"north":{"uv":[1.0,8.75,1.5,9.125],"rotation":0,"texture":"#0","tintindex":0},"west":{"uv":[4.75,7.5,5.375,7.875],"rotation":0,"texture":"#0","tintindex":0},"up":{"uv":[0.625,7.25,0.0,6.75],"rotation":90,"texture":"#0","tintindex":0},"down":{"uv":[1.375,6.75,0.75,7.25],"rotation":270,"texture":"#0","tintindex":0}}},{"from":[5.545583,7.7903123,10.456163],"to":[10.07248,10.866281,18.05903],"rotation":{"angle":-22.5,"axis":"x","origin":[7.8090315,10.949768,7.8090315]},"faces":{"east":{"uv":[6.875,2.75,6.0,3.125],"rotation":0,"texture":"#0","tintindex":0},"south":{"uv":[2.5,8.75,2.0,9.125],"rotation":0,"texture":"#0","tintindex":0},"north":{"uv":[2.0,8.75,1.5,9.125],"rotation":0,"texture":"#0","tintindex":0},"west":{"uv":[6.875,3.25,6.0,3.625],"rotation":0,"texture":"#0","tintindex":0},"up":{"uv":[0.0,5.25,0.875,4.75],"rotation":90,"texture":"#0","tintindex":0},"down":{"uv":[1.0,4.75,1.875,5.25],"rotation":270,"texture":"#0","tintindex":0}}},{"from":[5.487546,8.00679,12.161818],"to":[10.130518,11.953317,18.487865],"rotation":{"angle":0.0,"axis":"y","origin":[7.8090315,10.949768,7.8090315]},"faces":{"east":{"uv":[4.625,7.5,4.0,7.875],"rotation":0,"texture":"#0","tintindex":0},"south":{"uv":[1.5,8.75,1.0,9.125],"rotation":0,"texture":"#0","tintindex":0},"north":{"uv":[1.0,8.75,0.5,9.125],"rotation":0,"texture":"#0","tintindex":0},"west":{"uv":[5.375,7.5,4.75,7.875],"rotation":0,"texture":"#0","tintindex":0},"up":{"uv":[0.0,7.25,0.625,6.75],"rotation":90,"texture":"#0","tintindex":0},"down":{"uv":[0.75,6.75,1.375,7.25],"rotation":270,"texture":"#0","tintindex":0}}}],"display":{"head":{"translation":[0.0,-6.4,0.0],"scale":[4.0,4.0,4.0]}}}