{"textures":{"0":"minecraft:modelengine/entity/turret_tier4"},"elements":[{"from":[7.0451593,7.024976,6.516359],"to":[8.953823,8.975024,14.316551],"rotation":{"angle":0.0,"axis":"y","origin":[8.000863,3.6274385,10.919014]},"faces":{"east":{"uv":[8.25,4.5,9.125,4.75],"rotation":0,"texture":"#0","tintindex":0},"south":{"uv":[5.25,10.0,5.5,10.25],"rotation":0,"texture":"#0","tintindex":0},"north":{"uv":[5.0,10.0,5.25,10.25],"rotation":0,"texture":"#0","tintindex":0},"west":{"uv":[8.25,4.75,9.125,5.0],"rotation":0,"texture":"#0","tintindex":0},"up":{"uv":[5.25,9.125,5.0,8.25],"rotation":0,"texture":"#0","tintindex":0},"down":{"uv":[5.5,8.25,5.25,9.125],"rotation":0,"texture":"#0","tintindex":0}}}],"display":{"head":{"translation":[0.0,-6.4,0.0],"scale":[4.0,4.0,4.0]}}}