{"textures":{"0":"minecraft:modelengine/entity/token_drill_tier1"},"elements":[{"from":[6.8150854,7.3050056,7.2853565],"to":[9.184915,8.968091,8.948442],"rotation":{"angle":0.0,"axis":"y","origin":[8.0,7.586541,4.787522]},"faces":{"east":{"uv":[4.375,1.375,4.75,1.75],"rotation":0,"texture":"#0","tintindex":0},"south":{"uv":[3.0,7.0,3.5,7.375],"rotation":0,"texture":"#0","tintindex":0},"north":{"uv":[0.875,6.0,1.375,6.375],"rotation":0,"texture":"#0","tintindex":0},"west":{"uv":[9.0,2.0,9.375,2.375],"rotation":0,"texture":"#0","tintindex":0},"up":{"uv":[9.25,1.375,8.75,1.0],"rotation":0,"texture":"#0","tintindex":0},"down":{"uv":[2.0,8.75,1.5,9.125],"rotation":0,"texture":"#0","tintindex":0}}},{"from":[6.714286,6.822263,7.060529],"to":[9.285714,9.279406,9.517673],"rotation":{"angle":0.0,"axis":"y","origin":[8.0,7.586541,4.787522]},"faces":{"east":{"uv":[4.5,6.375,5.0,6.875],"rotation":0,"texture":"#0","tintindex":0},"south":{"uv":[8.375,1.875,9.0,2.375],"rotation":0,"texture":"#0","tintindex":0},"north":{"uv":[8.375,1.375,9.0,1.875],"rotation":0,"texture":"#0","tintindex":0},"west":{"uv":[8.125,8.5,8.625,9.0],"rotation":0,"texture":"#0","tintindex":0},"up":{"uv":[9.0,2.875,8.375,2.375],"rotation":0,"texture":"#0","tintindex":0},"down":{"uv":[9.0,2.875,8.375,3.375],"rotation":0,"texture":"#0","tintindex":0}}},{"from":[10.050598,7.29072,6.641773],"to":[11.82797,8.982377,8.419145],"rotation":{"angle":-22.5,"axis":"y","origin":[8.0,7.586541,4.787522]},"faces":{"east":{"uv":[9.0,2.75,9.375,3.125],"rotation":0,"texture":"#0","tintindex":0},"south":{"uv":[4.875,9.0,5.25,9.375],"rotation":0,"texture":"#0","tintindex":0},"north":{"uv":[9.0,2.375,9.375,2.75],"rotation":0,"texture":"#0","tintindex":0},"west":{"uv":[5.25,9.0,5.625,9.375],"rotation":0,"texture":"#0","tintindex":0},"up":{"uv":[8.5,9.375,8.125,9.0],"rotation":0,"texture":"#0","tintindex":0},"down":{"uv":[8.875,9.0,8.5,9.375],"rotation":0,"texture":"#0","tintindex":0}}},{"from":[12.246174,7.276434,5.035726],"to":[13.875431,8.996663,6.8130975],"rotation":{"angle":-45.0,"axis":"y","origin":[8.0,7.586541,4.787522]},"faces":{"east":{"uv":[1.5,9.125,1.875,9.5],"rotation":0,"texture":"#0","tintindex":0},"south":{"uv":[1.875,9.125,2.25,9.5],"rotation":0,"texture":"#0","tintindex":0},"north":{"uv":[8.875,9.0,9.25,9.375],"rotation":0,"texture":"#0","tintindex":0},"west":{"uv":[2.25,9.125,2.625,9.5],"rotation":0,"texture":"#0","tintindex":0},"up":{"uv":[3.875,9.5,3.5,9.125],"rotation":0,"texture":"#0","tintindex":0},"down":{"uv":[9.5,5.875,9.125,6.25],"rotation":0,"texture":"#0","tintindex":0}}},{"from":[8.241748,7.2621484,10.310697],"to":[10.019119,9.010948,11.939953],"rotation":{"angle":22.5,"axis":"y","origin":[8.0,7.586541,4.787522]},"faces":{"east":{"uv":[9.25,1.0,9.625,1.375],"rotation":0,"texture":"#0","tintindex":0},"south":{"uv":[9.25,1.375,9.625,1.75],"rotation":0,"texture":"#0","tintindex":0},"north":{"uv":[9.125,7.5,9.5,7.875],"rotation":0,"texture":"#0","tintindex":0},"west":{"uv":[9.25,3.125,9.625,3.5],"rotation":0,"texture":"#0","tintindex":0},"up":{"uv":[9.625,3.875,9.25,3.5],"rotation":0,"texture":"#0","tintindex":0},"down":{"uv":[9.625,4.5,9.25,4.875],"rotation":0,"texture":"#0","tintindex":0}}},{"from":[10.884415,7.247863,10.622824],"to":[12.60254,9.025234,12.594938],"rotation":{"angle":0.0,"axis":"y","origin":[8.0,7.586541,4.787522]},"faces":{"east":{"uv":[9.375,0.0,9.75,0.375],"rotation":0,"texture":"#0","tintindex":0},"south":{"uv":[9.375,0.375,9.75,0.75],"rotation":0,"texture":"#0","tintindex":0},"north":{"uv":[9.25,9.0,9.625,9.375],"rotation":0,"texture":"#0","tintindex":0},"west":{"uv":[9.375,1.75,9.75,2.125],"rotation":0,"texture":"#0","tintindex":0},"up":{"uv":[9.75,2.5,9.375,2.125],"rotation":0,"texture":"#0","tintindex":0},"down":{"uv":[9.75,2.5,9.375,2.875],"rotation":0,"texture":"#0","tintindex":0}}},{"from":[2.1245685,7.276434,5.035726],"to":[3.7538261,8.996663,6.8130975],"rotation":{"angle":45.0,"axis":"y","origin":[8.0,7.586541,4.787522]},"faces":{"east":{"uv":[9.375,4.875,9.75,5.25],"rotation":0,"texture":"#0","tintindex":0},"south":{"uv":[5.25,9.375,5.625,9.75],"rotation":0,"texture":"#0","tintindex":0},"north":{"uv":[4.875,9.375,5.25,9.75],"rotation":0,"texture":"#0","tintindex":0},"west":{"uv":[5.625,9.375,6.0,9.75],"rotation":0,"texture":"#0","tintindex":0},"up":{"uv":[8.5,9.75,8.125,9.375],"rotation":0,"texture":"#0","tintindex":0},"down":{"uv":[8.875,9.375,8.5,9.75],"rotation":0,"texture":"#0","tintindex":0}}},{"from":[4.1720304,7.29072,6.641773],"to":[5.949402,8.982377,8.419145],"rotation":{"angle":22.5,"axis":"y","origin":[8.0,7.586541,4.787522]},"faces":{"east":{"uv":[8.875,9.375,9.25,9.75],"rotation":0,"texture":"#0","tintindex":0},"south":{"uv":[9.25,9.375,9.625,9.75],"rotation":0,"texture":"#0","tintindex":0},"north":{"uv":[9.375,8.5,9.75,8.875],"rotation":0,"texture":"#0","tintindex":0},"west":{"uv":[0.75,9.5,1.125,9.875],"rotation":0,"texture":"#0","tintindex":0},"up":{"uv":[1.5,9.875,1.125,9.5],"rotation":0,"texture":"#0","tintindex":0},"down":{"uv":[1.875,9.5,1.5,9.875],"rotation":0,"texture":"#0","tintindex":0}}},{"from":[5.9808807,7.2621484,10.310697],"to":[7.758252,9.010948,11.939953],"rotation":{"angle":-22.5,"axis":"y","origin":[8.0,7.586541,4.787522]},"faces":{"east":{"uv":[2.25,9.5,2.625,9.875],"rotation":0,"texture":"#0","tintindex":0},"south":{"uv":[2.625,9.5,3.0,9.875],"rotation":0,"texture":"#0","tintindex":0},"north":{"uv":[1.875,9.5,2.25,9.875],"rotation":0,"texture":"#0","tintindex":0},"west":{"uv":[3.0,9.5,3.375,9.875],"rotation":0,"texture":"#0","tintindex":0},"up":{"uv":[3.75,9.875,3.375,9.5],"rotation":0,"texture":"#0","tintindex":0},"down":{"uv":[4.125,9.5,3.75,9.875],"rotation":0,"texture":"#0","tintindex":0}}},{"from":[3.39746,7.247863,10.622824],"to":[5.115586,9.025234,12.594938],"rotation":{"angle":0.0,"axis":"y","origin":[8.0,7.586541,4.787522]},"faces":{"east":{"uv":[4.125,9.5,4.5,9.875],"rotation":0,"texture":"#0","tintindex":0},"south":{"uv":[4.5,9.5,4.875,9.875],"rotation":0,"texture":"#0","tintindex":0},"north":{"uv":[9.5,3.875,9.875,4.25],"rotation":0,"texture":"#0","tintindex":0},"west":{"uv":[9.5,5.25,9.875,5.625],"rotation":0,"texture":"#0","tintindex":0},"up":{"uv":[9.875,6.0,9.5,5.625],"rotation":0,"texture":"#0","tintindex":0},"down":{"uv":[6.375,9.5,6.0,9.875],"rotation":0,"texture":"#0","tintindex":0}}},{"from":[3.3403172,9.957376,11.369598],"to":[5.1727285,11.906176,15.541027],"rotation":{"angle":22.5,"axis":"x","origin":[8.0,7.586541,4.787522]},"faces":{"east":{"uv":[3.5,1.375,4.375,1.75],"rotation":0,"texture":"#0","tintindex":0},"south":{"uv":[6.375,9.5,6.75,9.875],"rotation":0,"texture":"#0","tintindex":0},"north":{"uv":[9.5,6.0,9.875,6.375],"rotation":0,"texture":"#0","tintindex":0},"west":{"uv":[0.0,6.0,0.875,6.375],"rotation":0,"texture":"#0","tintindex":0},"up":{"uv":[1.875,8.75,1.5,7.875],"rotation":0,"texture":"#0","tintindex":0},"down":{"uv":[2.25,7.875,1.875,8.75],"rotation":0,"texture":"#0","tintindex":0}}},{"from":[10.827271,9.957376,11.369598],"to":[12.659683,11.906176,15.541027],"rotation":{"angle":22.5,"axis":"x","origin":[8.0,7.586541,4.787522]},"faces":{"east":{"uv":[7.75,7.125,8.625,7.5],"rotation":0,"texture":"#0","tintindex":0},"south":{"uv":[7.125,9.5,7.5,9.875],"rotation":0,"texture":"#0","tintindex":0},"north":{"uv":[6.75,9.5,7.125,9.875],"rotation":0,"texture":"#0","tintindex":0},"west":{"uv":[4.5,7.875,5.375,8.25],"rotation":0,"texture":"#0","tintindex":0},"up":{"uv":[8.25,8.375,7.875,7.5],"rotation":0,"texture":"#0","tintindex":0},"down":{"uv":[8.375,1.5,8.0,2.375],"rotation":0,"texture":"#0","tintindex":0}}}],"display":{"head":{"translation":[0.0,-6.4,0.0],"scale":[4.0,4.0,4.0]}}}