{"textures":{"0":"minecraft:modelengine/entity/token_drill_tier1"},"elements":[{"from":[7.286725,5.798915,5.7915964],"to":[8.620018,10.215723,10.208404],"rotation":{"angle":0.0,"axis":"y","origin":[13.288229,10.451597,12.812708]},"faces":{"east":{"uv":[7.75,5.5,6.75,6.5],"rotation":0,"texture":"#0","tintindex":0},"south":{"uv":[4.375,8.5,4.125,9.5],"rotation":0,"texture":"#0","tintindex":0},"north":{"uv":[4.125,8.5,3.875,9.5],"rotation":0,"texture":"#0","tintindex":0},"west":{"uv":[7.5,4.5,6.5,5.5],"rotation":0,"texture":"#0","tintindex":0},"up":{"uv":[7.0,9.5,7.25,8.5],"rotation":0,"texture":"#0","tintindex":0},"down":{"uv":[7.25,8.5,7.5,9.5],"rotation":0,"texture":"#0","tintindex":0}}},{"from":[6.8204393,7.3532004,7.345882],"to":[10.018875,8.661437,8.654118],"rotation":{"angle":0.0,"axis":"y","origin":[13.288229,10.451597,12.812708]},"faces":{"east":{"uv":[10.5,10.0,10.25,10.25],"rotation":0,"texture":"#0","tintindex":0},"south":{"uv":[9.375,7.125,8.625,7.375],"rotation":0,"texture":"#0","tintindex":0},"north":{"uv":[9.375,6.75,8.625,7.0],"rotation":0,"texture":"#0","tintindex":0},"west":{"uv":[10.25,10.25,10.0,10.5],"rotation":0,"texture":"#0","tintindex":0},"up":{"uv":[8.625,8.75,9.375,8.5],"rotation":0,"texture":"#0","tintindex":0},"down":{"uv":[8.75,0.75,9.5,1.0],"rotation":0,"texture":"#0","tintindex":0}}},{"from":[7.3235316,11.889952,6.235781],"to":[8.583211,12.92054,8.628219],"rotation":{"angle":-22.5,"axis":"x","origin":[13.288229,10.451597,12.812708]},"faces":{"east":{"uv":[9.875,2.875,9.375,3.125],"rotation":0,"texture":"#0","tintindex":0},"south":{"uv":[9.5,3.875,9.25,4.125],"rotation":0,"texture":"#0","tintindex":0},"north":{"uv":[9.25,3.125,9.0,3.375],"rotation":0,"texture":"#0","tintindex":0},"west":{"uv":[9.625,7.875,9.125,8.125],"rotation":0,"texture":"#0","tintindex":0},"up":{"uv":[7.5,10.0,7.75,9.5],"rotation":0,"texture":"#0","tintindex":0},"down":{"uv":[7.75,9.5,8.0,10.0],"rotation":0,"texture":"#0","tintindex":0}}},{"from":[7.3235316,8.206465,8.104472],"to":[8.583211,9.237054,10.49691],"rotation":{"angle":22.5,"axis":"x","origin":[13.288229,10.451597,12.812708]},"faces":{"east":{"uv":[9.875,7.125,9.375,7.375],"rotation":0,"texture":"#0","tintindex":0},"south":{"uv":[10.5,5.0,10.25,5.25],"rotation":0,"texture":"#0","tintindex":0},"north":{"uv":[10.375,9.5,10.125,9.75],"rotation":0,"texture":"#0","tintindex":0},"west":{"uv":[9.875,6.75,9.375,7.0],"rotation":0,"texture":"#0","tintindex":0},"up":{"uv":[0.0,10.125,0.25,9.625],"rotation":0,"texture":"#0","tintindex":0},"down":{"uv":[0.25,9.625,0.5,10.125],"rotation":0,"texture":"#0","tintindex":0}}},{"from":[7.3235316,3.466216,8.106551],"to":[8.583211,4.4968047,10.498988],"rotation":{"angle":22.5,"axis":"x","origin":[13.288229,10.451597,12.812708]},"faces":{"east":{"uv":[10.25,8.5,9.75,8.75],"rotation":0,"texture":"#0","tintindex":0},"south":{"uv":[10.5,9.75,10.25,10.0],"rotation":0,"texture":"#0","tintindex":0},"north":{"uv":[9.375,10.25,9.125,10.5],"rotation":0,"texture":"#0","tintindex":0},"west":{"uv":[10.25,5.0,9.75,5.25],"rotation":0,"texture":"#0","tintindex":0},"up":{"uv":[8.75,10.25,9.0,9.75],"rotation":0,"texture":"#0","tintindex":0},"down":{"uv":[9.0,9.75,9.25,10.25],"rotation":0,"texture":"#0","tintindex":0}}},{"from":[7.3235316,7.149703,6.2337027],"to":[8.583211,8.180291,8.626141],"rotation":{"angle":-22.5,"axis":"x","origin":[13.288229,10.451597,12.812708]},"faces":{"east":{"uv":[10.25,0.5,9.75,0.75],"rotation":0,"texture":"#0","tintindex":0},"south":{"uv":[9.125,10.25,8.875,10.5],"rotation":0,"texture":"#0","tintindex":0},"north":{"uv":[8.875,10.25,8.625,10.5],"rotation":0,"texture":"#0","tintindex":0},"west":{"uv":[10.125,3.625,9.625,3.875],"rotation":0,"texture":"#0","tintindex":0},"up":{"uv":[8.25,10.25,8.5,9.75],"rotation":0,"texture":"#0","tintindex":0},"down":{"uv":[8.5,9.75,8.75,10.25],"rotation":0,"texture":"#0","tintindex":0}}},{"from":[7.3235316,5.1465535,11.180467],"to":[8.583211,7.538991,12.211055],"rotation":{"angle":22.5,"axis":"x","origin":[13.288229,10.451597,12.812708]},"faces":{"east":{"uv":[10.0,0.0,9.75,0.5],"rotation":0,"texture":"#0","tintindex":0},"south":{"uv":[9.875,9.375,9.625,9.875],"rotation":0,"texture":"#0","tintindex":0},"north":{"uv":[9.875,7.5,9.625,8.0],"rotation":0,"texture":"#0","tintindex":0},"west":{"uv":[9.875,8.875,9.625,9.375],"rotation":0,"texture":"#0","tintindex":0},"up":{"uv":[10.25,6.5,10.5,6.25],"rotation":0,"texture":"#0","tintindex":0},"down":{"uv":[10.25,7.625,10.5,7.875],"rotation":0,"texture":"#0","tintindex":0}}},{"from":[7.3235316,8.813958,9.295692],"to":[8.583211,11.206395,10.326282],"rotation":{"angle":-22.5,"axis":"x","origin":[13.288229,10.451597,12.812708]},"faces":{"east":{"uv":[9.875,3.125,9.625,3.625],"rotation":0,"texture":"#0","tintindex":0},"south":{"uv":[9.875,1.25,9.625,1.75],"rotation":0,"texture":"#0","tintindex":0},"north":{"uv":[0.75,9.625,0.5,10.125],"rotation":0,"texture":"#0","tintindex":0},"west":{"uv":[9.875,0.75,9.625,1.25],"rotation":0,"texture":"#0","tintindex":0},"up":{"uv":[5.25,10.5,5.5,10.25],"rotation":0,"texture":"#0","tintindex":0},"down":{"uv":[5.5,10.25,5.75,10.5],"rotation":0,"texture":"#0","tintindex":0}}},{"from":[7.3235316,8.83004,4.521636],"to":[8.583211,11.222477,5.552224],"rotation":{"angle":-22.5,"axis":"x","origin":[13.288229,10.451597,12.812708]},"faces":{"east":{"uv":[8.25,9.75,8.0,10.25],"rotation":0,"texture":"#0","tintindex":0},"south":{"uv":[5.875,9.75,5.625,10.25],"rotation":0,"texture":"#0","tintindex":0},"north":{"uv":[5.375,9.75,5.125,10.25],"rotation":0,"texture":"#0","tintindex":0},"west":{"uv":[5.625,9.75,5.375,10.25],"rotation":0,"texture":"#0","tintindex":0},"up":{"uv":[8.375,10.5,8.625,10.25],"rotation":0,"texture":"#0","tintindex":0},"down":{"uv":[10.25,8.375,10.5,8.625],"rotation":0,"texture":"#0","tintindex":0}}},{"from":[7.3235316,5.130471,6.4064097],"to":[8.583211,7.5229087,7.4369984],"rotation":{"angle":22.5,"axis":"x","origin":[13.288229,10.451597,12.812708]},"faces":{"east":{"uv":[5.125,9.75,4.875,10.25],"rotation":0,"texture":"#0","tintindex":0},"south":{"uv":[10.0,4.5,9.75,5.0],"rotation":0,"texture":"#0","tintindex":0},"north":{"uv":[10.0,1.75,9.75,2.25],"rotation":0,"texture":"#0","tintindex":0},"west":{"uv":[10.0,2.25,9.75,2.75],"rotation":0,"texture":"#0","tintindex":0},"up":{"uv":[7.875,10.5,8.125,10.25],"rotation":0,"texture":"#0","tintindex":0},"down":{"uv":[8.125,10.25,8.375,10.5],"rotation":0,"texture":"#0","tintindex":0}}}],"display":{"head":{"translation":[0.0,-6.4,0.0],"scale":[4.0,4.0,4.0]}}}