{"textures":{"0":"minecraft:modelengine/entity/claw_tier4"},"elements":[{"from":[-1.4104118,5.0898905,5.377863],"to":[1.5584574,8.13298,10.622137],"rotation":{"angle":0.0,"axis":"y","origin":[0.07402325,6.6114354,8.0]},"faces":{"east":{"uv":[13.875,4.3125,14.03125,4.40625],"rotation":0,"texture":"#0","tintindex":0},"south":{"uv":[12.5,6.1875,12.59375,6.28125],"rotation":0,"texture":"#0","tintindex":0},"north":{"uv":[14.1875,4.4375,14.28125,4.53125],"rotation":0,"texture":"#0","tintindex":0},"west":{"uv":[13.875,5.0625,14.03125,5.15625],"rotation":0,"texture":"#0","tintindex":0},"up":{"uv":[13.96875,5.34375,13.875,5.1875],"rotation":0,"texture":"#0","tintindex":0},"down":{"uv":[13.90625,5.875,13.8125,6.03125],"rotation":0,"texture":"#0","tintindex":0}}},{"from":[0.5778284,5.052779,0.5778284],"to":[15.422172,8.12061,15.422172],"rotation":{"angle":0.0,"axis":"y","origin":[8.0,6.5866947,8.0]},"faces":{"east":{"uv":[12.6875,2.5,13.15625,2.59375],"rotation":0,"texture":"#0","tintindex":0},"south":{"uv":[12.6875,3.1875,13.15625,3.28125],"rotation":0,"texture":"#0","tintindex":0},"north":{"uv":[12.6875,0.8125,13.15625,0.90625],"rotation":0,"texture":"#0","tintindex":0},"west":{"uv":[12.6875,3.3125,13.15625,3.40625],"rotation":0,"texture":"#0","tintindex":0},"up":{"uv":[8.46875,2.34375,8.0,1.875],"rotation":0,"texture":"#0","tintindex":0},"down":{"uv":[10.34375,0.0,9.875,0.46875],"rotation":0,"texture":"#0","tintindex":0}}},{"from":[-0.52928734,5.0898905,0.948154],"to":[2.4395814,8.0835,6.1436744],"rotation":{"angle":-22.5,"axis":"y","origin":[0.9551468,6.5866947,3.5459142]},"faces":{"east":{"uv":[8.125,5.9375,8.28125,6.03125],"rotation":0,"texture":"#0","tintindex":0},"south":{"uv":[12.625,6.1875,12.71875,6.28125],"rotation":0,"texture":"#0","tintindex":0},"north":{"uv":[14.1875,4.5625,14.28125,4.65625],"rotation":0,"texture":"#0","tintindex":0},"west":{"uv":[8.3125,5.9375,8.46875,6.03125],"rotation":0,"texture":"#0","tintindex":0},"up":{"uv":[8.59375,6.09375,8.5,5.9375],"rotation":0,"texture":"#0","tintindex":0},"down":{"uv":[8.71875,5.9375,8.625,6.09375],"rotation":0,"texture":"#0","tintindex":0}}},{"from":[-0.52928734,5.0898905,9.856326],"to":[2.4395814,8.0835,15.051846],"rotation":{"angle":22.5,"axis":"y","origin":[0.9551468,6.5866947,12.454086]},"faces":{"east":{"uv":[13.875,1.3125,14.03125,1.40625],"rotation":0,"texture":"#0","tintindex":0},"south":{"uv":[12.375,6.1875,12.46875,6.28125],"rotation":0,"texture":"#0","tintindex":0},"north":{"uv":[14.1875,4.1875,14.28125,4.28125],"rotation":0,"texture":"#0","tintindex":0},"west":{"uv":[13.875,1.4375,14.03125,1.53125],"rotation":0,"texture":"#0","tintindex":0},"up":{"uv":[13.96875,2.21875,13.875,2.0625],"rotation":0,"texture":"#0","tintindex":0},"down":{"uv":[12.65625,5.875,12.5625,6.03125],"rotation":0,"texture":"#0","tintindex":0}}},{"from":[0.948154,5.0898905,13.560419],"to":[6.1436744,8.0835,16.529287],"rotation":{"angle":-22.5,"axis":"y","origin":[3.5459142,6.5866947,15.044853]},"faces":{"east":{"uv":[14.1875,4.6875,14.28125,4.78125],"rotation":0,"texture":"#0","tintindex":0},"south":{"uv":[9.8125,5.9375,9.96875,6.03125],"rotation":0,"texture":"#0","tintindex":0},"north":{"uv":[8.75,5.9375,8.90625,6.03125],"rotation":0,"texture":"#0","tintindex":0},"west":{"uv":[12.75,6.1875,12.84375,6.28125],"rotation":0,"texture":"#0","tintindex":0},"up":{"uv":[10.78125,6.03125,10.625,5.9375],"rotation":0,"texture":"#0","tintindex":0},"down":{"uv":[10.96875,5.9375,10.8125,6.03125],"rotation":0,"texture":"#0","tintindex":0}}},{"from":[5.377863,5.0898905,14.441543],"to":[10.622137,8.13298,17.410412],"rotation":{"angle":0.0,"axis":"y","origin":[8.0,6.6114354,15.925977]},"faces":{"east":{"uv":[14.1875,4.8125,14.28125,4.90625],"rotation":0,"texture":"#0","tintindex":0},"south":{"uv":[12.375,5.9375,12.53125,6.03125],"rotation":0,"texture":"#0","tintindex":0},"north":{"uv":[11.0,5.9375,11.15625,6.03125],"rotation":0,"texture":"#0","tintindex":0},"west":{"uv":[14.1875,4.9375,14.28125,5.03125],"rotation":0,"texture":"#0","tintindex":0},"up":{"uv":[12.84375,6.03125,12.6875,5.9375],"rotation":0,"texture":"#0","tintindex":0},"down":{"uv":[14.09375,5.875,13.9375,5.96875],"rotation":0,"texture":"#0","tintindex":0}}},{"from":[0.948154,5.0898905,-0.52928734],"to":[6.1436744,8.0835,2.4395814],"rotation":{"angle":22.5,"axis":"y","origin":[3.5459142,6.5866947,0.9551468]},"faces":{"east":{"uv":[14.1875,3.0625,14.28125,3.15625],"rotation":0,"texture":"#0","tintindex":0},"south":{"uv":[13.8125,4.5625,13.96875,4.65625],"rotation":0,"texture":"#0","tintindex":0},"north":{"uv":[13.8125,4.4375,13.96875,4.53125],"rotation":0,"texture":"#0","tintindex":0},"west":{"uv":[14.1875,3.1875,14.28125,3.28125],"rotation":0,"texture":"#0","tintindex":0},"up":{"uv":[13.96875,4.78125,13.8125,4.6875],"rotation":0,"texture":"#0","tintindex":0},"down":{"uv":[13.96875,4.8125,13.8125,4.90625],"rotation":0,"texture":"#0","tintindex":0}}},{"from":[5.377863,5.0898905,-1.4104118],"to":[10.622137,8.13298,1.5584574],"rotation":{"angle":0.0,"axis":"y","origin":[8.0,6.6114354,0.07402325]},"faces":{"east":{"uv":[14.1875,2.9375,14.28125,3.03125],"rotation":0,"texture":"#0","tintindex":0},"south":{"uv":[13.8125,4.0625,13.96875,4.15625],"rotation":0,"texture":"#0","tintindex":0},"north":{"uv":[13.8125,3.9375,13.96875,4.03125],"rotation":0,"texture":"#0","tintindex":0},"west":{"uv":[11.0625,6.1875,11.15625,6.28125],"rotation":0,"texture":"#0","tintindex":0},"up":{"uv":[13.96875,4.28125,13.8125,4.1875],"rotation":0,"texture":"#0","tintindex":0},"down":{"uv":[12.53125,5.8125,12.375,5.90625],"rotation":0,"texture":"#0","tintindex":0}}},{"from":[9.856326,5.0898905,-0.52928734],"to":[15.051846,8.0835,2.4395814],"rotation":{"angle":-22.5,"axis":"y","origin":[12.454086,6.5866947,0.9551468]},"faces":{"east":{"uv":[14.1875,3.3125,14.28125,3.40625],"rotation":0,"texture":"#0","tintindex":0},"south":{"uv":[13.8125,5.5,13.96875,5.59375],"rotation":0,"texture":"#0","tintindex":0},"north":{"uv":[13.8125,4.9375,13.96875,5.03125],"rotation":0,"texture":"#0","tintindex":0},"west":{"uv":[11.4375,6.1875,11.53125,6.28125],"rotation":0,"texture":"#0","tintindex":0},"up":{"uv":[13.96875,5.71875,13.8125,5.625],"rotation":0,"texture":"#0","tintindex":0},"down":{"uv":[13.96875,5.75,13.8125,5.84375],"rotation":0,"texture":"#0","tintindex":0}}},{"from":[13.560419,5.0898905,0.948154],"to":[16.529287,8.0835,6.1436744],"rotation":{"angle":22.5,"axis":"y","origin":[15.044853,6.5866947,3.5459142]},"faces":{"east":{"uv":[13.875,0.0,14.03125,0.09375],"rotation":0,"texture":"#0","tintindex":0},"south":{"uv":[14.1875,3.5625,14.28125,3.65625],"rotation":0,"texture":"#0","tintindex":0},"north":{"uv":[14.1875,3.4375,14.28125,3.53125],"rotation":0,"texture":"#0","tintindex":0},"west":{"uv":[13.875,0.125,14.03125,0.21875],"rotation":0,"texture":"#0","tintindex":0},"up":{"uv":[9.09375,5.96875,9.0,5.8125],"rotation":0,"texture":"#0","tintindex":0},"down":{"uv":[10.21875,5.8125,10.125,5.96875],"rotation":0,"texture":"#0","tintindex":0}}},{"from":[14.441543,5.0898905,5.377863],"to":[17.410412,8.13298,10.622137],"rotation":{"angle":0.0,"axis":"y","origin":[15.925977,6.6114354,8.0]},"faces":{"east":{"uv":[13.875,0.25,14.03125,0.34375],"rotation":0,"texture":"#0","tintindex":0},"south":{"uv":[14.1875,3.8125,14.28125,3.90625],"rotation":0,"texture":"#0","tintindex":0},"north":{"uv":[14.1875,3.6875,14.28125,3.78125],"rotation":0,"texture":"#0","tintindex":0},"west":{"uv":[13.875,0.375,14.03125,0.46875],"rotation":0,"texture":"#0","tintindex":0},"up":{"uv":[11.53125,5.96875,11.4375,5.8125],"rotation":0,"texture":"#0","tintindex":0},"down":{"uv":[13.96875,0.5,13.875,0.65625],"rotation":0,"texture":"#0","tintindex":0}}},{"from":[13.560419,5.0898905,9.856326],"to":[16.529287,8.0835,15.051846],"rotation":{"angle":-22.5,"axis":"y","origin":[15.044853,6.5866947,12.454086]},"faces":{"east":{"uv":[13.875,0.6875,14.03125,0.78125],"rotation":0,"texture":"#0","tintindex":0},"south":{"uv":[14.1875,4.0625,14.28125,4.15625],"rotation":0,"texture":"#0","tintindex":0},"north":{"uv":[14.1875,3.9375,14.28125,4.03125],"rotation":0,"texture":"#0","tintindex":0},"west":{"uv":[13.875,0.8125,14.03125,0.90625],"rotation":0,"texture":"#0","tintindex":0},"up":{"uv":[13.96875,1.09375,13.875,0.9375],"rotation":0,"texture":"#0","tintindex":0},"down":{"uv":[13.96875,1.125,13.875,1.28125],"rotation":0,"texture":"#0","tintindex":0}}},{"from":[9.856326,5.0898905,13.560419],"to":[15.051846,8.0835,16.529287],"rotation":{"angle":22.5,"axis":"y","origin":[12.454086,6.5866947,15.044853]},"faces":{"east":{"uv":[14.1875,5.1875,14.28125,5.28125],"rotation":0,"texture":"#0","tintindex":0},"south":{"uv":[8.9375,6.0,9.09375,6.09375],"rotation":0,"texture":"#0","tintindex":0},"north":{"uv":[14.0,0.5,14.15625,0.59375],"rotation":0,"texture":"#0","tintindex":0},"west":{"uv":[14.1875,5.5,14.28125,5.59375],"rotation":0,"texture":"#0","tintindex":0},"up":{"uv":[14.15625,1.03125,14.0,0.9375],"rotation":0,"texture":"#0","tintindex":0},"down":{"uv":[14.15625,1.0625,14.0,1.15625],"rotation":0,"texture":"#0","tintindex":0}}},{"from":[12.453303,7.8237233,7.010377],"to":[14.531511,17.719952,8.989623],"rotation":{"angle":0.0,"axis":"y","origin":[13.492407,12.771837,8.0]},"faces":{"east":{"uv":[9.4375,3.8125,9.5,4.125],"rotation":0,"texture":"#0","tintindex":0},"south":{"uv":[8.5625,4.625,8.625,4.9375],"rotation":0,"texture":"#0","tintindex":0},"north":{"uv":[9.3125,3.3125,9.375,3.625],"rotation":0,"texture":"#0","tintindex":0},"west":{"uv":[12.0625,5.5,12.125,5.8125],"rotation":0,"texture":"#0","tintindex":0},"up":{"uv":[14.5,5.5625,14.4375,5.5],"rotation":0,"texture":"#0","tintindex":0},"down":{"uv":[13.625,6.4375,13.5625,6.5],"rotation":0,"texture":"#0","tintindex":0}}},{"from":[0.97367716,16.23552,7.5051885],"to":[15.026323,17.22514,8.494811],"rotation":{"angle":0.0,"axis":"y","origin":[8.0,16.73033,8.0]},"faces":{"east":{"uv":[8.4375,6.5,8.46875,6.53125],"rotation":0,"texture":"#0","tintindex":0},"south":{"uv":[13.875,2.25,14.3125,2.28125],"rotation":0,"texture":"#0","tintindex":0},"north":{"uv":[13.875,1.5625,14.3125,1.59375],"rotation":0,"texture":"#0","tintindex":0},"west":{"uv":[14.5,0.4375,14.53125,0.46875],"rotation":0,"texture":"#0","tintindex":0},"up":{"uv":[14.3125,5.40625,13.875,5.375],"rotation":0,"texture":"#0","tintindex":0},"down":{"uv":[14.4375,0.625,14.0,0.65625],"rotation":0,"texture":"#0","tintindex":0}}},{"from":[1.4684887,7.8237233,7.010377],"to":[3.5466967,17.719952,8.989623],"rotation":{"angle":0.0,"axis":"y","origin":[2.5075927,12.771837,8.0]},"faces":{"east":{"uv":[12.625,5.5625,12.6875,5.875],"rotation":0,"texture":"#0","tintindex":0},"south":{"uv":[12.6875,5.5625,12.75,5.875],"rotation":0,"texture":"#0","tintindex":0},"north":{"uv":[11.5625,5.5625,11.625,5.875],"rotation":0,"texture":"#0","tintindex":0},"west":{"uv":[9.4375,5.625,9.5,5.9375],"rotation":0,"texture":"#0","tintindex":0},"up":{"uv":[14.5,5.625,14.4375,5.5625],"rotation":0,"texture":"#0","tintindex":0},"down":{"uv":[13.6875,6.4375,13.625,6.5],"rotation":0,"texture":"#0","tintindex":0}}}],"display":{"head":{"translation":[0.0,-6.4,0.0],"scale":[4.0,4.0,4.0]}}}