{"textures":{"0":"minecraft:modelengine/entity/claw_tier4"},"elements":[{"from":[4.8870482,3.8952732,2.0665755],"to":[11.112951,23.448242,7.495283],"rotation":{"angle":-22.5,"axis":"x","origin":[8.0,13.671759,4.780929]},"faces":{"east":{"uv":[9.28125,3.3125,9.125,3.9375],"rotation":0,"texture":"#0","tintindex":0},"south":{"uv":[8.1875,3.25,8.0,3.875],"rotation":0,"texture":"#0","tintindex":0},"north":{"uv":[11.4375,0.0,11.25,0.625],"rotation":0,"texture":"#0","tintindex":0},"west":{"uv":[11.53125,3.25,11.375,3.875],"rotation":0,"texture":"#0","tintindex":0},"up":{"uv":[10.5,5.1875,10.3125,5.34375],"rotation":0,"texture":"#0","tintindex":0},"down":{"uv":[10.6875,5.34375,10.5,5.1875],"rotation":0,"texture":"#0","tintindex":0}}},{"from":[5.3274307,-2.2517319,8.967118],"to":[10.672569,6.9082165,13.471024],"rotation":{"angle":-45.0,"axis":"x","origin":[8.0,2.3282418,11.21907]},"faces":{"east":{"uv":[10.09375,4.6875,9.9375,4.96875],"rotation":0,"texture":"#0","tintindex":0},"south":{"uv":[12.84375,1.875,12.6875,2.15625],"rotation":0,"texture":"#0","tintindex":0},"north":{"uv":[10.28125,4.6875,10.125,4.96875],"rotation":0,"texture":"#0","tintindex":0},"west":{"uv":[12.84375,2.1875,12.6875,2.46875],"rotation":0,"texture":"#0","tintindex":0},"up":{"uv":[11.40625,5.5,11.25,5.65625],"rotation":0,"texture":"#0","tintindex":0},"down":{"uv":[12.03125,5.65625,11.875,5.5],"rotation":0,"texture":"#0","tintindex":0}}}],"display":{"head":{"translation":[0.0,-6.4,0.0],"scale":[4.0,4.0,4.0]}}}