{"textures":{"0":"minecraft:modelengine/entity/claw_tier4"},"elements":[{"from":[5.4456286,-2.6209354,7.1833825],"to":[10.554371,0.4862976,8.942437],"rotation":{"angle":-45.0,"axis":"x","origin":[8.0,-1.0673189,8.06291]},"faces":{"east":{"uv":[14.25,1.3125,14.3125,1.40625],"rotation":0,"texture":"#0","tintindex":0},"south":{"uv":[13.8125,3.0625,13.96875,3.15625],"rotation":0,"texture":"#0","tintindex":0},"north":{"uv":[13.8125,2.9375,13.96875,3.03125],"rotation":0,"texture":"#0","tintindex":0},"west":{"uv":[14.25,1.4375,14.3125,1.53125],"rotation":0,"texture":"#0","tintindex":0},"up":{"uv":[14.21875,4.4375,14.0625,4.375],"rotation":0,"texture":"#0","tintindex":0},"down":{"uv":[12.71875,6.0625,12.5625,6.125],"rotation":0,"texture":"#0","tintindex":0}}},{"from":[5.4456286,-3.21939,8.803614],"to":[10.554371,-1.4603357,10.709257],"rotation":{"angle":22.5,"axis":"x","origin":[8.0,-2.3398628,9.756435]},"faces":{"east":{"uv":[12.5,6.375,12.5625,6.4375],"rotation":0,"texture":"#0","tintindex":0},"south":{"uv":[14.0625,5.0625,14.21875,5.125],"rotation":0,"texture":"#0","tintindex":0},"north":{"uv":[12.75,6.0625,12.90625,6.125],"rotation":0,"texture":"#0","tintindex":0},"west":{"uv":[14.375,4.5,14.4375,4.5625],"rotation":0,"texture":"#0","tintindex":0},"up":{"uv":[14.21875,5.1875,14.0625,5.125],"rotation":0,"texture":"#0","tintindex":0},"down":{"uv":[13.84375,6.0625,13.6875,6.125],"rotation":0,"texture":"#0","tintindex":0}}},{"from":[5.4456286,-0.32661438,5.9108386],"to":[10.554371,1.5790277,7.6698933],"rotation":{"angle":-22.5,"axis":"x","origin":[8.0,0.6262064,6.790366]},"faces":{"east":{"uv":[12.5625,6.375,12.625,6.4375],"rotation":0,"texture":"#0","tintindex":0},"south":{"uv":[14.0625,6.0625,14.21875,6.125],"rotation":0,"texture":"#0","tintindex":0},"north":{"uv":[13.875,6.0625,14.03125,6.125],"rotation":0,"texture":"#0","tintindex":0},"west":{"uv":[14.375,4.5625,14.4375,4.625],"rotation":0,"texture":"#0","tintindex":0},"up":{"uv":[8.28125,6.1875,8.125,6.125],"rotation":0,"texture":"#0","tintindex":0},"down":{"uv":[8.46875,6.125,8.3125,6.1875],"rotation":0,"texture":"#0","tintindex":0}}},{"from":[5.4456286,2.927681,15.097273],"to":[10.554371,4.8333235,16.856327],"rotation":{"angle":-22.5,"axis":"x","origin":[8.0,3.8805022,15.976801]},"faces":{"east":{"uv":[12.625,6.375,12.6875,6.4375],"rotation":0,"texture":"#0","tintindex":0},"south":{"uv":[8.6875,6.125,8.84375,6.1875],"rotation":0,"texture":"#0","tintindex":0},"north":{"uv":[8.5,6.125,8.65625,6.1875],"rotation":0,"texture":"#0","tintindex":0},"west":{"uv":[14.375,4.625,14.4375,4.6875],"rotation":0,"texture":"#0","tintindex":0},"up":{"uv":[9.03125,6.1875,8.875,6.125],"rotation":0,"texture":"#0","tintindex":0},"down":{"uv":[9.96875,6.125,9.8125,6.1875],"rotation":0,"texture":"#0","tintindex":0}}},{"from":[5.4456286,5.9670444,12.05791],"to":[10.554371,7.726099,13.963552],"rotation":{"angle":22.5,"axis":"x","origin":[8.0,6.846572,13.010732]},"faces":{"east":{"uv":[12.6875,6.375,12.75,6.4375],"rotation":0,"texture":"#0","tintindex":0},"south":{"uv":[10.8125,6.125,10.96875,6.1875],"rotation":0,"texture":"#0","tintindex":0},"north":{"uv":[10.625,6.125,10.78125,6.1875],"rotation":0,"texture":"#0","tintindex":0},"west":{"uv":[14.375,4.6875,14.4375,4.75],"rotation":0,"texture":"#0","tintindex":0},"up":{"uv":[11.15625,6.1875,11.0,6.125],"rotation":0,"texture":"#0","tintindex":0},"down":{"uv":[11.59375,6.125,11.4375,6.1875],"rotation":0,"texture":"#0","tintindex":0}}},{"from":[5.4456286,4.0204115,13.824729],"to":[10.554371,7.127644,15.583784],"rotation":{"angle":-45.0,"axis":"x","origin":[8.0,5.574028,14.704256]},"faces":{"east":{"uv":[9.8125,6.25,9.875,6.34375],"rotation":0,"texture":"#0","tintindex":0},"south":{"uv":[13.8125,3.3125,13.96875,3.40625],"rotation":0,"texture":"#0","tintindex":0},"north":{"uv":[13.8125,3.1875,13.96875,3.28125],"rotation":0,"texture":"#0","tintindex":0},"west":{"uv":[9.875,6.25,9.9375,6.34375],"rotation":0,"texture":"#0","tintindex":0},"up":{"uv":[12.53125,6.1875,12.375,6.125],"rotation":0,"texture":"#0","tintindex":0},"down":{"uv":[12.71875,6.125,12.5625,6.1875],"rotation":0,"texture":"#0","tintindex":0}}},{"from":[5.4456286,-3.21939,12.05791],"to":[10.554371,-1.4603357,13.963552],"rotation":{"angle":-22.5,"axis":"x","origin":[8.0,-2.3398628,13.010732]},"faces":{"east":{"uv":[12.75,6.375,12.8125,6.4375],"rotation":0,"texture":"#0","tintindex":0},"south":{"uv":[14.125,5.4375,14.28125,5.5],"rotation":0,"texture":"#0","tintindex":0},"north":{"uv":[12.75,6.125,12.90625,6.1875],"rotation":0,"texture":"#0","tintindex":0},"west":{"uv":[14.375,4.75,14.4375,4.8125],"rotation":0,"texture":"#0","tintindex":0},"up":{"uv":[13.84375,6.1875,13.6875,6.125],"rotation":0,"texture":"#0","tintindex":0},"down":{"uv":[14.03125,6.125,13.875,6.1875],"rotation":0,"texture":"#0","tintindex":0}}},{"from":[5.4456286,-1.946846,13.1506405],"to":[10.554371,-0.18779182,16.257874],"rotation":{"angle":-45.0,"axis":"x","origin":[8.0,-1.0673189,14.704256]},"faces":{"east":{"uv":[14.25,1.625,14.34375,1.6875],"rotation":0,"texture":"#0","tintindex":0},"south":{"uv":[14.125,5.9375,14.28125,6.0],"rotation":0,"texture":"#0","tintindex":0},"north":{"uv":[14.125,5.875,14.28125,5.9375],"rotation":0,"texture":"#0","tintindex":0},"west":{"uv":[10.0625,6.25,10.15625,6.3125],"rotation":0,"texture":"#0","tintindex":0},"up":{"uv":[13.96875,3.53125,13.8125,3.4375],"rotation":0,"texture":"#0","tintindex":0},"down":{"uv":[13.96875,3.5625,13.8125,3.65625],"rotation":0,"texture":"#0","tintindex":0}}},{"from":[5.4456286,-0.32661438,15.097273],"to":[10.554371,1.5790277,16.856327],"rotation":{"angle":22.5,"axis":"x","origin":[8.0,0.6262064,15.976801]},"faces":{"east":{"uv":[12.8125,6.375,12.875,6.4375],"rotation":0,"texture":"#0","tintindex":0},"south":{"uv":[14.0625,6.125,14.21875,6.1875],"rotation":0,"texture":"#0","tintindex":0},"north":{"uv":[14.125,6.0,14.28125,6.0625],"rotation":0,"texture":"#0","tintindex":0},"west":{"uv":[14.375,4.8125,14.4375,4.875],"rotation":0,"texture":"#0","tintindex":0},"up":{"uv":[8.28125,6.25,8.125,6.1875],"rotation":0,"texture":"#0","tintindex":0},"down":{"uv":[8.46875,6.1875,8.3125,6.25],"rotation":0,"texture":"#0","tintindex":0}}},{"from":[5.4456286,5.9670444,8.803614],"to":[10.554371,7.726099,10.709257],"rotation":{"angle":-22.5,"axis":"x","origin":[8.0,6.846572,9.756435]},"faces":{"east":{"uv":[12.875,6.375,12.9375,6.4375],"rotation":0,"texture":"#0","tintindex":0},"south":{"uv":[14.1875,0.5,14.34375,0.5625],"rotation":0,"texture":"#0","tintindex":0},"north":{"uv":[8.5,6.1875,8.65625,6.25],"rotation":0,"texture":"#0","tintindex":0},"west":{"uv":[14.375,4.875,14.4375,4.9375],"rotation":0,"texture":"#0","tintindex":0},"up":{"uv":[14.34375,0.625,14.1875,0.5625],"rotation":0,"texture":"#0","tintindex":0},"down":{"uv":[8.84375,6.1875,8.6875,6.25],"rotation":0,"texture":"#0","tintindex":0}}},{"from":[5.4456286,2.927681,5.9108386],"to":[10.554371,4.8333235,7.6698933],"rotation":{"angle":22.5,"axis":"x","origin":[8.0,3.8805022,6.790366]},"faces":{"east":{"uv":[12.9375,6.375,13.0,6.4375],"rotation":0,"texture":"#0","tintindex":0},"south":{"uv":[14.1875,0.9375,14.34375,1.0],"rotation":0,"texture":"#0","tintindex":0},"north":{"uv":[8.875,6.1875,9.03125,6.25],"rotation":0,"texture":"#0","tintindex":0},"west":{"uv":[14.375,4.9375,14.4375,5.0],"rotation":0,"texture":"#0","tintindex":0},"up":{"uv":[14.34375,1.0625,14.1875,1.0],"rotation":0,"texture":"#0","tintindex":0},"down":{"uv":[14.34375,1.0625,14.1875,1.125],"rotation":0,"texture":"#0","tintindex":0}}},{"from":[5.4456286,4.6945004,6.5092936],"to":[10.554371,6.453555,9.616526],"rotation":{"angle":-45.0,"axis":"x","origin":[8.0,5.574028,8.06291]},"faces":{"east":{"uv":[14.25,2.3125,14.34375,2.375],"rotation":0,"texture":"#0","tintindex":0},"south":{"uv":[14.1875,1.1875,14.34375,1.25],"rotation":0,"texture":"#0","tintindex":0},"north":{"uv":[14.1875,1.125,14.34375,1.1875],"rotation":0,"texture":"#0","tintindex":0},"west":{"uv":[14.25,2.375,14.34375,2.4375],"rotation":0,"texture":"#0","tintindex":0},"up":{"uv":[13.96875,3.78125,13.8125,3.6875],"rotation":0,"texture":"#0","tintindex":0},"down":{"uv":[13.96875,3.8125,13.8125,3.90625],"rotation":0,"texture":"#0","tintindex":0}}},{"from":[5.4456286,6.264723,10.300147],"to":[10.554371,8.023778,12.46702],"rotation":{"angle":0.0,"axis":"y","origin":[8.0,7.1442504,11.383583]},"faces":{"east":{"uv":[13.0,6.375,13.0625,6.4375],"rotation":0,"texture":"#0","tintindex":0},"south":{"uv":[14.1875,1.6875,14.34375,1.75],"rotation":0,"texture":"#0","tintindex":0},"north":{"uv":[14.1875,1.25,14.34375,1.3125],"rotation":0,"texture":"#0","tintindex":0},"west":{"uv":[14.375,5.0,14.4375,5.0625],"rotation":0,"texture":"#0","tintindex":0},"up":{"uv":[14.34375,1.8125,14.1875,1.75],"rotation":0,"texture":"#0","tintindex":0},"down":{"uv":[9.96875,6.1875,9.8125,6.25],"rotation":0,"texture":"#0","tintindex":0}}},{"from":[5.4456286,1.1699181,5.61316],"to":[10.554371,3.336791,7.372215],"rotation":{"angle":0.0,"axis":"y","origin":[8.0,2.253354,6.492687]},"faces":{"east":{"uv":[13.0625,6.375,13.125,6.4375],"rotation":0,"texture":"#0","tintindex":0},"south":{"uv":[14.1875,1.875,14.34375,1.9375],"rotation":0,"texture":"#0","tintindex":0},"north":{"uv":[14.1875,1.8125,14.34375,1.875],"rotation":0,"texture":"#0","tintindex":0},"west":{"uv":[14.375,5.0625,14.4375,5.125],"rotation":0,"texture":"#0","tintindex":0},"up":{"uv":[14.34375,2.0,14.1875,1.9375],"rotation":0,"texture":"#0","tintindex":0},"down":{"uv":[14.34375,2.0,14.1875,2.0625],"rotation":0,"texture":"#0","tintindex":0}}},{"from":[5.4456286,1.1699181,15.394952],"to":[10.554371,3.336791,17.154007],"rotation":{"angle":0.0,"axis":"y","origin":[8.0,2.253354,16.274479]},"faces":{"east":{"uv":[13.125,6.375,13.1875,6.4375],"rotation":0,"texture":"#0","tintindex":0},"south":{"uv":[14.1875,2.125,14.34375,2.1875],"rotation":0,"texture":"#0","tintindex":0},"north":{"uv":[14.1875,2.0625,14.34375,2.125],"rotation":0,"texture":"#0","tintindex":0},"west":{"uv":[14.375,5.125,14.4375,5.1875],"rotation":0,"texture":"#0","tintindex":0},"up":{"uv":[14.34375,2.25,14.1875,2.1875],"rotation":0,"texture":"#0","tintindex":0},"down":{"uv":[14.34375,2.4375,14.1875,2.5],"rotation":0,"texture":"#0","tintindex":0}}},{"from":[5.4456286,-3.5170689,10.300147],"to":[10.554371,-1.7580147,12.46702],"rotation":{"angle":0.0,"axis":"y","origin":[8.0,-2.6375418,11.383583]},"faces":{"east":{"uv":[13.1875,6.375,13.25,6.4375],"rotation":0,"texture":"#0","tintindex":0},"south":{"uv":[14.1875,2.5625,14.34375,2.625],"rotation":0,"texture":"#0","tintindex":0},"north":{"uv":[14.1875,2.5,14.34375,2.5625],"rotation":0,"texture":"#0","tintindex":0},"west":{"uv":[14.375,5.1875,14.4375,5.25],"rotation":0,"texture":"#0","tintindex":0},"up":{"uv":[10.78125,6.25,10.625,6.1875],"rotation":0,"texture":"#0","tintindex":0},"down":{"uv":[14.34375,2.625,14.1875,2.6875],"rotation":0,"texture":"#0","tintindex":0}}},{"from":[5.562899,-1.6336002,7.596105],"to":[10.437101,6.082037,15.229333],"rotation":{"angle":-45.0,"axis":"x","origin":[8.0,2.2242188,11.412719]},"faces":{"east":{"uv":[12.5,4.1875,12.75,4.4375],"rotation":0,"texture":"#0","tintindex":0},"south":{"uv":[9.75,4.875,9.90625,5.125],"rotation":0,"texture":"#0","tintindex":0},"north":{"uv":[9.5625,4.875,9.71875,5.125],"rotation":0,"texture":"#0","tintindex":0},"west":{"uv":[12.375,4.5,12.625,4.75],"rotation":0,"texture":"#0","tintindex":0},"up":{"uv":[13.03125,2.125,12.875,1.875],"rotation":0,"texture":"#0","tintindex":0},"down":{"uv":[13.03125,2.125,12.875,2.375],"rotation":0,"texture":"#0","tintindex":0}}},{"from":[5.539798,4.9124794,3.3592649],"to":[6.34634,11.0481415,7.9539895],"rotation":{"angle":-45.0,"axis":"x","origin":[5.9430685,7.9803104,5.6566267]},"faces":{"east":{"uv":[8.0,5.25,8.15625,5.4375],"rotation":0,"texture":"#0","tintindex":0},"south":{"uv":[10.1875,6.25,10.21875,6.4375],"rotation":0,"texture":"#0","tintindex":0},"north":{"uv":[9.9375,6.25,9.96875,6.4375],"rotation":0,"texture":"#0","tintindex":0},"west":{"uv":[8.1875,5.25,8.34375,5.4375],"rotation":0,"texture":"#0","tintindex":0},"up":{"uv":[8.46875,6.46875,8.4375,6.3125],"rotation":0,"texture":"#0","tintindex":0},"down":{"uv":[8.53125,6.3125,8.5,6.46875],"rotation":0,"texture":"#0","tintindex":0}}},{"from":[5.539798,21.122078,-11.860712],"to":[6.34634,25.278496,-7.2659874],"rotation":{"angle":-45.0,"axis":"x","origin":[5.9430685,23.200289,-9.563351]},"faces":{"east":{"uv":[13.5625,2.0625,13.71875,2.1875],"rotation":0,"texture":"#0","tintindex":0},"south":{"uv":[14.375,5.25,14.40625,5.375],"rotation":0,"texture":"#0","tintindex":0},"north":{"uv":[13.25,6.375,13.28125,6.5],"rotation":0,"texture":"#0","tintindex":0},"west":{"uv":[13.5625,5.0625,13.71875,5.1875],"rotation":0,"texture":"#0","tintindex":0},"up":{"uv":[8.71875,6.46875,8.6875,6.3125],"rotation":0,"texture":"#0","tintindex":0},"down":{"uv":[8.78125,6.3125,8.75,6.46875],"rotation":0,"texture":"#0","tintindex":0}}},{"from":[9.65366,4.9124794,3.3592649],"to":[10.460202,11.0481415,7.9539895],"rotation":{"angle":-45.0,"axis":"x","origin":[10.0569315,7.9803104,5.6566267]},"faces":{"east":{"uv":[8.375,5.25,8.53125,5.4375],"rotation":0,"texture":"#0","tintindex":0},"south":{"uv":[10.6875,6.25,10.71875,6.4375],"rotation":0,"texture":"#0","tintindex":0},"north":{"uv":[10.625,6.25,10.65625,6.4375],"rotation":0,"texture":"#0","tintindex":0},"west":{"uv":[8.5625,5.25,8.71875,5.4375],"rotation":0,"texture":"#0","tintindex":0},"up":{"uv":[8.84375,6.46875,8.8125,6.3125],"rotation":0,"texture":"#0","tintindex":0},"down":{"uv":[8.90625,6.3125,8.875,6.46875],"rotation":0,"texture":"#0","tintindex":0}}},{"from":[9.65366,21.122078,-11.860712],"to":[10.460202,25.278496,-7.2659874],"rotation":{"angle":-45.0,"axis":"x","origin":[10.0569315,23.200289,-9.563351]},"faces":{"east":{"uv":[13.5625,5.1875,13.71875,5.3125],"rotation":0,"texture":"#0","tintindex":0},"south":{"uv":[13.375,6.375,13.40625,6.5],"rotation":0,"texture":"#0","tintindex":0},"north":{"uv":[13.3125,6.375,13.34375,6.5],"rotation":0,"texture":"#0","tintindex":0},"west":{"uv":[13.5625,5.3125,13.71875,5.4375],"rotation":0,"texture":"#0","tintindex":0},"up":{"uv":[9.15625,6.46875,9.125,6.3125],"rotation":0,"texture":"#0","tintindex":0},"down":{"uv":[9.21875,6.3125,9.1875,6.46875],"rotation":0,"texture":"#0","tintindex":0}}},{"from":[5.787203,7.7472534,-6.0834684],"to":[6.34634,24.129967,1.480125],"rotation":{"angle":-45.0,"axis":"x","origin":[6.0667715,15.938609,-2.301671]},"faces":{"east":{"uv":[9.5,2.5625,9.75,3.09375],"rotation":0,"texture":"#0","tintindex":0},"south":{"uv":[11.25,5.6875,11.28125,6.21875],"rotation":0,"texture":"#0","tintindex":0},"north":{"uv":[10.0625,5.6875,10.09375,6.21875],"rotation":0,"texture":"#0","tintindex":0},"west":{"uv":[11.0,2.0,10.75,2.53125],"rotation":0,"texture":"#0","tintindex":0},"up":{"uv":[13.71875,2.6875,13.6875,2.4375],"rotation":0,"texture":"#0","tintindex":0},"down":{"uv":[12.09375,5.8125,12.0625,6.0625],"rotation":0,"texture":"#0","tintindex":0}}},{"from":[5.339894,15.375555,-10.74263],"to":[6.34634,16.45316,6.255133],"rotation":{"angle":22.5,"axis":"x","origin":[5.8431168,15.914356,-2.2437487]},"faces":{"east":{"uv":[13.5625,5.4375,14.09375,5.46875],"rotation":0,"texture":"#0","tintindex":0},"south":{"uv":[13.6875,6.4375,13.71875,6.46875],"rotation":0,"texture":"#0","tintindex":0},"north":{"uv":[14.4375,5.625,14.46875,5.65625],"rotation":0,"texture":"#0","tintindex":0},"west":{"uv":[13.6875,1.625,14.21875,1.65625],"rotation":0,"texture":"#0","tintindex":0},"up":{"uv":[11.34375,6.21875,11.3125,5.6875],"rotation":0,"texture":"#0","tintindex":0},"down":{"uv":[13.71875,3.3125,13.6875,3.84375],"rotation":0,"texture":"#0","tintindex":0}}},{"from":[5.28398,5.45411,-5.1336174],"to":[5.787203,21.836823,-4.056012],"rotation":{"angle":-45.0,"axis":"x","origin":[5.5355916,13.645466,-4.5948143]},"faces":{"east":{"uv":[11.625,5.6875,11.65625,6.21875],"rotation":0,"texture":"#0","tintindex":0},"south":{"uv":[11.6875,5.6875,11.71875,6.21875],"rotation":0,"texture":"#0","tintindex":0},"north":{"uv":[11.375,5.6875,11.40625,6.21875],"rotation":0,"texture":"#0","tintindex":0},"west":{"uv":[11.75,5.6875,11.78125,6.21875],"rotation":0,"texture":"#0","tintindex":0},"up":{"uv":[14.46875,5.71875,14.4375,5.6875],"rotation":0,"texture":"#0","tintindex":0},"down":{"uv":[13.78125,6.4375,13.75,6.46875],"rotation":0,"texture":"#0","tintindex":0}}},{"from":[5.28398,10.040396,-0.54733086],"to":[5.787203,26.42311,0.5302744],"rotation":{"angle":-45.0,"axis":"x","origin":[5.5355916,18.231752,-0.008528709]},"faces":{"east":{"uv":[11.875,5.6875,11.90625,6.21875],"rotation":0,"texture":"#0","tintindex":0},"south":{"uv":[13.6875,3.875,13.71875,4.40625],"rotation":0,"texture":"#0","tintindex":0},"north":{"uv":[11.8125,5.6875,11.84375,6.21875],"rotation":0,"texture":"#0","tintindex":0},"west":{"uv":[11.9375,5.6875,11.96875,6.21875],"rotation":0,"texture":"#0","tintindex":0},"up":{"uv":[14.46875,5.78125,14.4375,5.75],"rotation":0,"texture":"#0","tintindex":0},"down":{"uv":[13.84375,6.4375,13.8125,6.46875],"rotation":0,"texture":"#0","tintindex":0}}},{"from":[5.28398,20.72854,-10.382889],"to":[5.787203,21.902729,-4.9745054],"rotation":{"angle":-45.0,"axis":"x","origin":[5.5355916,21.315636,-7.6786976]},"faces":{"east":{"uv":[14.3125,0.8125,14.46875,0.84375],"rotation":0,"texture":"#0","tintindex":0},"south":{"uv":[13.875,6.4375,13.90625,6.46875],"rotation":0,"texture":"#0","tintindex":0},"north":{"uv":[14.4375,5.8125,14.46875,5.84375],"rotation":0,"texture":"#0","tintindex":0},"west":{"uv":[14.3125,0.875,14.46875,0.90625],"rotation":0,"texture":"#0","tintindex":0},"up":{"uv":[9.28125,6.46875,9.25,6.3125],"rotation":0,"texture":"#0","tintindex":0},"down":{"uv":[9.34375,6.3125,9.3125,6.46875],"rotation":0,"texture":"#0","tintindex":0}}},{"from":[5.28398,9.97449,0.37116194],"to":[5.787203,11.148678,5.779546],"rotation":{"angle":-45.0,"axis":"x","origin":[5.5355916,10.5615835,3.0753536]},"faces":{"east":{"uv":[14.3125,1.3125,14.46875,1.34375],"rotation":0,"texture":"#0","tintindex":0},"south":{"uv":[13.9375,6.4375,13.96875,6.46875],"rotation":0,"texture":"#0","tintindex":0},"north":{"uv":[14.4375,5.875,14.46875,5.90625],"rotation":0,"texture":"#0","tintindex":0},"west":{"uv":[9.375,6.3125,9.53125,6.34375],"rotation":0,"texture":"#0","tintindex":0},"up":{"uv":[14.34375,1.53125,14.3125,1.375],"rotation":0,"texture":"#0","tintindex":0},"down":{"uv":[9.59375,6.3125,9.5625,6.46875],"rotation":0,"texture":"#0","tintindex":0}}},{"from":[10.212797,9.97449,0.37116194],"to":[10.716021,11.148678,5.779546],"rotation":{"angle":-45.0,"axis":"x","origin":[10.464409,10.5615835,3.0753536]},"faces":{"east":{"uv":[14.3125,1.5625,14.46875,1.59375],"rotation":0,"texture":"#0","tintindex":0},"south":{"uv":[14.0,6.4375,14.03125,6.46875],"rotation":0,"texture":"#0","tintindex":0},"north":{"uv":[14.4375,5.9375,14.46875,5.96875],"rotation":0,"texture":"#0","tintindex":0},"west":{"uv":[9.625,6.3125,9.78125,6.34375],"rotation":0,"texture":"#0","tintindex":0},"up":{"uv":[10.03125,6.46875,10.0,6.3125],"rotation":0,"texture":"#0","tintindex":0},"down":{"uv":[10.09375,6.3125,10.0625,6.46875],"rotation":0,"texture":"#0","tintindex":0}}},{"from":[10.212797,20.72854,-10.382889],"to":[10.716021,21.902729,-4.9745054],"rotation":{"angle":-45.0,"axis":"x","origin":[10.464409,21.315636,-7.6786976]},"faces":{"east":{"uv":[10.25,6.3125,10.40625,6.34375],"rotation":0,"texture":"#0","tintindex":0},"south":{"uv":[14.0625,6.4375,14.09375,6.46875],"rotation":0,"texture":"#0","tintindex":0},"north":{"uv":[14.4375,6.0,14.46875,6.03125],"rotation":0,"texture":"#0","tintindex":0},"west":{"uv":[14.3125,2.25,14.46875,2.28125],"rotation":0,"texture":"#0","tintindex":0},"up":{"uv":[10.15625,6.46875,10.125,6.3125],"rotation":0,"texture":"#0","tintindex":0},"down":{"uv":[10.46875,6.3125,10.4375,6.46875],"rotation":0,"texture":"#0","tintindex":0}}},{"from":[10.212797,10.040396,-0.54733086],"to":[10.716021,26.42311,0.5302744],"rotation":{"angle":-45.0,"axis":"x","origin":[10.464409,18.231752,-0.008528709]},"faces":{"east":{"uv":[12.125,5.6875,12.15625,6.21875],"rotation":0,"texture":"#0","tintindex":0},"south":{"uv":[12.1875,5.6875,12.21875,6.21875],"rotation":0,"texture":"#0","tintindex":0},"north":{"uv":[12.0,5.6875,12.03125,6.21875],"rotation":0,"texture":"#0","tintindex":0},"west":{"uv":[12.25,5.6875,12.28125,6.21875],"rotation":0,"texture":"#0","tintindex":0},"up":{"uv":[14.46875,6.09375,14.4375,6.0625],"rotation":0,"texture":"#0","tintindex":0},"down":{"uv":[14.15625,6.4375,14.125,6.46875],"rotation":0,"texture":"#0","tintindex":0}}},{"from":[10.212797,5.45411,-5.1336174],"to":[10.716021,21.836823,-4.056012],"rotation":{"angle":-45.0,"axis":"x","origin":[10.464409,13.645466,-4.5948143]},"faces":{"east":{"uv":[13.0625,5.6875,13.09375,6.21875],"rotation":0,"texture":"#0","tintindex":0},"south":{"uv":[13.125,5.6875,13.15625,6.21875],"rotation":0,"texture":"#0","tintindex":0},"north":{"uv":[12.3125,5.6875,12.34375,6.21875],"rotation":0,"texture":"#0","tintindex":0},"west":{"uv":[13.1875,5.6875,13.21875,6.21875],"rotation":0,"texture":"#0","tintindex":0},"up":{"uv":[14.46875,6.15625,14.4375,6.125],"rotation":0,"texture":"#0","tintindex":0},"down":{"uv":[14.21875,6.4375,14.1875,6.46875],"rotation":0,"texture":"#0","tintindex":0}}},{"from":[9.65366,15.375555,-10.74263],"to":[10.660107,16.45316,6.255133],"rotation":{"angle":22.5,"axis":"x","origin":[10.156883,15.914356,-2.2437487]},"faces":{"east":{"uv":[13.6875,2.3125,14.21875,2.34375],"rotation":0,"texture":"#0","tintindex":0},"south":{"uv":[14.25,6.4375,14.28125,6.46875],"rotation":0,"texture":"#0","tintindex":0},"north":{"uv":[14.4375,6.1875,14.46875,6.21875],"rotation":0,"texture":"#0","tintindex":0},"west":{"uv":[13.6875,2.375,14.21875,2.40625],"rotation":0,"texture":"#0","tintindex":0},"up":{"uv":[13.28125,6.21875,13.25,5.6875],"rotation":0,"texture":"#0","tintindex":0},"down":{"uv":[13.71875,5.5,13.6875,6.03125],"rotation":0,"texture":"#0","tintindex":0}}},{"from":[9.65366,7.7472534,-6.0834684],"to":[10.212797,24.129967,1.480125],"rotation":{"angle":-45.0,"axis":"x","origin":[9.9332285,15.938609,-2.301671]},"faces":{"east":{"uv":[10.75,2.0,11.0,2.53125],"rotation":0,"texture":"#0","tintindex":0},"south":{"uv":[9.1875,5.75,9.21875,6.28125],"rotation":0,"texture":"#0","tintindex":0},"north":{"uv":[9.125,5.75,9.15625,6.28125],"rotation":0,"texture":"#0","tintindex":0},"west":{"uv":[8.25,2.6875,8.5,3.21875],"rotation":0,"texture":"#0","tintindex":0},"up":{"uv":[9.46875,6.1875,9.4375,5.9375],"rotation":0,"texture":"#0","tintindex":0},"down":{"uv":[10.03125,5.9375,10.0,6.1875],"rotation":0,"texture":"#0","tintindex":0}}},{"from":[3.753632,-3.240839,6.714347],"to":[5.9127812,0.2392621,8.684488],"rotation":{"angle":-45.0,"axis":"x","origin":[4.8332067,-1.5007877,7.6994176]},"faces":{"east":{"uv":[13.1875,0.8125,13.25,0.9375],"rotation":0,"texture":"#0","tintindex":0},"south":{"uv":[10.6875,5.1875,10.75,5.3125],"rotation":0,"texture":"#0","tintindex":0},"north":{"uv":[11.875,5.125,11.9375,5.25],"rotation":0,"texture":"#0","tintindex":0},"west":{"uv":[12.75,5.3125,12.8125,5.4375],"rotation":0,"texture":"#0","tintindex":0},"up":{"uv":[14.4375,5.5,14.375,5.4375],"rotation":0,"texture":"#0","tintindex":0},"down":{"uv":[13.5625,6.375,13.5,6.4375],"rotation":0,"texture":"#0","tintindex":0}}},{"from":[3.753632,-3.911108,8.529006],"to":[5.9127812,-1.9409666,10.663326],"rotation":{"angle":22.5,"axis":"x","origin":[4.8332067,-2.9260368,9.596166]},"faces":{"east":{"uv":[13.5625,6.375,13.625,6.4375],"rotation":0,"texture":"#0","tintindex":0},"south":{"uv":[14.375,5.5625,14.4375,5.625],"rotation":0,"texture":"#0","tintindex":0},"north":{"uv":[14.375,5.5,14.4375,5.5625],"rotation":0,"texture":"#0","tintindex":0},"west":{"uv":[13.625,6.375,13.6875,6.4375],"rotation":0,"texture":"#0","tintindex":0},"up":{"uv":[14.4375,5.6875,14.375,5.625],"rotation":0,"texture":"#0","tintindex":0},"down":{"uv":[13.75,6.375,13.6875,6.4375],"rotation":0,"texture":"#0","tintindex":0}}},{"from":[3.753632,-0.6711998,5.289098],"to":[5.9127812,1.46312,7.259239],"rotation":{"angle":-22.5,"axis":"x","origin":[4.8332067,0.39596033,6.2741685]},"faces":{"east":{"uv":[13.75,6.375,13.8125,6.4375],"rotation":0,"texture":"#0","tintindex":0},"south":{"uv":[14.375,5.75,14.4375,5.8125],"rotation":0,"texture":"#0","tintindex":0},"north":{"uv":[14.375,5.6875,14.4375,5.75],"rotation":0,"texture":"#0","tintindex":0},"west":{"uv":[13.8125,6.375,13.875,6.4375],"rotation":0,"texture":"#0","tintindex":0},"up":{"uv":[14.4375,5.875,14.375,5.8125],"rotation":0,"texture":"#0","tintindex":0},"down":{"uv":[13.9375,6.375,13.875,6.4375],"rotation":0,"texture":"#0","tintindex":0}}},{"from":[3.753632,2.9736118,15.577905],"to":[5.9127812,5.1079316,17.548046],"rotation":{"angle":-22.5,"axis":"x","origin":[4.8332067,4.0407715,16.562975]},"faces":{"east":{"uv":[13.9375,6.375,14.0,6.4375],"rotation":0,"texture":"#0","tintindex":0},"south":{"uv":[14.375,5.9375,14.4375,6.0],"rotation":0,"texture":"#0","tintindex":0},"north":{"uv":[14.375,5.875,14.4375,5.9375],"rotation":0,"texture":"#0","tintindex":0},"west":{"uv":[14.0,6.375,14.0625,6.4375],"rotation":0,"texture":"#0","tintindex":0},"up":{"uv":[14.4375,6.0625,14.375,6.0],"rotation":0,"texture":"#0","tintindex":0},"down":{"uv":[14.125,6.375,14.0625,6.4375],"rotation":0,"texture":"#0","tintindex":0}}},{"from":[3.753632,6.377699,12.173818],"to":[5.9127812,8.34784,14.308138],"rotation":{"angle":22.5,"axis":"x","origin":[4.8332067,7.362769,13.240977]},"faces":{"east":{"uv":[14.125,6.375,14.1875,6.4375],"rotation":0,"texture":"#0","tintindex":0},"south":{"uv":[14.375,6.125,14.4375,6.1875],"rotation":0,"texture":"#0","tintindex":0},"north":{"uv":[14.375,6.0625,14.4375,6.125],"rotation":0,"texture":"#0","tintindex":0},"west":{"uv":[14.375,6.1875,14.4375,6.25],"rotation":0,"texture":"#0","tintindex":0},"up":{"uv":[14.3125,6.4375,14.25,6.375],"rotation":0,"texture":"#0","tintindex":0},"down":{"uv":[14.4375,6.25,14.375,6.3125],"rotation":0,"texture":"#0","tintindex":0}}},{"from":[3.753632,4.19747,14.152655],"to":[5.9127812,7.6775703,16.122797],"rotation":{"angle":-45.0,"axis":"x","origin":[4.8332067,5.93752,15.137726]},"faces":{"east":{"uv":[11.5625,5.875,11.625,6.0],"rotation":0,"texture":"#0","tintindex":0},"south":{"uv":[11.1875,5.9375,11.25,6.0625],"rotation":0,"texture":"#0","tintindex":0},"north":{"uv":[13.6875,2.6875,13.75,2.8125],"rotation":0,"texture":"#0","tintindex":0},"west":{"uv":[12.875,5.9375,12.9375,6.0625],"rotation":0,"texture":"#0","tintindex":0},"up":{"uv":[14.375,6.4375,14.3125,6.375],"rotation":0,"texture":"#0","tintindex":0},"down":{"uv":[14.4375,6.3125,14.375,6.375],"rotation":0,"texture":"#0","tintindex":0}}},{"from":[3.753632,-3.911108,12.173818],"to":[5.9127812,-1.9409666,14.308138],"rotation":{"angle":-22.5,"axis":"x","origin":[4.8332067,-2.9260368,13.240977]},"faces":{"east":{"uv":[8.0,6.4375,8.0625,6.5],"rotation":0,"texture":"#0","tintindex":0},"south":{"uv":[14.4375,0.0,14.5,0.0625],"rotation":0,"texture":"#0","tintindex":0},"north":{"uv":[14.375,6.375,14.4375,6.4375],"rotation":0,"texture":"#0","tintindex":0},"west":{"uv":[8.0625,6.4375,8.125,6.5],"rotation":0,"texture":"#0","tintindex":0},"up":{"uv":[14.5,0.125,14.4375,0.0625],"rotation":0,"texture":"#0","tintindex":0},"down":{"uv":[14.5,0.125,14.4375,0.1875],"rotation":0,"texture":"#0","tintindex":0}}},{"from":[3.753632,-2.485859,13.397676],"to":[5.9127812,-0.5157175,16.877777],"rotation":{"angle":-45.0,"axis":"x","origin":[4.8332067,-1.5007877,15.137726]},"faces":{"east":{"uv":[13.1875,0.5625,13.3125,0.625],"rotation":0,"texture":"#0","tintindex":0},"south":{"uv":[8.25,6.4375,8.3125,6.5],"rotation":0,"texture":"#0","tintindex":0},"north":{"uv":[14.4375,0.1875,14.5,0.25],"rotation":0,"texture":"#0","tintindex":0},"west":{"uv":[13.1875,2.5625,13.3125,2.625],"rotation":0,"texture":"#0","tintindex":0},"up":{"uv":[11.25,6.1875,11.1875,6.0625],"rotation":0,"texture":"#0","tintindex":0},"down":{"uv":[12.125,6.0625,12.0625,6.1875],"rotation":0,"texture":"#0","tintindex":0}}},{"from":[3.753632,-0.6711998,15.577905],"to":[5.9127812,1.46312,17.548046],"rotation":{"angle":22.5,"axis":"x","origin":[4.8332067,0.39596033,16.562975]},"faces":{"east":{"uv":[8.3125,6.4375,8.375,6.5],"rotation":0,"texture":"#0","tintindex":0},"south":{"uv":[14.4375,0.3125,14.5,0.375],"rotation":0,"texture":"#0","tintindex":0},"north":{"uv":[14.4375,0.25,14.5,0.3125],"rotation":0,"texture":"#0","tintindex":0},"west":{"uv":[8.375,6.4375,8.4375,6.5],"rotation":0,"texture":"#0","tintindex":0},"up":{"uv":[14.5,0.4375,14.4375,0.375],"rotation":0,"texture":"#0","tintindex":0},"down":{"uv":[14.5,0.4375,14.4375,0.5],"rotation":0,"texture":"#0","tintindex":0}}},{"from":[3.753632,6.377699,8.529006],"to":[5.9127812,8.34784,10.663326],"rotation":{"angle":-22.5,"axis":"x","origin":[4.8332067,7.362769,9.596166]},"faces":{"east":{"uv":[8.5625,6.4375,8.625,6.5],"rotation":0,"texture":"#0","tintindex":0},"south":{"uv":[14.4375,0.5625,14.5,0.625],"rotation":0,"texture":"#0","tintindex":0},"north":{"uv":[14.4375,0.5,14.5,0.5625],"rotation":0,"texture":"#0","tintindex":0},"west":{"uv":[8.625,6.4375,8.6875,6.5],"rotation":0,"texture":"#0","tintindex":0},"up":{"uv":[14.5,0.6875,14.4375,0.625],"rotation":0,"texture":"#0","tintindex":0},"down":{"uv":[14.5,0.6875,14.4375,0.75],"rotation":0,"texture":"#0","tintindex":0}}},{"from":[3.753632,2.9736118,5.289098],"to":[5.9127812,5.1079316,7.259239],"rotation":{"angle":22.5,"axis":"x","origin":[4.8332067,4.0407715,6.2741685]},"faces":{"east":{"uv":[8.9375,6.4375,9.0,6.5],"rotation":0,"texture":"#0","tintindex":0},"south":{"uv":[14.4375,0.9375,14.5,1.0],"rotation":0,"texture":"#0","tintindex":0},"north":{"uv":[14.4375,0.75,14.5,0.8125],"rotation":0,"texture":"#0","tintindex":0},"west":{"uv":[9.0,6.4375,9.0625,6.5],"rotation":0,"texture":"#0","tintindex":0},"up":{"uv":[14.5,1.0625,14.4375,1.0],"rotation":0,"texture":"#0","tintindex":0},"down":{"uv":[9.125,6.4375,9.0625,6.5],"rotation":0,"texture":"#0","tintindex":0}}},{"from":[3.753632,4.95245,5.9593678],"to":[5.9127812,6.9225907,9.439467],"rotation":{"angle":-45.0,"axis":"x","origin":[4.8332067,5.93752,7.6994176]},"faces":{"east":{"uv":[11.0625,5.1875,11.1875,5.25],"rotation":0,"texture":"#0","tintindex":0},"south":{"uv":[14.4375,1.125,14.5,1.1875],"rotation":0,"texture":"#0","tintindex":0},"north":{"uv":[14.4375,1.0625,14.5,1.125],"rotation":0,"texture":"#0","tintindex":0},"west":{"uv":[13.4375,5.0625,13.5625,5.125],"rotation":0,"texture":"#0","tintindex":0},"up":{"uv":[9.125,6.25,9.0625,6.125],"rotation":0,"texture":"#0","tintindex":0},"down":{"uv":[9.5,6.1875,9.4375,6.3125],"rotation":0,"texture":"#0","tintindex":0}}},{"from":[3.753632,6.7110987,10.205123],"to":[5.9127812,8.68124,12.632021],"rotation":{"angle":0.0,"axis":"y","origin":[4.8332067,7.69617,11.418571]},"faces":{"east":{"uv":[14.4375,1.25,14.5,1.3125],"rotation":0,"texture":"#0","tintindex":0},"south":{"uv":[9.375,6.4375,9.4375,6.5],"rotation":0,"texture":"#0","tintindex":0},"north":{"uv":[14.4375,1.1875,14.5,1.25],"rotation":0,"texture":"#0","tintindex":0},"west":{"uv":[14.4375,1.375,14.5,1.4375],"rotation":0,"texture":"#0","tintindex":0},"up":{"uv":[9.5,6.5,9.4375,6.4375],"rotation":0,"texture":"#0","tintindex":0},"down":{"uv":[14.5,1.4375,14.4375,1.5],"rotation":0,"texture":"#0","tintindex":0}}},{"from":[3.753632,1.0049171,4.9556975],"to":[5.9127812,3.4318147,6.925839],"rotation":{"angle":0.0,"axis":"y","origin":[4.8332067,2.2183657,5.9407682]},"faces":{"east":{"uv":[14.4375,1.5,14.5,1.5625],"rotation":0,"texture":"#0","tintindex":0},"south":{"uv":[9.625,6.4375,9.6875,6.5],"rotation":0,"texture":"#0","tintindex":0},"north":{"uv":[9.5,6.4375,9.5625,6.5],"rotation":0,"texture":"#0","tintindex":0},"west":{"uv":[14.4375,1.625,14.5,1.6875],"rotation":0,"texture":"#0","tintindex":0},"up":{"uv":[9.75,6.5,9.6875,6.4375],"rotation":0,"texture":"#0","tintindex":0},"down":{"uv":[14.5,1.6875,14.4375,1.75],"rotation":0,"texture":"#0","tintindex":0}}},{"from":[3.753632,1.0049171,15.911304],"to":[5.9127812,3.4318147,17.881447],"rotation":{"angle":0.0,"axis":"y","origin":[4.8332067,2.2183657,16.896376]},"faces":{"east":{"uv":[14.4375,1.75,14.5,1.8125],"rotation":0,"texture":"#0","tintindex":0},"south":{"uv":[9.8125,6.4375,9.875,6.5],"rotation":0,"texture":"#0","tintindex":0},"north":{"uv":[9.75,6.4375,9.8125,6.5],"rotation":0,"texture":"#0","tintindex":0},"west":{"uv":[14.4375,1.8125,14.5,1.875],"rotation":0,"texture":"#0","tintindex":0},"up":{"uv":[9.9375,6.5,9.875,6.4375],"rotation":0,"texture":"#0","tintindex":0},"down":{"uv":[14.5,1.875,14.4375,1.9375],"rotation":0,"texture":"#0","tintindex":0}}},{"from":[3.753632,-4.244508,10.205123],"to":[5.9127812,-2.2743664,12.632021],"rotation":{"angle":0.0,"axis":"y","origin":[4.8332067,-3.2594376,11.418571]},"faces":{"east":{"uv":[14.4375,1.9375,14.5,2.0],"rotation":0,"texture":"#0","tintindex":0},"south":{"uv":[14.4375,2.0,14.5,2.0625],"rotation":0,"texture":"#0","tintindex":0},"north":{"uv":[9.9375,6.4375,10.0,6.5],"rotation":0,"texture":"#0","tintindex":0},"west":{"uv":[14.4375,2.0625,14.5,2.125],"rotation":0,"texture":"#0","tintindex":0},"up":{"uv":[14.5,2.1875,14.4375,2.125],"rotation":0,"texture":"#0","tintindex":0},"down":{"uv":[10.25,6.4375,10.1875,6.5],"rotation":0,"texture":"#0","tintindex":0}}},{"from":[3.8849745,-2.135023,7.176596],"to":[5.781439,6.50649,15.725811],"rotation":{"angle":-45.0,"axis":"x","origin":[4.8332067,2.1857338,11.451204]},"faces":{"east":{"uv":[11.5625,3.625,11.84375,3.90625],"rotation":0,"texture":"#0","tintindex":0},"south":{"uv":[11.125,5.625,11.1875,5.90625],"rotation":0,"texture":"#0","tintindex":0},"north":{"uv":[11.0625,5.625,11.125,5.90625],"rotation":0,"texture":"#0","tintindex":0},"west":{"uv":[10.5,3.1875,10.84375,3.53125],"rotation":0,"texture":"#0","tintindex":0},"up":{"uv":[11.25,5.90625,11.1875,5.625],"rotation":0,"texture":"#0","tintindex":0},"down":{"uv":[13.6875,3.4375,13.625,3.71875],"rotation":0,"texture":"#0","tintindex":0}}},{"from":[10.087219,-3.240839,6.714347],"to":[12.246368,0.2392621,8.684488],"rotation":{"angle":-45.0,"axis":"x","origin":[11.166794,-1.5007877,7.6994176]},"faces":{"east":{"uv":[11.1875,6.1875,11.25,6.3125],"rotation":0,"texture":"#0","tintindex":0},"south":{"uv":[11.5625,6.1875,11.625,6.3125],"rotation":0,"texture":"#0","tintindex":0},"north":{"uv":[10.0,6.1875,10.0625,6.3125],"rotation":0,"texture":"#0","tintindex":0},"west":{"uv":[12.0625,6.1875,12.125,6.3125],"rotation":0,"texture":"#0","tintindex":0},"up":{"uv":[14.5,2.25,14.4375,2.1875],"rotation":0,"texture":"#0","tintindex":0},"down":{"uv":[10.3125,6.4375,10.25,6.5],"rotation":0,"texture":"#0","tintindex":0}}},{"from":[10.087219,-3.911108,8.529006],"to":[12.246368,-1.9409666,10.663326],"rotation":{"angle":22.5,"axis":"x","origin":[11.166794,-2.9260368,9.596166]},"faces":{"east":{"uv":[14.4375,2.3125,14.5,2.375],"rotation":0,"texture":"#0","tintindex":0},"south":{"uv":[10.375,6.4375,10.4375,6.5],"rotation":0,"texture":"#0","tintindex":0},"north":{"uv":[10.3125,6.4375,10.375,6.5],"rotation":0,"texture":"#0","tintindex":0},"west":{"uv":[14.4375,2.375,14.5,2.4375],"rotation":0,"texture":"#0","tintindex":0},"up":{"uv":[14.5,2.5,14.4375,2.4375],"rotation":0,"texture":"#0","tintindex":0},"down":{"uv":[14.5,2.5,14.4375,2.5625],"rotation":0,"texture":"#0","tintindex":0}}},{"from":[10.087219,-0.6711998,5.289098],"to":[12.246368,1.46312,7.259239],"rotation":{"angle":-22.5,"axis":"x","origin":[11.166794,0.39596033,6.2741685]},"faces":{"east":{"uv":[10.625,6.4375,10.6875,6.5],"rotation":0,"texture":"#0","tintindex":0},"south":{"uv":[14.4375,2.625,14.5,2.6875],"rotation":0,"texture":"#0","tintindex":0},"north":{"uv":[14.4375,2.5625,14.5,2.625],"rotation":0,"texture":"#0","tintindex":0},"west":{"uv":[10.6875,6.4375,10.75,6.5],"rotation":0,"texture":"#0","tintindex":0},"up":{"uv":[10.8125,6.5,10.75,6.4375],"rotation":0,"texture":"#0","tintindex":0},"down":{"uv":[14.5,2.8125,14.4375,2.875],"rotation":0,"texture":"#0","tintindex":0}}},{"from":[10.087219,2.9736118,15.577905],"to":[12.246368,5.1079316,17.548046],"rotation":{"angle":-22.5,"axis":"x","origin":[11.166794,4.0407715,16.562975]},"faces":{"east":{"uv":[14.4375,2.875,14.5,2.9375],"rotation":0,"texture":"#0","tintindex":0},"south":{"uv":[10.9375,6.4375,11.0,6.5],"rotation":0,"texture":"#0","tintindex":0},"north":{"uv":[10.875,6.4375,10.9375,6.5],"rotation":0,"texture":"#0","tintindex":0},"west":{"uv":[14.4375,2.9375,14.5,3.0],"rotation":0,"texture":"#0","tintindex":0},"up":{"uv":[11.0625,6.5,11.0,6.4375],"rotation":0,"texture":"#0","tintindex":0},"down":{"uv":[14.5,3.0625,14.4375,3.125],"rotation":0,"texture":"#0","tintindex":0}}},{"from":[10.087219,6.377699,12.173818],"to":[12.246368,8.34784,14.308138],"rotation":{"angle":22.5,"axis":"x","origin":[11.166794,7.362769,13.240977]},"faces":{"east":{"uv":[14.4375,3.1875,14.5,3.25],"rotation":0,"texture":"#0","tintindex":0},"south":{"uv":[11.25,6.4375,11.3125,6.5],"rotation":0,"texture":"#0","tintindex":0},"north":{"uv":[14.4375,3.125,14.5,3.1875],"rotation":0,"texture":"#0","tintindex":0},"west":{"uv":[14.4375,3.25,14.5,3.3125],"rotation":0,"texture":"#0","tintindex":0},"up":{"uv":[11.375,6.5,11.3125,6.4375],"rotation":0,"texture":"#0","tintindex":0},"down":{"uv":[14.5,3.3125,14.4375,3.375],"rotation":0,"texture":"#0","tintindex":0}}},{"from":[10.087219,4.19747,14.152655],"to":[12.246368,7.6775703,16.122797],"rotation":{"angle":-45.0,"axis":"x","origin":[11.166794,5.93752,15.137726]},"faces":{"east":{"uv":[14.1875,5.625,14.25,5.75],"rotation":0,"texture":"#0","tintindex":0},"south":{"uv":[13.6875,6.1875,13.75,6.3125],"rotation":0,"texture":"#0","tintindex":0},"north":{"uv":[12.875,6.1875,12.9375,6.3125],"rotation":0,"texture":"#0","tintindex":0},"west":{"uv":[13.75,6.1875,13.8125,6.3125],"rotation":0,"texture":"#0","tintindex":0},"up":{"uv":[11.4375,6.5,11.375,6.4375],"rotation":0,"texture":"#0","tintindex":0},"down":{"uv":[14.5,3.375,14.4375,3.4375],"rotation":0,"texture":"#0","tintindex":0}}},{"from":[10.087219,-3.911108,12.173818],"to":[12.246368,-1.9409666,14.308138],"rotation":{"angle":-22.5,"axis":"x","origin":[11.166794,-2.9260368,13.240977]},"faces":{"east":{"uv":[14.4375,3.5,14.5,3.5625],"rotation":0,"texture":"#0","tintindex":0},"south":{"uv":[11.5625,6.4375,11.625,6.5],"rotation":0,"texture":"#0","tintindex":0},"north":{"uv":[14.4375,3.4375,14.5,3.5],"rotation":0,"texture":"#0","tintindex":0},"west":{"uv":[14.4375,3.5625,14.5,3.625],"rotation":0,"texture":"#0","tintindex":0},"up":{"uv":[11.6875,6.5,11.625,6.4375],"rotation":0,"texture":"#0","tintindex":0},"down":{"uv":[11.75,6.4375,11.6875,6.5],"rotation":0,"texture":"#0","tintindex":0}}},{"from":[10.087219,-2.485859,13.397676],"to":[12.246368,-0.5157175,16.877777],"rotation":{"angle":-45.0,"axis":"x","origin":[11.166794,-1.5007877,15.137726]},"faces":{"east":{"uv":[14.1875,5.3125,14.3125,5.375],"rotation":0,"texture":"#0","tintindex":0},"south":{"uv":[14.4375,3.75,14.5,3.8125],"rotation":0,"texture":"#0","tintindex":0},"north":{"uv":[14.4375,3.6875,14.5,3.75],"rotation":0,"texture":"#0","tintindex":0},"west":{"uv":[14.1875,5.75,14.3125,5.8125],"rotation":0,"texture":"#0","tintindex":0},"up":{"uv":[13.875,6.3125,13.8125,6.1875],"rotation":0,"texture":"#0","tintindex":0},"down":{"uv":[13.9375,6.1875,13.875,6.3125],"rotation":0,"texture":"#0","tintindex":0}}},{"from":[10.087219,-0.6711998,15.577905],"to":[12.246368,1.46312,17.548046],"rotation":{"angle":22.5,"axis":"x","origin":[11.166794,0.39596033,16.562975]},"faces":{"east":{"uv":[14.4375,3.8125,14.5,3.875],"rotation":0,"texture":"#0","tintindex":0},"south":{"uv":[11.875,6.4375,11.9375,6.5],"rotation":0,"texture":"#0","tintindex":0},"north":{"uv":[11.8125,6.4375,11.875,6.5],"rotation":0,"texture":"#0","tintindex":0},"west":{"uv":[11.9375,6.4375,12.0,6.5],"rotation":0,"texture":"#0","tintindex":0},"up":{"uv":[14.5,4.0,14.4375,3.9375],"rotation":0,"texture":"#0","tintindex":0},"down":{"uv":[12.0625,6.4375,12.0,6.5],"rotation":0,"texture":"#0","tintindex":0}}},{"from":[10.087219,6.377699,8.529006],"to":[12.246368,8.34784,10.663326],"rotation":{"angle":-22.5,"axis":"x","origin":[11.166794,7.362769,9.596166]},"faces":{"east":{"uv":[14.4375,4.0625,14.5,4.125],"rotation":0,"texture":"#0","tintindex":0},"south":{"uv":[12.125,6.4375,12.1875,6.5],"rotation":0,"texture":"#0","tintindex":0},"north":{"uv":[14.4375,4.0,14.5,4.0625],"rotation":0,"texture":"#0","tintindex":0},"west":{"uv":[14.4375,4.125,14.5,4.1875],"rotation":0,"texture":"#0","tintindex":0},"up":{"uv":[12.25,6.5,12.1875,6.4375],"rotation":0,"texture":"#0","tintindex":0},"down":{"uv":[14.5,4.1875,14.4375,4.25],"rotation":0,"texture":"#0","tintindex":0}}},{"from":[10.087219,2.9736118,5.289098],"to":[12.246368,5.1079316,7.259239],"rotation":{"angle":22.5,"axis":"x","origin":[11.166794,4.0407715,6.2741685]},"faces":{"east":{"uv":[14.4375,4.25,14.5,4.3125],"rotation":0,"texture":"#0","tintindex":0},"south":{"uv":[12.3125,6.4375,12.375,6.5],"rotation":0,"texture":"#0","tintindex":0},"north":{"uv":[12.25,6.4375,12.3125,6.5],"rotation":0,"texture":"#0","tintindex":0},"west":{"uv":[14.4375,4.3125,14.5,4.375],"rotation":0,"texture":"#0","tintindex":0},"up":{"uv":[12.4375,6.5,12.375,6.4375],"rotation":0,"texture":"#0","tintindex":0},"down":{"uv":[14.5,4.375,14.4375,4.4375],"rotation":0,"texture":"#0","tintindex":0}}},{"from":[10.087219,4.95245,5.9593678],"to":[12.246368,6.9225907,9.439467],"rotation":{"angle":-45.0,"axis":"x","origin":[11.166794,5.93752,7.6994176]},"faces":{"east":{"uv":[14.1875,5.8125,14.3125,5.875],"rotation":0,"texture":"#0","tintindex":0},"south":{"uv":[14.4375,4.4375,14.5,4.5],"rotation":0,"texture":"#0","tintindex":0},"north":{"uv":[12.4375,6.4375,12.5,6.5],"rotation":0,"texture":"#0","tintindex":0},"west":{"uv":[13.9375,6.1875,14.0625,6.25],"rotation":0,"texture":"#0","tintindex":0},"up":{"uv":[14.125,6.3125,14.0625,6.1875],"rotation":0,"texture":"#0","tintindex":0},"down":{"uv":[14.1875,6.1875,14.125,6.3125],"rotation":0,"texture":"#0","tintindex":0}}},{"from":[10.087219,6.7110987,10.205123],"to":[12.246368,8.68124,12.632021],"rotation":{"angle":0.0,"axis":"y","origin":[11.166794,7.69617,11.418571]},"faces":{"east":{"uv":[14.4375,4.5,14.5,4.5625],"rotation":0,"texture":"#0","tintindex":0},"south":{"uv":[12.5625,6.4375,12.625,6.5],"rotation":0,"texture":"#0","tintindex":0},"north":{"uv":[12.5,6.4375,12.5625,6.5],"rotation":0,"texture":"#0","tintindex":0},"west":{"uv":[14.4375,4.5625,14.5,4.625],"rotation":0,"texture":"#0","tintindex":0},"up":{"uv":[12.6875,6.5,12.625,6.4375],"rotation":0,"texture":"#0","tintindex":0},"down":{"uv":[14.5,4.625,14.4375,4.6875],"rotation":0,"texture":"#0","tintindex":0}}},{"from":[10.087219,1.0049171,4.9556975],"to":[12.246368,3.4318147,6.925839],"rotation":{"angle":0.0,"axis":"y","origin":[11.166794,2.2183657,5.9407682]},"faces":{"east":{"uv":[14.4375,4.6875,14.5,4.75],"rotation":0,"texture":"#0","tintindex":0},"south":{"uv":[12.75,6.4375,12.8125,6.5],"rotation":0,"texture":"#0","tintindex":0},"north":{"uv":[12.6875,6.4375,12.75,6.5],"rotation":0,"texture":"#0","tintindex":0},"west":{"uv":[14.4375,4.75,14.5,4.8125],"rotation":0,"texture":"#0","tintindex":0},"up":{"uv":[12.875,6.5,12.8125,6.4375],"rotation":0,"texture":"#0","tintindex":0},"down":{"uv":[14.5,4.8125,14.4375,4.875],"rotation":0,"texture":"#0","tintindex":0}}},{"from":[10.087219,1.0049171,15.911304],"to":[12.246368,3.4318147,17.881447],"rotation":{"angle":0.0,"axis":"y","origin":[11.166794,2.2183657,16.896376]},"faces":{"east":{"uv":[14.4375,4.875,14.5,4.9375],"rotation":0,"texture":"#0","tintindex":0},"south":{"uv":[12.9375,6.4375,13.0,6.5],"rotation":0,"texture":"#0","tintindex":0},"north":{"uv":[12.875,6.4375,12.9375,6.5],"rotation":0,"texture":"#0","tintindex":0},"west":{"uv":[14.4375,4.9375,14.5,5.0],"rotation":0,"texture":"#0","tintindex":0},"up":{"uv":[13.0625,6.5,13.0,6.4375],"rotation":0,"texture":"#0","tintindex":0},"down":{"uv":[14.5,5.0,14.4375,5.0625],"rotation":0,"texture":"#0","tintindex":0}}},{"from":[10.087219,-4.244508,10.205123],"to":[12.246368,-2.2743664,12.632021],"rotation":{"angle":0.0,"axis":"y","origin":[11.166794,-3.2594376,11.418571]},"faces":{"east":{"uv":[14.4375,5.0625,14.5,5.125],"rotation":0,"texture":"#0","tintindex":0},"south":{"uv":[13.125,6.4375,13.1875,6.5],"rotation":0,"texture":"#0","tintindex":0},"north":{"uv":[13.0625,6.4375,13.125,6.5],"rotation":0,"texture":"#0","tintindex":0},"west":{"uv":[14.4375,5.125,14.5,5.1875],"rotation":0,"texture":"#0","tintindex":0},"up":{"uv":[13.25,6.5,13.1875,6.4375],"rotation":0,"texture":"#0","tintindex":0},"down":{"uv":[14.5,5.1875,14.4375,5.25],"rotation":0,"texture":"#0","tintindex":0}}},{"from":[10.218561,-2.135023,7.176596],"to":[12.1150255,6.50649,15.725811],"rotation":{"angle":-45.0,"axis":"x","origin":[11.166794,2.1857338,11.451204]},"faces":{"east":{"uv":[10.5,3.1875,10.84375,3.53125],"rotation":0,"texture":"#0","tintindex":0},"south":{"uv":[12.75,5.625,12.8125,5.90625],"rotation":0,"texture":"#0","tintindex":0},"north":{"uv":[13.625,3.75,13.6875,4.03125],"rotation":0,"texture":"#0","tintindex":0},"west":{"uv":[9.8125,3.75,10.09375,4.03125],"rotation":0,"texture":"#0","tintindex":0},"up":{"uv":[12.875,5.90625,12.8125,5.625],"rotation":0,"texture":"#0","tintindex":0},"down":{"uv":[12.9375,5.625,12.875,5.90625],"rotation":0,"texture":"#0","tintindex":0}}},{"from":[6.036217,0.33206797,-6.8654423],"to":[9.963783,32.0,1.8072491],"rotation":{"angle":-45.0,"axis":"x","origin":[8.0,16.166035,-2.5290966]},"faces":{"east":{"uv":[8.625,1.5625,8.90625,2.5625],"rotation":0,"texture":"#0","tintindex":0},"south":{"uv":[8.5,2.6875,8.625,3.6875],"rotation":0,"texture":"#0","tintindex":0},"north":{"uv":[9.75,2.5625,9.875,3.5625],"rotation":0,"texture":"#0","tintindex":0},"west":{"uv":[8.9375,1.5625,9.21875,2.5625],"rotation":0,"texture":"#0","tintindex":0},"up":{"uv":[10.875,5.34375,10.75,5.0625],"rotation":0,"texture":"#0","tintindex":0},"down":{"uv":[13.1875,4.8125,13.0625,5.09375],"rotation":0,"texture":"#0","tintindex":0}}}],"display":{"head":{"translation":[0.0,3.0482879,0.0],"scale":[4.0,4.0,4.0]}}}