{"textures":{"0":"minecraft:modelengine/entity/claw_tier4"},"elements":[{"from":[7.02584,6.8799286,-4.865098],"to":[8.97416,9.120071,20.865097],"rotation":{"angle":45.0,"axis":"x","origin":[8.0,8.0,8.0]},"faces":{"east":{"uv":[12.5,3.8125,13.3125,3.875],"rotation":0,"texture":"#0","tintindex":0},"south":{"uv":[13.4375,6.375,13.5,6.4375],"rotation":0,"texture":"#0","tintindex":0},"north":{"uv":[14.375,5.375,14.4375,5.4375],"rotation":0,"texture":"#0","tintindex":0},"west":{"uv":[12.5,4.4375,13.3125,4.5],"rotation":0,"texture":"#0","tintindex":0},"up":{"uv":[11.375,5.125,11.3125,4.3125],"rotation":0,"texture":"#0","tintindex":0},"down":{"uv":[10.75,4.375,10.6875,5.1875],"rotation":0,"texture":"#0","tintindex":0}}}],"display":{"head":{"translation":[0.0,-6.4,0.0],"scale":[4.0,4.0,4.0]}}}