{"textures":{"0":"minecraft:modelengine/entity/claw_tier4"},"elements":[{"from":[5.4456286,3.313004,23.204426],"to":[10.554371,5.0720587,26.311659],"rotation":{"angle":-22.5,"axis":"x","origin":[8.0,4.1925306,24.758041]},"faces":{"east":{"uv":[8.6875,6.25,8.78125,6.3125],"rotation":0,"texture":"#0","tintindex":0},"south":{"uv":[14.0,3.75,14.15625,3.8125],"rotation":0,"texture":"#0","tintindex":0},"north":{"uv":[14.0,3.6875,14.15625,3.75],"rotation":0,"texture":"#0","tintindex":0},"west":{"uv":[14.25,0.6875,14.34375,0.75],"rotation":0,"texture":"#0","tintindex":0},"up":{"uv":[8.78125,5.90625,8.625,5.8125],"rotation":0,"texture":"#0","tintindex":0},"down":{"uv":[8.96875,5.8125,8.8125,5.90625],"rotation":0,"texture":"#0","tintindex":0}}},{"from":[5.4456286,4.3906355,25.628983],"to":[10.554371,6.14969,27.534624],"rotation":{"angle":-45.0,"axis":"x","origin":[8.0,5.270163,26.581804]},"faces":{"east":{"uv":[9.8125,3.6875,9.875,3.75],"rotation":0,"texture":"#0","tintindex":0},"south":{"uv":[14.0,3.875,14.15625,3.9375],"rotation":0,"texture":"#0","tintindex":0},"north":{"uv":[14.0,3.8125,14.15625,3.875],"rotation":0,"texture":"#0","tintindex":0},"west":{"uv":[9.3125,3.75,9.375,3.8125],"rotation":0,"texture":"#0","tintindex":0},"up":{"uv":[14.15625,4.0,14.0,3.9375],"rotation":0,"texture":"#0","tintindex":0},"down":{"uv":[14.15625,4.0,14.0,4.0625],"rotation":0,"texture":"#0","tintindex":0}}},{"from":[5.4456286,2.7854104,21.753626],"to":[10.554371,4.544465,23.659267],"rotation":{"angle":0.0,"axis":"y","origin":[8.0,3.664938,22.706448]},"faces":{"east":{"uv":[11.5,3.875,11.5625,3.9375],"rotation":0,"texture":"#0","tintindex":0},"south":{"uv":[14.0,4.125,14.15625,4.1875],"rotation":0,"texture":"#0","tintindex":0},"north":{"uv":[14.0,4.0625,14.15625,4.125],"rotation":0,"texture":"#0","tintindex":0},"west":{"uv":[12.125,0.875,12.1875,0.9375],"rotation":0,"texture":"#0","tintindex":0},"up":{"uv":[14.15625,4.25,14.0,4.1875],"rotation":0,"texture":"#0","tintindex":0},"down":{"uv":[14.15625,4.25,14.0,4.3125],"rotation":0,"texture":"#0","tintindex":0}}},{"from":[5.4456286,12.517935,22.262545],"to":[10.554371,14.276989,24.168188],"rotation":{"angle":0.0,"axis":"y","origin":[8.0,13.397462,23.215366]},"faces":{"east":{"uv":[12.1875,1.1875,12.25,1.25],"rotation":0,"texture":"#0","tintindex":0},"south":{"uv":[14.0,4.5,14.15625,4.5625],"rotation":0,"texture":"#0","tintindex":0},"north":{"uv":[14.0,4.4375,14.15625,4.5],"rotation":0,"texture":"#0","tintindex":0},"west":{"uv":[11.5625,4.6875,11.625,4.75],"rotation":0,"texture":"#0","tintindex":0},"up":{"uv":[14.15625,4.625,14.0,4.5625],"rotation":0,"texture":"#0","tintindex":0},"down":{"uv":[14.15625,4.625,14.0,4.6875],"rotation":0,"texture":"#0","tintindex":0}}},{"from":[5.4456286,10.912709,18.387188],"to":[10.554371,12.671764,20.292831],"rotation":{"angle":-45.0,"axis":"x","origin":[8.0,11.792236,19.34001]},"faces":{"east":{"uv":[10.625,4.8125,10.6875,4.875],"rotation":0,"texture":"#0","tintindex":0},"south":{"uv":[14.0,4.75,14.15625,4.8125],"rotation":0,"texture":"#0","tintindex":0},"north":{"uv":[14.0,4.6875,14.15625,4.75],"rotation":0,"texture":"#0","tintindex":0},"west":{"uv":[10.9375,4.8125,11.0,4.875],"rotation":0,"texture":"#0","tintindex":0},"up":{"uv":[14.15625,4.875,14.0,4.8125],"rotation":0,"texture":"#0","tintindex":0},"down":{"uv":[14.15625,4.875,14.0,4.9375],"rotation":0,"texture":"#0","tintindex":0}}},{"from":[5.4456286,11.990341,19.610155],"to":[10.554371,13.749395,22.717388],"rotation":{"angle":-22.5,"axis":"x","origin":[8.0,12.869869,21.163773]},"faces":{"east":{"uv":[14.25,0.75,14.34375,0.8125],"rotation":0,"texture":"#0","tintindex":0},"south":{"uv":[14.0,5.0,14.15625,5.0625],"rotation":0,"texture":"#0","tintindex":0},"north":{"uv":[14.0,4.9375,14.15625,5.0],"rotation":0,"texture":"#0","tintindex":0},"west":{"uv":[8.8125,6.25,8.90625,6.3125],"rotation":0,"texture":"#0","tintindex":0},"up":{"uv":[13.96875,1.78125,13.8125,1.6875],"rotation":0,"texture":"#0","tintindex":0},"down":{"uv":[13.96875,1.8125,13.8125,1.90625],"rotation":0,"texture":"#0","tintindex":0}}},{"from":[5.4456286,7.3239193,26.947641],"to":[10.554371,9.229562,28.706696],"rotation":{"angle":0.0,"axis":"y","origin":[8.0,8.27674,27.82717]},"faces":{"east":{"uv":[13.0,0.4375,13.0625,0.5],"rotation":0,"texture":"#0","tintindex":0},"south":{"uv":[14.0,5.25,14.15625,5.3125],"rotation":0,"texture":"#0","tintindex":0},"north":{"uv":[14.0,5.1875,14.15625,5.25],"rotation":0,"texture":"#0","tintindex":0},"west":{"uv":[9.5,5.0625,9.5625,5.125],"rotation":0,"texture":"#0","tintindex":0},"up":{"uv":[14.15625,5.375,14.0,5.3125],"rotation":0,"texture":"#0","tintindex":0},"down":{"uv":[14.15625,5.5,14.0,5.5625],"rotation":0,"texture":"#0","tintindex":0}}},{"from":[5.4456286,8.774719,26.420048],"to":[10.554371,11.881951,28.179104],"rotation":{"angle":-22.5,"axis":"x","origin":[8.0,10.328335,27.299576]},"faces":{"east":{"uv":[14.25,0.8125,14.3125,0.90625],"rotation":0,"texture":"#0","tintindex":0},"south":{"uv":[13.8125,1.9375,13.96875,2.03125],"rotation":0,"texture":"#0","tintindex":0},"north":{"uv":[9.875,5.8125,10.03125,5.90625],"rotation":0,"texture":"#0","tintindex":0},"west":{"uv":[8.9375,6.25,9.0,6.34375],"rotation":0,"texture":"#0","tintindex":0},"up":{"uv":[14.15625,5.625,14.0,5.5625],"rotation":0,"texture":"#0","tintindex":0},"down":{"uv":[14.15625,5.625,14.0,5.6875],"rotation":0,"texture":"#0","tintindex":0}}},{"from":[5.4456286,11.199275,25.342417],"to":[10.554371,13.104918,27.10147],"rotation":{"angle":-45.0,"axis":"x","origin":[8.0,12.152097,26.221943]},"faces":{"east":{"uv":[13.125,1.8125,13.1875,1.875],"rotation":0,"texture":"#0","tintindex":0},"south":{"uv":[14.0,5.75,14.15625,5.8125],"rotation":0,"texture":"#0","tintindex":0},"north":{"uv":[14.0,5.6875,14.15625,5.75],"rotation":0,"texture":"#0","tintindex":0},"west":{"uv":[13.125,2.875,13.1875,2.9375],"rotation":0,"texture":"#0","tintindex":0},"up":{"uv":[14.15625,5.875,14.0,5.8125],"rotation":0,"texture":"#0","tintindex":0},"down":{"uv":[14.09375,6.0,13.9375,6.0625],"rotation":0,"texture":"#0","tintindex":0}}},{"from":[5.4456286,7.832838,17.215118],"to":[10.554371,9.738481,18.974173],"rotation":{"angle":0.0,"axis":"y","origin":[8.0,8.785659,18.094645]},"faces":{"east":{"uv":[11.3125,5.125,11.375,5.1875],"rotation":0,"texture":"#0","tintindex":0},"south":{"uv":[14.0625,0.0625,14.21875,0.125],"rotation":0,"texture":"#0","tintindex":0},"north":{"uv":[14.0625,0.0,14.21875,0.0625],"rotation":0,"texture":"#0","tintindex":0},"west":{"uv":[9.875,5.25,9.9375,5.3125],"rotation":0,"texture":"#0","tintindex":0},"up":{"uv":[8.28125,6.125,8.125,6.0625],"rotation":0,"texture":"#0","tintindex":0},"down":{"uv":[14.21875,0.125,14.0625,0.1875],"rotation":0,"texture":"#0","tintindex":0}}},{"from":[5.4456286,3.9574819,18.820343],"to":[10.554371,5.8631244,20.579397],"rotation":{"angle":-45.0,"axis":"x","origin":[8.0,4.910303,19.699871]},"faces":{"east":{"uv":[12.125,5.25,12.1875,5.3125],"rotation":0,"texture":"#0","tintindex":0},"south":{"uv":[14.0625,0.25,14.21875,0.3125],"rotation":0,"texture":"#0","tintindex":0},"north":{"uv":[14.0625,0.1875,14.21875,0.25],"rotation":0,"texture":"#0","tintindex":0},"west":{"uv":[10.25,5.3125,10.3125,5.375],"rotation":0,"texture":"#0","tintindex":0},"up":{"uv":[8.46875,6.125,8.3125,6.0625],"rotation":0,"texture":"#0","tintindex":0},"down":{"uv":[14.21875,0.3125,14.0625,0.375],"rotation":0,"texture":"#0","tintindex":0}}},{"from":[5.4456286,5.180448,17.74271],"to":[10.554371,8.287681,19.501766],"rotation":{"angle":-22.5,"axis":"x","origin":[8.0,6.734064,18.622238]},"faces":{"east":{"uv":[9.0,6.25,9.0625,6.34375],"rotation":0,"texture":"#0","tintindex":0},"south":{"uv":[13.8125,2.5625,13.96875,2.65625],"rotation":0,"texture":"#0","tintindex":0},"north":{"uv":[13.8125,2.4375,13.96875,2.53125],"rotation":0,"texture":"#0","tintindex":0},"west":{"uv":[9.0625,6.25,9.125,6.34375],"rotation":0,"texture":"#0","tintindex":0},"up":{"uv":[14.21875,0.4375,14.0625,0.375],"rotation":0,"texture":"#0","tintindex":0},"down":{"uv":[14.21875,0.4375,14.0625,0.5],"rotation":0,"texture":"#0","tintindex":0}}},{"from":[5.4456286,9.319428,17.56278],"to":[10.554371,11.486301,19.321835],"rotation":{"angle":22.5,"axis":"x","origin":[8.0,10.402864,18.442308]},"faces":{"east":{"uv":[10.6875,5.3125,10.75,5.375],"rotation":0,"texture":"#0","tintindex":0},"south":{"uv":[8.75,6.0625,8.90625,6.125],"rotation":0,"texture":"#0","tintindex":0},"north":{"uv":[14.0625,0.6875,14.21875,0.75],"rotation":0,"texture":"#0","tintindex":0},"west":{"uv":[13.3125,2.8125,13.375,2.875],"rotation":0,"texture":"#0","tintindex":0},"up":{"uv":[14.21875,0.8125,14.0625,0.75],"rotation":0,"texture":"#0","tintindex":0},"down":{"uv":[14.21875,0.8125,14.0625,0.875],"rotation":0,"texture":"#0","tintindex":0}}},{"from":[5.4456286,3.1330738,20.005806],"to":[10.554371,4.8921285,22.172678],"rotation":{"angle":22.5,"axis":"x","origin":[8.0,4.012601,21.089241]},"faces":{"east":{"uv":[13.3125,3.8125,13.375,3.875],"rotation":0,"texture":"#0","tintindex":0},"south":{"uv":[14.0625,1.3125,14.21875,1.375],"rotation":0,"texture":"#0","tintindex":0},"north":{"uv":[14.0625,0.875,14.21875,0.9375],"rotation":0,"texture":"#0","tintindex":0},"west":{"uv":[13.3125,4.4375,13.375,4.5],"rotation":0,"texture":"#0","tintindex":0},"up":{"uv":[14.21875,1.4375,14.0625,1.375],"rotation":0,"texture":"#0","tintindex":0},"down":{"uv":[14.21875,1.4375,14.0625,1.5],"rotation":0,"texture":"#0","tintindex":0}}},{"from":[5.4456286,12.170271,23.749134],"to":[10.554371,13.929326,25.916008],"rotation":{"angle":22.5,"axis":"x","origin":[8.0,13.049799,24.832571]},"faces":{"east":{"uv":[13.375,4.9375,13.4375,5.0],"rotation":0,"texture":"#0","tintindex":0},"south":{"uv":[9.8125,6.0625,9.96875,6.125],"rotation":0,"texture":"#0","tintindex":0},"north":{"uv":[14.0625,1.5,14.21875,1.5625],"rotation":0,"texture":"#0","tintindex":0},"west":{"uv":[13.4375,1.125,13.5,1.1875],"rotation":0,"texture":"#0","tintindex":0},"up":{"uv":[10.78125,6.125,10.625,6.0625],"rotation":0,"texture":"#0","tintindex":0},"down":{"uv":[10.96875,6.0625,10.8125,6.125],"rotation":0,"texture":"#0","tintindex":0}}},{"from":[5.4456286,5.5760984,26.599977],"to":[10.554371,7.7429714,28.359034],"rotation":{"angle":22.5,"axis":"x","origin":[8.0,6.659535,27.479506]},"faces":{"east":{"uv":[12.75,5.4375,12.8125,5.5],"rotation":0,"texture":"#0","tintindex":0},"south":{"uv":[11.4375,6.0625,11.59375,6.125],"rotation":0,"texture":"#0","tintindex":0},"north":{"uv":[11.0,6.0625,11.15625,6.125],"rotation":0,"texture":"#0","tintindex":0},"west":{"uv":[11.4375,5.5,11.5,5.5625],"rotation":0,"texture":"#0","tintindex":0},"up":{"uv":[14.21875,4.375,14.0625,4.3125],"rotation":0,"texture":"#0","tintindex":0},"down":{"uv":[12.53125,6.0625,12.375,6.125],"rotation":0,"texture":"#0","tintindex":0}}},{"from":[5.562899,4.730354,19.141155],"to":[10.437101,12.363583,26.856792],"rotation":{"angle":-22.5,"axis":"x","origin":[8.0,8.546968,22.998974]},"faces":{"east":{"uv":[11.875,4.5,12.125,4.75],"rotation":0,"texture":"#0","tintindex":0},"south":{"uv":[12.375,4.75,12.53125,5.0],"rotation":0,"texture":"#0","tintindex":0},"north":{"uv":[12.1875,4.75,12.34375,5.0],"rotation":0,"texture":"#0","tintindex":0},"west":{"uv":[12.125,4.5,12.375,4.75],"rotation":0,"texture":"#0","tintindex":0},"up":{"uv":[9.53125,5.0625,9.375,4.8125],"rotation":0,"texture":"#0","tintindex":0},"down":{"uv":[10.90625,4.8125,10.75,5.0625],"rotation":0,"texture":"#0","tintindex":0}}},{"from":[6.036217,-3.8269596,-16.0],"to":[9.963783,4.8457313,23.189068],"rotation":{"angle":-22.5,"axis":"x","origin":[8.0,0.50938606,3.5945358]},"faces":{"east":{"uv":[8.625,1.25,9.875,1.53125],"rotation":0,"texture":"#0","tintindex":0},"south":{"uv":[13.0625,2.1875,13.1875,2.46875],"rotation":0,"texture":"#0","tintindex":0},"north":{"uv":[13.0625,1.875,13.1875,2.15625],"rotation":0,"texture":"#0","tintindex":0},"west":{"uv":[9.25,0.625,10.5,0.90625],"rotation":0,"texture":"#0","tintindex":0},"up":{"uv":[10.5,3.75,10.375,2.5],"rotation":0,"texture":"#0","tintindex":0},"down":{"uv":[9.5,2.5625,9.375,3.8125],"rotation":0,"texture":"#0","tintindex":0}}},{"from":[10.087219,2.68682,23.233648],"to":[12.246368,4.6569614,26.713749],"rotation":{"angle":-22.5,"axis":"x","origin":[11.166794,3.6718907,24.973698]},"faces":{"east":{"uv":[8.5,2.3125,8.625,2.375],"rotation":0,"texture":"#0","tintindex":0},"south":{"uv":[12.5625,5.8125,12.625,5.875],"rotation":0,"texture":"#0","tintindex":0},"north":{"uv":[13.75,3.0,13.8125,3.0625],"rotation":0,"texture":"#0","tintindex":0},"west":{"uv":[10.375,0.4375,10.5,0.5],"rotation":0,"texture":"#0","tintindex":0},"up":{"uv":[9.875,3.6875,9.8125,3.5625],"rotation":0,"texture":"#0","tintindex":0},"down":{"uv":[9.375,3.625,9.3125,3.75],"rotation":0,"texture":"#0","tintindex":0}}},{"from":[10.087219,3.8937678,25.949152],"to":[12.246368,5.8639092,28.083471],"rotation":{"angle":-45.0,"axis":"x","origin":[11.166794,4.8788385,27.016312]},"faces":{"east":{"uv":[8.9375,5.9375,9.0,6.0],"rotation":0,"texture":"#0","tintindex":0},"south":{"uv":[12.125,6.3125,12.1875,6.375],"rotation":0,"texture":"#0","tintindex":0},"north":{"uv":[12.6875,5.875,12.75,5.9375],"rotation":0,"texture":"#0","tintindex":0},"west":{"uv":[14.3125,4.125,14.375,4.1875],"rotation":0,"texture":"#0","tintindex":0},"up":{"uv":[12.25,6.375,12.1875,6.3125],"rotation":0,"texture":"#0","tintindex":0},"down":{"uv":[14.375,4.1875,14.3125,4.25],"rotation":0,"texture":"#0","tintindex":0}}},{"from":[10.087219,2.0959158,21.608753],"to":[12.246368,4.066057,23.743073],"rotation":{"angle":0.0,"axis":"y","origin":[11.166794,3.0809865,22.67591]},"faces":{"east":{"uv":[14.3125,4.3125,14.375,4.375],"rotation":0,"texture":"#0","tintindex":0},"south":{"uv":[12.375,6.3125,12.4375,6.375],"rotation":0,"texture":"#0","tintindex":0},"north":{"uv":[14.3125,4.25,14.375,4.3125],"rotation":0,"texture":"#0","tintindex":0},"west":{"uv":[14.3125,4.375,14.375,4.4375],"rotation":0,"texture":"#0","tintindex":0},"up":{"uv":[12.5,6.375,12.4375,6.3125],"rotation":0,"texture":"#0","tintindex":0},"down":{"uv":[14.375,4.4375,14.3125,4.5],"rotation":0,"texture":"#0","tintindex":0}}},{"from":[10.087219,12.996343,22.178741],"to":[12.246368,14.966484,24.31306],"rotation":{"angle":0.0,"axis":"y","origin":[11.166794,13.981413,23.245901]},"faces":{"east":{"uv":[14.3125,4.5,14.375,4.5625],"rotation":0,"texture":"#0","tintindex":0},"south":{"uv":[12.5625,6.3125,12.625,6.375],"rotation":0,"texture":"#0","tintindex":0},"north":{"uv":[12.5,6.3125,12.5625,6.375],"rotation":0,"texture":"#0","tintindex":0},"west":{"uv":[14.3125,4.5625,14.375,4.625],"rotation":0,"texture":"#0","tintindex":0},"up":{"uv":[12.6875,6.375,12.625,6.3125],"rotation":0,"texture":"#0","tintindex":0},"down":{"uv":[14.375,4.625,14.3125,4.6875],"rotation":0,"texture":"#0","tintindex":0}}},{"from":[10.087219,11.19849,17.838343],"to":[12.246368,13.168632,19.972662],"rotation":{"angle":-45.0,"axis":"x","origin":[11.166794,12.183561,18.905502]},"faces":{"east":{"uv":[14.3125,4.6875,14.375,4.75],"rotation":0,"texture":"#0","tintindex":0},"south":{"uv":[12.75,6.3125,12.8125,6.375],"rotation":0,"texture":"#0","tintindex":0},"north":{"uv":[12.6875,6.3125,12.75,6.375],"rotation":0,"texture":"#0","tintindex":0},"west":{"uv":[14.3125,4.75,14.375,4.8125],"rotation":0,"texture":"#0","tintindex":0},"up":{"uv":[12.875,6.375,12.8125,6.3125],"rotation":0,"texture":"#0","tintindex":0},"down":{"uv":[14.375,4.8125,14.3125,4.875],"rotation":0,"texture":"#0","tintindex":0}}},{"from":[10.087219,12.405438,19.208065],"to":[12.246368,14.37558,22.688164],"rotation":{"angle":-22.5,"axis":"x","origin":[11.166794,13.390509,20.948116]},"faces":{"east":{"uv":[10.875,3.5,11.0,3.5625],"rotation":0,"texture":"#0","tintindex":0},"south":{"uv":[14.3125,4.875,14.375,4.9375],"rotation":0,"texture":"#0","tintindex":0},"north":{"uv":[12.875,6.3125,12.9375,6.375],"rotation":0,"texture":"#0","tintindex":0},"west":{"uv":[9.6875,4.3125,9.8125,4.375],"rotation":0,"texture":"#0","tintindex":0},"up":{"uv":[10.875,4.1875,10.8125,4.0625],"rotation":0,"texture":"#0","tintindex":0},"down":{"uv":[12.1875,0.75,12.125,0.875],"rotation":0,"texture":"#0","tintindex":0}}},{"from":[10.087219,7.1790457,27.42605],"to":[12.246368,9.313365,29.39619],"rotation":{"angle":0.0,"axis":"y","origin":[11.166794,8.246205,28.41112]},"faces":{"east":{"uv":[14.3125,4.9375,14.375,5.0],"rotation":0,"texture":"#0","tintindex":0},"south":{"uv":[13.0,6.3125,13.0625,6.375],"rotation":0,"texture":"#0","tintindex":0},"north":{"uv":[12.9375,6.3125,13.0,6.375],"rotation":0,"texture":"#0","tintindex":0},"west":{"uv":[14.3125,5.0,14.375,5.0625],"rotation":0,"texture":"#0","tintindex":0},"up":{"uv":[14.375,5.125,14.3125,5.0625],"rotation":0,"texture":"#0","tintindex":0},"down":{"uv":[13.1875,6.3125,13.125,6.375],"rotation":0,"texture":"#0","tintindex":0}}},{"from":[10.087219,8.803942,26.835146],"to":[12.246368,12.284042,28.805286],"rotation":{"angle":-22.5,"axis":"x","origin":[11.166794,10.543991,27.820215]},"faces":{"east":{"uv":[12.1875,1.0625,12.25,1.1875],"rotation":0,"texture":"#0","tintindex":0},"south":{"uv":[10.8125,4.1875,10.875,4.3125],"rotation":0,"texture":"#0","tintindex":0},"north":{"uv":[12.125,3.125,12.1875,3.25],"rotation":0,"texture":"#0","tintindex":0},"west":{"uv":[10.75,4.375,10.8125,4.5],"rotation":0,"texture":"#0","tintindex":0},"up":{"uv":[14.375,5.1875,14.3125,5.125],"rotation":0,"texture":"#0","tintindex":0},"down":{"uv":[13.25,6.3125,13.1875,6.375],"rotation":0,"texture":"#0","tintindex":0}}},{"from":[10.087219,11.519444,25.628197],"to":[12.246368,13.653765,27.59834],"rotation":{"angle":-45.0,"axis":"x","origin":[11.166794,12.586604,26.613268]},"faces":{"east":{"uv":[14.3125,5.25,14.375,5.3125],"rotation":0,"texture":"#0","tintindex":0},"south":{"uv":[13.3125,6.3125,13.375,6.375],"rotation":0,"texture":"#0","tintindex":0},"north":{"uv":[14.3125,5.1875,14.375,5.25],"rotation":0,"texture":"#0","tintindex":0},"west":{"uv":[14.3125,5.3125,14.375,5.375],"rotation":0,"texture":"#0","tintindex":0},"up":{"uv":[13.4375,6.375,13.375,6.3125],"rotation":0,"texture":"#0","tintindex":0},"down":{"uv":[14.375,5.375,14.3125,5.4375],"rotation":0,"texture":"#0","tintindex":0}}},{"from":[10.087219,7.7490344,16.525623],"to":[12.246368,9.883354,18.495764],"rotation":{"angle":0.0,"axis":"y","origin":[11.166794,8.816195,17.510693]},"faces":{"east":{"uv":[14.3125,5.4375,14.375,5.5],"rotation":0,"texture":"#0","tintindex":0},"south":{"uv":[13.5,6.3125,13.5625,6.375],"rotation":0,"texture":"#0","tintindex":0},"north":{"uv":[13.4375,6.3125,13.5,6.375],"rotation":0,"texture":"#0","tintindex":0},"west":{"uv":[14.3125,5.5,14.375,5.5625],"rotation":0,"texture":"#0","tintindex":0},"up":{"uv":[13.625,6.375,13.5625,6.3125],"rotation":0,"texture":"#0","tintindex":0},"down":{"uv":[14.375,5.5625,14.3125,5.625],"rotation":0,"texture":"#0","tintindex":0}}},{"from":[10.087219,3.4086356,18.323475],"to":[12.246368,5.5429554,20.293617],"rotation":{"angle":-45.0,"axis":"x","origin":[11.166794,4.4757953,19.308544]},"faces":{"east":{"uv":[13.6875,6.3125,13.75,6.375],"rotation":0,"texture":"#0","tintindex":0},"south":{"uv":[13.75,6.3125,13.8125,6.375],"rotation":0,"texture":"#0","tintindex":0},"north":{"uv":[13.625,6.3125,13.6875,6.375],"rotation":0,"texture":"#0","tintindex":0},"west":{"uv":[14.3125,5.75,14.375,5.8125],"rotation":0,"texture":"#0","tintindex":0},"up":{"uv":[13.875,6.375,13.8125,6.3125],"rotation":0,"texture":"#0","tintindex":0},"down":{"uv":[14.375,5.8125,14.3125,5.875],"rotation":0,"texture":"#0","tintindex":0}}},{"from":[10.087219,4.778358,17.116528],"to":[12.246368,8.258458,19.086668],"rotation":{"angle":-22.5,"axis":"x","origin":[11.166794,6.5184083,18.101597]},"faces":{"east":{"uv":[10.75,4.5,10.8125,4.625],"rotation":0,"texture":"#0","tintindex":0},"south":{"uv":[11.5625,4.5625,11.625,4.6875],"rotation":0,"texture":"#0","tintindex":0},"north":{"uv":[12.4375,0.9375,12.5,1.0625],"rotation":0,"texture":"#0","tintindex":0},"west":{"uv":[12.625,3.0,12.6875,3.125],"rotation":0,"texture":"#0","tintindex":0},"up":{"uv":[13.9375,6.375,13.875,6.3125],"rotation":0,"texture":"#0","tintindex":0},"down":{"uv":[14.375,5.875,14.3125,5.9375],"rotation":0,"texture":"#0","tintindex":0}}},{"from":[10.087219,9.414016,16.915005],"to":[12.246368,11.840914,18.885147],"rotation":{"angle":22.5,"axis":"x","origin":[11.166794,10.627464,17.900076]},"faces":{"east":{"uv":[14.3125,5.9375,14.375,6.0],"rotation":0,"texture":"#0","tintindex":0},"south":{"uv":[14.0,6.3125,14.0625,6.375],"rotation":0,"texture":"#0","tintindex":0},"north":{"uv":[13.9375,6.3125,14.0,6.375],"rotation":0,"texture":"#0","tintindex":0},"west":{"uv":[14.3125,6.0,14.375,6.0625],"rotation":0,"texture":"#0","tintindex":0},"up":{"uv":[14.125,6.375,14.0625,6.3125],"rotation":0,"texture":"#0","tintindex":0},"down":{"uv":[14.1875,6.3125,14.125,6.375],"rotation":0,"texture":"#0","tintindex":0}}},{"from":[10.087219,2.4852986,19.651194],"to":[12.246368,4.4554396,22.07809],"rotation":{"angle":22.5,"axis":"x","origin":[11.166794,3.4703693,20.864643]},"faces":{"east":{"uv":[14.25,6.3125,14.3125,6.375],"rotation":0,"texture":"#0","tintindex":0},"south":{"uv":[14.3125,6.25,14.375,6.3125],"rotation":0,"texture":"#0","tintindex":0},"north":{"uv":[14.3125,6.1875,14.375,6.25],"rotation":0,"texture":"#0","tintindex":0},"west":{"uv":[14.3125,6.3125,14.375,6.375],"rotation":0,"texture":"#0","tintindex":0},"up":{"uv":[8.0625,6.4375,8.0,6.375],"rotation":0,"texture":"#0","tintindex":0},"down":{"uv":[14.4375,0.0,14.375,0.0625],"rotation":0,"texture":"#0","tintindex":0}}},{"from":[10.087219,12.60696,23.843723],"to":[12.246368,14.577101,26.27062],"rotation":{"angle":22.5,"axis":"x","origin":[11.166794,13.592031,25.05717]},"faces":{"east":{"uv":[14.375,0.0625,14.4375,0.125],"rotation":0,"texture":"#0","tintindex":0},"south":{"uv":[14.375,0.125,14.4375,0.1875],"rotation":0,"texture":"#0","tintindex":0},"north":{"uv":[8.0625,6.375,8.125,6.4375],"rotation":0,"texture":"#0","tintindex":0},"west":{"uv":[14.375,0.1875,14.4375,0.25],"rotation":0,"texture":"#0","tintindex":0},"up":{"uv":[14.4375,0.3125,14.375,0.25],"rotation":0,"texture":"#0","tintindex":0},"down":{"uv":[8.4375,6.375,8.375,6.4375],"rotation":0,"texture":"#0","tintindex":0}}},{"from":[10.087219,5.221486,27.036667],"to":[12.246368,7.648384,29.006807],"rotation":{"angle":22.5,"axis":"x","origin":[11.166794,6.434935,28.021738]},"faces":{"east":{"uv":[14.375,0.5,14.4375,0.5625],"rotation":0,"texture":"#0","tintindex":0},"south":{"uv":[8.5625,6.375,8.625,6.4375],"rotation":0,"texture":"#0","tintindex":0},"north":{"uv":[14.375,0.4375,14.4375,0.5],"rotation":0,"texture":"#0","tintindex":0},"west":{"uv":[14.375,0.5625,14.4375,0.625],"rotation":0,"texture":"#0","tintindex":0},"up":{"uv":[8.6875,6.4375,8.625,6.375],"rotation":0,"texture":"#0","tintindex":0},"down":{"uv":[14.4375,0.6875,14.375,0.75],"rotation":0,"texture":"#0","tintindex":0}}},{"from":[10.218561,4.274253,18.682785],"to":[12.1150255,12.823468,27.324299],"rotation":{"angle":-22.5,"axis":"x","origin":[11.166794,8.548861,23.003544]},"faces":{"east":{"uv":[10.5,3.1875,10.84375,3.53125],"rotation":0,"texture":"#0","tintindex":0},"south":{"uv":[10.625,5.625,10.6875,5.90625],"rotation":0,"texture":"#0","tintindex":0},"north":{"uv":[9.8125,5.625,9.875,5.90625],"rotation":0,"texture":"#0","tintindex":0},"west":{"uv":[11.625,1.875,11.90625,2.15625],"rotation":0,"texture":"#0","tintindex":0},"up":{"uv":[10.75,5.90625,10.6875,5.625],"rotation":0,"texture":"#0","tintindex":0},"down":{"uv":[10.8125,5.625,10.75,5.90625],"rotation":0,"texture":"#0","tintindex":0}}},{"from":[3.753632,2.68682,23.233648],"to":[5.9127812,4.6569614,26.713749],"rotation":{"angle":-22.5,"axis":"x","origin":[4.8332067,3.6718907,24.973698]},"faces":{"east":{"uv":[12.625,4.125,12.75,4.1875],"rotation":0,"texture":"#0","tintindex":0},"south":{"uv":[8.9375,6.375,9.0,6.4375],"rotation":0,"texture":"#0","tintindex":0},"north":{"uv":[14.375,0.75,14.4375,0.8125],"rotation":0,"texture":"#0","tintindex":0},"west":{"uv":[9.5625,4.8125,9.6875,4.875],"rotation":0,"texture":"#0","tintindex":0},"up":{"uv":[9.4375,4.8125,9.375,4.6875],"rotation":0,"texture":"#0","tintindex":0},"down":{"uv":[10.6875,4.6875,10.625,4.8125],"rotation":0,"texture":"#0","tintindex":0}}},{"from":[3.753632,3.8937678,25.949152],"to":[5.9127812,5.8639092,28.083471],"rotation":{"angle":-45.0,"axis":"x","origin":[4.8332067,4.8788385,27.016312]},"faces":{"east":{"uv":[9.0,6.375,9.0625,6.4375],"rotation":0,"texture":"#0","tintindex":0},"south":{"uv":[14.375,1.0,14.4375,1.0625],"rotation":0,"texture":"#0","tintindex":0},"north":{"uv":[14.375,0.9375,14.4375,1.0],"rotation":0,"texture":"#0","tintindex":0},"west":{"uv":[9.0625,6.375,9.125,6.4375],"rotation":0,"texture":"#0","tintindex":0},"up":{"uv":[14.4375,1.125,14.375,1.0625],"rotation":0,"texture":"#0","tintindex":0},"down":{"uv":[14.4375,1.125,14.375,1.1875],"rotation":0,"texture":"#0","tintindex":0}}},{"from":[3.753632,2.0959158,21.608753],"to":[5.9127812,4.066057,23.743073],"rotation":{"angle":0.0,"axis":"y","origin":[4.8332067,3.0809865,22.67591]},"faces":{"east":{"uv":[14.375,1.25,14.4375,1.3125],"rotation":0,"texture":"#0","tintindex":0},"south":{"uv":[9.375,6.375,9.4375,6.4375],"rotation":0,"texture":"#0","tintindex":0},"north":{"uv":[14.375,1.1875,14.4375,1.25],"rotation":0,"texture":"#0","tintindex":0},"west":{"uv":[14.375,1.375,14.4375,1.4375],"rotation":0,"texture":"#0","tintindex":0},"up":{"uv":[9.5,6.4375,9.4375,6.375],"rotation":0,"texture":"#0","tintindex":0},"down":{"uv":[14.4375,1.4375,14.375,1.5],"rotation":0,"texture":"#0","tintindex":0}}},{"from":[3.753632,12.996343,22.178741],"to":[5.9127812,14.966484,24.31306],"rotation":{"angle":0.0,"axis":"y","origin":[4.8332067,13.981413,23.245901]},"faces":{"east":{"uv":[14.375,1.5,14.4375,1.5625],"rotation":0,"texture":"#0","tintindex":0},"south":{"uv":[9.625,6.375,9.6875,6.4375],"rotation":0,"texture":"#0","tintindex":0},"north":{"uv":[9.5,6.375,9.5625,6.4375],"rotation":0,"texture":"#0","tintindex":0},"west":{"uv":[14.375,1.625,14.4375,1.6875],"rotation":0,"texture":"#0","tintindex":0},"up":{"uv":[9.75,6.4375,9.6875,6.375],"rotation":0,"texture":"#0","tintindex":0},"down":{"uv":[14.4375,1.6875,14.375,1.75],"rotation":0,"texture":"#0","tintindex":0}}},{"from":[3.753632,11.19849,17.838343],"to":[5.9127812,13.168632,19.972662],"rotation":{"angle":-45.0,"axis":"x","origin":[4.8332067,12.183561,18.905502]},"faces":{"east":{"uv":[14.375,1.75,14.4375,1.8125],"rotation":0,"texture":"#0","tintindex":0},"south":{"uv":[9.8125,6.375,9.875,6.4375],"rotation":0,"texture":"#0","tintindex":0},"north":{"uv":[9.75,6.375,9.8125,6.4375],"rotation":0,"texture":"#0","tintindex":0},"west":{"uv":[14.375,1.8125,14.4375,1.875],"rotation":0,"texture":"#0","tintindex":0},"up":{"uv":[9.9375,6.4375,9.875,6.375],"rotation":0,"texture":"#0","tintindex":0},"down":{"uv":[14.4375,1.875,14.375,1.9375],"rotation":0,"texture":"#0","tintindex":0}}},{"from":[3.753632,12.405438,19.208065],"to":[5.9127812,14.37558,22.688164],"rotation":{"angle":-22.5,"axis":"x","origin":[4.8332067,13.390509,20.948116]},"faces":{"east":{"uv":[12.875,2.9375,13.0,3.0],"rotation":0,"texture":"#0","tintindex":0},"south":{"uv":[14.375,2.0,14.4375,2.0625],"rotation":0,"texture":"#0","tintindex":0},"north":{"uv":[14.375,1.9375,14.4375,2.0],"rotation":0,"texture":"#0","tintindex":0},"west":{"uv":[12.875,4.625,13.0,4.6875],"rotation":0,"texture":"#0","tintindex":0},"up":{"uv":[12.625,4.875,12.5625,4.75],"rotation":0,"texture":"#0","tintindex":0},"down":{"uv":[11.5625,4.875,11.5,5.0],"rotation":0,"texture":"#0","tintindex":0}}},{"from":[3.753632,7.1790457,27.42605],"to":[5.9127812,9.313365,29.39619],"rotation":{"angle":0.0,"axis":"y","origin":[4.8332067,8.246205,28.41112]},"faces":{"east":{"uv":[14.375,2.125,14.4375,2.1875],"rotation":0,"texture":"#0","tintindex":0},"south":{"uv":[14.375,2.1875,14.4375,2.25],"rotation":0,"texture":"#0","tintindex":0},"north":{"uv":[14.375,2.0625,14.4375,2.125],"rotation":0,"texture":"#0","tintindex":0},"west":{"uv":[10.25,6.375,10.3125,6.4375],"rotation":0,"texture":"#0","tintindex":0},"up":{"uv":[10.375,6.4375,10.3125,6.375],"rotation":0,"texture":"#0","tintindex":0},"down":{"uv":[14.4375,2.3125,14.375,2.375],"rotation":0,"texture":"#0","tintindex":0}}},{"from":[3.753632,8.803942,26.835146],"to":[5.9127812,12.284042,28.805286],"rotation":{"angle":-22.5,"axis":"x","origin":[4.8332067,10.543991,27.820215]},"faces":{"east":{"uv":[12.9375,1.125,13.0,1.25],"rotation":0,"texture":"#0","tintindex":0},"south":{"uv":[12.9375,1.25,13.0,1.375],"rotation":0,"texture":"#0","tintindex":0},"north":{"uv":[12.5625,4.875,12.625,5.0],"rotation":0,"texture":"#0","tintindex":0},"west":{"uv":[13.0,0.3125,13.0625,0.4375],"rotation":0,"texture":"#0","tintindex":0},"up":{"uv":[10.4375,6.4375,10.375,6.375],"rotation":0,"texture":"#0","tintindex":0},"down":{"uv":[14.4375,2.375,14.375,2.4375],"rotation":0,"texture":"#0","tintindex":0}}},{"from":[3.753632,11.519444,25.628197],"to":[5.9127812,13.653765,27.59834],"rotation":{"angle":-45.0,"axis":"x","origin":[4.8332067,12.586604,26.613268]},"faces":{"east":{"uv":[14.375,2.5,14.4375,2.5625],"rotation":0,"texture":"#0","tintindex":0},"south":{"uv":[14.375,2.5625,14.4375,2.625],"rotation":0,"texture":"#0","tintindex":0},"north":{"uv":[14.375,2.4375,14.4375,2.5],"rotation":0,"texture":"#0","tintindex":0},"west":{"uv":[14.375,2.625,14.4375,2.6875],"rotation":0,"texture":"#0","tintindex":0},"up":{"uv":[14.4375,2.875,14.375,2.8125],"rotation":0,"texture":"#0","tintindex":0},"down":{"uv":[10.9375,6.375,10.875,6.4375],"rotation":0,"texture":"#0","tintindex":0}}},{"from":[3.753632,7.7490344,16.525623],"to":[5.9127812,9.883354,18.495764],"rotation":{"angle":0.0,"axis":"y","origin":[4.8332067,8.816195,17.510693]},"faces":{"east":{"uv":[10.9375,6.375,11.0,6.4375],"rotation":0,"texture":"#0","tintindex":0},"south":{"uv":[14.375,2.9375,14.4375,3.0],"rotation":0,"texture":"#0","tintindex":0},"north":{"uv":[14.375,2.875,14.4375,2.9375],"rotation":0,"texture":"#0","tintindex":0},"west":{"uv":[11.0,6.375,11.0625,6.4375],"rotation":0,"texture":"#0","tintindex":0},"up":{"uv":[14.4375,3.125,14.375,3.0625],"rotation":0,"texture":"#0","tintindex":0},"down":{"uv":[14.4375,3.125,14.375,3.1875],"rotation":0,"texture":"#0","tintindex":0}}},{"from":[3.753632,3.4086356,18.323475],"to":[5.9127812,5.5429554,20.293617],"rotation":{"angle":-45.0,"axis":"x","origin":[4.8332067,4.4757953,19.308544]},"faces":{"east":{"uv":[14.375,3.25,14.4375,3.3125],"rotation":0,"texture":"#0","tintindex":0},"south":{"uv":[14.375,3.3125,14.4375,3.375],"rotation":0,"texture":"#0","tintindex":0},"north":{"uv":[14.375,3.1875,14.4375,3.25],"rotation":0,"texture":"#0","tintindex":0},"west":{"uv":[14.375,3.375,14.4375,3.4375],"rotation":0,"texture":"#0","tintindex":0},"up":{"uv":[14.4375,3.5,14.375,3.4375],"rotation":0,"texture":"#0","tintindex":0},"down":{"uv":[14.4375,3.5,14.375,3.5625],"rotation":0,"texture":"#0","tintindex":0}}},{"from":[3.753632,4.778358,17.116528],"to":[5.9127812,8.258458,19.086668],"rotation":{"angle":-22.5,"axis":"x","origin":[4.8332067,6.5184083,18.101597]},"faces":{"east":{"uv":[13.0,4.8125,13.0625,4.9375],"rotation":0,"texture":"#0","tintindex":0},"south":{"uv":[10.875,5.0625,10.9375,5.1875],"rotation":0,"texture":"#0","tintindex":0},"north":{"uv":[11.875,5.0,11.9375,5.125],"rotation":0,"texture":"#0","tintindex":0},"west":{"uv":[9.875,5.125,9.9375,5.25],"rotation":0,"texture":"#0","tintindex":0},"up":{"uv":[11.625,6.4375,11.5625,6.375],"rotation":0,"texture":"#0","tintindex":0},"down":{"uv":[14.4375,3.5625,14.375,3.625],"rotation":0,"texture":"#0","tintindex":0}}},{"from":[3.753632,9.414016,16.915005],"to":[5.9127812,11.840914,18.885147],"rotation":{"angle":22.5,"axis":"x","origin":[4.8332067,10.627464,17.900076]},"faces":{"east":{"uv":[11.6875,6.375,11.75,6.4375],"rotation":0,"texture":"#0","tintindex":0},"south":{"uv":[14.375,3.6875,14.4375,3.75],"rotation":0,"texture":"#0","tintindex":0},"north":{"uv":[11.625,6.375,11.6875,6.4375],"rotation":0,"texture":"#0","tintindex":0},"west":{"uv":[14.375,3.75,14.4375,3.8125],"rotation":0,"texture":"#0","tintindex":0},"up":{"uv":[11.875,6.4375,11.8125,6.375],"rotation":0,"texture":"#0","tintindex":0},"down":{"uv":[14.4375,3.8125,14.375,3.875],"rotation":0,"texture":"#0","tintindex":0}}},{"from":[3.753632,2.4852986,19.651194],"to":[5.9127812,4.4554396,22.07809],"rotation":{"angle":22.5,"axis":"x","origin":[4.8332067,3.4703693,20.864643]},"faces":{"east":{"uv":[11.9375,6.375,12.0,6.4375],"rotation":0,"texture":"#0","tintindex":0},"south":{"uv":[14.375,3.9375,14.4375,4.0],"rotation":0,"texture":"#0","tintindex":0},"north":{"uv":[11.875,6.375,11.9375,6.4375],"rotation":0,"texture":"#0","tintindex":0},"west":{"uv":[12.0,6.375,12.0625,6.4375],"rotation":0,"texture":"#0","tintindex":0},"up":{"uv":[14.4375,4.0625,14.375,4.0],"rotation":0,"texture":"#0","tintindex":0},"down":{"uv":[14.4375,4.0625,14.375,4.125],"rotation":0,"texture":"#0","tintindex":0}}},{"from":[3.753632,11.507008,4.5571594],"to":[5.9127812,13.477149,6.9840574],"rotation":{"angle":22.5,"axis":"x","origin":[8.0,-35.437996,18.178806]},"faces":{"east":{"uv":[14.375,4.125,14.4375,4.1875],"rotation":0,"texture":"#0","tintindex":0},"south":{"uv":[12.1875,6.375,12.25,6.4375],"rotation":0,"texture":"#0","tintindex":0},"north":{"uv":[12.125,6.375,12.1875,6.4375],"rotation":0,"texture":"#0","tintindex":0},"west":{"uv":[14.375,4.1875,14.4375,4.25],"rotation":0,"texture":"#0","tintindex":0},"up":{"uv":[12.3125,6.4375,12.25,6.375],"rotation":0,"texture":"#0","tintindex":0},"down":{"uv":[14.4375,4.25,14.375,4.3125],"rotation":0,"texture":"#0","tintindex":0}}},{"from":[3.753632,5.221486,27.036667],"to":[5.9127812,7.648384,29.006807],"rotation":{"angle":22.5,"axis":"x","origin":[4.8332067,6.434935,28.021738]},"faces":{"east":{"uv":[14.375,4.3125,14.4375,4.375],"rotation":0,"texture":"#0","tintindex":0},"south":{"uv":[12.375,6.375,12.4375,6.4375],"rotation":0,"texture":"#0","tintindex":0},"north":{"uv":[12.3125,6.375,12.375,6.4375],"rotation":0,"texture":"#0","tintindex":0},"west":{"uv":[14.375,4.375,14.4375,4.4375],"rotation":0,"texture":"#0","tintindex":0},"up":{"uv":[12.5,6.4375,12.4375,6.375],"rotation":0,"texture":"#0","tintindex":0},"down":{"uv":[14.4375,4.4375,14.375,4.5],"rotation":0,"texture":"#0","tintindex":0}}},{"from":[3.8849745,4.274253,18.682785],"to":[5.781439,12.823468,27.324299],"rotation":{"angle":-22.5,"axis":"x","origin":[4.8332067,8.548861,23.003544]},"faces":{"east":{"uv":[11.625,2.1875,11.90625,2.46875],"rotation":0,"texture":"#0","tintindex":0},"south":{"uv":[10.875,5.625,10.9375,5.90625],"rotation":0,"texture":"#0","tintindex":0},"north":{"uv":[10.8125,5.625,10.875,5.90625],"rotation":0,"texture":"#0","tintindex":0},"west":{"uv":[10.5,3.1875,10.84375,3.53125],"rotation":0,"texture":"#0","tintindex":0},"up":{"uv":[11.0,5.90625,10.9375,5.625],"rotation":0,"texture":"#0","tintindex":0},"down":{"uv":[11.0625,5.625,11.0,5.90625],"rotation":0,"texture":"#0","tintindex":0}}},{"from":[5.5414057,-8.563349,-10.801956],"to":[10.458594,1.0989647,-2.4891243],"rotation":{"angle":-22.5,"axis":"x","origin":[8.0,-3.732191,-6.64554]},"faces":{"east":{"uv":[10.375,3.75,10.625,4.0625],"rotation":0,"texture":"#0","tintindex":0},"south":{"uv":[8.0,4.625,8.15625,4.9375],"rotation":0,"texture":"#0","tintindex":0},"north":{"uv":[11.375,4.5625,11.53125,4.875],"rotation":0,"texture":"#0","tintindex":0},"west":{"uv":[10.625,3.75,10.875,4.0625],"rotation":0,"texture":"#0","tintindex":0},"up":{"uv":[12.96875,4.125,12.8125,3.875],"rotation":0,"texture":"#0","tintindex":0},"down":{"uv":[12.96875,4.6875,12.8125,4.9375],"rotation":0,"texture":"#0","tintindex":0}}},{"from":[5.5414057,1.4346557,13.929136],"to":[10.458594,11.09697,21.05442],"rotation":{"angle":-22.5,"axis":"x","origin":[8.0,6.265813,17.491777]},"faces":{"east":{"uv":[11.875,3.875,12.09375,4.1875],"rotation":0,"texture":"#0","tintindex":0},"south":{"uv":[8.375,4.625,8.53125,4.9375],"rotation":0,"texture":"#0","tintindex":0},"north":{"uv":[8.1875,4.625,8.34375,4.9375],"rotation":0,"texture":"#0","tintindex":0},"west":{"uv":[11.9375,0.9375,12.15625,1.25],"rotation":0,"texture":"#0","tintindex":0},"up":{"uv":[9.84375,5.34375,9.6875,5.125],"rotation":0,"texture":"#0","tintindex":0},"down":{"uv":[13.28125,2.625,13.125,2.84375],"rotation":0,"texture":"#0","tintindex":0}}},{"from":[5.5414057,0.37301445,-3.685976],"to":[10.458594,3.2564116,14.721012],"rotation":{"angle":-22.5,"axis":"x","origin":[8.0,1.814713,5.517519]},"faces":{"east":{"uv":[12.5,1.5625,13.09375,1.65625],"rotation":0,"texture":"#0","tintindex":0},"south":{"uv":[13.8125,2.8125,13.96875,2.90625],"rotation":0,"texture":"#0","tintindex":0},"north":{"uv":[13.8125,2.6875,13.96875,2.78125],"rotation":0,"texture":"#0","tintindex":0},"west":{"uv":[12.5,3.6875,13.09375,3.78125],"rotation":0,"texture":"#0","tintindex":0},"up":{"uv":[11.65625,1.84375,11.5,1.25],"rotation":0,"texture":"#0","tintindex":0},"down":{"uv":[9.78125,3.5625,9.625,4.15625],"rotation":0,"texture":"#0","tintindex":0}}}],"display":{"head":{"translation":[0.0,-6.4,-54.624573],"scale":[4.0,4.0,4.0]}}}