{"textures":{"0":"minecraft:modelengine/entity/claw_tier4"},"elements":[{"from":[6.5310287,6.3851175,2.309668],"to":[9.468971,9.614882,13.690332],"rotation":{"angle":45.0,"axis":"x","origin":[8.0,8.0,8.0]},"faces":{"east":{"uv":[13.125,4.0625,13.46875,4.15625],"rotation":0,"texture":"#0","tintindex":0},"south":{"uv":[10.9375,6.1875,11.03125,6.28125],"rotation":0,"texture":"#0","tintindex":0},"north":{"uv":[14.1875,2.8125,14.28125,2.90625],"rotation":0,"texture":"#0","tintindex":0},"west":{"uv":[13.125,4.6875,13.46875,4.78125],"rotation":0,"texture":"#0","tintindex":0},"up":{"uv":[13.28125,2.15625,13.1875,1.8125],"rotation":0,"texture":"#0","tintindex":0},"down":{"uv":[13.28125,2.1875,13.1875,2.53125],"rotation":0,"texture":"#0","tintindex":0}}}],"display":{"head":{"translation":[0.0,-6.4,0.0],"scale":[4.0,4.0,4.0]}}}