{"textures":{"0":"minecraft:modelengine/entity/zap_tower_3"},"elements":[{"from":[5.4628572,6.155692,5.484804],"to":[10.537143,19.732836,10.559091],"rotation":{"angle":0.0,"axis":"y","origin":[8.0,-3.655737,8.021948]},"faces":{"east":{"uv":[0.5,8.25,0.75,9.0],"rotation":0,"texture":"#0","tintindex":0},"south":{"uv":[8.25,2.875,8.5,3.625],"rotation":0,"texture":"#0","tintindex":0},"north":{"uv":[5.5,3.375,5.75,4.125],"rotation":0,"texture":"#0","tintindex":0},"west":{"uv":[8.25,4.75,8.5,5.5],"rotation":0,"texture":"#0","tintindex":0},"up":{"uv":[5.375,3.0,5.125,2.75],"rotation":0,"texture":"#0","tintindex":0},"down":{"uv":[6.125,2.5,5.875,2.75],"rotation":0,"texture":"#0","tintindex":0}}}],"display":{"head":{"translation":[0.0,-6.4,0.0],"scale":[4.0,4.0,4.0]}}}