{"textures":{"0":"minecraft:modelengine/entity/zap_tower_3"},"elements":[{"from":[-16.0,-5.219569,4.7270856],"to":[-9.45417,1.3262606,11.272915],"rotation":{"angle":-45.0,"axis":"z","origin":[11.2862625,-25.960003,8.0]},"faces":{"east":{"uv":[4.25,9.25,4.625,9.625],"rotation":0,"texture":"#0","tintindex":0},"south":{"uv":[9.25,4.25,9.625,4.625],"rotation":0,"texture":"#0","tintindex":0},"north":{"uv":[9.0,6.875,9.375,7.25],"rotation":0,"texture":"#0","tintindex":0},"west":{"uv":[9.25,4.625,9.625,5.0],"rotation":0,"texture":"#0","tintindex":0},"up":{"uv":[9.625,5.375,9.25,5.0],"rotation":0,"texture":"#0","tintindex":0},"down":{"uv":[5.5,9.25,5.125,9.625],"rotation":0,"texture":"#0","tintindex":0}}}],"display":{"head":{"translation":[-13.14505,-6.4,0.0],"scale":[4.0,4.0,4.0]}}}