{"textures":{"0":"minecraft:modelengine/entity/cannon_tier2"},"elements":[{"from":[5.7430415,7.5305967,7.225168],"to":[10.256958,9.253202,10.535801],"rotation":{"angle":-45.0,"axis":"x","origin":[8.0,8.176574,8.436376]},"faces":{"east":{"uv":[9.75,12.75,10.5,13.125],"rotation":0,"texture":"#0","tintindex":0},"south":{"uv":[12.5,7.0,13.5,7.375],"rotation":0,"texture":"#0","tintindex":0},"north":{"uv":[12.5,0.25,13.5,0.625],"rotation":0,"texture":"#0","tintindex":0},"west":{"uv":[12.75,10.0,13.5,10.375],"rotation":0,"texture":"#0","tintindex":0},"up":{"uv":[3.5,11.0,2.5,10.25],"rotation":0,"texture":"#0","tintindex":0},"down":{"uv":[4.5,10.25,3.5,11.0],"rotation":0,"texture":"#0","tintindex":0}}},{"from":[5.7161255,5.928155,6.818631],"to":[10.2838745,8.081412,9.241046],"rotation":{"angle":0.0,"axis":"y","origin":[8.0,7.0047836,8.029839]},"faces":{"east":{"uv":[6.5,2.5,7.125,3.0],"rotation":0,"texture":"#0","tintindex":0},"south":{"uv":[1.5,11.75,2.5,12.25],"rotation":0,"texture":"#0","tintindex":0},"north":{"uv":[11.5,7.0,12.5,7.5],"rotation":0,"texture":"#0","tintindex":0},"west":{"uv":[10.0,3.75,10.625,4.25],"rotation":0,"texture":"#0","tintindex":0},"up":{"uv":[8.0,11.625,7.0,11.0],"rotation":0,"texture":"#0","tintindex":0},"down":{"uv":[12.0,10.0,11.0,10.625],"rotation":0,"texture":"#0","tintindex":0}}},{"from":[6.9004173,7.27168,6.987497],"to":[9.099583,9.505684,8.306367],"rotation":{"angle":22.5,"axis":"x","origin":[8.0,9.061575,7.418148]},"faces":{"east":{"uv":[9.75,10.75,10.0,11.25],"rotation":0,"texture":"#0","tintindex":0},"south":{"uv":[9.5,5.0,10.0,5.5],"rotation":0,"texture":"#0","tintindex":0},"north":{"uv":[8.5,7.5,9.0,8.0],"rotation":0,"texture":"#0","tintindex":0},"west":{"uv":[10.75,10.0,11.0,10.5],"rotation":0,"texture":"#0","tintindex":0},"up":{"uv":[10.25,8.75,9.75,8.5],"rotation":0,"texture":"#0","tintindex":0},"down":{"uv":[10.75,9.25,10.25,9.5],"rotation":0,"texture":"#0","tintindex":0}}}],"display":{"head":{"translation":[0.0,-6.4,0.0],"scale":[4.0,4.0,4.0]}}}