{"textures":{"0":"minecraft:modelengine/entity/cannon_tier2"},"elements":[{"from":[5.7430415,7.5305967,5.4641986],"to":[10.256958,9.253202,8.774832],"rotation":{"angle":45.0,"axis":"x","origin":[8.0,8.176574,7.5636244]},"faces":{"east":{"uv":[12.75,11.0,13.5,11.375],"rotation":0,"texture":"#0","tintindex":0},"south":{"uv":[12.75,0.75,13.75,1.125],"rotation":0,"texture":"#0","tintindex":0},"north":{"uv":[12.5,11.5,13.5,11.875],"rotation":0,"texture":"#0","tintindex":0},"west":{"uv":[11.25,12.75,12.0,13.125],"rotation":0,"texture":"#0","tintindex":0},"up":{"uv":[11.5,0.75,10.5,0.0],"rotation":0,"texture":"#0","tintindex":0},"down":{"uv":[11.0,10.5,10.0,11.25],"rotation":0,"texture":"#0","tintindex":0}}},{"from":[5.7161255,5.928155,6.7589545],"to":[10.2838745,8.081412,9.181369],"rotation":{"angle":0.0,"axis":"y","origin":[8.0,7.0047836,7.9701614]},"faces":{"east":{"uv":[2.75,12.75,3.375,13.25],"rotation":0,"texture":"#0","tintindex":0},"south":{"uv":[3.5,11.75,4.5,12.25],"rotation":0,"texture":"#0","tintindex":0},"north":{"uv":[11.75,3.25,12.75,3.75],"rotation":0,"texture":"#0","tintindex":0},"west":{"uv":[12.75,2.75,13.375,3.25],"rotation":0,"texture":"#0","tintindex":0},"up":{"uv":[10.75,11.875,9.75,11.25],"rotation":0,"texture":"#0","tintindex":0},"down":{"uv":[12.5,0.0,11.5,0.625],"rotation":0,"texture":"#0","tintindex":0}}},{"from":[6.9004173,7.27168,7.693633],"to":[9.099583,9.505684,9.012504],"rotation":{"angle":-22.5,"axis":"x","origin":[8.0,9.061575,8.581852]},"faces":{"east":{"uv":[13.5,4.0,13.75,4.5],"rotation":0,"texture":"#0","tintindex":0},"south":{"uv":[0.25,13.25,0.75,13.75],"rotation":0,"texture":"#0","tintindex":0},"north":{"uv":[13.0,12.25,13.5,12.75],"rotation":0,"texture":"#0","tintindex":0},"west":{"uv":[4.5,13.5,4.75,14.0],"rotation":0,"texture":"#0","tintindex":0},"up":{"uv":[14.0,4.75,13.5,4.5],"rotation":0,"texture":"#0","tintindex":0},"down":{"uv":[14.0,4.75,13.5,5.0],"rotation":0,"texture":"#0","tintindex":0}}}],"display":{"head":{"translation":[0.0,-6.4,0.0],"scale":[4.0,4.0,4.0]}}}