{"textures":{"0":"minecraft:modelengine/entity/cannon_tier2"},"elements":[{"from":[5.7430415,7.5305967,5.4641986],"to":[10.256958,9.253202,8.774832],"rotation":{"angle":45.0,"axis":"x","origin":[8.0,8.176574,7.5636244]},"faces":{"east":{"uv":[12.0,12.75,12.75,13.125],"rotation":0,"texture":"#0","tintindex":0},"south":{"uv":[12.75,1.25,13.75,1.625],"rotation":0,"texture":"#0","tintindex":0},"north":{"uv":[1.0,12.75,2.0,13.125],"rotation":0,"texture":"#0","tintindex":0},"west":{"uv":[12.75,12.75,13.5,13.125],"rotation":0,"texture":"#0","tintindex":0},"up":{"uv":[11.75,3.5,10.75,2.75],"rotation":0,"texture":"#0","tintindex":0},"down":{"uv":[11.75,3.5,10.75,4.25],"rotation":0,"texture":"#0","tintindex":0}}},{"from":[5.7161255,5.928155,6.7589545],"to":[10.2838745,8.081412,9.181369],"rotation":{"angle":0.0,"axis":"y","origin":[8.0,7.0047836,7.9701614]},"faces":{"east":{"uv":[12.75,3.25,13.375,3.75],"rotation":0,"texture":"#0","tintindex":0},"south":{"uv":[4.5,11.75,5.5,12.25],"rotation":0,"texture":"#0","tintindex":0},"north":{"uv":[11.75,3.75,12.75,4.25],"rotation":0,"texture":"#0","tintindex":0},"west":{"uv":[3.5,12.75,4.125,13.25],"rotation":0,"texture":"#0","tintindex":0},"up":{"uv":[7.0,12.125,6.0,11.5],"rotation":0,"texture":"#0","tintindex":0},"down":{"uv":[11.75,11.5,10.75,12.125],"rotation":0,"texture":"#0","tintindex":0}}},{"from":[6.9004173,7.27168,7.693633],"to":[9.099583,9.505684,9.012504],"rotation":{"angle":-22.5,"axis":"x","origin":[8.0,9.061575,8.581852]},"faces":{"east":{"uv":[4.75,13.5,5.0,14.0],"rotation":0,"texture":"#0","tintindex":0},"south":{"uv":[1.25,13.25,1.75,13.75],"rotation":0,"texture":"#0","tintindex":0},"north":{"uv":[0.75,13.25,1.25,13.75],"rotation":0,"texture":"#0","tintindex":0},"west":{"uv":[13.5,5.0,13.75,5.5],"rotation":0,"texture":"#0","tintindex":0},"up":{"uv":[14.0,5.75,13.5,5.5],"rotation":0,"texture":"#0","tintindex":0},"down":{"uv":[14.0,5.75,13.5,6.0],"rotation":0,"texture":"#0","tintindex":0}}}],"display":{"head":{"translation":[0.0,-6.4,0.0],"scale":[4.0,4.0,4.0]}}}