{"textures":{"0":"minecraft:modelengine/entity/artillery_cannon_tier1"},"elements":[{"from":[5.6219425,5.4491425,2.885714],"to":[10.3780575,10.550858,3.9142857],"rotation":{"angle":0.0,"axis":"y","origin":[8.0,8.0,15.290286]},"faces":{"east":{"uv":[7.0,0.875,7.125,1.4375],"rotation":0,"texture":"#0","tintindex":0},"south":{"uv":[10.75,8.75,11.25,9.3125],"rotation":0,"texture":"#0","tintindex":0},"north":{"uv":[8.625,10.75,9.125,11.3125],"rotation":0,"texture":"#0","tintindex":0},"west":{"uv":[8.5,0.0,8.625,0.5625],"rotation":0,"texture":"#0","tintindex":0},"up":{"uv":[14.125,5.625,13.625,5.5],"rotation":0,"texture":"#0","tintindex":0},"down":{"uv":[14.125,5.625,13.625,5.75],"rotation":0,"texture":"#0","tintindex":0}}},{"from":[5.8276567,5.6548567,3.9142857],"to":[10.172343,10.345143,8.028571],"rotation":{"angle":0.0,"axis":"y","origin":[8.0,8.0,15.290286]},"faces":{"east":{"uv":[9.0,12.0,9.4375,12.5],"rotation":0,"texture":"#0","tintindex":0},"south":{"uv":[9.875,11.125,10.375,11.625],"rotation":0,"texture":"#0","tintindex":0},"north":{"uv":[11.125,7.0,11.625,7.5],"rotation":0,"texture":"#0","tintindex":0},"west":{"uv":[12.0,9.125,12.4375,9.625],"rotation":0,"texture":"#0","tintindex":0},"up":{"uv":[12.5,10.0625,12.0,9.625],"rotation":0,"texture":"#0","tintindex":0},"down":{"uv":[12.5,10.125,12.0,10.5625],"rotation":0,"texture":"#0","tintindex":0}}}],"display":{"head":{"translation":[0.0,-6.4,0.0],"scale":[4.0,4.0,4.0]}}}