{"textures":{"0":"minecraft:modelengine/entity/artillery_cannon_tier1"},"elements":[{"from":[5.9099426,5.7371426,-1.8857145],"to":[10.090057,10.262857,10.457143],"rotation":{"angle":0.0,"axis":"y","origin":[8.0,8.0,9.490286]},"faces":{"east":{"uv":[5.75,1.5,7.125,2.0],"rotation":0,"texture":"#0","tintindex":0},"south":{"uv":[12.125,7.375,12.5625,7.875],"rotation":0,"texture":"#0","tintindex":0},"north":{"uv":[12.0,10.625,12.4375,11.125],"rotation":0,"texture":"#0","tintindex":0},"west":{"uv":[5.375,6.375,6.75,6.875],"rotation":0,"texture":"#0","tintindex":0},"up":{"uv":[3.5625,9.125,3.125,7.75],"rotation":0,"texture":"#0","tintindex":0},"down":{"uv":[4.0625,7.75,3.625,9.125],"rotation":0,"texture":"#0","tintindex":0}}}],"display":{"head":{"translation":[0.0,-6.4,0.0],"scale":[4.0,4.0,4.0]}}}