{"textures":{"0":"minecraft:modelengine/entity/artillery_cannon_tier1"},"elements":[{"from":[4.502528,9.972131,4.506653],"to":[11.497472,14.224262,11.501596],"rotation":{"angle":0.0,"axis":"y","origin":[8.0,11.111724,8.004125]},"faces":{"east":{"uv":[0.0,10.0,0.75,10.4375],"rotation":0,"texture":"#0","tintindex":0},"south":{"uv":[10.0,0.0,10.75,0.4375],"rotation":0,"texture":"#0","tintindex":0},"north":{"uv":[9.875,3.125,10.625,3.5625],"rotation":0,"texture":"#0","tintindex":0},"west":{"uv":[10.0,0.5,10.75,0.9375],"rotation":0,"texture":"#0","tintindex":0},"up":{"uv":[8.5,0.75,7.75,0.0],"rotation":0,"texture":"#0","tintindex":0},"down":{"uv":[6.125,7.75,5.375,8.5],"rotation":0,"texture":"#0","tintindex":0}}},{"from":[4.5316734,7.832824,4.7252245],"to":[11.468327,12.778997,9.671397],"rotation":{"angle":-45.0,"axis":"x","origin":[8.0,11.111724,8.004125]},"faces":{"east":{"uv":[7.25,10.125,7.8125,10.6875],"rotation":0,"texture":"#0","tintindex":0},"south":{"uv":[4.125,9.0,4.875,9.5625],"rotation":0,"texture":"#0","tintindex":0},"north":{"uv":[1.75,9.0,2.5,9.5625],"rotation":0,"texture":"#0","tintindex":0},"west":{"uv":[7.875,10.125,8.4375,10.6875],"rotation":0,"texture":"#0","tintindex":0},"up":{"uv":[9.875,2.3125,9.125,1.75],"rotation":0,"texture":"#0","tintindex":0},"down":{"uv":[9.875,2.375,9.125,2.9375],"rotation":0,"texture":"#0","tintindex":0}}},{"from":[5.0048,14.132868,9.671006],"to":[10.9952,21.49744,12.139578],"rotation":{"angle":0.0,"axis":"y","origin":[8.0,15.346581,4.0587015]},"faces":{"east":{"uv":[4.125,12.25,4.375,13.0625],"rotation":0,"texture":"#0","tintindex":0},"south":{"uv":[8.625,4.875,9.25,5.6875],"rotation":0,"texture":"#0","tintindex":0},"north":{"uv":[8.625,0.875,9.25,1.6875],"rotation":0,"texture":"#0","tintindex":0},"west":{"uv":[4.375,12.25,4.625,13.0625],"rotation":0,"texture":"#0","tintindex":0},"up":{"uv":[13.25,3.25,12.625,3.0],"rotation":0,"texture":"#0","tintindex":0},"down":{"uv":[13.25,3.25,12.625,3.5],"rotation":0,"texture":"#0","tintindex":0}}},{"from":[7.9693193,14.146032,-2.4121122],"to":[13.922279,16.54713,11.365809],"rotation":{"angle":22.5,"axis":"y","origin":[8.0,15.346581,4.0587015]},"faces":{"east":{"uv":[9.0,7.0,10.5,7.25],"rotation":0,"texture":"#0","tintindex":0},"south":{"uv":[12.625,4.25,13.25,4.5],"rotation":0,"texture":"#0","tintindex":0},"north":{"uv":[12.625,3.875,13.25,4.125],"rotation":0,"texture":"#0","tintindex":0},"west":{"uv":[9.0,7.25,10.5,7.5],"rotation":0,"texture":"#0","tintindex":0},"up":{"uv":[5.875,6.375,5.25,4.875],"rotation":0,"texture":"#0","tintindex":0},"down":{"uv":[6.375,0.0,5.75,1.5],"rotation":0,"texture":"#0","tintindex":0}}},{"from":[2.0777202,14.146032,-2.4121122],"to":[8.030681,16.54713,11.365809],"rotation":{"angle":-22.5,"axis":"y","origin":[8.0,15.346581,4.0587015]},"faces":{"east":{"uv":[9.25,1.25,10.75,1.5],"rotation":0,"texture":"#0","tintindex":0},"south":{"uv":[12.625,7.375,13.25,7.625],"rotation":0,"texture":"#0","tintindex":0},"north":{"uv":[12.625,6.5,13.25,6.75],"rotation":0,"texture":"#0","tintindex":0},"west":{"uv":[9.25,1.5,10.75,1.75],"rotation":0,"texture":"#0","tintindex":0},"up":{"uv":[6.5,6.375,5.875,4.875],"rotation":0,"texture":"#0","tintindex":0},"down":{"uv":[4.125,6.25,3.5,7.75],"rotation":0,"texture":"#0","tintindex":0}}},{"from":[9.026686,14.153439,-8.333134],"to":[13.262538,16.539724,-4.0972795],"rotation":{"angle":45.0,"axis":"y","origin":[12.021885,15.346581,-1.4046755]},"faces":{"east":{"uv":[1.75,8.75,2.1875,9.0],"rotation":0,"texture":"#0","tintindex":0},"south":{"uv":[4.25,10.25,4.6875,10.5],"rotation":0,"texture":"#0","tintindex":0},"north":{"uv":[7.125,1.75,7.5625,2.0],"rotation":0,"texture":"#0","tintindex":0},"west":{"uv":[2.125,13.125,2.5625,13.375],"rotation":0,"texture":"#0","tintindex":0},"up":{"uv":[5.0625,12.6875,4.625,12.25],"rotation":0,"texture":"#0","tintindex":0},"down":{"uv":[5.5625,12.25,5.125,12.6875],"rotation":0,"texture":"#0","tintindex":0}}},{"from":[2.0777202,16.54713,-2.4121122],"to":[2.0777202,18.686558,6.428666],"rotation":{"angle":-22.5,"axis":"y","origin":[8.0,15.346581,4.0587015]},"faces":{"east":{"uv":[11.625,3.875,12.5625,4.125],"rotation":0,"texture":"#0","tintindex":0},"south":{"uv":[0.0,0.0,0.0,0.25],"rotation":0,"texture":"#0","tintindex":0},"north":{"uv":[0.0,0.0,0.0,0.25],"rotation":0,"texture":"#0","tintindex":0},"west":{"uv":[11.75,0.75,12.6875,1.0],"rotation":0,"texture":"#0","tintindex":0},"up":{"uv":[0.0,0.9375,0.0,0.0],"rotation":0,"texture":"#0","tintindex":0},"down":{"uv":[0.0,0.0,0.0,0.9375],"rotation":0,"texture":"#0","tintindex":0}}},{"from":[9.026686,16.539724,-8.333134],"to":[13.262538,18.679153,-8.333134],"rotation":{"angle":45.0,"axis":"y","origin":[12.021885,15.346581,-1.4046755]},"faces":{"east":{"uv":[0.0,0.0,0.0,0.25],"rotation":0,"texture":"#0","tintindex":0},"south":{"uv":[4.125,13.125,4.5625,13.375],"rotation":0,"texture":"#0","tintindex":0},"north":{"uv":[3.375,13.125,3.8125,13.375],"rotation":0,"texture":"#0","tintindex":0},"west":{"uv":[0.0,0.0,0.0,0.25],"rotation":0,"texture":"#0","tintindex":0},"up":{"uv":[0.4375,0.0,0.0,0.0],"rotation":0,"texture":"#0","tintindex":0},"down":{"uv":[0.4375,0.0,0.0,0.0],"rotation":0,"texture":"#0","tintindex":0}}},{"from":[13.922279,16.54713,-2.4121122],"to":[13.922279,18.686558,6.428666],"rotation":{"angle":22.5,"axis":"y","origin":[8.0,15.346581,4.0587015]},"faces":{"east":{"uv":[11.875,4.625,12.8125,4.875],"rotation":0,"texture":"#0","tintindex":0},"south":{"uv":[0.0,0.0,0.0,0.25],"rotation":0,"texture":"#0","tintindex":0},"north":{"uv":[0.0,0.0,0.0,0.25],"rotation":0,"texture":"#0","tintindex":0},"west":{"uv":[11.875,8.875,12.8125,9.125],"rotation":0,"texture":"#0","tintindex":0},"up":{"uv":[0.0,0.9375,0.0,0.0],"rotation":0,"texture":"#0","tintindex":0},"down":{"uv":[0.0,0.0,0.0,0.9375],"rotation":0,"texture":"#0","tintindex":0}}},{"from":[2.737462,16.539724,-8.333134],"to":[6.973315,18.679153,-8.333134],"rotation":{"angle":-45.0,"axis":"y","origin":[3.9781146,15.346581,-1.4046755]},"faces":{"east":{"uv":[0.0,0.0,0.0,0.25],"rotation":0,"texture":"#0","tintindex":0},"south":{"uv":[13.125,5.125,13.5625,5.375],"rotation":0,"texture":"#0","tintindex":0},"north":{"uv":[13.125,4.875,13.5625,5.125],"rotation":0,"texture":"#0","tintindex":0},"west":{"uv":[0.0,0.0,0.0,0.25],"rotation":0,"texture":"#0","tintindex":0},"up":{"uv":[0.4375,0.0,0.0,0.0],"rotation":0,"texture":"#0","tintindex":0},"down":{"uv":[0.4375,0.0,0.0,0.0],"rotation":0,"texture":"#0","tintindex":0}}},{"from":[13.922279,12.021416,-2.4121122],"to":[13.922279,14.160845,7.909809],"rotation":{"angle":22.5,"axis":"y","origin":[8.0,10.820868,4.0587015]},"faces":{"east":{"uv":[5.75,2.0,6.875,2.25],"rotation":0,"texture":"#0","tintindex":0},"south":{"uv":[0.0,0.0,0.0,0.25],"rotation":0,"texture":"#0","tintindex":0},"north":{"uv":[0.0,0.0,0.0,0.25],"rotation":0,"texture":"#0","tintindex":0},"west":{"uv":[6.875,2.0,5.75,2.25],"rotation":0,"texture":"#0","tintindex":0},"up":{"uv":[0.0,1.125,0.0,0.0],"rotation":0,"texture":"#0","tintindex":0},"down":{"uv":[0.0,0.0,0.0,1.125],"rotation":0,"texture":"#0","tintindex":0}}},{"from":[2.737462,12.014009,-8.333134],"to":[6.973315,14.153439,-8.333134],"rotation":{"angle":-45.0,"axis":"y","origin":[3.9781146,10.820868,-1.4046755]},"faces":{"east":{"uv":[0.0,0.0,0.0,0.25],"rotation":0,"texture":"#0","tintindex":0},"south":{"uv":[13.5625,7.875,13.125,8.125],"rotation":0,"texture":"#0","tintindex":0},"north":{"uv":[13.125,7.875,13.5625,8.125],"rotation":0,"texture":"#0","tintindex":0},"west":{"uv":[0.0,0.0,0.0,0.25],"rotation":0,"texture":"#0","tintindex":0},"up":{"uv":[0.4375,0.0,0.0,0.0],"rotation":0,"texture":"#0","tintindex":0},"down":{"uv":[0.4375,0.0,0.0,0.0],"rotation":0,"texture":"#0","tintindex":0}}},{"from":[9.026686,12.014009,-8.333134],"to":[13.262538,14.153439,-8.333134],"rotation":{"angle":45.0,"axis":"y","origin":[12.021885,10.820868,-1.4046755]},"faces":{"east":{"uv":[0.0,0.0,0.0,0.25],"rotation":0,"texture":"#0","tintindex":0},"south":{"uv":[13.125,7.875,13.5625,8.125],"rotation":0,"texture":"#0","tintindex":0},"north":{"uv":[13.5625,7.875,13.125,8.125],"rotation":0,"texture":"#0","tintindex":0},"west":{"uv":[0.0,0.0,0.0,0.25],"rotation":0,"texture":"#0","tintindex":0},"up":{"uv":[0.0,0.0,0.4375,0.0],"rotation":0,"texture":"#0","tintindex":0},"down":{"uv":[0.0,0.0,0.4375,0.0],"rotation":0,"texture":"#0","tintindex":0}}},{"from":[2.0777202,12.021416,-2.4121122],"to":[2.0777202,14.160845,7.909809],"rotation":{"angle":-22.5,"axis":"y","origin":[8.0,10.820868,4.0587015]},"faces":{"east":{"uv":[5.75,2.0,6.875,2.25],"rotation":0,"texture":"#0","tintindex":0},"south":{"uv":[0.0,0.0,0.0,0.25],"rotation":0,"texture":"#0","tintindex":0},"north":{"uv":[0.0,0.0,0.0,0.25],"rotation":0,"texture":"#0","tintindex":0},"west":{"uv":[6.875,2.0,5.75,2.25],"rotation":0,"texture":"#0","tintindex":0},"up":{"uv":[0.0,1.125,0.0,0.0],"rotation":0,"texture":"#0","tintindex":0},"down":{"uv":[0.0,0.0,0.0,1.125],"rotation":0,"texture":"#0","tintindex":0}}},{"from":[7.977959,16.54713,11.365809],"to":[13.923102,21.484272,11.365809],"rotation":{"angle":22.5,"axis":"y","origin":[8.0,15.346581,4.0587015]},"faces":{"east":{"uv":[0.0,0.0,0.0,0.5625],"rotation":0,"texture":"#0","tintindex":0},"south":{"uv":[8.75,9.5,9.375,10.0625],"rotation":0,"texture":"#0","tintindex":0},"north":{"uv":[9.375,9.5,8.75,10.0625],"rotation":0,"texture":"#0","tintindex":0},"west":{"uv":[0.0,0.0,0.0,0.5625],"rotation":0,"texture":"#0","tintindex":0},"up":{"uv":[0.625,0.0,0.0,0.0],"rotation":0,"texture":"#0","tintindex":0},"down":{"uv":[0.625,0.0,0.0,0.0],"rotation":0,"texture":"#0","tintindex":0}}},{"from":[2.0768976,16.54713,11.365809],"to":[8.02204,21.484272,11.365809],"rotation":{"angle":-22.5,"axis":"y","origin":[8.0,15.346581,4.0587015]},"faces":{"east":{"uv":[0.0,0.0,0.0,0.5625],"rotation":0,"texture":"#0","tintindex":0},"south":{"uv":[9.375,9.5,8.75,10.0625],"rotation":0,"texture":"#0","tintindex":0},"north":{"uv":[8.75,9.5,9.375,10.0625],"rotation":0,"texture":"#0","tintindex":0},"west":{"uv":[0.0,0.0,0.0,0.5625],"rotation":0,"texture":"#0","tintindex":0},"up":{"uv":[0.0,0.0,0.625,0.0],"rotation":0,"texture":"#0","tintindex":0},"down":{"uv":[0.0,0.0,0.625,0.0],"rotation":0,"texture":"#0","tintindex":0}}},{"from":[2.0768976,16.54713,6.428666],"to":[2.0768976,21.484272,11.365809],"rotation":{"angle":-22.5,"axis":"y","origin":[8.0,15.346581,4.0587015]},"faces":{"east":{"uv":[1.8125,10.25,1.25,10.8125],"rotation":0,"texture":"#0","tintindex":0},"south":{"uv":[0.0,0.0,0.0,0.5625],"rotation":0,"texture":"#0","tintindex":0},"north":{"uv":[0.0,0.0,0.0,0.5625],"rotation":0,"texture":"#0","tintindex":0},"west":{"uv":[1.25,10.25,1.8125,10.8125],"rotation":0,"texture":"#0","tintindex":0},"up":{"uv":[0.0,0.5625,0.0,0.0],"rotation":0,"texture":"#0","tintindex":0},"down":{"uv":[0.0,0.0,0.0,0.5625],"rotation":0,"texture":"#0","tintindex":0}}},{"from":[13.923102,16.54713,6.428666],"to":[13.923102,21.484272,11.365809],"rotation":{"angle":22.5,"axis":"y","origin":[8.0,15.346581,4.0587015]},"faces":{"east":{"uv":[1.8125,10.25,1.25,10.8125],"rotation":0,"texture":"#0","tintindex":0},"south":{"uv":[0.0,0.0,0.0,0.5625],"rotation":0,"texture":"#0","tintindex":0},"north":{"uv":[0.0,0.0,0.0,0.5625],"rotation":0,"texture":"#0","tintindex":0},"west":{"uv":[1.25,10.25,1.8125,10.8125],"rotation":0,"texture":"#0","tintindex":0},"up":{"uv":[0.0,0.5625,0.0,0.0],"rotation":0,"texture":"#0","tintindex":0},"down":{"uv":[0.0,0.0,0.0,0.5625],"rotation":0,"texture":"#0","tintindex":0}}},{"from":[15.331657,18.082582,7.1695204],"to":[16.6112,20.51001,9.341864],"rotation":{"angle":0.0,"axis":"y","origin":[13.266286,19.296295,4.0587015]},"faces":{"east":{"uv":[8.625,7.5,8.875,7.75],"rotation":0,"texture":"#0","tintindex":0},"south":{"uv":[11.5,9.375,11.625,9.625],"rotation":0,"texture":"#0","tintindex":0},"north":{"uv":[11.5,6.125,11.625,6.375],"rotation":0,"texture":"#0","tintindex":0},"west":{"uv":[8.625,7.75,8.875,8.0],"rotation":0,"texture":"#0","tintindex":0},"up":{"uv":[3.5,11.875,3.375,11.625],"rotation":0,"texture":"#0","tintindex":0},"down":{"uv":[10.375,11.625,10.25,11.875],"rotation":0,"texture":"#0","tintindex":0}}},{"from":[15.331657,20.46263,7.7751603],"to":[16.59063,21.018059,8.960075],"rotation":{"angle":22.5,"axis":"x","origin":[15.9611435,19.804344,7.8739033]},"faces":{"east":{"uv":[3.875,13.625,4.0,13.6875],"rotation":0,"texture":"#0","tintindex":0},"south":{"uv":[7.5,13.625,7.625,13.6875],"rotation":0,"texture":"#0","tintindex":0},"north":{"uv":[8.625,13.5,8.75,13.5625],"rotation":0,"texture":"#0","tintindex":0},"west":{"uv":[8.625,13.625,8.75,13.6875],"rotation":0,"texture":"#0","tintindex":0},"up":{"uv":[8.625,0.75,8.5,0.625],"rotation":0,"texture":"#0","tintindex":0},"down":{"uv":[5.75,9.625,5.625,9.75],"rotation":0,"texture":"#0","tintindex":0}}},{"from":[15.331657,20.46263,7.551309],"to":[16.59063,21.018059,8.7156515],"rotation":{"angle":-22.5,"axis":"x","origin":[15.9611435,19.804344,8.637481]},"faces":{"east":{"uv":[13.625,9.5,13.75,9.5625],"rotation":0,"texture":"#0","tintindex":0},"south":{"uv":[13.625,9.625,13.75,9.6875],"rotation":0,"texture":"#0","tintindex":0},"north":{"uv":[13.625,9.375,13.75,9.4375],"rotation":0,"texture":"#0","tintindex":0},"west":{"uv":[13.625,9.75,13.75,9.8125],"rotation":0,"texture":"#0","tintindex":0},"up":{"uv":[4.875,10.0,4.75,9.875],"rotation":0,"texture":"#0","tintindex":0},"down":{"uv":[10.625,3.0,10.5,3.125],"rotation":0,"texture":"#0","tintindex":0}}},{"from":[15.331657,17.574533,7.551309],"to":[16.59063,18.129963,8.7156515],"rotation":{"angle":22.5,"axis":"x","origin":[15.9611435,18.788248,8.637481]},"faces":{"east":{"uv":[13.625,10.25,13.75,10.3125],"rotation":0,"texture":"#0","tintindex":0},"south":{"uv":[13.625,10.375,13.75,10.4375],"rotation":0,"texture":"#0","tintindex":0},"north":{"uv":[13.625,10.125,13.75,10.1875],"rotation":0,"texture":"#0","tintindex":0},"west":{"uv":[13.625,10.5,13.75,10.5625],"rotation":0,"texture":"#0","tintindex":0},"up":{"uv":[11.125,10.875,11.0,10.75],"rotation":0,"texture":"#0","tintindex":0},"down":{"uv":[0.5,11.5,0.375,11.625],"rotation":0,"texture":"#0","tintindex":0}}},{"from":[15.331657,17.574533,7.7751603],"to":[16.59063,18.129963,8.960075],"rotation":{"angle":-22.5,"axis":"x","origin":[15.9611435,18.788248,7.8739033]},"faces":{"east":{"uv":[13.625,9.875,13.75,9.9375],"rotation":0,"texture":"#0","tintindex":0},"south":{"uv":[10.0,13.625,10.125,13.6875],"rotation":0,"texture":"#0","tintindex":0},"north":{"uv":[9.875,13.625,10.0,13.6875],"rotation":0,"texture":"#0","tintindex":0},"west":{"uv":[13.625,10.0,13.75,10.0625],"rotation":0,"texture":"#0","tintindex":0},"up":{"uv":[3.625,10.75,3.5,10.625],"rotation":0,"texture":"#0","tintindex":0},"down":{"uv":[7.25,10.625,7.125,10.75],"rotation":0,"texture":"#0","tintindex":0}}},{"from":[15.331657,18.617662,9.168965],"to":[16.59063,19.926006,9.724394],"rotation":{"angle":22.5,"axis":"x","origin":[15.9611435,19.296295,8.189226]},"faces":{"east":{"uv":[11.25,13.625,11.3125,13.75],"rotation":0,"texture":"#0","tintindex":0},"south":{"uv":[1.875,11.75,2.0,11.875],"rotation":0,"texture":"#0","tintindex":0},"north":{"uv":[11.625,7.375,11.75,7.5],"rotation":0,"texture":"#0","tintindex":0},"west":{"uv":[13.625,11.25,13.6875,11.375],"rotation":0,"texture":"#0","tintindex":0},"up":{"uv":[11.5,13.6875,11.375,13.625],"rotation":0,"texture":"#0","tintindex":0},"down":{"uv":[11.625,13.625,11.5,13.6875],"rotation":0,"texture":"#0","tintindex":0}}},{"from":[15.331657,18.654795,9.172602],"to":[16.59063,19.963139,9.72803],"rotation":{"angle":-22.5,"axis":"x","origin":[15.9611435,19.296295,8.189226]},"faces":{"east":{"uv":[13.625,10.625,13.6875,10.75],"rotation":0,"texture":"#0","tintindex":0},"south":{"uv":[11.5,9.625,11.625,9.75],"rotation":0,"texture":"#0","tintindex":0},"north":{"uv":[0.5,11.5,0.625,11.625],"rotation":0,"texture":"#0","tintindex":0},"west":{"uv":[13.625,10.75,13.6875,10.875],"rotation":0,"texture":"#0","tintindex":0},"up":{"uv":[11.25,13.6875,11.125,13.625],"rotation":0,"texture":"#0","tintindex":0},"down":{"uv":[13.75,11.125,13.625,11.1875],"rotation":0,"texture":"#0","tintindex":0}}},{"from":[15.331657,18.654795,6.794505],"to":[16.59063,19.963139,7.3499336],"rotation":{"angle":22.5,"axis":"x","origin":[15.9611435,19.296295,8.333309]},"faces":{"east":{"uv":[13.625,12.0,13.6875,12.125],"rotation":0,"texture":"#0","tintindex":0},"south":{"uv":[3.375,12.125,3.5,12.25],"rotation":0,"texture":"#0","tintindex":0},"north":{"uv":[11.875,5.875,12.0,6.0],"rotation":0,"texture":"#0","tintindex":0},"west":{"uv":[12.125,13.625,12.1875,13.75],"rotation":0,"texture":"#0","tintindex":0},"up":{"uv":[13.75,12.1875,13.625,12.125],"rotation":0,"texture":"#0","tintindex":0},"down":{"uv":[12.375,13.625,12.25,13.6875],"rotation":0,"texture":"#0","tintindex":0}}},{"from":[15.331657,18.617662,6.7981415],"to":[16.59063,19.926006,7.35357],"rotation":{"angle":-22.5,"axis":"x","origin":[15.9611435,19.296295,8.333309]},"faces":{"east":{"uv":[11.625,13.625,11.6875,13.75],"rotation":0,"texture":"#0","tintindex":0},"south":{"uv":[11.75,5.875,11.875,6.0],"rotation":0,"texture":"#0","tintindex":0},"north":{"uv":[2.0,11.75,2.125,11.875],"rotation":0,"texture":"#0","tintindex":0},"west":{"uv":[11.75,13.625,11.8125,13.75],"rotation":0,"texture":"#0","tintindex":0},"up":{"uv":[12.0,13.6875,11.875,13.625],"rotation":0,"texture":"#0","tintindex":0},"down":{"uv":[12.125,13.625,12.0,13.6875],"rotation":0,"texture":"#0","tintindex":0}}},{"from":[-0.61120033,18.082582,7.1695204],"to":[0.6683421,20.51001,9.341864],"rotation":{"angle":0.0,"axis":"y","origin":[2.733714,19.296295,4.0587015]},"faces":{"east":{"uv":[9.125,10.375,9.375,10.625],"rotation":0,"texture":"#0","tintindex":0},"south":{"uv":[11.375,11.875,11.5,12.125],"rotation":0,"texture":"#0","tintindex":0},"north":{"uv":[3.375,11.875,3.5,12.125],"rotation":0,"texture":"#0","tintindex":0},"west":{"uv":[10.375,10.625,10.625,10.875],"rotation":0,"texture":"#0","tintindex":0},"up":{"uv":[10.25,12.625,10.125,12.375],"rotation":0,"texture":"#0","tintindex":0},"down":{"uv":[4.0,13.125,3.875,13.375],"rotation":0,"texture":"#0","tintindex":0}}},{"from":[-0.5906286,20.46263,7.7751603],"to":[0.6683426,21.018059,8.960075],"rotation":{"angle":22.5,"axis":"x","origin":[0.038856506,19.804344,7.8739033]},"faces":{"east":{"uv":[2.375,13.75,2.5,13.8125],"rotation":0,"texture":"#0","tintindex":0},"south":{"uv":[2.5,13.75,2.625,13.8125],"rotation":0,"texture":"#0","tintindex":0},"north":{"uv":[2.25,13.75,2.375,13.8125],"rotation":0,"texture":"#0","tintindex":0},"west":{"uv":[2.625,13.75,2.75,13.8125],"rotation":0,"texture":"#0","tintindex":0},"up":{"uv":[4.0,13.625,3.875,13.5],"rotation":0,"texture":"#0","tintindex":0},"down":{"uv":[7.625,13.5,7.5,13.625],"rotation":0,"texture":"#0","tintindex":0}}},{"from":[-0.5906286,20.46263,7.551309],"to":[0.6683426,21.018059,8.7156515],"rotation":{"angle":-22.5,"axis":"x","origin":[0.038856506,19.804344,8.637481]},"faces":{"east":{"uv":[1.25,13.75,1.375,13.8125],"rotation":0,"texture":"#0","tintindex":0},"south":{"uv":[1.375,13.75,1.5,13.8125],"rotation":0,"texture":"#0","tintindex":0},"north":{"uv":[1.125,13.75,1.25,13.8125],"rotation":0,"texture":"#0","tintindex":0},"west":{"uv":[2.125,13.75,2.25,13.8125],"rotation":0,"texture":"#0","tintindex":0},"up":{"uv":[12.25,13.5,12.125,13.375],"rotation":0,"texture":"#0","tintindex":0},"down":{"uv":[12.375,13.375,12.25,13.5],"rotation":0,"texture":"#0","tintindex":0}}},{"from":[-0.5906286,18.654795,6.794505],"to":[0.6683426,19.963139,7.3499336],"rotation":{"angle":22.5,"axis":"x","origin":[0.038856506,19.296295,8.333309]},"faces":{"east":{"uv":[0.625,13.75,0.6875,13.875],"rotation":0,"texture":"#0","tintindex":0},"south":{"uv":[8.25,13.375,8.375,13.5],"rotation":0,"texture":"#0","tintindex":0},"north":{"uv":[7.5,13.375,7.625,13.5],"rotation":0,"texture":"#0","tintindex":0},"west":{"uv":[0.75,13.75,0.8125,13.875],"rotation":0,"texture":"#0","tintindex":0},"up":{"uv":[1.0,13.8125,0.875,13.75],"rotation":0,"texture":"#0","tintindex":0},"down":{"uv":[1.125,13.75,1.0,13.8125],"rotation":0,"texture":"#0","tintindex":0}}},{"from":[-0.5906286,18.617662,6.7981415],"to":[0.6683426,19.926006,7.35357],"rotation":{"angle":-22.5,"axis":"x","origin":[0.038856506,19.296295,8.333309]},"faces":{"east":{"uv":[0.125,13.75,0.1875,13.875],"rotation":0,"texture":"#0","tintindex":0},"south":{"uv":[3.875,13.375,4.0,13.5],"rotation":0,"texture":"#0","tintindex":0},"north":{"uv":[3.25,13.25,3.375,13.375],"rotation":0,"texture":"#0","tintindex":0},"west":{"uv":[0.25,13.75,0.3125,13.875],"rotation":0,"texture":"#0","tintindex":0},"up":{"uv":[0.5,13.8125,0.375,13.75],"rotation":0,"texture":"#0","tintindex":0},"down":{"uv":[0.625,13.75,0.5,13.8125],"rotation":0,"texture":"#0","tintindex":0}}},{"from":[-0.5906286,17.574533,7.551309],"to":[0.6683426,18.129963,8.7156515],"rotation":{"angle":22.5,"axis":"x","origin":[0.038856506,18.788248,8.637481]},"faces":{"east":{"uv":[13.5,13.625,13.625,13.6875],"rotation":0,"texture":"#0","tintindex":0},"south":{"uv":[13.625,13.625,13.75,13.6875],"rotation":0,"texture":"#0","tintindex":0},"north":{"uv":[13.375,13.625,13.5,13.6875],"rotation":0,"texture":"#0","tintindex":0},"west":{"uv":[0.0,13.75,0.125,13.8125],"rotation":0,"texture":"#0","tintindex":0},"up":{"uv":[13.25,12.125,13.125,12.0],"rotation":0,"texture":"#0","tintindex":0},"down":{"uv":[3.25,13.25,3.125,13.375],"rotation":0,"texture":"#0","tintindex":0}}},{"from":[-0.5906286,17.574533,7.7751603],"to":[0.6683426,18.129963,8.960075],"rotation":{"angle":-22.5,"axis":"x","origin":[0.038856506,18.788248,7.8739033]},"faces":{"east":{"uv":[13.0,13.625,13.125,13.6875],"rotation":0,"texture":"#0","tintindex":0},"south":{"uv":[13.125,13.625,13.25,13.6875],"rotation":0,"texture":"#0","tintindex":0},"north":{"uv":[12.875,13.625,13.0,13.6875],"rotation":0,"texture":"#0","tintindex":0},"west":{"uv":[13.25,13.625,13.375,13.6875],"rotation":0,"texture":"#0","tintindex":0},"up":{"uv":[12.875,4.625,12.75,4.5],"rotation":0,"texture":"#0","tintindex":0},"down":{"uv":[0.375,12.875,0.25,13.0],"rotation":0,"texture":"#0","tintindex":0}}},{"from":[-0.5906286,18.617662,9.168965],"to":[0.6683426,19.926006,9.724394],"rotation":{"angle":22.5,"axis":"x","origin":[0.038856506,19.296295,8.189226]},"faces":{"east":{"uv":[13.625,12.5,13.6875,12.625],"rotation":0,"texture":"#0","tintindex":0},"south":{"uv":[10.125,12.625,10.25,12.75],"rotation":0,"texture":"#0","tintindex":0},"north":{"uv":[8.125,12.625,8.25,12.75],"rotation":0,"texture":"#0","tintindex":0},"west":{"uv":[12.625,13.625,12.6875,13.75],"rotation":0,"texture":"#0","tintindex":0},"up":{"uv":[13.75,12.6875,13.625,12.625],"rotation":0,"texture":"#0","tintindex":0},"down":{"uv":[12.875,13.625,12.75,13.6875],"rotation":0,"texture":"#0","tintindex":0}}},{"from":[-0.5906286,18.654795,9.172602],"to":[0.6683426,19.963139,9.72803],"rotation":{"angle":-22.5,"axis":"x","origin":[0.038856506,19.296295,8.189226]},"faces":{"east":{"uv":[13.625,12.25,13.6875,12.375],"rotation":0,"texture":"#0","tintindex":0},"south":{"uv":[12.625,4.5,12.75,4.625],"rotation":0,"texture":"#0","tintindex":0},"north":{"uv":[3.0,12.5,3.125,12.625],"rotation":0,"texture":"#0","tintindex":0},"west":{"uv":[12.375,13.625,12.4375,13.75],"rotation":0,"texture":"#0","tintindex":0},"up":{"uv":[13.75,12.4375,13.625,12.375],"rotation":0,"texture":"#0","tintindex":0},"down":{"uv":[12.625,13.625,12.5,13.6875],"rotation":0,"texture":"#0","tintindex":0}}},{"from":[0.6683421,18.699726,7.5809493],"to":[15.331657,20.098583,8.930435],"rotation":{"angle":0.0,"axis":"y","origin":[13.266286,19.296295,4.0587015]},"faces":{"east":{"uv":[7.75,0.75,7.875,0.875],"rotation":0,"texture":"#0","tintindex":0},"south":{"uv":[12.0,6.875,13.625,7.0],"rotation":0,"texture":"#0","tintindex":0},"north":{"uv":[11.75,6.0,13.375,6.125],"rotation":0,"texture":"#0","tintindex":0},"west":{"uv":[4.625,7.75,4.75,7.875],"rotation":0,"texture":"#0","tintindex":0},"up":{"uv":[13.625,11.25,12.0,11.125],"rotation":0,"texture":"#0","tintindex":0},"down":{"uv":[13.625,11.25,12.0,11.375],"rotation":0,"texture":"#0","tintindex":0}}},{"from":[5.0048,14.132868,-4.1859083],"to":[10.9952,16.560295,9.671006],"rotation":{"angle":0.0,"axis":"y","origin":[8.0,15.346581,4.0587015]},"faces":{"east":{"uv":[9.25,6.125,10.75,6.375],"rotation":0,"texture":"#0","tintindex":0},"south":{"uv":[12.625,11.375,13.25,11.625],"rotation":0,"texture":"#0","tintindex":0},"north":{"uv":[12.625,7.625,13.25,7.875],"rotation":0,"texture":"#0","tintindex":0},"west":{"uv":[5.625,9.75,7.125,10.0],"rotation":0,"texture":"#0","tintindex":0},"up":{"uv":[4.75,7.75,4.125,6.25],"rotation":0,"texture":"#0","tintindex":0},"down":{"uv":[0.625,6.375,0.0,7.875],"rotation":0,"texture":"#0","tintindex":0}}},{"from":[6.650514,14.132868,12.139578],"to":[9.349485,21.08601,16.253864],"rotation":{"angle":0.0,"axis":"y","origin":[8.0,15.346581,4.0587015]},"faces":{"east":{"uv":[0.75,10.0,1.1875,10.75],"rotation":0,"texture":"#0","tintindex":0},"south":{"uv":[8.625,12.0,8.9375,12.75],"rotation":0,"texture":"#0","tintindex":0},"north":{"uv":[8.25,12.0,8.5625,12.75],"rotation":0,"texture":"#0","tintindex":0},"west":{"uv":[10.0,3.625,10.4375,4.375],"rotation":0,"texture":"#0","tintindex":0},"up":{"uv":[1.4375,13.4375,1.125,13.0],"rotation":0,"texture":"#0","tintindex":0},"down":{"uv":[8.6875,13.0,8.375,13.4375],"rotation":0,"texture":"#0","tintindex":0}}},{"from":[3.6299086,10.404984,7.3796706],"to":[12.370091,16.637161,13.611849],"rotation":{"angle":-45.0,"axis":"x","origin":[8.0,11.029438,8.004125]},"faces":{"east":{"uv":[8.5,3.625,9.1875,4.3125],"rotation":0,"texture":"#0","tintindex":0},"south":{"uv":[7.5,3.625,8.4375,4.3125],"rotation":0,"texture":"#0","tintindex":0},"north":{"uv":[6.875,2.875,7.8125,3.5625],"rotation":0,"texture":"#0","tintindex":0},"west":{"uv":[8.5,5.75,9.1875,6.4375],"rotation":0,"texture":"#0","tintindex":0},"up":{"uv":[8.4375,6.4375,7.5,5.75],"rotation":0,"texture":"#0","tintindex":0},"down":{"uv":[7.0625,7.5,6.125,8.1875],"rotation":0,"texture":"#0","tintindex":0}}},{"from":[6.127489,14.176067,10.431639],"to":[9.049654,21.433666,13.353804],"rotation":{"angle":45.0,"axis":"y","origin":[8.0,17.60944,11.481293]},"faces":{"east":{"uv":[8.25,11.125,8.5625,11.9375],"rotation":0,"texture":"#0","tintindex":0},"south":{"uv":[9.125,11.125,9.4375,11.9375],"rotation":0,"texture":"#0","tintindex":0},"north":{"uv":[7.875,11.125,8.1875,11.9375],"rotation":0,"texture":"#0","tintindex":0},"west":{"uv":[9.5,11.125,9.8125,11.9375],"rotation":0,"texture":"#0","tintindex":0},"up":{"uv":[13.5625,7.6875,13.25,7.375],"rotation":0,"texture":"#0","tintindex":0},"down":{"uv":[9.3125,13.25,9.0,13.5625],"rotation":0,"texture":"#0","tintindex":0}}},{"from":[6.262438,14.178124,14.863372],"to":[8.170898,21.024296,16.771833],"rotation":{"angle":45.0,"axis":"y","origin":[8.134949,17.261782,15.090168]},"faces":{"east":{"uv":[2.875,12.875,3.0625,13.625],"rotation":0,"texture":"#0","tintindex":0},"south":{"uv":[12.875,5.25,13.0625,6.0],"rotation":0,"texture":"#0","tintindex":0},"north":{"uv":[0.0,12.875,0.1875,13.625],"rotation":0,"texture":"#0","tintindex":0},"west":{"uv":[12.875,7.875,13.0625,8.625],"rotation":0,"texture":"#0","tintindex":0},"up":{"uv":[10.9375,12.4375,10.75,12.25],"rotation":0,"texture":"#0","tintindex":0},"down":{"uv":[2.8125,13.125,2.625,13.3125],"rotation":0,"texture":"#0","tintindex":0}}}],"display":{"head":{"translation":[0.0,-6.4,0.0],"scale":[4.0,4.0,4.0]}}}