{"textures":{"0":"minecraft:modelengine/entity/artillery_cannon_tier1"},"elements":[{"from":[10.041431,7.3230157,-1.9071064],"to":[15.756273,11.207954,11.319698],"rotation":{"angle":22.5,"axis":"y","origin":[8.000166,9.471463,9.304032]},"faces":{"east":{"uv":[7.5,4.375,8.9375,4.8125],"rotation":0,"texture":"#0","tintindex":0},"south":{"uv":[0.0,11.0,0.625,11.4375],"rotation":0,"texture":"#0","tintindex":0},"north":{"uv":[2.5,10.875,3.125,11.3125],"rotation":0,"texture":"#0","tintindex":0},"west":{"uv":[7.5,6.5,8.9375,6.9375],"rotation":0,"texture":"#0","tintindex":0},"up":{"uv":[7.0,1.4375,6.375,0.0],"rotation":0,"texture":"#0","tintindex":0},"down":{"uv":[1.25,6.375,0.625,7.8125],"rotation":0,"texture":"#0","tintindex":0}}},{"from":[5.124774,7.3103766,-4.021842],"to":[10.875559,11.220594,9.280796],"rotation":{"angle":0.0,"axis":"y","origin":[8.000166,9.471463,9.304032]},"faces":{"east":{"uv":[7.5,7.0,8.9375,7.4375],"rotation":0,"texture":"#0","tintindex":0},"south":{"uv":[11.0,10.25,11.625,10.6875],"rotation":0,"texture":"#0","tintindex":0},"north":{"uv":[11.0,9.75,11.625,10.1875],"rotation":0,"texture":"#0","tintindex":0},"west":{"uv":[7.125,7.5,8.5625,7.9375],"rotation":0,"texture":"#0","tintindex":0},"up":{"uv":[1.875,7.8125,1.25,6.375],"rotation":0,"texture":"#0","tintindex":0},"down":{"uv":[2.5,6.375,1.875,7.8125],"rotation":0,"texture":"#0","tintindex":0}}},{"from":[0.24405861,7.3230157,-1.9071064],"to":[5.9589005,11.207954,11.319698],"rotation":{"angle":-22.5,"axis":"y","origin":[8.000166,9.471463,9.304032]},"faces":{"east":{"uv":[7.625,1.75,9.0625,2.1875],"rotation":0,"texture":"#0","tintindex":0},"south":{"uv":[11.125,0.5,11.75,0.9375],"rotation":0,"texture":"#0","tintindex":0},"north":{"uv":[11.125,0.0,11.75,0.4375],"rotation":0,"texture":"#0","tintindex":0},"west":{"uv":[7.625,2.25,9.0625,2.6875],"rotation":0,"texture":"#0","tintindex":0},"up":{"uv":[3.125,7.8125,2.5,6.375],"rotation":0,"texture":"#0","tintindex":0},"down":{"uv":[5.375,6.375,4.75,7.8125],"rotation":0,"texture":"#0","tintindex":0}}},{"from":[15.389773,7.3301253,-2.1519928],"to":[19.456192,11.200846,1.9144254],"rotation":{"angle":45.0,"axis":"y","origin":[8.000166,9.471463,9.304032]},"faces":{"east":{"uv":[6.125,12.25,6.5625,12.6875],"rotation":0,"texture":"#0","tintindex":0},"south":{"uv":[6.625,12.25,7.0625,12.6875],"rotation":0,"texture":"#0","tintindex":0},"north":{"uv":[5.625,12.25,6.0625,12.6875],"rotation":0,"texture":"#0","tintindex":0},"west":{"uv":[7.125,12.25,7.5625,12.6875],"rotation":0,"texture":"#0","tintindex":0},"up":{"uv":[10.6875,12.6875,10.25,12.25],"rotation":0,"texture":"#0","tintindex":0},"down":{"uv":[12.9375,0.0,12.5,0.4375],"rotation":0,"texture":"#0","tintindex":0}}},{"from":[-3.4558592,11.200846,-2.1519928],"to":[-3.4558592,13.570674,1.9144254],"rotation":{"angle":-45.0,"axis":"y","origin":[8.000166,9.471463,9.304032]},"faces":{"east":{"uv":[13.5625,9.625,13.125,9.875],"rotation":0,"texture":"#0","tintindex":0},"south":{"uv":[0.0,0.0,0.0,0.25],"rotation":0,"texture":"#0","tintindex":0},"north":{"uv":[0.0,0.0,0.0,0.25],"rotation":0,"texture":"#0","tintindex":0},"west":{"uv":[13.125,9.625,13.5625,9.875],"rotation":0,"texture":"#0","tintindex":0},"up":{"uv":[0.0,0.4375,0.0,0.0],"rotation":0,"texture":"#0","tintindex":0},"down":{"uv":[0.0,0.0,0.0,0.4375],"rotation":0,"texture":"#0","tintindex":0}}},{"from":[0.24405861,11.207954,-1.9071064],"to":[0.24405861,13.577784,11.319698],"rotation":{"angle":-22.5,"axis":"y","origin":[8.000166,9.471463,9.304032]},"faces":{"east":{"uv":[11.1875,8.25,9.75,8.5],"rotation":0,"texture":"#0","tintindex":0},"south":{"uv":[0.0,0.0,0.0,0.25],"rotation":0,"texture":"#0","tintindex":0},"north":{"uv":[0.0,0.0,0.0,0.25],"rotation":0,"texture":"#0","tintindex":0},"west":{"uv":[9.75,8.25,11.1875,8.5],"rotation":0,"texture":"#0","tintindex":0},"up":{"uv":[0.0,1.4375,0.0,0.0],"rotation":0,"texture":"#0","tintindex":0},"down":{"uv":[0.0,0.0,0.0,1.4375],"rotation":0,"texture":"#0","tintindex":0}}},{"from":[0.24405861,11.207954,11.319698],"to":[5.7736588,13.577784,11.319698],"rotation":{"angle":-22.5,"axis":"y","origin":[8.000166,9.471463,9.304032]},"faces":{"east":{"uv":[0.0,0.0,0.0,0.25],"rotation":0,"texture":"#0","tintindex":0},"south":{"uv":[12.75,0.75,13.375,1.0],"rotation":0,"texture":"#0","tintindex":0},"north":{"uv":[13.375,0.75,12.75,1.0],"rotation":0,"texture":"#0","tintindex":0},"west":{"uv":[0.0,0.0,0.0,0.25],"rotation":0,"texture":"#0","tintindex":0},"up":{"uv":[0.625,0.0,0.0,0.0],"rotation":0,"texture":"#0","tintindex":0},"down":{"uv":[0.625,0.0,0.0,0.0],"rotation":0,"texture":"#0","tintindex":0}}},{"from":[19.456192,11.200846,-2.1519928],"to":[19.456192,13.570674,1.9144254],"rotation":{"angle":45.0,"axis":"y","origin":[8.000166,9.471463,9.304032]},"faces":{"east":{"uv":[13.5625,9.625,13.125,9.875],"rotation":0,"texture":"#0","tintindex":0},"south":{"uv":[0.0,0.0,0.0,0.25],"rotation":0,"texture":"#0","tintindex":0},"north":{"uv":[0.0,0.0,0.0,0.25],"rotation":0,"texture":"#0","tintindex":0},"west":{"uv":[13.125,9.625,13.5625,9.875],"rotation":0,"texture":"#0","tintindex":0},"up":{"uv":[0.0,0.4375,0.0,0.0],"rotation":0,"texture":"#0","tintindex":0},"down":{"uv":[0.0,0.0,0.0,0.4375],"rotation":0,"texture":"#0","tintindex":0}}},{"from":[15.756273,11.207954,-1.9071064],"to":[15.756273,13.577784,11.319698],"rotation":{"angle":22.5,"axis":"y","origin":[8.000166,9.471463,9.304032]},"faces":{"east":{"uv":[11.1875,8.25,9.75,8.5],"rotation":0,"texture":"#0","tintindex":0},"south":{"uv":[0.0,0.0,0.0,0.25],"rotation":0,"texture":"#0","tintindex":0},"north":{"uv":[0.0,0.0,0.0,0.25],"rotation":0,"texture":"#0","tintindex":0},"west":{"uv":[9.75,8.25,11.1875,8.5],"rotation":0,"texture":"#0","tintindex":0},"up":{"uv":[0.0,1.4375,0.0,0.0],"rotation":0,"texture":"#0","tintindex":0},"down":{"uv":[0.0,0.0,0.0,1.4375],"rotation":0,"texture":"#0","tintindex":0}}},{"from":[10.226673,11.207954,11.319698],"to":[15.756273,13.577784,11.319698],"rotation":{"angle":22.5,"axis":"y","origin":[8.000166,9.471463,9.304032]},"faces":{"east":{"uv":[0.0,0.0,0.0,0.25],"rotation":0,"texture":"#0","tintindex":0},"south":{"uv":[13.375,0.75,12.75,1.0],"rotation":0,"texture":"#0","tintindex":0},"north":{"uv":[12.75,0.75,13.375,1.0],"rotation":0,"texture":"#0","tintindex":0},"west":{"uv":[0.0,0.0,0.0,0.25],"rotation":0,"texture":"#0","tintindex":0},"up":{"uv":[0.0,0.0,0.625,0.0],"rotation":0,"texture":"#0","tintindex":0},"down":{"uv":[0.0,0.0,0.625,0.0],"rotation":0,"texture":"#0","tintindex":0}}},{"from":[15.755692,4.9674063,-1.9065237],"to":[15.755692,7.337235,11.32028],"rotation":{"angle":22.5,"axis":"y","origin":[7.999584,3.230914,9.304614]},"faces":{"east":{"uv":[9.875,2.0,11.3125,2.25],"rotation":0,"texture":"#0","tintindex":0},"south":{"uv":[0.0,0.0,0.0,0.25],"rotation":0,"texture":"#0","tintindex":0},"north":{"uv":[0.0,0.0,0.0,0.25],"rotation":0,"texture":"#0","tintindex":0},"west":{"uv":[9.875,2.25,11.3125,2.5],"rotation":0,"texture":"#0","tintindex":0},"up":{"uv":[0.0,1.4375,0.0,0.0],"rotation":0,"texture":"#0","tintindex":0},"down":{"uv":[0.0,0.0,0.0,1.4375],"rotation":0,"texture":"#0","tintindex":0}}},{"from":[19.455608,4.9602966,-2.151411],"to":[19.455608,7.3301253,1.9150071],"rotation":{"angle":45.0,"axis":"y","origin":[7.999584,3.230914,9.304614]},"faces":{"east":{"uv":[13.125,10.375,13.5625,10.625],"rotation":0,"texture":"#0","tintindex":0},"south":{"uv":[0.0,0.0,0.0,0.25],"rotation":0,"texture":"#0","tintindex":0},"north":{"uv":[0.0,0.0,0.0,0.25],"rotation":0,"texture":"#0","tintindex":0},"west":{"uv":[13.125,10.625,13.5625,10.875],"rotation":0,"texture":"#0","tintindex":0},"up":{"uv":[0.0,0.4375,0.0,0.0],"rotation":0,"texture":"#0","tintindex":0},"down":{"uv":[0.0,0.0,0.0,0.4375],"rotation":0,"texture":"#0","tintindex":0}}},{"from":[-3.456441,4.9602966,-2.151411],"to":[-3.456441,7.3301253,1.9150071],"rotation":{"angle":-45.0,"axis":"y","origin":[7.999584,3.230914,9.304614]},"faces":{"east":{"uv":[13.125,9.875,13.5625,10.125],"rotation":0,"texture":"#0","tintindex":0},"south":{"uv":[0.0,0.0,0.0,0.25],"rotation":0,"texture":"#0","tintindex":0},"north":{"uv":[0.0,0.0,0.0,0.25],"rotation":0,"texture":"#0","tintindex":0},"west":{"uv":[13.125,10.125,13.5625,10.375],"rotation":0,"texture":"#0","tintindex":0},"up":{"uv":[0.0,0.4375,0.0,0.0],"rotation":0,"texture":"#0","tintindex":0},"down":{"uv":[0.0,0.0,0.0,0.4375],"rotation":0,"texture":"#0","tintindex":0}}},{"from":[0.24347639,4.9674063,-1.9065237],"to":[0.24347639,7.337235,11.32028],"rotation":{"angle":-22.5,"axis":"y","origin":[7.999584,3.230914,9.304614]},"faces":{"east":{"uv":[9.75,8.5,11.1875,8.75],"rotation":0,"texture":"#0","tintindex":0},"south":{"uv":[0.0,0.0,0.0,0.25],"rotation":0,"texture":"#0","tintindex":0},"north":{"uv":[0.0,0.0,0.0,0.25],"rotation":0,"texture":"#0","tintindex":0},"west":{"uv":[9.875,1.75,11.3125,2.0],"rotation":0,"texture":"#0","tintindex":0},"up":{"uv":[0.0,1.4375,0.0,0.0],"rotation":0,"texture":"#0","tintindex":0},"down":{"uv":[0.0,0.0,0.0,1.4375],"rotation":0,"texture":"#0","tintindex":0}}}],"display":{"head":{"translation":[0.0,-6.4,0.0],"scale":[4.0,4.0,4.0]}}}