{"textures":{"0":"minecraft:modelengine/entity/gem_type_drill_4"},"elements":[{"from":[6.8839283,6.2589283,6.928571],"to":[9.116072,9.741072,9.071428],"rotation":{"angle":0.0,"axis":"y","origin":[8.0,6.705357,7.821429]},"faces":{"east":{"uv":[6.375,4.875,6.6875,5.375],"rotation":0,"texture":"#0","tintindex":0},"south":{"uv":[6.375,5.375,6.6875,5.875],"rotation":0,"texture":"#0","tintindex":0},"north":{"uv":[6.375,3.375,6.6875,3.875],"rotation":0,"texture":"#0","tintindex":0},"west":{"uv":[6.375,5.875,6.6875,6.375],"rotation":0,"texture":"#0","tintindex":0},"up":{"uv":[7.4375,1.4375,7.125,1.125],"rotation":0,"texture":"#0","tintindex":0},"down":{"uv":[7.4375,2.75,7.125,3.0625],"rotation":0,"texture":"#0","tintindex":0}}}],"display":{"head":{"translation":[0.0,-6.4,0.0],"scale":[4.0,4.0,4.0]}}}