{"textures":{"0":"minecraft:modelengine/entity/gem_type_drill_4"},"elements":[{"from":[6.03125,3.5169163,6.03125],"to":[9.96875,5.5981665,9.96875],"rotation":{"angle":0.0,"axis":"y","origin":[8.0,7.9245415,8.0]},"faces":{"east":{"uv":[6.25,3.0,6.8125,3.3125],"rotation":0,"texture":"#0","tintindex":0},"south":{"uv":[4.125,6.25,4.6875,6.5625],"rotation":0,"texture":"#0","tintindex":0},"north":{"uv":[6.25,2.625,6.8125,2.9375],"rotation":0,"texture":"#0","tintindex":0},"west":{"uv":[6.375,0.0,6.9375,0.3125],"rotation":0,"texture":"#0","tintindex":0},"up":{"uv":[5.1875,2.3125,4.625,1.75],"rotation":0,"texture":"#0","tintindex":0},"down":{"uv":[5.3125,0.0,4.75,0.5625],"rotation":0,"texture":"#0","tintindex":0}}},{"from":[5.427704,3.5169163,6.9279795],"to":[6.440204,5.5981665,9.065479],"rotation":{"angle":22.5,"axis":"y","origin":[8.0,7.9245415,8.0]},"faces":{"east":{"uv":[7.125,7.0,7.4375,7.3125],"rotation":0,"texture":"#0","tintindex":0},"south":{"uv":[5.5,8.0,5.625,8.3125],"rotation":0,"texture":"#0","tintindex":0},"north":{"uv":[1.875,8.0,2.0,8.3125],"rotation":0,"texture":"#0","tintindex":0},"west":{"uv":[7.25,0.25,7.5625,0.5625],"rotation":0,"texture":"#0","tintindex":0},"up":{"uv":[4.5,8.4375,4.375,8.125],"rotation":0,"texture":"#0","tintindex":0},"down":{"uv":[8.375,3.5,8.25,3.8125],"rotation":0,"texture":"#0","tintindex":0}}},{"from":[5.427704,3.5169163,6.9345202],"to":[6.440204,5.5981665,9.072021],"rotation":{"angle":-22.5,"axis":"y","origin":[8.0,7.9245415,8.0]},"faces":{"east":{"uv":[7.25,0.625,7.5625,0.9375],"rotation":0,"texture":"#0","tintindex":0},"south":{"uv":[8.25,4.375,8.375,4.6875],"rotation":0,"texture":"#0","tintindex":0},"north":{"uv":[3.625,8.25,3.75,8.5625],"rotation":0,"texture":"#0","tintindex":0},"west":{"uv":[7.25,1.875,7.5625,2.1875],"rotation":0,"texture":"#0","tintindex":0},"up":{"uv":[4.875,8.5625,4.75,8.25],"rotation":0,"texture":"#0","tintindex":0},"down":{"uv":[8.375,4.75,8.25,5.0625],"rotation":0,"texture":"#0","tintindex":0}}},{"from":[9.559795,3.5169163,6.9345202],"to":[10.572296,5.5981665,9.072021],"rotation":{"angle":22.5,"axis":"y","origin":[8.0,7.9245415,8.0]},"faces":{"east":{"uv":[7.25,2.25,7.5625,2.5625],"rotation":0,"texture":"#0","tintindex":0},"south":{"uv":[8.25,5.125,8.375,5.4375],"rotation":0,"texture":"#0","tintindex":0},"north":{"uv":[4.875,8.25,5.0,8.5625],"rotation":0,"texture":"#0","tintindex":0},"west":{"uv":[4.125,7.25,4.4375,7.5625],"rotation":0,"texture":"#0","tintindex":0},"up":{"uv":[5.375,8.5625,5.25,8.25],"rotation":0,"texture":"#0","tintindex":0},"down":{"uv":[5.5,8.25,5.375,8.5625],"rotation":0,"texture":"#0","tintindex":0}}},{"from":[9.559795,3.5169163,6.9279795],"to":[10.572296,5.5981665,9.065479],"rotation":{"angle":-22.5,"axis":"y","origin":[8.0,7.9245415,8.0]},"faces":{"east":{"uv":[7.25,6.125,7.5625,6.4375],"rotation":0,"texture":"#0","tintindex":0},"south":{"uv":[6.0,8.25,6.125,8.5625],"rotation":0,"texture":"#0","tintindex":0},"north":{"uv":[5.875,8.25,6.0,8.5625],"rotation":0,"texture":"#0","tintindex":0},"west":{"uv":[7.25,6.5,7.5625,6.8125],"rotation":0,"texture":"#0","tintindex":0},"up":{"uv":[8.375,6.4375,8.25,6.125],"rotation":0,"texture":"#0","tintindex":0},"down":{"uv":[8.375,6.5,8.25,6.8125],"rotation":0,"texture":"#0","tintindex":0}}},{"from":[6.9279795,3.5169163,9.559795],"to":[9.065479,5.5981665,10.572296],"rotation":{"angle":22.5,"axis":"y","origin":[8.0,7.9245415,8.0]},"faces":{"east":{"uv":[8.25,6.875,8.375,7.1875],"rotation":0,"texture":"#0","tintindex":0},"south":{"uv":[7.375,3.375,7.6875,3.6875],"rotation":0,"texture":"#0","tintindex":0},"north":{"uv":[3.25,7.375,3.5625,7.6875],"rotation":0,"texture":"#0","tintindex":0},"west":{"uv":[7.125,8.25,7.25,8.5625],"rotation":0,"texture":"#0","tintindex":0},"up":{"uv":[8.5625,4.0,8.25,3.875],"rotation":0,"texture":"#0","tintindex":0},"down":{"uv":[8.5625,4.0,8.25,4.125],"rotation":0,"texture":"#0","tintindex":0}}},{"from":[6.9345202,3.5169163,9.559795],"to":[9.072021,5.5981665,10.572296],"rotation":{"angle":-22.5,"axis":"y","origin":[8.0,7.9245415,8.0]},"faces":{"east":{"uv":[7.25,8.25,7.375,8.5625],"rotation":0,"texture":"#0","tintindex":0},"south":{"uv":[7.5,1.0,7.8125,1.3125],"rotation":0,"texture":"#0","tintindex":0},"north":{"uv":[7.125,7.375,7.4375,7.6875],"rotation":0,"texture":"#0","tintindex":0},"west":{"uv":[7.375,8.25,7.5,8.5625],"rotation":0,"texture":"#0","tintindex":0},"up":{"uv":[8.5625,7.375,8.25,7.25],"rotation":0,"texture":"#0","tintindex":0},"down":{"uv":[7.8125,8.25,7.5,8.375],"rotation":0,"texture":"#0","tintindex":0}}},{"from":[6.9345202,3.5169163,5.427704],"to":[9.072021,5.5981665,6.440204],"rotation":{"angle":22.5,"axis":"y","origin":[8.0,7.9245415,8.0]},"faces":{"east":{"uv":[7.875,8.25,8.0,8.5625],"rotation":0,"texture":"#0","tintindex":0},"south":{"uv":[7.5,2.625,7.8125,2.9375],"rotation":0,"texture":"#0","tintindex":0},"north":{"uv":[1.5,7.5,1.8125,7.8125],"rotation":0,"texture":"#0","tintindex":0},"west":{"uv":[8.0,8.25,8.125,8.5625],"rotation":0,"texture":"#0","tintindex":0},"up":{"uv":[8.5625,7.75,8.25,7.625],"rotation":0,"texture":"#0","tintindex":0},"down":{"uv":[8.5625,7.75,8.25,7.875],"rotation":0,"texture":"#0","tintindex":0}}},{"from":[6.9279795,3.5169163,5.427704],"to":[9.065479,5.5981665,6.440204],"rotation":{"angle":-22.5,"axis":"y","origin":[8.0,7.9245415,8.0]},"faces":{"east":{"uv":[1.0,8.375,1.125,8.6875],"rotation":0,"texture":"#0","tintindex":0},"south":{"uv":[7.5,4.375,7.8125,4.6875],"rotation":0,"texture":"#0","tintindex":0},"north":{"uv":[7.5,3.0,7.8125,3.3125],"rotation":0,"texture":"#0","tintindex":0},"west":{"uv":[8.375,1.0,8.5,1.3125],"rotation":0,"texture":"#0","tintindex":0},"up":{"uv":[8.6875,1.5,8.375,1.375],"rotation":0,"texture":"#0","tintindex":0},"down":{"uv":[1.8125,8.375,1.5,8.5],"rotation":0,"texture":"#0","tintindex":0}}},{"from":[9.3383045,5.235185,7.0858183],"to":[10.207029,11.079898,8.919793],"rotation":{"angle":22.5,"axis":"y","origin":[8.0,7.9245415,8.0]},"faces":{"east":{"uv":[5.875,5.5,6.125,6.3125],"rotation":0,"texture":"#0","tintindex":0},"south":{"uv":[4.75,7.0,4.875,7.8125],"rotation":0,"texture":"#0","tintindex":0},"north":{"uv":[3.125,7.0,3.25,7.8125],"rotation":0,"texture":"#0","tintindex":0},"west":{"uv":[5.625,5.875,5.875,6.6875],"rotation":0,"texture":"#0","tintindex":0},"up":{"uv":[7.5,4.875,7.375,4.625],"rotation":0,"texture":"#0","tintindex":0},"down":{"uv":[5.0,7.625,4.875,7.875],"rotation":0,"texture":"#0","tintindex":0}}},{"from":[9.3383045,5.235185,7.080207],"to":[10.207029,11.079898,8.914182],"rotation":{"angle":-22.5,"axis":"y","origin":[8.0,7.9245415,8.0]},"faces":{"east":{"uv":[2.0,6.0,2.25,6.8125],"rotation":0,"texture":"#0","tintindex":0},"south":{"uv":[6.0,7.0,6.125,7.8125],"rotation":0,"texture":"#0","tintindex":0},"north":{"uv":[5.875,7.0,6.0,7.8125],"rotation":0,"texture":"#0","tintindex":0},"west":{"uv":[2.25,6.0,2.5,6.8125],"rotation":0,"texture":"#0","tintindex":0},"up":{"uv":[1.25,8.625,1.125,8.375],"rotation":0,"texture":"#0","tintindex":0},"down":{"uv":[2.0,8.375,1.875,8.625],"rotation":0,"texture":"#0","tintindex":0}}},{"from":[6.3108125,5.235185,6.3108125],"to":[9.689188,11.098648,9.689188],"rotation":{"angle":0.0,"axis":"y","origin":[8.0,7.9245415,8.0]},"faces":{"east":{"uv":[0.875,3.875,1.375,4.6875],"rotation":0,"texture":"#0","tintindex":0},"south":{"uv":[1.375,3.875,1.875,4.6875],"rotation":0,"texture":"#0","tintindex":0},"north":{"uv":[0.375,3.875,0.875,4.6875],"rotation":0,"texture":"#0","tintindex":0},"west":{"uv":[1.875,3.875,2.375,4.6875],"rotation":0,"texture":"#0","tintindex":0},"up":{"uv":[2.5,6.0,2.0,5.5],"rotation":0,"texture":"#0","tintindex":0},"down":{"uv":[6.0,2.375,5.5,2.875],"rotation":0,"texture":"#0","tintindex":0}}},{"from":[5.79297,5.235185,7.080207],"to":[6.661695,11.079898,8.914182],"rotation":{"angle":22.5,"axis":"y","origin":[8.0,7.9245415,8.0]},"faces":{"east":{"uv":[2.625,6.0,2.875,6.8125],"rotation":0,"texture":"#0","tintindex":0},"south":{"uv":[7.0,7.0,7.125,7.8125],"rotation":0,"texture":"#0","tintindex":0},"north":{"uv":[7.0,6.125,7.125,6.9375],"rotation":0,"texture":"#0","tintindex":0},"west":{"uv":[2.875,6.0,3.125,6.8125],"rotation":0,"texture":"#0","tintindex":0},"up":{"uv":[2.625,8.625,2.5,8.375],"rotation":0,"texture":"#0","tintindex":0},"down":{"uv":[5.625,8.375,5.5,8.625],"rotation":0,"texture":"#0","tintindex":0}}},{"from":[5.79297,5.235185,7.0858183],"to":[6.661695,11.079898,8.919793],"rotation":{"angle":-22.5,"axis":"y","origin":[8.0,7.9245415,8.0]},"faces":{"east":{"uv":[0.0,6.125,0.25,6.9375],"rotation":0,"texture":"#0","tintindex":0},"south":{"uv":[1.0,7.125,1.125,7.9375],"rotation":0,"texture":"#0","tintindex":0},"north":{"uv":[7.125,0.25,7.25,1.0625],"rotation":0,"texture":"#0","tintindex":0},"west":{"uv":[0.25,6.125,0.5,6.9375],"rotation":0,"texture":"#0","tintindex":0},"up":{"uv":[6.25,8.625,6.125,8.375],"rotation":0,"texture":"#0","tintindex":0},"down":{"uv":[6.375,8.375,6.25,8.625],"rotation":0,"texture":"#0","tintindex":0}}},{"from":[7.080207,5.235185,9.3383045],"to":[8.914182,11.079898,10.207029],"rotation":{"angle":22.5,"axis":"y","origin":[8.0,7.9245415,8.0]},"faces":{"east":{"uv":[1.125,7.125,1.25,7.9375],"rotation":0,"texture":"#0","tintindex":0},"south":{"uv":[0.75,6.125,1.0,6.9375],"rotation":0,"texture":"#0","tintindex":0},"north":{"uv":[0.5,6.125,0.75,6.9375],"rotation":0,"texture":"#0","tintindex":0},"west":{"uv":[1.25,7.125,1.375,7.9375],"rotation":0,"texture":"#0","tintindex":0},"up":{"uv":[7.5,7.0,7.25,6.875],"rotation":0,"texture":"#0","tintindex":0},"down":{"uv":[7.625,3.75,7.375,3.875],"rotation":0,"texture":"#0","tintindex":0}}},{"from":[7.0858183,5.235185,9.3383045],"to":[8.919793,11.079898,10.207029],"rotation":{"angle":-22.5,"axis":"y","origin":[8.0,7.9245415,8.0]},"faces":{"east":{"uv":[1.375,7.125,1.5,7.9375],"rotation":0,"texture":"#0","tintindex":0},"south":{"uv":[6.125,4.875,6.375,5.6875],"rotation":0,"texture":"#0","tintindex":0},"north":{"uv":[1.625,6.125,1.875,6.9375],"rotation":0,"texture":"#0","tintindex":0},"west":{"uv":[1.875,7.125,2.0,7.9375],"rotation":0,"texture":"#0","tintindex":0},"up":{"uv":[8.625,1.625,8.375,1.5],"rotation":0,"texture":"#0","tintindex":0},"down":{"uv":[8.625,3.75,8.375,3.875],"rotation":0,"texture":"#0","tintindex":0}}},{"from":[7.0858183,5.235185,5.79297],"to":[8.919793,11.079898,6.661695],"rotation":{"angle":22.5,"axis":"y","origin":[8.0,7.9245415,8.0]},"faces":{"east":{"uv":[7.125,1.875,7.25,2.6875],"rotation":0,"texture":"#0","tintindex":0},"south":{"uv":[6.25,0.75,6.5,1.5625],"rotation":0,"texture":"#0","tintindex":0},"north":{"uv":[6.125,5.75,6.375,6.5625],"rotation":0,"texture":"#0","tintindex":0},"west":{"uv":[5.25,7.125,5.375,7.9375],"rotation":0,"texture":"#0","tintindex":0},"up":{"uv":[8.625,5.5,8.375,5.375],"rotation":0,"texture":"#0","tintindex":0},"down":{"uv":[8.625,6.25,8.375,6.375],"rotation":0,"texture":"#0","tintindex":0}}},{"from":[7.080207,5.235185,5.79297],"to":[8.914182,11.079898,6.661695],"rotation":{"angle":-22.5,"axis":"y","origin":[8.0,7.9245415,8.0]},"faces":{"east":{"uv":[5.375,7.125,5.5,7.9375],"rotation":0,"texture":"#0","tintindex":0},"south":{"uv":[1.25,6.25,1.5,7.0625],"rotation":0,"texture":"#0","tintindex":0},"north":{"uv":[1.0,6.25,1.25,7.0625],"rotation":0,"texture":"#0","tintindex":0},"west":{"uv":[7.125,6.125,7.25,6.9375],"rotation":0,"texture":"#0","tintindex":0},"up":{"uv":[8.625,6.5,8.375,6.375],"rotation":0,"texture":"#0","tintindex":0},"down":{"uv":[8.625,6.5,8.375,6.625],"rotation":0,"texture":"#0","tintindex":0}}},{"from":[7.15379,10.826492,5.9695325],"to":[8.841047,11.739342,6.7687597],"rotation":{"angle":-22.5,"axis":"y","origin":[8.0,7.9245415,8.0]},"faces":{"east":{"uv":[5.75,8.625,5.875,8.75],"rotation":0,"texture":"#0","tintindex":0},"south":{"uv":[6.75,8.375,7.0,8.5],"rotation":0,"texture":"#0","tintindex":0},"north":{"uv":[8.375,6.625,8.625,6.75],"rotation":0,"texture":"#0","tintindex":0},"west":{"uv":[8.625,5.75,8.75,5.875],"rotation":0,"texture":"#0","tintindex":0},"up":{"uv":[8.625,6.875,8.375,6.75],"rotation":0,"texture":"#0","tintindex":0},"down":{"uv":[8.625,6.875,8.375,7.0],"rotation":0,"texture":"#0","tintindex":0}}},{"from":[7.1589527,10.826492,5.9695325],"to":[8.84621,11.739342,6.7687597],"rotation":{"angle":22.5,"axis":"y","origin":[8.0,7.9245415,8.0]},"faces":{"east":{"uv":[5.875,8.625,6.0,8.75],"rotation":0,"texture":"#0","tintindex":0},"south":{"uv":[8.375,7.125,8.625,7.25],"rotation":0,"texture":"#0","tintindex":0},"north":{"uv":[8.375,7.0,8.625,7.125],"rotation":0,"texture":"#0","tintindex":0},"west":{"uv":[6.0,8.625,6.125,8.75],"rotation":0,"texture":"#0","tintindex":0},"up":{"uv":[8.625,7.5,8.375,7.375],"rotation":0,"texture":"#0","tintindex":0},"down":{"uv":[7.75,8.375,7.5,8.5],"rotation":0,"texture":"#0","tintindex":0}}},{"from":[7.1589527,10.826492,9.23124],"to":[8.84621,11.739342,10.030468],"rotation":{"angle":-22.5,"axis":"y","origin":[8.0,7.9245415,8.0]},"faces":{"east":{"uv":[8.625,6.0,8.75,6.125],"rotation":0,"texture":"#0","tintindex":0},"south":{"uv":[8.375,7.875,8.625,8.0],"rotation":0,"texture":"#0","tintindex":0},"north":{"uv":[8.375,7.5,8.625,7.625],"rotation":0,"texture":"#0","tintindex":0},"west":{"uv":[6.125,8.625,6.25,8.75],"rotation":0,"texture":"#0","tintindex":0},"up":{"uv":[8.625,8.125,8.375,8.0],"rotation":0,"texture":"#0","tintindex":0},"down":{"uv":[8.375,8.375,8.125,8.5],"rotation":0,"texture":"#0","tintindex":0}}},{"from":[7.15379,10.826492,9.23124],"to":[8.841047,11.739342,10.030468],"rotation":{"angle":22.5,"axis":"y","origin":[8.0,7.9245415,8.0]},"faces":{"east":{"uv":[8.625,6.125,8.75,6.25],"rotation":0,"texture":"#0","tintindex":0},"south":{"uv":[8.375,8.25,8.625,8.375],"rotation":0,"texture":"#0","tintindex":0},"north":{"uv":[8.375,8.125,8.625,8.25],"rotation":0,"texture":"#0","tintindex":0},"west":{"uv":[6.25,8.625,6.375,8.75],"rotation":0,"texture":"#0","tintindex":0},"up":{"uv":[8.625,8.5,8.375,8.375],"rotation":0,"texture":"#0","tintindex":0},"down":{"uv":[8.75,0.0,8.5,0.125],"rotation":0,"texture":"#0","tintindex":0}}},{"from":[5.9695325,10.826492,7.1589527],"to":[6.7687597,11.739342,8.84621],"rotation":{"angle":-22.5,"axis":"y","origin":[8.0,7.9245415,8.0]},"faces":{"east":{"uv":[8.5,0.125,8.75,0.25],"rotation":0,"texture":"#0","tintindex":0},"south":{"uv":[6.375,8.625,6.5,8.75],"rotation":0,"texture":"#0","tintindex":0},"north":{"uv":[8.625,6.25,8.75,6.375],"rotation":0,"texture":"#0","tintindex":0},"west":{"uv":[8.5,0.25,8.75,0.375],"rotation":0,"texture":"#0","tintindex":0},"up":{"uv":[7.125,8.625,7.0,8.375],"rotation":0,"texture":"#0","tintindex":0},"down":{"uv":[7.875,8.375,7.75,8.625],"rotation":0,"texture":"#0","tintindex":0}}},{"from":[5.9695325,10.826492,7.15379],"to":[6.7687597,11.739342,8.841047],"rotation":{"angle":22.5,"axis":"y","origin":[8.0,7.9245415,8.0]},"faces":{"east":{"uv":[8.5,0.375,8.75,0.5],"rotation":0,"texture":"#0","tintindex":0},"south":{"uv":[6.5,8.625,6.625,8.75],"rotation":0,"texture":"#0","tintindex":0},"north":{"uv":[8.625,6.375,8.75,6.5],"rotation":0,"texture":"#0","tintindex":0},"west":{"uv":[8.5,0.75,8.75,0.875],"rotation":0,"texture":"#0","tintindex":0},"up":{"uv":[8.625,1.125,8.5,0.875],"rotation":0,"texture":"#0","tintindex":0},"down":{"uv":[8.625,1.125,8.5,1.375],"rotation":0,"texture":"#0","tintindex":0}}},{"from":[6.4459476,10.826492,6.4459476],"to":[9.554052,11.756592,9.554052],"rotation":{"angle":0.0,"axis":"y","origin":[8.0,7.9245415,8.0]},"faces":{"east":{"uv":[8.0,5.625,8.4375,5.75],"rotation":0,"texture":"#0","tintindex":0},"south":{"uv":[8.0,5.75,8.4375,5.875],"rotation":0,"texture":"#0","tintindex":0},"north":{"uv":[8.0,5.5,8.4375,5.625],"rotation":0,"texture":"#0","tintindex":0},"west":{"uv":[8.0,5.875,8.4375,6.0],"rotation":0,"texture":"#0","tintindex":0},"up":{"uv":[6.3125,0.4375,5.875,0.0],"rotation":0,"texture":"#0","tintindex":0},"down":{"uv":[6.3125,3.625,5.875,4.0625],"rotation":0,"texture":"#0","tintindex":0}}},{"from":[9.23124,10.826492,7.15379],"to":[10.030468,11.739342,8.841047],"rotation":{"angle":-22.5,"axis":"y","origin":[8.0,7.9245415,8.0]},"faces":{"east":{"uv":[1.25,8.5,1.5,8.625],"rotation":0,"texture":"#0","tintindex":0},"south":{"uv":[6.625,8.625,6.75,8.75],"rotation":0,"texture":"#0","tintindex":0},"north":{"uv":[8.625,6.5,8.75,6.625],"rotation":0,"texture":"#0","tintindex":0},"west":{"uv":[1.5,8.5,1.75,8.625],"rotation":0,"texture":"#0","tintindex":0},"up":{"uv":[1.875,8.75,1.75,8.5],"rotation":0,"texture":"#0","tintindex":0},"down":{"uv":[8.625,4.125,8.5,4.375],"rotation":0,"texture":"#0","tintindex":0}}},{"from":[9.23124,10.826492,7.1589527],"to":[10.030468,11.739342,8.84621],"rotation":{"angle":22.5,"axis":"y","origin":[8.0,7.9245415,8.0]},"faces":{"east":{"uv":[8.5,5.5,8.75,5.625],"rotation":0,"texture":"#0","tintindex":0},"south":{"uv":[8.625,6.75,8.75,6.875],"rotation":0,"texture":"#0","tintindex":0},"north":{"uv":[8.625,6.625,8.75,6.75],"rotation":0,"texture":"#0","tintindex":0},"west":{"uv":[5.625,8.5,5.875,8.625],"rotation":0,"texture":"#0","tintindex":0},"up":{"uv":[4.5,8.75,4.375,8.5],"rotation":0,"texture":"#0","tintindex":0},"down":{"uv":[8.625,5.625,8.5,5.875],"rotation":0,"texture":"#0","tintindex":0}}}],"display":{"head":{"translation":[0.0,-6.4,0.0],"scale":[4.0,4.0,4.0]}}}