{"textures":{"0":"minecraft:modelengine/entity/gem_type_drill_4"},"elements":[{"from":[7.910714,6.939732,6.950893],"to":[8.535714,9.060268,9.049108],"rotation":{"angle":0.0,"axis":"y","origin":[8.0,8.0,8.0]},"faces":{"east":{"uv":[7.5,6.875,7.8125,7.1875],"rotation":0,"texture":"#0","tintindex":0},"south":{"uv":[3.125,8.625,3.1875,8.9375],"rotation":0,"texture":"#0","tintindex":0},"north":{"uv":[8.625,2.875,8.6875,3.1875],"rotation":0,"texture":"#0","tintindex":0},"west":{"uv":[7.5,7.25,7.8125,7.5625],"rotation":0,"texture":"#0","tintindex":0},"up":{"uv":[3.3125,8.9375,3.25,8.625],"rotation":0,"texture":"#0","tintindex":0},"down":{"uv":[8.6875,3.25,8.625,3.5625],"rotation":0,"texture":"#0","tintindex":0}}},{"from":[7.642857,7.609375,7.620536],"to":[7.910714,8.390625,8.379464],"rotation":{"angle":0.0,"axis":"y","origin":[8.0,8.0,8.0]},"faces":{"east":{"uv":[8.625,6.875,8.75,7.0],"rotation":0,"texture":"#0","tintindex":0},"south":{"uv":[7.875,8.625,7.9375,8.75],"rotation":0,"texture":"#0","tintindex":0},"north":{"uv":[8.625,7.75,8.6875,7.875],"rotation":0,"texture":"#0","tintindex":0},"west":{"uv":[7.0,8.625,7.125,8.75],"rotation":0,"texture":"#0","tintindex":0},"up":{"uv":[8.6875,8.0,8.625,7.875],"rotation":0,"texture":"#0","tintindex":0},"down":{"uv":[8.0625,8.625,8.0,8.75],"rotation":0,"texture":"#0","tintindex":0}}}],"display":{"head":{"translation":[0.0,-6.4,0.0],"scale":[4.0,4.0,4.0]}}}