{"textures":{"0":"minecraft:modelengine/entity/gem_type_drill_4"},"elements":[{"from":[5.991071,4.2628317,-5.4977436],"to":[10.008928,7.8342605,15.93083],"rotation":{"angle":0.0,"axis":"y","origin":[8.0,1.2271175,12.895115]},"faces":{"east":{"uv":[4.25,0.5,1.25,1.0],"rotation":0,"texture":"#0","tintindex":0},"south":{"uv":[5.25,1.0,5.8125,1.5],"rotation":0,"texture":"#0","tintindex":0},"north":{"uv":[3.125,5.125,3.6875,5.625],"rotation":0,"texture":"#0","tintindex":0},"west":{"uv":[1.25,0.5,4.25,1.0],"rotation":0,"texture":"#0","tintindex":0},"up":{"uv":[0.5625,3.0,0.0,0.0],"rotation":0,"texture":"#0","tintindex":0},"down":{"uv":[1.1875,0.0,0.625,3.0],"rotation":0,"texture":"#0","tintindex":0}}},{"from":[5.991071,7.8342605,-0.1406002],"to":[5.991071,9.619975,13.921901],"rotation":{"angle":0.0,"axis":"y","origin":[8.0,1.2271175,12.895115]},"faces":{"east":{"uv":[12.46875,0.0,10.5,0.25],"rotation":0,"texture":"#0","tintindex":0},"south":{"uv":[5.25,1.0,5.8125,1.5],"rotation":0,"texture":"#0","tintindex":0},"north":{"uv":[3.125,5.125,3.6875,5.625],"rotation":0,"texture":"#0","tintindex":0},"west":{"uv":[10.5,0.0,12.46875,0.25],"rotation":0,"texture":"#0","tintindex":0},"up":{"uv":[0.5625,3.0,0.0,0.0],"rotation":0,"texture":"#0","tintindex":0},"down":{"uv":[1.1875,0.0,0.625,3.0],"rotation":0,"texture":"#0","tintindex":0}}},{"from":[10.008928,7.8342605,-0.1406002],"to":[10.008928,9.619975,13.921901],"rotation":{"angle":0.0,"axis":"y","origin":[8.0,1.2271175,12.895115]},"faces":{"east":{"uv":[12.46875,0.0,10.5,0.25],"rotation":0,"texture":"#0","tintindex":0},"south":{"uv":[5.8125,1.0,5.25,1.5],"rotation":0,"texture":"#0","tintindex":0},"north":{"uv":[3.6875,5.125,3.125,5.625],"rotation":0,"texture":"#0","tintindex":0},"west":{"uv":[10.5,0.0,12.46875,0.25],"rotation":0,"texture":"#0","tintindex":0},"up":{"uv":[0.0,3.0,0.5625,0.0],"rotation":0,"texture":"#0","tintindex":0},"down":{"uv":[0.625,0.0,1.1875,3.0],"rotation":0,"texture":"#0","tintindex":0}}},{"from":[7.665179,8.481582,0.23886442],"to":[8.334822,9.195868,13.810293],"rotation":{"angle":0.0,"axis":"y","origin":[8.111608,2.5887246,12.895115]},"faces":{"east":{"uv":[5.5,4.625,7.375,4.75],"rotation":0,"texture":"#0","tintindex":0},"south":{"uv":[8.625,5.625,8.75,5.75],"rotation":0,"texture":"#0","tintindex":0},"north":{"uv":[5.625,8.625,5.75,8.75],"rotation":0,"texture":"#0","tintindex":0},"west":{"uv":[5.5,4.75,7.375,4.875],"rotation":0,"texture":"#0","tintindex":0},"up":{"uv":[1.625,7.25,1.5,5.375],"rotation":0,"texture":"#0","tintindex":0},"down":{"uv":[2.625,5.5,2.5,7.375],"rotation":0,"texture":"#0","tintindex":0}}},{"from":[5.5446424,6.9860463,13.386187],"to":[10.455358,13.727118,16.779045],"rotation":{"angle":22.5,"axis":"x","origin":[8.0,7.8342605,6.154043]},"faces":{"east":{"uv":[3.5,1.75,4.0,2.6875],"rotation":0,"texture":"#0","tintindex":0},"south":{"uv":[2.75,1.0,3.375,1.9375],"rotation":0,"texture":"#0","tintindex":0},"north":{"uv":[2.25,2.0,2.875,2.9375],"rotation":0,"texture":"#0","tintindex":0},"west":{"uv":[3.5,2.75,4.0,3.6875],"rotation":0,"texture":"#0","tintindex":0},"up":{"uv":[0.625,3.5,0.0,3.0],"rotation":0,"texture":"#0","tintindex":0},"down":{"uv":[1.25,3.0,0.625,3.5],"rotation":0,"texture":"#0","tintindex":0}}},{"from":[7.330357,7.2985463,-0.2745285],"to":[8.669642,9.798547,0.75225735],"rotation":{"angle":22.5,"axis":"x","origin":[8.0,8.727118,-0.31917095]},"faces":{"east":{"uv":[4.125,5.875,4.25,6.25],"rotation":0,"texture":"#0","tintindex":0},"south":{"uv":[8.0,0.0,8.1875,0.375],"rotation":0,"texture":"#0","tintindex":0},"north":{"uv":[7.875,7.875,8.0625,8.25],"rotation":0,"texture":"#0","tintindex":0},"west":{"uv":[3.625,7.375,3.75,7.75],"rotation":0,"texture":"#0","tintindex":0},"up":{"uv":[8.8125,2.875,8.625,2.75],"rotation":0,"texture":"#0","tintindex":0},"down":{"uv":[3.0625,8.625,2.875,8.75],"rotation":0,"texture":"#0","tintindex":0}}},{"from":[7.330357,7.2985463,13.341543],"to":[8.669642,9.798547,15.484401],"rotation":{"angle":-22.5,"axis":"x","origin":[8.0,8.727118,14.412972]},"faces":{"east":{"uv":[6.75,1.875,7.0625,2.25],"rotation":0,"texture":"#0","tintindex":0},"south":{"uv":[1.0,8.0,1.1875,8.375],"rotation":0,"texture":"#0","tintindex":0},"north":{"uv":[8.0,0.375,8.1875,0.75],"rotation":0,"texture":"#0","tintindex":0},"west":{"uv":[6.75,2.25,7.0625,2.625],"rotation":0,"texture":"#0","tintindex":0},"up":{"uv":[4.6875,8.3125,4.5,8.0],"rotation":0,"texture":"#0","tintindex":0},"down":{"uv":[8.1875,5.125,8.0,5.4375],"rotation":0,"texture":"#0","tintindex":0}}}],"display":{"head":{"translation":[0.0,-6.4,0.0],"scale":[4.0,4.0,4.0]}}}