{"textures":{"0":"minecraft:modelengine/entity/gem_type_drill_4"},"elements":[{"from":[5.7901783,10.112385,8.6573305],"to":[10.209822,11.513279,12.039391],"rotation":{"angle":0.0,"axis":"y","origin":[8.0,9.2811365,10.487688]},"faces":{"east":{"uv":[7.5,7.625,8.0,7.8125],"rotation":0,"texture":"#0","tintindex":0},"south":{"uv":[6.75,3.625,7.375,3.8125],"rotation":0,"texture":"#0","tintindex":0},"north":{"uv":[6.75,3.375,7.375,3.5625],"rotation":0,"texture":"#0","tintindex":0},"west":{"uv":[7.75,1.625,8.25,1.8125],"rotation":0,"texture":"#0","tintindex":0},"up":{"uv":[5.5,2.875,4.875,2.375],"rotation":0,"texture":"#0","tintindex":0},"down":{"uv":[5.5,2.875,4.875,3.375],"rotation":0,"texture":"#0","tintindex":0}}},{"from":[5.767857,4.049363,8.380348],"to":[10.232143,8.513649,12.041063],"rotation":{"angle":22.5,"axis":"x","origin":[8.0,9.317221,16.05892]},"faces":{"east":{"uv":[4.75,1.0,5.25,1.625],"rotation":0,"texture":"#0","tintindex":0},"south":{"uv":[4.0,1.75,4.625,2.375],"rotation":0,"texture":"#0","tintindex":0},"north":{"uv":[3.875,3.75,4.5,4.375],"rotation":0,"texture":"#0","tintindex":0},"west":{"uv":[1.125,4.75,1.625,5.375],"rotation":0,"texture":"#0","tintindex":0},"up":{"uv":[2.875,3.5,2.25,3.0],"rotation":0,"texture":"#0","tintindex":0},"down":{"uv":[2.25,4.75,1.625,5.25],"rotation":0,"texture":"#0","tintindex":0}}},{"from":[5.7901783,4.99439,6.139732],"to":[10.209822,7.7622476,9.8004465],"rotation":{"angle":-22.5,"axis":"x","origin":[8.0,6.8247476,7.5683036]},"faces":{"east":{"uv":[6.0,2.25,6.5,2.625],"rotation":0,"texture":"#0","tintindex":0},"south":{"uv":[5.625,1.5,6.25,1.875],"rotation":0,"texture":"#0","tintindex":0},"north":{"uv":[5.25,5.5,5.875,5.875],"rotation":0,"texture":"#0","tintindex":0},"west":{"uv":[6.25,1.625,6.75,2.0],"rotation":0,"texture":"#0","tintindex":0},"up":{"uv":[5.5,4.625,4.875,4.125],"rotation":0,"texture":"#0","tintindex":0},"down":{"uv":[5.5,4.625,4.875,5.125],"rotation":0,"texture":"#0","tintindex":0}}},{"from":[5.879464,4.5870275,1.1453509],"to":[10.120536,7.1539917,6.948923],"rotation":{"angle":0.0,"axis":"y","origin":[8.0,5.970956,5.1185656]},"faces":{"east":{"uv":[2.25,5.125,3.0625,5.5],"rotation":0,"texture":"#0","tintindex":0},"south":{"uv":[2.625,5.625,3.25,6.0],"rotation":0,"texture":"#0","tintindex":0},"north":{"uv":[5.625,1.875,6.25,2.25],"rotation":0,"texture":"#0","tintindex":0},"west":{"uv":[4.875,5.125,5.6875,5.5],"rotation":0,"texture":"#0","tintindex":0},"up":{"uv":[3.5,2.8125,2.875,2.0],"rotation":0,"texture":"#0","tintindex":0},"down":{"uv":[3.5,2.875,2.875,3.6875],"rotation":0,"texture":"#0","tintindex":0}}}],"display":{"head":{"translation":[0.0,-6.4,0.0],"scale":[4.0,4.0,4.0]}}}