{"textures":{"0":"minecraft:modelengine/entity/gem_type_drill_4"},"elements":[{"from":[8.449671,-6.81454,7.825777],"to":[8.741562,26.399284,8.441993],"rotation":{"angle":22.5,"axis":"y","origin":[8.0,9.793947,8.132942]},"faces":{"east":{"uv":[0.625,7.0,0.6875,8.75],"rotation":0,"texture":"#0","tintindex":0},"south":{"uv":[0.75,7.0,0.8125,8.75],"rotation":0,"texture":"#0","tintindex":0},"north":{"uv":[0.5,7.0,0.5625,8.75],"rotation":0,"texture":"#0","tintindex":0},"west":{"uv":[0.875,7.0,0.9375,8.75],"rotation":0,"texture":"#0","tintindex":0},"up":{"uv":[8.8125,0.5625,8.75,0.5],"rotation":0,"texture":"#0","tintindex":0},"down":{"uv":[0.6875,8.75,0.625,8.8125],"rotation":0,"texture":"#0","tintindex":0}}},{"from":[8.449671,-6.81454,7.8238916],"to":[8.741562,26.399284,8.440107],"rotation":{"angle":-22.5,"axis":"y","origin":[8.0,9.793947,8.132942]},"faces":{"east":{"uv":[0.125,7.0,0.1875,8.75],"rotation":0,"texture":"#0","tintindex":0},"south":{"uv":[0.25,7.0,0.3125,8.75],"rotation":0,"texture":"#0","tintindex":0},"north":{"uv":[0.0,7.0,0.0625,8.75],"rotation":0,"texture":"#0","tintindex":0},"west":{"uv":[0.375,7.0,0.4375,8.75],"rotation":0,"texture":"#0","tintindex":0},"up":{"uv":[8.8125,0.4375,8.75,0.375],"rotation":0,"texture":"#0","tintindex":0},"down":{"uv":[0.5625,8.75,0.5,8.8125],"rotation":0,"texture":"#0","tintindex":0}}},{"from":[7.432433,-6.81454,7.565375],"to":[8.567567,26.405584,8.700509],"rotation":{"angle":0.0,"axis":"y","origin":[8.0,9.793947,8.132942]},"faces":{"east":{"uv":[3.375,5.625,3.5,7.375],"rotation":0,"texture":"#0","tintindex":0},"south":{"uv":[3.5,5.625,3.625,7.375],"rotation":0,"texture":"#0","tintindex":0},"north":{"uv":[3.25,5.625,3.375,7.375],"rotation":0,"texture":"#0","tintindex":0},"west":{"uv":[3.625,5.625,3.75,7.375],"rotation":0,"texture":"#0","tintindex":0},"up":{"uv":[2.375,4.875,2.25,4.75],"rotation":0,"texture":"#0","tintindex":0},"down":{"uv":[5.375,0.625,5.25,0.75],"rotation":0,"texture":"#0","tintindex":0}}},{"from":[7.258438,-6.81454,7.8238916],"to":[7.5503297,26.399284,8.440107],"rotation":{"angle":22.5,"axis":"y","origin":[8.0,9.793947,8.132942]},"faces":{"east":{"uv":[4.0,6.875,4.0625,8.625],"rotation":0,"texture":"#0","tintindex":0},"south":{"uv":[6.875,4.875,6.9375,6.625],"rotation":0,"texture":"#0","tintindex":0},"north":{"uv":[3.875,6.875,3.9375,8.625],"rotation":0,"texture":"#0","tintindex":0},"west":{"uv":[6.875,6.625,6.9375,8.375],"rotation":0,"texture":"#0","tintindex":0},"up":{"uv":[8.8125,0.3125,8.75,0.25],"rotation":0,"texture":"#0","tintindex":0},"down":{"uv":[0.4375,8.75,0.375,8.8125],"rotation":0,"texture":"#0","tintindex":0}}},{"from":[7.258438,-6.81454,7.825777],"to":[7.5503297,26.399284,8.441993],"rotation":{"angle":-22.5,"axis":"y","origin":[8.0,9.793947,8.132942]},"faces":{"east":{"uv":[2.875,6.875,2.9375,8.625],"rotation":0,"texture":"#0","tintindex":0},"south":{"uv":[3.0,6.875,3.0625,8.625],"rotation":0,"texture":"#0","tintindex":0},"north":{"uv":[2.75,6.875,2.8125,8.625],"rotation":0,"texture":"#0","tintindex":0},"west":{"uv":[3.75,6.875,3.8125,8.625],"rotation":0,"texture":"#0","tintindex":0},"up":{"uv":[8.8125,0.1875,8.75,0.125],"rotation":0,"texture":"#0","tintindex":0},"down":{"uv":[0.3125,8.75,0.25,8.8125],"rotation":0,"texture":"#0","tintindex":0}}},{"from":[7.6909494,-6.81454,8.582612],"to":[8.307165,26.399284,8.874504],"rotation":{"angle":22.5,"axis":"y","origin":[8.0,9.793947,8.132942]},"faces":{"east":{"uv":[2.25,6.875,2.3125,8.625],"rotation":0,"texture":"#0","tintindex":0},"south":{"uv":[2.375,6.875,2.4375,8.625],"rotation":0,"texture":"#0","tintindex":0},"north":{"uv":[2.125,6.875,2.1875,8.625],"rotation":0,"texture":"#0","tintindex":0},"west":{"uv":[2.625,6.875,2.6875,8.625],"rotation":0,"texture":"#0","tintindex":0},"up":{"uv":[8.8125,0.0625,8.75,0.0],"rotation":0,"texture":"#0","tintindex":0},"down":{"uv":[0.1875,8.75,0.125,8.8125],"rotation":0,"texture":"#0","tintindex":0}}},{"from":[7.692835,-6.81454,8.582612],"to":[8.309051,26.399284,8.874504],"rotation":{"angle":-22.5,"axis":"y","origin":[8.0,9.793947,8.132942]},"faces":{"east":{"uv":[6.625,6.75,6.6875,8.5],"rotation":0,"texture":"#0","tintindex":0},"south":{"uv":[6.75,6.625,6.8125,8.375],"rotation":0,"texture":"#0","tintindex":0},"north":{"uv":[6.5,6.75,6.5625,8.5],"rotation":0,"texture":"#0","tintindex":0},"west":{"uv":[2.0,6.875,2.0625,8.625],"rotation":0,"texture":"#0","tintindex":0},"up":{"uv":[8.6875,8.6875,8.625,8.625],"rotation":0,"texture":"#0","tintindex":0},"down":{"uv":[0.0625,8.75,0.0,8.8125],"rotation":0,"texture":"#0","tintindex":0}}},{"from":[7.692835,-6.81454,7.39138],"to":[8.309051,26.399284,7.6832714],"rotation":{"angle":22.5,"axis":"y","origin":[8.0,9.793947,8.132942]},"faces":{"east":{"uv":[5.625,6.75,5.6875,8.5],"rotation":0,"texture":"#0","tintindex":0},"south":{"uv":[5.75,6.75,5.8125,8.5],"rotation":0,"texture":"#0","tintindex":0},"north":{"uv":[6.75,4.875,6.8125,6.625],"rotation":0,"texture":"#0","tintindex":0},"west":{"uv":[6.375,6.75,6.4375,8.5],"rotation":0,"texture":"#0","tintindex":0},"up":{"uv":[8.6875,8.4375,8.625,8.375],"rotation":0,"texture":"#0","tintindex":0},"down":{"uv":[8.5625,8.625,8.5,8.6875],"rotation":0,"texture":"#0","tintindex":0}}},{"from":[7.6909494,-6.81454,7.39138],"to":[8.307165,26.399284,7.6832714],"rotation":{"angle":-22.5,"axis":"y","origin":[8.0,9.793947,8.132942]},"faces":{"east":{"uv":[5.125,6.625,5.1875,8.375],"rotation":0,"texture":"#0","tintindex":0},"south":{"uv":[6.125,6.625,6.1875,8.375],"rotation":0,"texture":"#0","tintindex":0},"north":{"uv":[5.0,6.625,5.0625,8.375],"rotation":0,"texture":"#0","tintindex":0},"west":{"uv":[6.25,6.625,6.3125,8.375],"rotation":0,"texture":"#0","tintindex":0},"up":{"uv":[8.6875,8.3125,8.625,8.25],"rotation":0,"texture":"#0","tintindex":0},"down":{"uv":[8.4375,8.625,8.375,8.6875],"rotation":0,"texture":"#0","tintindex":0}}},{"from":[5.3214283,17.638653,5.241663],"to":[10.678572,17.638653,10.598806],"rotation":{"angle":0.0,"axis":"y","origin":[8.0,20.317225,8.098806]},"faces":{"east":{"uv":[0.0,13.75,0.75,13.75],"rotation":0,"texture":"#0","tintindex":0},"south":{"uv":[0.0,13.75,0.75,13.75],"rotation":0,"texture":"#0","tintindex":0},"north":{"uv":[0.0,13.75,0.75,13.75],"rotation":0,"texture":"#0","tintindex":0},"west":{"uv":[0.0,13.75,0.75,13.75],"rotation":0,"texture":"#0","tintindex":0},"up":{"uv":[0.0,13.75,0.75,14.5],"rotation":0,"texture":"#0","tintindex":0},"down":{"uv":[0.0,14.5,0.75,13.75],"rotation":0,"texture":"#0","tintindex":0}}},{"from":[5.3214283,19.424366,5.241663],"to":[10.678572,19.424366,10.598806],"rotation":{"angle":0.0,"axis":"y","origin":[8.0,20.317225,8.098806]},"faces":{"east":{"uv":[0.0,13.75,0.75,13.75],"rotation":0,"texture":"#0","tintindex":0},"south":{"uv":[0.0,13.75,0.75,13.75],"rotation":0,"texture":"#0","tintindex":0},"north":{"uv":[0.0,13.75,0.75,13.75],"rotation":0,"texture":"#0","tintindex":0},"west":{"uv":[0.0,13.75,0.75,13.75],"rotation":0,"texture":"#0","tintindex":0},"up":{"uv":[0.0,13.75,0.75,14.5],"rotation":0,"texture":"#0","tintindex":0},"down":{"uv":[0.0,14.5,0.75,13.75],"rotation":0,"texture":"#0","tintindex":0}}},{"from":[5.3214283,15.852938,5.241663],"to":[10.678572,15.852938,10.598806],"rotation":{"angle":0.0,"axis":"y","origin":[8.0,20.317225,8.098806]},"faces":{"east":{"uv":[0.0,13.75,0.75,13.75],"rotation":0,"texture":"#0","tintindex":0},"south":{"uv":[0.0,13.75,0.75,13.75],"rotation":0,"texture":"#0","tintindex":0},"north":{"uv":[0.0,13.75,0.75,13.75],"rotation":0,"texture":"#0","tintindex":0},"west":{"uv":[0.0,13.75,0.75,13.75],"rotation":0,"texture":"#0","tintindex":0},"up":{"uv":[0.0,13.75,0.75,14.5],"rotation":0,"texture":"#0","tintindex":0},"down":{"uv":[0.0,14.5,0.75,13.75],"rotation":0,"texture":"#0","tintindex":0}}},{"from":[5.3214283,12.281509,5.241663],"to":[10.678572,12.281509,10.598806],"rotation":{"angle":0.0,"axis":"y","origin":[8.0,20.317225,8.098806]},"faces":{"east":{"uv":[0.0,13.75,0.75,13.75],"rotation":0,"texture":"#0","tintindex":0},"south":{"uv":[0.0,13.75,0.75,13.75],"rotation":0,"texture":"#0","tintindex":0},"north":{"uv":[0.0,13.75,0.75,13.75],"rotation":0,"texture":"#0","tintindex":0},"west":{"uv":[0.0,13.75,0.75,13.75],"rotation":0,"texture":"#0","tintindex":0},"up":{"uv":[0.0,13.75,0.75,14.5],"rotation":0,"texture":"#0","tintindex":0},"down":{"uv":[0.0,14.5,0.75,13.75],"rotation":0,"texture":"#0","tintindex":0}}},{"from":[5.3214283,14.0672245,5.241663],"to":[10.678572,14.0672245,10.598806],"rotation":{"angle":0.0,"axis":"y","origin":[8.0,20.317225,8.098806]},"faces":{"east":{"uv":[0.0,13.75,0.75,13.75],"rotation":0,"texture":"#0","tintindex":0},"south":{"uv":[0.0,13.75,0.75,13.75],"rotation":0,"texture":"#0","tintindex":0},"north":{"uv":[0.0,13.75,0.75,13.75],"rotation":0,"texture":"#0","tintindex":0},"west":{"uv":[0.0,13.75,0.75,13.75],"rotation":0,"texture":"#0","tintindex":0},"up":{"uv":[0.0,13.75,0.75,14.5],"rotation":0,"texture":"#0","tintindex":0},"down":{"uv":[0.0,14.5,0.75,13.75],"rotation":0,"texture":"#0","tintindex":0}}},{"from":[5.3214283,5.1386523,5.241663],"to":[10.678572,5.1386523,10.598806],"rotation":{"angle":0.0,"axis":"y","origin":[8.0,20.317225,8.098806]},"faces":{"east":{"uv":[0.0,13.75,0.75,13.75],"rotation":0,"texture":"#0","tintindex":0},"south":{"uv":[0.0,13.75,0.75,13.75],"rotation":0,"texture":"#0","tintindex":0},"north":{"uv":[0.0,13.75,0.75,13.75],"rotation":0,"texture":"#0","tintindex":0},"west":{"uv":[0.0,13.75,0.75,13.75],"rotation":0,"texture":"#0","tintindex":0},"up":{"uv":[0.0,13.75,0.75,14.5],"rotation":0,"texture":"#0","tintindex":0},"down":{"uv":[0.0,14.5,0.75,13.75],"rotation":0,"texture":"#0","tintindex":0}}},{"from":[5.3214283,6.9243665,5.241663],"to":[10.678572,6.9243665,10.598806],"rotation":{"angle":0.0,"axis":"y","origin":[8.0,20.317225,8.098806]},"faces":{"east":{"uv":[0.0,13.75,0.75,13.75],"rotation":0,"texture":"#0","tintindex":0},"south":{"uv":[0.0,13.75,0.75,13.75],"rotation":0,"texture":"#0","tintindex":0},"north":{"uv":[0.0,13.75,0.75,13.75],"rotation":0,"texture":"#0","tintindex":0},"west":{"uv":[0.0,13.75,0.75,13.75],"rotation":0,"texture":"#0","tintindex":0},"up":{"uv":[0.0,13.75,0.75,14.5],"rotation":0,"texture":"#0","tintindex":0},"down":{"uv":[0.0,14.5,0.75,13.75],"rotation":0,"texture":"#0","tintindex":0}}},{"from":[5.3214283,8.710081,5.241663],"to":[10.678572,8.710081,10.598806],"rotation":{"angle":0.0,"axis":"y","origin":[8.0,20.317225,8.098806]},"faces":{"east":{"uv":[0.0,13.75,0.75,13.75],"rotation":0,"texture":"#0","tintindex":0},"south":{"uv":[0.0,13.75,0.75,13.75],"rotation":0,"texture":"#0","tintindex":0},"north":{"uv":[0.0,13.75,0.75,13.75],"rotation":0,"texture":"#0","tintindex":0},"west":{"uv":[0.0,13.75,0.75,13.75],"rotation":0,"texture":"#0","tintindex":0},"up":{"uv":[0.0,13.75,0.75,14.5],"rotation":0,"texture":"#0","tintindex":0},"down":{"uv":[0.0,14.5,0.75,13.75],"rotation":0,"texture":"#0","tintindex":0}}},{"from":[5.3214283,10.495795,5.241663],"to":[10.678572,10.495795,10.598806],"rotation":{"angle":0.0,"axis":"y","origin":[8.0,20.317225,8.098806]},"faces":{"east":{"uv":[0.0,13.75,0.75,13.75],"rotation":0,"texture":"#0","tintindex":0},"south":{"uv":[0.0,13.75,0.75,13.75],"rotation":0,"texture":"#0","tintindex":0},"north":{"uv":[0.0,13.75,0.75,13.75],"rotation":0,"texture":"#0","tintindex":0},"west":{"uv":[0.0,13.75,0.75,13.75],"rotation":0,"texture":"#0","tintindex":0},"up":{"uv":[0.0,13.75,0.75,14.5],"rotation":0,"texture":"#0","tintindex":0},"down":{"uv":[0.0,14.5,0.75,13.75],"rotation":0,"texture":"#0","tintindex":0}}},{"from":[5.3214283,-2.0042057,5.241663],"to":[10.678572,-2.0042057,10.598806],"rotation":{"angle":0.0,"axis":"y","origin":[8.0,20.317225,8.098806]},"faces":{"east":{"uv":[0.0,13.75,0.75,13.75],"rotation":0,"texture":"#0","tintindex":0},"south":{"uv":[0.0,13.75,0.75,13.75],"rotation":0,"texture":"#0","tintindex":0},"north":{"uv":[0.0,13.75,0.75,13.75],"rotation":0,"texture":"#0","tintindex":0},"west":{"uv":[0.0,13.75,0.75,13.75],"rotation":0,"texture":"#0","tintindex":0},"up":{"uv":[0.0,13.75,0.75,14.5],"rotation":0,"texture":"#0","tintindex":0},"down":{"uv":[0.0,14.5,0.75,13.75],"rotation":0,"texture":"#0","tintindex":0}}},{"from":[5.3214283,-0.2184906,5.241663],"to":[10.678572,-0.2184906,10.598806],"rotation":{"angle":0.0,"axis":"y","origin":[8.0,20.317225,8.098806]},"faces":{"east":{"uv":[0.0,13.75,0.75,13.75],"rotation":0,"texture":"#0","tintindex":0},"south":{"uv":[0.0,13.75,0.75,13.75],"rotation":0,"texture":"#0","tintindex":0},"north":{"uv":[0.0,13.75,0.75,13.75],"rotation":0,"texture":"#0","tintindex":0},"west":{"uv":[0.0,13.75,0.75,13.75],"rotation":0,"texture":"#0","tintindex":0},"up":{"uv":[0.0,13.75,0.75,14.5],"rotation":0,"texture":"#0","tintindex":0},"down":{"uv":[0.0,14.5,0.75,13.75],"rotation":0,"texture":"#0","tintindex":0}}},{"from":[5.3214283,-5.575634,5.241663],"to":[10.678572,-5.575634,10.598806],"rotation":{"angle":0.0,"axis":"y","origin":[8.0,20.317225,8.098806]},"faces":{"east":{"uv":[0.0,13.75,0.75,13.75],"rotation":0,"texture":"#0","tintindex":0},"south":{"uv":[0.0,13.75,0.75,13.75],"rotation":0,"texture":"#0","tintindex":0},"north":{"uv":[0.0,13.75,0.75,13.75],"rotation":0,"texture":"#0","tintindex":0},"west":{"uv":[0.0,13.75,0.75,13.75],"rotation":0,"texture":"#0","tintindex":0},"up":{"uv":[0.0,13.75,0.75,14.5],"rotation":0,"texture":"#0","tintindex":0},"down":{"uv":[0.0,14.5,0.75,13.75],"rotation":0,"texture":"#0","tintindex":0}}},{"from":[5.3214283,-3.7899199,5.241663],"to":[10.678572,-3.7899199,10.598806],"rotation":{"angle":0.0,"axis":"y","origin":[8.0,20.317225,8.098806]},"faces":{"east":{"uv":[0.0,13.75,0.75,13.75],"rotation":0,"texture":"#0","tintindex":0},"south":{"uv":[0.0,13.75,0.75,13.75],"rotation":0,"texture":"#0","tintindex":0},"north":{"uv":[0.0,13.75,0.75,13.75],"rotation":0,"texture":"#0","tintindex":0},"west":{"uv":[0.0,13.75,0.75,13.75],"rotation":0,"texture":"#0","tintindex":0},"up":{"uv":[0.0,13.75,0.75,14.5],"rotation":0,"texture":"#0","tintindex":0},"down":{"uv":[0.0,14.5,0.75,13.75],"rotation":0,"texture":"#0","tintindex":0}}},{"from":[5.3214283,1.5672235,5.241663],"to":[10.678572,1.5672235,10.598806],"rotation":{"angle":0.0,"axis":"y","origin":[8.0,20.317225,8.098806]},"faces":{"east":{"uv":[0.0,13.75,0.75,13.75],"rotation":0,"texture":"#0","tintindex":0},"south":{"uv":[0.0,13.75,0.75,13.75],"rotation":0,"texture":"#0","tintindex":0},"north":{"uv":[0.0,13.75,0.75,13.75],"rotation":0,"texture":"#0","tintindex":0},"west":{"uv":[0.0,13.75,0.75,13.75],"rotation":0,"texture":"#0","tintindex":0},"up":{"uv":[0.0,13.75,0.75,14.5],"rotation":0,"texture":"#0","tintindex":0},"down":{"uv":[0.0,14.5,0.75,13.75],"rotation":0,"texture":"#0","tintindex":0}}},{"from":[5.3214283,3.3529377,5.241663],"to":[10.678572,3.3529377,10.598806],"rotation":{"angle":0.0,"axis":"y","origin":[8.0,20.317225,8.098806]},"faces":{"east":{"uv":[0.0,13.75,0.75,13.75],"rotation":0,"texture":"#0","tintindex":0},"south":{"uv":[0.0,13.75,0.75,13.75],"rotation":0,"texture":"#0","tintindex":0},"north":{"uv":[0.0,13.75,0.75,13.75],"rotation":0,"texture":"#0","tintindex":0},"west":{"uv":[0.0,13.75,0.75,13.75],"rotation":0,"texture":"#0","tintindex":0},"up":{"uv":[0.0,13.75,0.75,14.5],"rotation":0,"texture":"#0","tintindex":0},"down":{"uv":[0.0,14.5,0.75,13.75],"rotation":0,"texture":"#0","tintindex":0}}}],"display":{"head":{"translation":[0.0,-6.4,0.0],"scale":[4.0,4.0,4.0]}}}