{"textures":{"0":"minecraft:modelengine/entity/gem_type_drill_4"},"elements":[{"from":[8.207838,7.495329,6.4516044],"to":[10.439981,8.298901,12.701605],"rotation":{"angle":0.0,"axis":"y","origin":[9.100695,7.9417577,9.576605]},"faces":{"east":{"uv":[6.75,3.875,7.625,4.0],"rotation":0,"texture":"#0","tintindex":0},"south":{"uv":[3.25,8.25,3.5625,8.375],"rotation":0,"texture":"#0","tintindex":0},"north":{"uv":[8.25,3.125,8.5625,3.25],"rotation":0,"texture":"#0","tintindex":0},"west":{"uv":[6.75,4.0,7.625,4.125],"rotation":0,"texture":"#0","tintindex":0},"up":{"uv":[0.3125,6.125,0.0,5.25],"rotation":0,"texture":"#0","tintindex":0},"down":{"uv":[5.5625,1.5,5.25,2.375],"rotation":0,"texture":"#0","tintindex":0}}},{"from":[7.984624,8.120329,6.22839],"to":[10.663196,9.727472,12.924819],"rotation":{"angle":0.0,"axis":"y","origin":[9.100695,7.9417577,9.576605]},"faces":{"east":{"uv":[5.375,0.5,6.3125,0.75],"rotation":0,"texture":"#0","tintindex":0},"south":{"uv":[7.625,0.75,8.0,1.0],"rotation":0,"texture":"#0","tintindex":0},"north":{"uv":[7.5,1.375,7.875,1.625],"rotation":0,"texture":"#0","tintindex":0},"west":{"uv":[5.5,4.125,6.4375,4.375],"rotation":0,"texture":"#0","tintindex":0},"up":{"uv":[2.75,4.8125,2.375,3.875],"rotation":0,"texture":"#0","tintindex":0},"down":{"uv":[4.25,4.375,3.875,5.3125],"rotation":0,"texture":"#0","tintindex":0}}},{"from":[8.006945,8.384997,8.906961],"to":[10.640874,9.794436,12.977465],"rotation":{"angle":-22.5,"axis":"x","origin":[9.100695,8.923901,9.576605]},"faces":{"east":{"uv":[6.875,3.125,7.4375,3.3125],"rotation":0,"texture":"#0","tintindex":0},"south":{"uv":[7.875,4.625,8.25,4.8125],"rotation":0,"texture":"#0","tintindex":0},"north":{"uv":[7.875,4.375,8.25,4.5625],"rotation":0,"texture":"#0","tintindex":0},"west":{"uv":[7.0,0.0,7.5625,0.1875],"rotation":0,"texture":"#0","tintindex":0},"up":{"uv":[6.125,5.4375,5.75,4.875],"rotation":0,"texture":"#0","tintindex":0},"down":{"uv":[6.25,0.75,5.875,1.3125],"rotation":0,"texture":"#0","tintindex":0}}},{"from":[8.364088,8.728527,6.5454464],"to":[10.283731,10.048679,10.7052355],"rotation":{"angle":0.0,"axis":"y","origin":[9.100695,9.433246,8.402126]},"faces":{"east":{"uv":[4.125,7.0,4.6875,7.1875],"rotation":0,"texture":"#0","tintindex":0},"south":{"uv":[5.25,8.0,5.5,8.1875],"rotation":0,"texture":"#0","tintindex":0},"north":{"uv":[6.25,2.0,6.5,2.1875],"rotation":0,"texture":"#0","tintindex":0},"west":{"uv":[7.0,4.875,7.5625,5.0625],"rotation":0,"texture":"#0","tintindex":0},"up":{"uv":[6.125,6.9375,5.875,6.375],"rotation":0,"texture":"#0","tintindex":0},"down":{"uv":[6.75,2.0,6.5,2.5625],"rotation":0,"texture":"#0","tintindex":0}}},{"from":[8.431052,7.763186,3.8623185],"to":[10.216766,9.548901,6.7194614],"rotation":{"angle":-22.5,"axis":"x","origin":[9.32391,9.147115,6.362319]},"faces":{"east":{"uv":[4.125,7.625,4.5,7.875],"rotation":0,"texture":"#0","tintindex":0},"south":{"uv":[5.5,4.875,5.75,5.125],"rotation":0,"texture":"#0","tintindex":0},"north":{"uv":[2.0,5.25,2.25,5.5],"rotation":0,"texture":"#0","tintindex":0},"west":{"uv":[7.625,4.125,8.0,4.375],"rotation":0,"texture":"#0","tintindex":0},"up":{"uv":[4.75,8.0,4.5,7.625],"rotation":0,"texture":"#0","tintindex":0},"down":{"uv":[7.875,4.75,7.625,5.125],"rotation":0,"texture":"#0","tintindex":0}}},{"from":[8.5649805,7.2119775,3.082694],"to":[10.082838,8.640549,4.221087],"rotation":{"angle":-45.0,"axis":"x","origin":[9.32391,8.283406,4.3103724]},"faces":{"east":{"uv":[8.375,2.125,8.5625,2.3125],"rotation":0,"texture":"#0","tintindex":0},"south":{"uv":[8.375,2.375,8.5625,2.5625],"rotation":0,"texture":"#0","tintindex":0},"north":{"uv":[8.375,1.875,8.5625,2.0625],"rotation":0,"texture":"#0","tintindex":0},"west":{"uv":[8.375,2.625,8.5625,2.8125],"rotation":0,"texture":"#0","tintindex":0},"up":{"uv":[8.5625,3.0625,8.375,2.875],"rotation":0,"texture":"#0","tintindex":0},"down":{"uv":[3.3125,8.375,3.125,8.5625],"rotation":0,"texture":"#0","tintindex":0}}},{"from":[7.270338,7.658406,4.131801],"to":[8.163195,8.461977,7.5246587],"rotation":{"angle":22.5,"axis":"y","origin":[7.270338,8.283406,5.5603724]},"faces":{"east":{"uv":[4.0,3.625,4.5,3.75],"rotation":0,"texture":"#0","tintindex":0},"south":{"uv":[7.0,0.25,7.125,0.375],"rotation":0,"texture":"#0","tintindex":0},"north":{"uv":[1.0,6.125,1.125,6.25],"rotation":0,"texture":"#0","tintindex":0},"west":{"uv":[4.75,0.625,5.25,0.75],"rotation":0,"texture":"#0","tintindex":0},"up":{"uv":[2.625,7.875,2.5,7.375],"rotation":0,"texture":"#0","tintindex":0},"down":{"uv":[5.625,7.5,5.5,8.0],"rotation":0,"texture":"#0","tintindex":0}}},{"from":[6.624574,6.8101916,3.1816425],"to":[7.3611813,8.484299,3.7173567],"rotation":{"angle":22.5,"axis":"x","origin":[7.0486813,8.060192,3.3155713]},"faces":{"east":{"uv":[3.75,8.625,3.8125,8.875],"rotation":0,"texture":"#0","tintindex":0},"south":{"uv":[2.75,3.5,2.875,3.75],"rotation":0,"texture":"#0","tintindex":0},"north":{"uv":[3.375,1.75,3.5,2.0],"rotation":0,"texture":"#0","tintindex":0},"west":{"uv":[3.875,8.625,3.9375,8.875],"rotation":0,"texture":"#0","tintindex":0},"up":{"uv":[8.75,7.1875,8.625,7.125],"rotation":0,"texture":"#0","tintindex":0},"down":{"uv":[7.375,8.625,7.25,8.6875],"rotation":0,"texture":"#0","tintindex":0}}},{"from":[7.4489093,7.8369775,3.5737653],"to":[7.984624,8.283406,4.131801],"rotation":{"angle":22.5,"axis":"y","origin":[7.270338,8.283406,5.5603724]},"faces":{"east":{"uv":[0.75,8.75,0.8125,8.8125],"rotation":0,"texture":"#0","tintindex":0},"south":{"uv":[8.75,0.75,8.8125,0.8125],"rotation":0,"texture":"#0","tintindex":0},"north":{"uv":[8.75,0.625,8.8125,0.6875],"rotation":0,"texture":"#0","tintindex":0},"west":{"uv":[0.875,8.75,0.9375,8.8125],"rotation":0,"texture":"#0","tintindex":0},"up":{"uv":[8.8125,0.9375,8.75,0.875],"rotation":0,"texture":"#0","tintindex":0},"down":{"uv":[1.0625,8.75,1.0,8.8125],"rotation":0,"texture":"#0","tintindex":0}}},{"from":[6.535289,5.6705885,2.6942148],"to":[7.450467,7.0991597,3.430822],"rotation":{"angle":0.0,"axis":"y","origin":[6.992878,6.5188026,3.0067148]},"faces":{"east":{"uv":[6.875,8.5,7.0,8.6875],"rotation":0,"texture":"#0","tintindex":0},"south":{"uv":[7.5,8.5,7.625,8.6875],"rotation":0,"texture":"#0","tintindex":0},"north":{"uv":[6.75,8.5,6.875,8.6875],"rotation":0,"texture":"#0","tintindex":0},"west":{"uv":[7.625,8.5,7.75,8.6875],"rotation":0,"texture":"#0","tintindex":0},"up":{"uv":[7.625,4.875,7.5,4.75],"rotation":0,"texture":"#0","tintindex":0},"down":{"uv":[7.875,3.625,7.75,3.75],"rotation":0,"texture":"#0","tintindex":0}}},{"from":[11.063423,5.6705885,2.6942148],"to":[11.978601,7.0991597,3.430822],"rotation":{"angle":0.0,"axis":"y","origin":[11.521012,6.5188026,3.0067148]},"faces":{"east":{"uv":[8.625,0.875,8.75,1.0625],"rotation":0,"texture":"#0","tintindex":0},"south":{"uv":[1.125,8.625,1.25,8.8125],"rotation":0,"texture":"#0","tintindex":0},"north":{"uv":[8.625,0.5,8.75,0.6875],"rotation":0,"texture":"#0","tintindex":0},"west":{"uv":[8.625,1.125,8.75,1.3125],"rotation":0,"texture":"#0","tintindex":0},"up":{"uv":[7.5,7.875,7.375,7.75],"rotation":0,"texture":"#0","tintindex":0},"down":{"uv":[4.125,8.625,4.0,8.75],"rotation":0,"texture":"#0","tintindex":0}}},{"from":[11.152709,6.8101916,3.1816425],"to":[11.889316,8.484299,3.7173567],"rotation":{"angle":22.5,"axis":"x","origin":[11.465209,8.060192,3.3155713]},"faces":{"east":{"uv":[8.625,4.0,8.6875,4.25],"rotation":0,"texture":"#0","tintindex":0},"south":{"uv":[3.75,5.125,3.875,5.375],"rotation":0,"texture":"#0","tintindex":0},"north":{"uv":[4.5,4.125,4.625,4.375],"rotation":0,"texture":"#0","tintindex":0},"west":{"uv":[4.125,8.625,4.1875,8.875],"rotation":0,"texture":"#0","tintindex":0},"up":{"uv":[8.75,7.3125,8.625,7.25],"rotation":0,"texture":"#0","tintindex":0},"down":{"uv":[7.5,8.625,7.375,8.6875],"rotation":0,"texture":"#0","tintindex":0}}},{"from":[10.529266,7.8369775,3.5737653],"to":[11.064981,8.283406,4.131801],"rotation":{"angle":-22.5,"axis":"y","origin":[11.243552,8.283406,5.5603724]},"faces":{"east":{"uv":[8.75,1.125,8.8125,1.1875],"rotation":0,"texture":"#0","tintindex":0},"south":{"uv":[8.75,1.25,8.8125,1.3125],"rotation":0,"texture":"#0","tintindex":0},"north":{"uv":[8.75,1.0,8.8125,1.0625],"rotation":0,"texture":"#0","tintindex":0},"west":{"uv":[8.75,1.375,8.8125,1.4375],"rotation":0,"texture":"#0","tintindex":0},"up":{"uv":[1.5625,8.8125,1.5,8.75],"rotation":0,"texture":"#0","tintindex":0},"down":{"uv":[1.6875,8.75,1.625,8.8125],"rotation":0,"texture":"#0","tintindex":0}}},{"from":[10.350696,7.658406,4.131801],"to":[11.243552,8.461977,7.5246587],"rotation":{"angle":-22.5,"axis":"y","origin":[11.243552,8.283406,5.5603724]},"faces":{"east":{"uv":[4.75,1.625,5.25,1.75],"rotation":0,"texture":"#0","tintindex":0},"south":{"uv":[8.625,4.25,8.75,4.375],"rotation":0,"texture":"#0","tintindex":0},"north":{"uv":[4.25,8.625,4.375,8.75],"rotation":0,"texture":"#0","tintindex":0},"west":{"uv":[2.625,5.5,3.125,5.625],"rotation":0,"texture":"#0","tintindex":0},"up":{"uv":[1.875,8.375,1.75,7.875],"rotation":0,"texture":"#0","tintindex":0},"down":{"uv":[2.625,7.875,2.5,8.375],"rotation":0,"texture":"#0","tintindex":0}}},{"from":[2.7471833,5.9517765,13.943414],"to":[4.4757547,9.138384,15.298771],"rotation":{"angle":-22.5,"axis":"z","origin":[3.7007551,7.3776693,14.621092]},"faces":{"east":{"uv":[7.125,7.75,7.3125,8.1875],"rotation":0,"texture":"#0","tintindex":0},"south":{"uv":[6.875,0.875,7.125,1.3125],"rotation":0,"texture":"#0","tintindex":0},"north":{"uv":[6.875,0.375,7.125,0.8125],"rotation":0,"texture":"#0","tintindex":0},"west":{"uv":[7.875,1.0,8.0625,1.4375],"rotation":0,"texture":"#0","tintindex":0},"up":{"uv":[8.25,7.8125,8.0,7.625],"rotation":0,"texture":"#0","tintindex":0},"down":{"uv":[8.375,1.0,8.125,1.1875],"rotation":0,"texture":"#0","tintindex":0}}},{"from":[4.4312134,7.906682,8.225523],"to":[5.416928,8.72811,15.078202],"rotation":{"angle":-45.0,"axis":"y","origin":[5.1569405,6.7761045,13.196307]},"faces":{"east":{"uv":[6.5,1.5,7.4375,1.625],"rotation":0,"texture":"#0","tintindex":0},"south":{"uv":[4.5,8.625,4.625,8.75],"rotation":0,"texture":"#0","tintindex":0},"north":{"uv":[8.625,4.375,8.75,4.5],"rotation":0,"texture":"#0","tintindex":0},"west":{"uv":[6.5,4.5,7.4375,4.625],"rotation":0,"texture":"#0","tintindex":0},"up":{"uv":[3.25,6.9375,3.125,6.0],"rotation":0,"texture":"#0","tintindex":0},"down":{"uv":[2.0,6.125,1.875,7.0625],"rotation":0,"texture":"#0","tintindex":0}}},{"from":[4.7886124,7.5557895,11.934024],"to":[7.7502193,9.079003,13.018846],"rotation":{"angle":22.5,"axis":"y","origin":[6.2741475,8.317396,12.200352]},"faces":{"east":{"uv":[1.25,8.625,1.375,8.8125],"rotation":0,"texture":"#0","tintindex":0},"south":{"uv":[7.875,1.875,8.3125,2.0625],"rotation":0,"texture":"#0","tintindex":0},"north":{"uv":[7.75,3.375,8.1875,3.5625],"rotation":0,"texture":"#0","tintindex":0},"west":{"uv":[1.375,8.625,1.5,8.8125],"rotation":0,"texture":"#0","tintindex":0},"up":{"uv":[8.4375,0.875,8.0,0.75],"rotation":0,"texture":"#0","tintindex":0},"down":{"uv":[8.4375,0.875,8.0,1.0],"rotation":0,"texture":"#0","tintindex":0}}},{"from":[2.6578975,9.138384,13.854128],"to":[4.5650406,10.03124,15.388056],"rotation":{"angle":-22.5,"axis":"z","origin":[3.7007551,7.3776693,14.621092]},"faces":{"east":{"uv":[1.5,8.625,1.6875,8.75],"rotation":0,"texture":"#0","tintindex":0},"south":{"uv":[7.25,1.0,7.5,1.125],"rotation":0,"texture":"#0","tintindex":0},"north":{"uv":[6.875,1.375,7.125,1.5],"rotation":0,"texture":"#0","tintindex":0},"west":{"uv":[8.625,1.5,8.8125,1.625],"rotation":0,"texture":"#0","tintindex":0},"up":{"uv":[8.375,1.4375,8.125,1.25],"rotation":0,"texture":"#0","tintindex":0},"down":{"uv":[8.375,2.125,8.125,2.3125],"rotation":0,"texture":"#0","tintindex":0}}},{"from":[1.912375,5.730214,13.273771],"to":[4.533804,6.4837856,15.968413],"rotation":{"angle":0.0,"axis":"y","origin":[3.669518,7.5355716,14.621092]},"faces":{"east":{"uv":[5.625,2.25,6.0,2.375],"rotation":0,"texture":"#0","tintindex":0},"south":{"uv":[5.875,1.375,6.25,1.5],"rotation":0,"texture":"#0","tintindex":0},"north":{"uv":[4.25,5.375,4.625,5.5],"rotation":0,"texture":"#0","tintindex":0},"west":{"uv":[8.0,6.0,8.375,6.125],"rotation":0,"texture":"#0","tintindex":0},"up":{"uv":[6.875,1.5,6.5,1.125],"rotation":0,"texture":"#0","tintindex":0},"down":{"uv":[4.125,6.5,3.75,6.875],"rotation":0,"texture":"#0","tintindex":0}}},{"from":[5.4596033,7.5781107,10.709767],"to":[6.5821767,9.056683,13.470888],"rotation":{"angle":-45.0,"axis":"y","origin":[6.2741475,8.317396,12.200352]},"faces":{"east":{"uv":[7.875,4.875,8.25,5.0625],"rotation":0,"texture":"#0","tintindex":0},"south":{"uv":[8.375,3.5,8.5625,3.6875],"rotation":0,"texture":"#0","tintindex":0},"north":{"uv":[3.375,8.375,3.5625,8.5625],"rotation":0,"texture":"#0","tintindex":0},"west":{"uv":[7.875,6.125,8.25,6.3125],"rotation":0,"texture":"#0","tintindex":0},"up":{"uv":[4.9375,8.25,4.75,7.875],"rotation":0,"texture":"#0","tintindex":0},"down":{"uv":[6.0625,7.875,5.875,8.25],"rotation":0,"texture":"#0","tintindex":0}}}],"display":{"head":{"translation":[0.0,-6.4,0.0],"scale":[4.0,4.0,4.0]}}}