{"textures":{"0":"minecraft:modelengine/entity/tier1_beacon"},"elements":[{"from":[8.05202,6.2723074,7.2768],"to":[9.49842,8.622707,8.7232],"rotation":{"angle":-22.5,"axis":"z","origin":[8.0,8.0,8.0]},"faces":{"east":{"uv":[5.0,10.0,5.625,11.0],"rotation":0,"texture":"#0","tintindex":0},"south":{"uv":[9.0,10.0,9.625,11.0],"rotation":0,"texture":"#0","tintindex":0},"north":{"uv":[4.25,10.0,4.875,11.0],"rotation":0,"texture":"#0","tintindex":0},"west":{"uv":[9.75,10.0,10.375,11.0],"rotation":0,"texture":"#0","tintindex":0},"up":{"uv":[4.375,6.875,3.75,6.25],"rotation":0,"texture":"#0","tintindex":0},"down":{"uv":[8.375,1.0,7.75,1.625],"rotation":0,"texture":"#0","tintindex":0}}},{"from":[7.2768,5.8304,7.2768],"to":[8.7232,10.1696,8.7232],"rotation":{"angle":0.0,"axis":"y","origin":[8.0,8.0,8.0]},"faces":{"east":{"uv":[8.5,7.75,9.125,9.625],"rotation":0,"texture":"#0","tintindex":0},"south":{"uv":[0.0,9.0,0.625,10.875],"rotation":0,"texture":"#0","tintindex":0},"north":{"uv":[6.25,8.25,6.875,10.125],"rotation":0,"texture":"#0","tintindex":0},"west":{"uv":[9.0,1.0,9.625,2.875],"rotation":0,"texture":"#0","tintindex":0},"up":{"uv":[11.875,11.125,11.25,10.5],"rotation":0,"texture":"#0","tintindex":0},"down":{"uv":[11.875,11.25,11.25,11.875],"rotation":0,"texture":"#0","tintindex":0}}},{"from":[8.05202,7.377292,7.29488],"to":[9.49842,9.727693,8.70512],"rotation":{"angle":22.5,"axis":"z","origin":[8.0,8.0,8.0]},"faces":{"east":{"uv":[2.5,10.25,3.125,11.25],"rotation":0,"texture":"#0","tintindex":0},"south":{"uv":[10.25,2.5,10.875,3.5],"rotation":0,"texture":"#0","tintindex":0},"north":{"uv":[1.75,10.25,2.375,11.25],"rotation":0,"texture":"#0","tintindex":0},"west":{"uv":[5.75,10.25,6.375,11.25],"rotation":0,"texture":"#0","tintindex":0},"up":{"uv":[12.125,0.625,11.5,0.0],"rotation":0,"texture":"#0","tintindex":0},"down":{"uv":[12.125,8.5,11.5,9.125],"rotation":0,"texture":"#0","tintindex":0}}},{"from":[6.50158,7.377292,7.29488],"to":[7.9479804,9.727693,8.70512],"rotation":{"angle":-22.5,"axis":"z","origin":[8.0,8.0,8.0]},"faces":{"east":{"uv":[6.5,10.25,7.125,11.25],"rotation":0,"texture":"#0","tintindex":0},"south":{"uv":[10.25,7.0,10.875,8.0],"rotation":0,"texture":"#0","tintindex":0},"north":{"uv":[10.25,6.0,10.875,7.0],"rotation":0,"texture":"#0","tintindex":0},"west":{"uv":[7.25,10.25,7.875,11.25],"rotation":0,"texture":"#0","tintindex":0},"up":{"uv":[12.125,9.875,11.5,9.25],"rotation":0,"texture":"#0","tintindex":0},"down":{"uv":[1.375,11.75,0.75,12.375],"rotation":0,"texture":"#0","tintindex":0}}},{"from":[6.50158,6.2723074,7.2768],"to":[7.9479804,8.622707,8.7232],"rotation":{"angle":22.5,"axis":"z","origin":[8.0,8.0,8.0]},"faces":{"east":{"uv":[10.75,0.0,11.375,1.0],"rotation":0,"texture":"#0","tintindex":0},"south":{"uv":[0.75,10.75,1.375,11.75],"rotation":0,"texture":"#0","tintindex":0},"north":{"uv":[10.5,10.0,11.125,11.0],"rotation":0,"texture":"#0","tintindex":0},"west":{"uv":[0.0,11.0,0.625,12.0],"rotation":0,"texture":"#0","tintindex":0},"up":{"uv":[12.375,3.125,11.75,2.5],"rotation":0,"texture":"#0","tintindex":0},"down":{"uv":[12.375,3.25,11.75,3.875],"rotation":0,"texture":"#0","tintindex":0}}},{"from":[7.2768,6.2723074,8.05202],"to":[8.7232,8.622707,9.49842],"rotation":{"angle":22.5,"axis":"x","origin":[8.0,8.0,8.0]},"faces":{"east":{"uv":[4.25,11.0,4.875,12.0],"rotation":0,"texture":"#0","tintindex":0},"south":{"uv":[5.0,11.0,5.625,12.0],"rotation":0,"texture":"#0","tintindex":0},"north":{"uv":[11.0,2.5,11.625,3.5],"rotation":0,"texture":"#0","tintindex":0},"west":{"uv":[11.0,6.0,11.625,7.0],"rotation":0,"texture":"#0","tintindex":0},"up":{"uv":[12.375,4.625,11.75,4.0],"rotation":0,"texture":"#0","tintindex":0},"down":{"uv":[12.375,4.75,11.75,5.375],"rotation":0,"texture":"#0","tintindex":0}}},{"from":[7.29488,7.377292,8.05202],"to":[8.70512,9.727693,9.49842],"rotation":{"angle":-22.5,"axis":"x","origin":[8.0,8.0,8.0]},"faces":{"east":{"uv":[9.0,11.0,9.625,12.0],"rotation":0,"texture":"#0","tintindex":0},"south":{"uv":[9.75,11.0,10.375,12.0],"rotation":0,"texture":"#0","tintindex":0},"north":{"uv":[11.0,7.0,11.625,8.0],"rotation":0,"texture":"#0","tintindex":0},"west":{"uv":[10.5,11.0,11.125,12.0],"rotation":0,"texture":"#0","tintindex":0},"up":{"uv":[12.375,6.125,11.75,5.5],"rotation":0,"texture":"#0","tintindex":0},"down":{"uv":[12.375,6.25,11.75,6.875],"rotation":0,"texture":"#0","tintindex":0}}},{"from":[7.29488,7.377292,6.50158],"to":[8.70512,9.727693,7.9479804],"rotation":{"angle":22.5,"axis":"x","origin":[8.0,8.0,8.0]},"faces":{"east":{"uv":[1.5,11.25,2.125,12.25],"rotation":0,"texture":"#0","tintindex":0},"south":{"uv":[2.25,11.25,2.875,12.25],"rotation":0,"texture":"#0","tintindex":0},"north":{"uv":[11.25,1.0,11.875,2.0],"rotation":0,"texture":"#0","tintindex":0},"west":{"uv":[3.0,11.25,3.625,12.25],"rotation":0,"texture":"#0","tintindex":0},"up":{"uv":[12.375,7.625,11.75,7.0],"rotation":0,"texture":"#0","tintindex":0},"down":{"uv":[12.375,7.75,11.75,8.375],"rotation":0,"texture":"#0","tintindex":0}}},{"from":[7.2768,6.2723074,6.50158],"to":[8.7232,8.622707,7.9479804],"rotation":{"angle":-22.5,"axis":"x","origin":[8.0,8.0,8.0]},"faces":{"east":{"uv":[6.5,11.25,7.125,12.25],"rotation":0,"texture":"#0","tintindex":0},"south":{"uv":[7.25,11.25,7.875,12.25],"rotation":0,"texture":"#0","tintindex":0},"north":{"uv":[5.75,11.25,6.375,12.25],"rotation":0,"texture":"#0","tintindex":0},"west":{"uv":[8.0,11.25,8.625,12.25],"rotation":0,"texture":"#0","tintindex":0},"up":{"uv":[0.625,12.625,0.0,12.0],"rotation":0,"texture":"#0","tintindex":0},"down":{"uv":[12.625,0.75,12.0,1.375],"rotation":0,"texture":"#0","tintindex":0}}},{"from":[9.022759,9.022759,7.2768],"to":[10.045519,10.045519,8.7232],"rotation":{"angle":45.0,"axis":"z","origin":[8.0,8.0,8.0]},"faces":{"east":{"uv":[12.0,1.5,12.625,2.0],"rotation":0,"texture":"#0","tintindex":0},"south":{"uv":[12.25,0.0,12.75,0.5],"rotation":0,"texture":"#0","tintindex":0},"north":{"uv":[3.75,11.5,4.25,12.0],"rotation":0,"texture":"#0","tintindex":0},"west":{"uv":[3.75,12.0,4.375,12.5],"rotation":0,"texture":"#0","tintindex":0},"up":{"uv":[6.0,7.625,5.5,7.0],"rotation":0,"texture":"#0","tintindex":0},"down":{"uv":[1.75,7.75,1.25,8.375],"rotation":0,"texture":"#0","tintindex":0}}},{"from":[5.954481,5.954481,7.2768],"to":[6.9772406,6.9772406,8.7232],"rotation":{"angle":45.0,"axis":"z","origin":[8.0,8.0,8.0]},"faces":{"east":{"uv":[4.5,12.0,5.125,12.5],"rotation":0,"texture":"#0","tintindex":0},"south":{"uv":[2.0,12.25,2.5,12.75],"rotation":0,"texture":"#0","tintindex":0},"north":{"uv":[1.5,12.25,2.0,12.75],"rotation":0,"texture":"#0","tintindex":0},"west":{"uv":[8.75,12.0,9.375,12.5],"rotation":0,"texture":"#0","tintindex":0},"up":{"uv":[9.0,1.625,8.5,1.0],"rotation":0,"texture":"#0","tintindex":0},"down":{"uv":[1.25,9.0,0.75,9.625],"rotation":0,"texture":"#0","tintindex":0}}}],"display":{"head":{"translation":[0.0,-6.4,0.0],"scale":[4.0,4.0,4.0]}}}