{
  "providers": [

    {"ascent":-32768,"chars":["⺀"],"file":"minecraft:emeraldprison/ui/pixel_split.png","height":-1,"type":"bitmap"},
    {"ascent":-32768,"chars":["⺁"],"file":"minecraft:emeraldprison/ui/pixel_split.png","height":-2,"type":"bitmap"},
    {"ascent":-32768,"chars":["⺂"],"file":"minecraft:emeraldprison/ui/pixel_split.png","height":-3,"type":"bitmap"},
    {"ascent":-32768,"chars":["⺃"],"file":"minecraft:emeraldprison/ui/pixel_split.png","height":-5,"type":"bitmap"},
    {"ascent":-32768,"chars":["⺄"],"file":"minecraft:emeraldprison/ui/pixel_split.png","height":-6,"type":"bitmap"},
    {"ascent":-32768,"chars":["⺅"],"file":"minecraft:emeraldprison/ui/pixel_split.png","height":-7,"type":"bitmap"},
    {"ascent":-32768,"chars":["⺆"],"file":"minecraft:emeraldprison/ui/pixel_split.png","height":-8,"type":"bitmap"},
    {"ascent":-32768,"chars":["⺇"],"file":"minecraft:emeraldprison/ui/pixel_split.png","height":-9,"type":"bitmap"},
    {"ascent":-32768,"chars":["⺈"],"file":"minecraft:emeraldprison/ui/pixel_split.png","height":-10,"type":"bitmap"},
    {"ascent":-32768,"chars":["⺉"],"file":"minecraft:emeraldprison/ui/pixel_split.png","height":-14,"type":"bitmap"},
    {"ascent":-32768,"chars":["⺊"],"file":"minecraft:emeraldprison/ui/pixel_split.png","height":-15,"type":"bitmap"},
    {"ascent":-32768,"chars":["⺋"],"file":"minecraft:emeraldprison/ui/pixel_split.png","height":-34,"type":"bitmap"},
    {"ascent":-32768,"chars":["⺌"],"file":"minecraft:emeraldprison/ui/pixel_split.png","height":-89,"type":"bitmap"},
    {"ascent":-32768,"chars":["⺍"],"file":"minecraft:emeraldprison/ui/pixel_split.png","height":-130,"type":"bitmap"},
    {"ascent":-32768,"chars":["⺎"],"file":"minecraft:emeraldprison/ui/pixel_split.png","height":-258,"type":"bitmap"},
    {"ascent":-32768,"chars":["⺏"],"file":"minecraft:emeraldprison/ui/pixel_split.png","height":-514,"type":"bitmap"},
    {"ascent":-32768,"chars":["⺐"],"file":"minecraft:emeraldprison/ui/pixel_split.png","height":-1026,"type":"bitmap"},
    {"ascent":-32770,"chars":["⺑"],"file":"minecraft:emeraldprison/ui/pixel_split.png","height":-32770,"type":"bitmap"},
    {"ascent":-32768,"chars":["⺒"],"file":"minecraft:emeraldprison/ui/pixel_split.png","height":0,"type":"bitmap"},
    {"ascent":-32768,"chars":["⺓"],"file":"minecraft:emeraldprison/ui/pixel_split.png","height":1,"type":"bitmap"},
    {"ascent":-32768,"chars":["⺔"],"file":"minecraft:emeraldprison/ui/pixel_split.png","height":2,"type":"bitmap"},
    {"ascent":-32768,"chars":["⺕"],"file":"minecraft:emeraldprison/ui/pixel_split.png","height":3,"type":"bitmap"},
    {"ascent":-32768,"chars":["⺖"],"file":"minecraft:emeraldprison/ui/pixel_split.png","height":4,"type":"bitmap"},
    {"ascent":-32768,"chars":["⺗"],"file":"minecraft:emeraldprison/ui/pixel_split.png","height":5,"type":"bitmap"},
    {"ascent":-32768,"chars":["⺘"],"file":"minecraft:emeraldprison/ui/pixel_split.png","height":6,"type":"bitmap"},
    {"ascent":-32768,"chars":["⺙"],"file":"minecraft:emeraldprison/ui/pixel_split.png","height":7,"type":"bitmap"},
    {"ascent":-32768,"chars":["⺛"],"file":"minecraft:emeraldprison/ui/pixel_split.png","height":15,"type":"bitmap"},
    {"ascent":-32768,"chars":["⺜"],"file":"minecraft:emeraldprison/ui/pixel_split.png","height":31,"type":"bitmap"},
    {"ascent":-32768,"chars":["⺝"],"file":"minecraft:emeraldprison/ui/pixel_split.png","height":63,"type":"bitmap"},
    {"ascent":-32768,"chars":["⺞"],"file":"minecraft:emeraldprison/ui/pixel_split.png","height":127,"type":"bitmap"},
    {"ascent":-32768,"chars":["⺟"],"file":"minecraft:emeraldprison/ui/pixel_split.png","height":255,"type":"bitmap"},
    {"ascent":-32768,"chars":["⺠"],"file":"minecraft:emeraldprison/ui/pixel_split.png","height":511,"type":"bitmap"},
    {"ascent":-32768,"chars":["⺡"],"file":"minecraft:emeraldprison/ui/pixel_split.png","height":1023,"type":"bitmap"},
    {"ascent":-32768,"chars":["⺢"],"file":"minecraft:emeraldprison/ui/pixel_split.png","height":32767,"type":"bitmap"},
    {"ascent":-32768,"chars":["⺣"],"file":"minecraft:emeraldprison/ui/pixel_nosplit.png","height":-3,"type":"bitmap"},
    {"ascent":-32768,"chars":["⺤"],"file":"minecraft:emeraldprison/ui/pixel_nosplit.png","height":-4,"type":"bitmap"},
    {"ascent":-32768,"chars":["⺥"],"file":"minecraft:emeraldprison/ui/pixel_nosplit.png","height":-5,"type":"bitmap"},
    {"ascent":-32768,"chars":["⺦"],"file":"minecraft:emeraldprison/ui/pixel_nosplit.png","height":-6,"type":"bitmap"},
    {"ascent":-32768,"chars":["⺧"],"file":"minecraft:emeraldprison/ui/pixel_nosplit.png","height":-7,"type":"bitmap"},
    {"ascent":-32768,"chars":["⺨"],"file":"minecraft:emeraldprison/ui/pixel_nosplit.png","height":-8,"type":"bitmap"},
    {"ascent":-32768,"chars":["⺩"],"file":"minecraft:emeraldprison/ui/pixel_nosplit.png","height":-9,"type":"bitmap"},
    {"ascent":-32768,"chars":["⺪"],"file":"minecraft:emeraldprison/ui/pixel_nosplit.png","height":-10,"type":"bitmap"},
    {"ascent":-32768,"chars":["⺫"],"file":"minecraft:emeraldprison/ui/pixel_nosplit.png","height":-16,"type":"bitmap"},
    {"ascent":-32768,"chars":["⺬"],"file":"minecraft:emeraldprison/ui/pixel_nosplit.png","height":-34,"type":"bitmap"},
    {"ascent":-32768,"chars":["⺭"],"file":"minecraft:emeraldprison/ui/pixel_nosplit.png","height":-66,"type":"bitmap"},
    {"ascent":-32768,"chars":["⺮"],"file":"minecraft:emeraldprison/ui/pixel_nosplit.png","height":-130,"type":"bitmap"},
    {"ascent":-32768,"chars":["⺯"],"file":"minecraft:emeraldprison/ui/pixel_nosplit.png","height":-258,"type":"bitmap"},
    {"ascent":-32768,"chars":["⺰"],"file":"minecraft:emeraldprison/ui/pixel_nosplit.png","height":-514,"type":"bitmap"},
    {"ascent":-32768,"chars":["⺱"],"file":"minecraft:emeraldprison/ui/pixel_nosplit.png","height":-1026,"type":"bitmap"},
    {"ascent":-32768,"chars":["⺲"],"file":"minecraft:emeraldprison/ui/pixel_nosplit.png","height":0,"type":"bitmap"},
    {"ascent":-32768,"chars":["⺳"],"file":"minecraft:emeraldprison/ui/pixel_nosplit.png","height":1,"type":"bitmap"},
    {"ascent":-32768,"chars":["⺴"],"file":"minecraft:emeraldprison/ui/pixel_nosplit.png","height":2,"type":"bitmap"},
    {"ascent":-32768,"chars":["⺵"],"file":"minecraft:emeraldprison/ui/pixel_nosplit.png","height":3,"type":"bitmap"},
    {"ascent":-32768,"chars":["⺶"],"file":"minecraft:emeraldprison/ui/pixel_nosplit.png","height":4,"type":"bitmap"},
    {"ascent":-32768,"chars":["⺷"],"file":"minecraft:emeraldprison/ui/pixel_nosplit.png","height":5,"type":"bitmap"},
    {"ascent":-32768,"chars":["⺸"],"file":"minecraft:emeraldprison/ui/pixel_nosplit.png","height":6,"type":"bitmap"},
    {"ascent":-32768,"chars":["⺹"],"file":"minecraft:emeraldprison/ui/pixel_nosplit.png","height":7,"type":"bitmap"},
    {"ascent":-32768,"chars":["⺺"],"file":"minecraft:emeraldprison/ui/pixel_nosplit.png","height":15,"type":"bitmap"},
    {"ascent":-32768,"chars":["⺻"],"file":"minecraft:emeraldprison/ui/pixel_nosplit.png","height":31,"type":"bitmap"},
    {"ascent":-32768,"chars":["⺼"],"file":"minecraft:emeraldprison/ui/pixel_nosplit.png","height":63,"type":"bitmap"},
    {"ascent":-32768,"chars":["⺽"],"file":"minecraft:emeraldprison/ui/pixel_nosplit.png","height":127,"type":"bitmap"},
    {"ascent":-32768,"chars":["⺾"],"file":"minecraft:emeraldprison/ui/pixel_nosplit.png","height":255,"type":"bitmap"},
    {"ascent":-32768,"chars":["⺿"],"file":"minecraft:emeraldprison/ui/pixel_nosplit.png","height":511,"type":"bitmap"},
    {"ascent":-32768,"chars":["⻀"],"file":"minecraft:emeraldprison/ui/pixel_nosplit.png","height":1023,"type":"bitmap"},
    {"ascent":-32768,"chars":["⻁"],"file":"minecraft:emeraldprison/ui/pixel_nosplit.png","height":32767,"type":"bitmap"},
    {"ascent":-32768,"chars":["⻂"],"file":"minecraft:emeraldprison/ui/pixel_nosplit.png","height":-1026,"type":"bitmap"},



    {"ascent":32,"chars":["⻃"],"file":"minecraft:emeraldprison/ui/profile_menu/profile1.png","height":256,"type":"bitmap"},
    {"ascent":32,"chars":["⻄"],"file":"minecraft:emeraldprison/ui/profile_menu/profile2.png","height":256,"type":"bitmap"},
    {"ascent":32,"chars":["⻅"],"file":"minecraft:emeraldprison/ui/profile_menu/profile3.png","height":256,"type":"bitmap"},
    {"ascent":32,"chars":["⻆"],"file":"minecraft:emeraldprison/ui/profile_menu/profile4.png","height":256,"type":"bitmap"},
    {"ascent":32,"chars":["⻇"],"file":"minecraft:emeraldprison/ui/profile_menu/profile5.png","height":256,"type":"bitmap"},
    {"ascent":32,"chars":["⻈"],"file":"minecraft:emeraldprison/ui/profile_menu/profile6.png","height":256,"type":"bitmap"},
    {"ascent":32,"chars":["⻉"],"file":"minecraft:emeraldprison/ui/profile_menu/profile7.png","height":256,"type":"bitmap"},
    {"ascent":32,"chars":["⻊"],"file":"minecraft:emeraldprison/ui/profile_menu/profile8.png","height":256,"type":"bitmap"},
    {"ascent":32,"chars":["⻋"],"file":"minecraft:emeraldprison/ui/profile_menu/profile9.png","height":256,"type":"bitmap"},
    {"ascent":32,"chars":["⻌"],"file":"minecraft:emeraldprison/ui/profile_menu/profile10.png","height":256,"type":"bitmap"},
    {"ascent":32,"chars":["⻍"],"file":"minecraft:emeraldprison/ui/profile_menu/profile11.png","height":256,"type":"bitmap"},
    {"ascent":32,"chars":["⻎"],"file":"minecraft:emeraldprison/ui/profile_menu/profile12.png","height":256,"type":"bitmap"},
    {"ascent":32,"chars":["⻏"],"file":"minecraft:emeraldprison/ui/profile_menu/profile13.png","height":256,"type":"bitmap"},
    {"ascent":32,"chars":["⻐"],"file":"minecraft:emeraldprison/ui/profile_menu/profile14.png","height":256,"type":"bitmap"},
    {"ascent":-92,"chars":["⻒"],"file":"minecraft:emeraldprison/ui/profile_menu/realm_icon.png","height":18,"type":"bitmap"},
    {"ascent":-92,"chars":["⻓"],"file":"minecraft:emeraldprison/ui/profile_menu/info_icon.png","height":18,"type":"bitmap"},
    {"ascent":-10,"chars":["⻔"],"file":"minecraft:emeraldprison/ui/profile_menu/badge1.png","height":32,"type":"bitmap"},
    {"ascent":-10,"chars":["俲"],"file":"minecraft:emeraldprison/ui/profile_menu/coal.png","height":32,"type":"bitmap"},
    {"ascent":-10,"chars":["俳"],"file":"minecraft:emeraldprison/ui/profile_menu/dark_emeraldbadge.png","height":32,"type":"bitmap"},
    {"ascent":-10,"chars":["俴"],"file":"minecraft:emeraldprison/ui/profile_menu/diamond.png","height":32,"type":"bitmap"},
    {"ascent":-10,"chars":["俵"],"file":"minecraft:emeraldprison/ui/profile_menu/emeraldbadge.png","height":32,"type":"bitmap"},
    {"ascent":-10,"chars":["俶"],"file":"minecraft:emeraldprison/ui/profile_menu/gold.png","height":32,"type":"bitmap"},
    {"ascent":-10,"chars":["俷"],"file":"minecraft:emeraldprison/ui/profile_menu/iron.png","height":32,"type":"bitmap"},
    {"ascent":-10,"chars":["俸"],"file":"minecraft:emeraldprison/ui/profile_menu/lapis.png","height":32,"type":"bitmap"},
    {"ascent":-10,"chars":["俹"],"file":"minecraft:emeraldprison/ui/profile_menu/redstone.png","height":32,"type":"bitmap"},
    {"ascent":-10,"chars":["俺"],"file":"minecraft:emeraldprison/ui/profile_menu/obsidian.png","height":32,"type":"bitmap"},



    {"ascent":9,"chars":["隰"],"file":"minecraft:emeraldprison/ui/emoji/small_logo.png","height":12,"type":"bitmap"},
    {"ascent":9,"chars":["嬗"],"file":"minecraft:emeraldprison/ui/emoji/bunny.png","height":12,"type":"bitmap"},
    {"ascent":9,"chars":["鹨"],"file":"minecraft:emeraldprison/ui/emoji/egg.png","height":12,"type":"bitmap"},




    {"ascent":8,"chars":["㼥"],"file":"minecraft:emeraldprison/ui/profile_menu/badge1.png","height":8,"type":"bitmap"},
    {"ascent":-32768,"chars":["⻕"],"file":"minecraft:emeraldprison/ui/pixel_split.png","height":-49,"type":"bitmap"},
    {"ascent":-32768,"chars":["⻖"],"file":"minecraft:emeraldprison/ui/pixel_split.png","height":-155,"type":"bitmap"},
    {"ascent":-32768,"chars":["⻗"],"file":"minecraft:emeraldprison/ui/pixel_split.png","height":-161,"type":"bitmap"},
    {"ascent":-32768,"chars":["⻘"],"file":"minecraft:emeraldprison/ui/pixel_split.png","height":-45,"type":"bitmap"},

    {
      "type": "bitmap",
      "file": "minecraft:emeraldprison/ui/accent_font.png",
      "ascent": 12,
      "height": 32,
      "chars": [
        "法溘洁澎澍泊湟澳洫洎浓潲湫浰潘涤浲洚洛烫浩洗泖滗派溜泛洙",
        "活沃沂没沨沿鲨挲涐湃溵激溴濞娑泺泜溲潟裟戏叉浪溥浚沭沇浅"
      ]
    },
    {
      "type": "bitmap",
      "file": "minecraft:emeraldprison/ui/accent_numbers.png",
      "ascent": 12,
      "height": 32,
      "chars": [
        "俣俤俥俦俧俨俩俪俫俱",
        "俚俛俜保俞俟俠信俢俰"
      ]
    },
    {
      "type": "bitmap",
      "file": "minecraft:emeraldprison/ui/apos.png",
      "ascent": 12,
      "height": 32,
      "chars": [
        "⻣⻤⻥⻦"
      ]
    },
    {"ascent":-32768,"chars":["⻧"],"file":"minecraft:emeraldprison/ui/pixel_split.png","height":-60,"type":"bitmap"
    },
    {
      "type": "bitmap",
      "file": "minecraft:emeraldprison/ui/accent_numbers.png",
      "ascent": -45,
      "height": 32,
      "chars": [
        "⻨⻩⻪⻫⻬⻭⻮⻯⻰⻱",
        "⻲⻳⻴⻵⻶⻷⻸⻹⻺⻻"
      ]
    },
    {
      "type": "bitmap",
      "file": "minecraft:emeraldprison/ui/accent_font.png",
      "ascent": -45,
      "height": 32,
      "chars": [
        "法溘洁澎澍泊湟澳洫洎浓潲湫浰潘涤浲洚洛烫浩洗泖滗派溜泛洙",
        "⻼⻽⻾⻿⼀⼁⼂⼃⼄⼅⼆⼇⼈⼉⼊⼋⼌⼍⼎⼏⼐⼑⼒⼓⼔⼕⼖⼗"
      ]
    },
    {
      "type": "bitmap",
      "file": "minecraft:emeraldprison/ui/apos.png",
      "ascent": -45,
      "height": 10,
      "chars": [
        "⼘⼙⼚⼛"
      ]
    },
    {"ascent":-32768,"chars":["⼜"],"file":"minecraft:emeraldprison/ui/pixel_split.png","height":12,"type":"bitmap"},
    {
      "type": "bitmap",
      "file": "minecraft:emeraldprison/ui/nameplates/emerald.png",
      "ascent": 9,
      "height": 10,
      "chars": [
        "⼬",
        "⼭",
        "⼮",
        "⼯",
        "⼰",
        "⼱",
        "⼲",
        "⼳",
        "⼴",
        "⼶",
        "⼷",
        "⼸",
        "⼹",
        "⼺",
        "⼻",
        "⼼"
      ]
    },

    {
      "type": "bitmap",
      "file": "minecraft:emeraldprison/ui/nameplates/easter.png",
      "ascent": 9,
      "height": 10,
      "chars": [
        "鲺",
        "鹧",
        "磨",
        "廨",
        "赟",
        "癀",
        "瘭",
        "瘰",
        "廪",
        "瘿",
        "瘵",
        "瘴",
        "癃",
        "瘾",
        "瘸",
        "瘳"
      ]
    },

    {"ascent":-32768,"chars":["⽣"],"file":"minecraft:emeraldprison/ui/pixel_split.png","height":-99,"type":"bitmap"},
    {"ascent":-32768,"chars":["⽤"],"file":"minecraft:emeraldprison/ui/pixel_split.png","height":-94,"type":"bitmap"},
    {"ascent":-32768,"chars":["⽥"],"file":"minecraft:emeraldprison/ui/pixel_split.png","height":-89,"type":"bitmap"},
    {"ascent":-32768,"chars":["⽦"],"file":"minecraft:emeraldprison/ui/pixel_split.png","height":-83,"type":"bitmap"},
    {"ascent":-32768,"chars":["⽧"],"file":"minecraft:emeraldprison/ui/pixel_split.png","height":-78,"type":"bitmap"},
    {"ascent":-32768,"chars":["⽨"],"file":"minecraft:emeraldprison/ui/pixel_split.png","height":-73,"type":"bitmap"},
    {"ascent":-32768,"chars":["⽩"],"file":"minecraft:emeraldprison/ui/pixel_split.png","height":-69,"type":"bitmap"},
    {"ascent":-32768,"chars":["⽪"],"file":"minecraft:emeraldprison/ui/pixel_split.png","height":-63,"type":"bitmap"},
    {"ascent":-32768,"chars":["⽫"],"file":"minecraft:emeraldprison/ui/pixel_split.png","height":-58,"type":"bitmap"},
    {"ascent":-32768,"chars":["⽬"],"file":"minecraft:emeraldprison/ui/pixel_split.png","height":-53,"type":"bitmap"},
    {"ascent":-32768,"chars":["⽭"],"file":"minecraft:emeraldprison/ui/pixel_split.png","height":-48,"type":"bitmap"},
    {"ascent":-32768,"chars":["⽮"],"file":"minecraft:emeraldprison/ui/pixel_split.png","height":-43,"type":"bitmap"},
    {"ascent":-32768,"chars":["⽯"],"file":"minecraft:emeraldprison/ui/pixel_split.png","height":-38,"type":"bitmap"},
    {"ascent":-32768,"chars":["⽰"],"file":"minecraft:emeraldprison/ui/pixel_split.png","height":-33,"type":"bitmap"},
    {"ascent":-32768,"chars":["⽱"],"file":"minecraft:emeraldprison/ui/pixel_split.png","height":-27,"type":"bitmap"},
    {"ascent":-32768,"chars":["⽲"],"file":"minecraft:emeraldprison/ui/pixel_split.png","height":-22,"type":"bitmap"},

    {
      "type": "bitmap",
      "file": "minecraft:emeraldprison/ui/nameplates/dark_emerald.png",
      "ascent": 9,
      "height": 10,
      "chars": [
        "⽳",
        "⽴",
        "⽵",
        "⽶",
        "⽷",
        "⽸",
        "⽹",
        "⽺",
        "⽻",
        "⽼",
        "⽽",
        "⽾",
        "⽿",
        "⾀",
        "⾁",
        "⾂"
      ]
    },
    {
      "type": "bitmap",
      "file": "minecraft:emeraldprison/ui/nameplates/caveman.png",
      "ascent": 9,
      "height": 10,
      "chars": [
        "⾃",
        "⾄",
        "⾅",
        "⾆",
        "⾇",
        "⾈",
        "⾉",
        "⾊",
        "⾋",
        "⾌",
        "⾍",
        "⾎",
        "⾏",
        "⾐",
        "⾑",
        "⾒"
      ]
    },
    {
      "type": "bitmap",
      "file": "minecraft:emeraldprison/ui/nameplates/miners.png",
      "ascent": 9,
      "height": 10,
      "chars": [
        "⾓",
        "⾔",
        "⾕",
        "⾖",
        "⾗",
        "⾘",
        "⾙",
        "⾚",
        "⾛",
        "⾜",
        "⾝",
        "⾞",
        "⾟",
        "⾠",
        "⾡",
        "⾢"
      ]
    },
    {
      "type": "bitmap",
      "file": "minecraft:emeraldprison/ui/nameplates/savage.png",
      "ascent": 9,
      "height": 10,
      "chars": [
        "侟",
        "侠",
        "価",
        "侢",
        "侣",
        "侤",
        "侥",
        "侦",
        "侧",
        "侨",
        "侩",
        "侪",
        "侫",
        "侬",
        "侭",
        "侮"
      ]
    },
    {
      "type": "bitmap",
      "file": "minecraft:emeraldprison/ui/nameplates/prisoner.png",
      "ascent": 9,
      "height": 10,
      "chars": [
        "侯",
        "侰",
        "侱",
        "侲",
        "侳",
        "侴",
        "侵",
        "侶",
        "侷",
        "侸",
        "侹",
        "侺",
        "侻",
        "侼",
        "侽",
        "侾"
      ]
    },
    {"ascent":128,"chars":["、"],"file":"minecraft:emeraldprison/ui/esc/escscreen.png","height":256,"type":"bitmap"},
    {"ascent":32,"chars":["鲸"],"file":"minecraft:emeraldprison/ui/esc/esc_split.png","height":256,"type":"bitmap"},
    {
      "type": "bitmap",
      "file": "minecraft:emeraldprison/ui/esc/logo1.png",
      "ascent": 15,
      "height": 24,
      "chars": [
        "⿔",
        "。"
      ]
    },
    {
      "type": "bitmap",
      "file": "minecraft:emeraldprison/icons/icons/top10.png",
      "ascent": 9,
      "height": 10,
      "chars": [
        "檼檾檿櫀櫁",
        "櫄櫅櫇櫈櫉"
      ]
    },
    {
      "type": "bitmap",
      "file": "minecraft:emeraldprison/icons/exclamation/blue.png",
      "ascent": 7,
      "height": 8,
      "chars": [
        "禌"
      ]
    },
    {
      "type": "bitmap",
      "file": "minecraft:emeraldprison/icons/exclamation/gray.png",
      "ascent": 7,
      "height": 8,
      "chars": [
        "禕"
      ]
    },
    {
      "type": "bitmap",
      "file": "minecraft:emeraldprison/icons/exclamation/green.png",
      "ascent": 7,
      "height": 8,
      "chars": [
        "禓"
      ]
    },
    {
      "type": "bitmap",
      "file": "minecraft:emeraldprison/icons/exclamation/purple.png",
      "ascent": 7,
      "height": 8,
      "chars": [
        "禑"
      ]
    },
    {
      "type": "bitmap",
      "file": "minecraft:emeraldprison/icons/exclamation/red.png",
      "ascent": 7,
      "height": 8,
      "chars": [
        "禐"
      ]
    },
    {
      "type": "bitmap",
      "file": "minecraft:emeraldprison/icons/exclamation/yellow.png",
      "ascent": 7,
      "height": 8,
      "chars": [
        "禎"
      ]
    },
    {
      "type": "bitmap",
      "file": "minecraft:emeraldprison/ui/esc/logo1.png",
      "ascent": 0,
      "height": 24,
      "chars": [
        "〃",
        "⿕"
      ]
    },
    {
      "type": "bitmap",
      "file": "minecraft:emeraldprison/ui/esc/esclogo.png",
      "ascent": 32,
      "height": 64,
      "chars": [
        "〄"
      ]
    },
    {
      "type": "bitmap",
      "file": "minecraft:emeraldprison/ui/nameplates/font.png",
      "ascent": 8,
      "height": 8,
      "chars": [
        "⼽⼾⼿⽀⽁⽂⽃⽄⽅⽆⽇⽈⽉⽊⽋⽌⽍⽎⽏⽐⽑⽒⽓⽔⽕⽖⽗⽘⽙⽚⽛⽜⽝⽞⽟⽠㐯"
      ]
    },
    {
      "type": "bitmap",
      "file": "minecraft:emeraldprison/ui/nameplates/white.png",
      "ascent": 9,
      "height": 10,
      "chars": [
        "㐑",
        "㐒",
        "㐓",
        "㐔",
        "㐕",
        "㐖",
        "㐗",
        "㐘",
        "㐙",
        "㐚",
        "㐛",
        "㐜",
        "㐝",
        "㐞",
        "㐟",
        "㐠"
      ]
    },
    {
      "type": "bitmap",
      "file": "minecraft:emeraldprison/ui/nameplates/black.png",
      "ascent": 9,
      "height": 10,
      "chars": [
        "㐡",
        "㐢",
        "㐣",
        "㐤",
        "㐥",
        "㐦",
        "㐧",
        "㐨",
        "㐩",
        "㐪",
        "㐫",
        "㐬",
        "㐭",
        "㐮",
        "㐰",
        "㐱"
      ]
    },

    {
      "type": "bitmap",
      "file": "minecraft:emeraldprison/ui/accent_numbers.png",
      "ascent": -74,
      "height": 32,
      "chars": [
        "㌐㌻㌝㌮㌼㌽㌾㌿㍀㍁",
        "㍂㍃㍄㍅㍆㍇㍈㍉㍊㍋"
      ]
    },

    {"ascent":-32768,"chars":["〼"],"file":"minecraft:emeraldprison/ui/pixel_split.png","height":-68,"type":"bitmap"},



    {"ascent":42,"chars":["㌀"],"file":"minecraft:emeraldprison/ui/emerald_pass/1.png","height":256,"type":"bitmap"},
    {"ascent":42,"chars":["㌁"],"file":"minecraft:emeraldprison/ui/emerald_pass/2.png","height":256,"type":"bitmap"},
    {"ascent":42,"chars":["㌂"],"file":"minecraft:emeraldprison/ui/emerald_pass/3.png","height":256,"type":"bitmap"},
    {"ascent":42,"chars":["㌃"],"file":"minecraft:emeraldprison/ui/emerald_pass/4.png","height":256,"type":"bitmap"},
    {"ascent":42,"chars":["㌄"],"file":"minecraft:emeraldprison/ui/emerald_pass/5.png","height":256,"type":"bitmap"},
    {"ascent":42,"chars":["㌅"],"file":"minecraft:emeraldprison/ui/emerald_pass/6.png","height":256,"type":"bitmap"},
    {"ascent":42,"chars":["㌆"],"file":"minecraft:emeraldprison/ui/emerald_pass/7.png","height":256,"type":"bitmap"},
    {"ascent":42,"chars":["㌇"],"file":"minecraft:emeraldprison/ui/emerald_pass/8.png","height":256,"type":"bitmap"},
    {"ascent":42,"chars":["㌈"],"file":"minecraft:emeraldprison/ui/emerald_pass/9.png","height":256,"type":"bitmap"},
    {"ascent":42,"chars":["㌉"],"file":"minecraft:emeraldprison/ui/emerald_pass/10.png","height":256,"type":"bitmap"},
    {"ascent":42,"chars":["㌊"],"file":"minecraft:emeraldprison/ui/emerald_pass/11.png","height":256,"type":"bitmap"},
    {"ascent":42,"chars":["㌋"],"file":"minecraft:emeraldprison/ui/emerald_pass/12.png","height":256,"type":"bitmap"},
    {"ascent":42,"chars":["㌌"],"file":"minecraft:emeraldprison/ui/emerald_pass/free.png","height":256,"type":"bitmap"},


    {"ascent":-32768,"chars":["㌞"],"file":"minecraft:emeraldprison/ui/pixel_split.png","height":-50,"type":"bitmap"},

    {
      "type": "bitmap",
      "file": "minecraft:emeraldprison/ui/emerald_pass/scroll.png",
      "ascent": -59,
      "height": 50,
      "chars": [
        "㌑",
        "㌒",
        "㌓",
        "㌔"
      ]
    },
    {"ascent":-32768,"chars":["㌟"],"file":"minecraft:emeraldprison/ui/pixel_split.png","height":-175,"type":"bitmap"},
    {"ascent":-32768,"chars":["㌠"],"file":"minecraft:emeraldprison/ui/pixel_split.png","height":128,"type":"bitmap"},

    {
      "type": "bitmap",
      "file": "minecraft:emeraldprison/ui/emerald_pass/icons.png",
      "ascent": -76,
      "height": 16,
      "chars": [
        "㌕",
        "㌖",
        "㌗",
        "㌘",
        "㌙",
        "㌚",
        "㌛",
        "㌜"
      ]
    },

    {
      "type": "bitmap",
      "file": "minecraft:emeraldprison/ui/emerald_pass/bars1.png",
      "ascent": -5,
      "height": 11,
      "chars": [
        "軴軵",
        "軸軹",
        "軺軻",
        "軼軽",
        "軾軿",
        "輀輁",
        "較輄",
        "輅輆",
        "輇輈",
        "載輊",
        "輋輌",
        "輍輎",
        "輏輐",
        "輑輒",
        "輓輔",
        "輕輖",
        "輗輘",
        "輙輚",
        "輛輜",
        "輝輞",
        "輟輠",
        "輡輢",
        "輣輤",
        "輥輦",
        "輨輩",
        "輪輫",
        "輬輭",
        "輮輯",
        "輰輱",
        "輲輳",
        "輴輵",
        "輷輸",
        "輹轋",
        "輻輽",
        "輾輿",
        "轀轁",
        "轂轃",
        "轄轅",
        "轆轇",
        "轈轉",
        "轍轎",
        "轏轐"
      ]
    },
    {
      "type": "bitmap",
      "file": "minecraft:emeraldprison/ui/emerald_pass/bars2.png",
      "ascent": -23,
      "height": 11,
      "chars": [
        "轑轒",
        "轓轔",
        "轕轖",
        "轗轘",
        "轙轚",
        "轜轝",
        "轟轠",
        "轡轢",
        "轣轤",
        "轥辝",
        "辠辡",
        "辢辤",
        "辥辦",
        "辧辪",
        "辬辭",
        "辮辯",
        "農辳",
        "辴辵",
        "辸辺",
        "込迀",
        "迃迊",
        "迋迌",
        "迍迏",
        "迒迖",
        "迗迚",
        "迠迡",
        "迣迧",
        "迬迯",
        "迱迲",
        "迴迵",
        "迶迻",
        "迼迾",
        "迿遀",
        "遃遅",
        "遈遉",
        "遊運",
        "遌過",
        "達違",
        "遖遙",
        "遚遜",
        "遟遠",
        "遡遤"
      ]
    },
    {
      "type": "bitmap",
      "file": "minecraft:emeraldprison/ui/emerald_pass/bars3.png",
      "ascent": -41,
      "height": 11,
      "chars": [
        "躒躓",
        "躕躖",
        "躗躘",
        "躙躚",
        "躝躟",
        "躠躡",
        "躢躣",
        "躤躥",
        "躦躧",
        "躨躩",
        "躪躭",
        "躮躰",
        "躱躵",
        "躶躷",
        "躸躹",
        "躻躼",
        "躽躾",
        "躿軀",
        "軁軂",
        "軃軄",
        "軅軆",
        "軇軈",
        "軉車",
        "軋軌",
        "軍軏",
        "軐軑",
        "軒軓",
        "軔軖",
        "軗軘",
        "軙軚",
        "軛軜",
        "軝軞",
        "軟軠",
        "軡転",
        "軣軤",
        "軥軦",
        "軨軩",
        "軪軫",
        "軬軭",
        "軮軯",
        "軰軱",
        "軲軳"
      ]
    },

    {"ascent":-32768,"chars":["遲"],"file":"minecraft:emeraldprison/ui/pixel_split.png","height":-87,"type":"bitmap"},

    {"ascent":-32768,"chars":["㌡"],"file":"minecraft:emeraldprison/ui/pixel_split.png","height":-144,"type":"bitmap"},

    {"ascent":9,"chars":["㌲"],"file":"minecraft:emeraldprison/badges/16coal.png","height":12,"type":"bitmap"},
    {"ascent":9,"chars":["㌳"],"file":"minecraft:emeraldprison/badges/16dark_emerald.png","height":12,"type":"bitmap"},
    {"ascent":9,"chars":["㌴"],"file":"minecraft:emeraldprison/badges/16diamond.png","height":12,"type":"bitmap"},
    {"ascent":9,"chars":["㌵"],"file":"minecraft:emeraldprison/badges/16emerald.png","height":12,"type":"bitmap"},
    {"ascent":9,"chars":["㌶"],"file":"minecraft:emeraldprison/badges/16gold.png","height":12,"type":"bitmap"},
    {"ascent":9,"chars":["㌷"],"file":"minecraft:emeraldprison/badges/16iron.png","height":12,"type":"bitmap"},
    {"ascent":9,"chars":["㌸"],"file":"minecraft:emeraldprison/badges/16lapis.png","height":12,"type":"bitmap"},
    {"ascent":9,"chars":["㌹"],"file":"minecraft:emeraldprison/badges/16obsidian.png","height":12,"type":"bitmap"},
    {"ascent":9,"chars":["㌺"],"file":"minecraft:emeraldprison/badges/16redstone.png","height":12,"type":"bitmap"},

    {
      "type": "bitmap",
      "file": "minecraft:emeraldprison/ui/icons.png",
      "ascent": 8,
      "height": 8,
      "chars": [
        "俼俽俾俿俻⺚"
      ]
    },
    {
      "type": "bitmap",
      "file": "minecraft:emeraldprison/ui/accent_numbers.png",
      "ascent": -27,
      "height": 32,
      "chars": [
        "便俀俁係促俄俅俆俇俈",
        "俉俊俋俌俍俎俏俐俑俒"
      ]
    },


    {"ascent":-26,"chars":["俔"],"file":"minecraft:emeraldprison/badges/16coal.png","height":10,"type":"bitmap"},
    {"ascent":-26,"chars":["俕"],"file":"minecraft:emeraldprison/badges/16dark_emerald.png","height":10,"type":"bitmap"},
    {"ascent":-26,"chars":["俖"],"file":"minecraft:emeraldprison/badges/16diamond.png","height":10,"type":"bitmap"},
    {"ascent":-26,"chars":["俗"],"file":"minecraft:emeraldprison/badges/16emerald.png","height":10,"type":"bitmap"},
    {"ascent":-26,"chars":["俘"],"file":"minecraft:emeraldprison/badges/16gold.png","height":10,"type":"bitmap"},
    {"ascent":-26,"chars":["俙"],"file":"minecraft:emeraldprison/badges/16iron.png","height":10,"type":"bitmap"},
    {"ascent":-26,"chars":["侞"],"file":"minecraft:emeraldprison/badges/16lapis.png","height":10,"type":"bitmap"},
    {"ascent":-26,"chars":["依"],"file":"minecraft:emeraldprison/badges/16obsidian.png","height":10,"type":"bitmap"},
    {"ascent":-26,"chars":["侜"],"file":"minecraft:emeraldprison/badges/16redstone.png","height":10,"type":"bitmap"},
    {
      "type": "bitmap",
      "file": "minecraft:emeraldprison/ui/xp/iron.png",
      "ascent": -36,
      "height": 5,
      "chars": [
        "侑",
        "侒",
        "侓",
        "侔",
        "侕",
        "侖",
        "侗",
        "侘",
        "侙",
        "侚",
        "供",
        "侅",
        "來",
        "侇",
        "侈",
        "侉",
        "侊",
        "例",
        "侌",
        "侍",
        "侎"

      ]
    },
    {
      "type": "bitmap",
      "file": "minecraft:emeraldprison/ui/xp/green.png",
      "ascent": -36,
      "height": 5,
      "chars": [
        "佌",
        "位",
        "低",
        "住",
        "佐",
        "佑",
        "佒",
        "体",
        "佔",
        "何",
        "佖",
        "佗",
        "佘",
        "余",
        "佚",
        "佛",
        "作",
        "佝",
        "佞",
        "佟",
        "你"

      ]
    },
    {
      "type": "bitmap",
      "file": "minecraft:emeraldprison/ui/xp/iron.png",
      "ascent": -36,
      "height": 5,
      "chars": [
        "伷",
        "伸",
        "伹",
        "伺",
        "伻",
        "似",
        "伽",
        "伾",
        "伿",
        "佀",
        "佁",
        "佂",
        "佃",
        "佄",
        "佅",
        "但",
        "佇",
        "佈",
        "佉",
        "佊",
        "佋"

      ]
    },

    {
      "type": "bitmap",
      "file": "minecraft:emeraldprison/ui/xp/tester.png",
      "ascent": -45,
      "height": 8,
      "chars": [
        "橝",
        "檙"
      ]
    },

    {"ascent":-32768,"chars":["橠"],"file":"minecraft:emeraldprison/ui/pixel_split.png","height":-217,"type":"bitmap"},
    {"ascent":-32768,"chars":["橣"],"file":"minecraft:emeraldprison/ui/pixel_split.png","height":-216,"type":"bitmap"},
    {"ascent":-32768,"chars":["橤"],"file":"minecraft:emeraldprison/ui/pixel_split.png","height":-215,"type":"bitmap"},
    {"ascent":-32768,"chars":["橨"],"file":"minecraft:emeraldprison/ui/pixel_split.png","height":-212,"type":"bitmap"},
    {"ascent":-32768,"chars":["橪"],"file":"minecraft:emeraldprison/ui/pixel_split.png","height":-211,"type":"bitmap"},
    {"ascent":-32768,"chars":["橬"],"file":"minecraft:emeraldprison/ui/pixel_split.png","height":-210,"type":"bitmap"},
    {"ascent":-32768,"chars":["橭"],"file":"minecraft:emeraldprison/ui/pixel_split.png","height":-209,"type":"bitmap"},
    {"ascent":-32768,"chars":["橸"],"file":"minecraft:emeraldprison/ui/pixel_split.png","height":-208,"type":"bitmap"},
    {"ascent":-32768,"chars":["橺"],"file":"minecraft:emeraldprison/ui/pixel_split.png","height":-207,"type":"bitmap"},
    {"ascent":-32768,"chars":["橻"],"file":"minecraft:emeraldprison/ui/pixel_split.png","height":-206,"type":"bitmap"},
    {"ascent":-32768,"chars":["橽"],"file":"minecraft:emeraldprison/ui/pixel_split.png","height":-205,"type":"bitmap"},
    {"ascent":-32768,"chars":["藥"],"file":"minecraft:emeraldprison/ui/pixel_split.png","height":-150,"type":"bitmap"},
    {"ascent":-32768,"chars":["藧"],"file":"minecraft:emeraldprison/ui/pixel_split.png","height":-151,"type":"bitmap"},
    {"ascent":-32768,"chars":["藪"],"file":"minecraft:emeraldprison/ui/pixel_split.png","height":-152,"type":"bitmap"},
    {"ascent":-32768,"chars":["藬"],"file":"minecraft:emeraldprison/ui/pixel_split.png","height":-153,"type":"bitmap"},
    {"ascent":-32768,"chars":["藭"],"file":"minecraft:emeraldprison/ui/pixel_split.png","height":-154,"type":"bitmap"},
    {"ascent":-32768,"chars":["藮"],"file":"minecraft:emeraldprison/ui/pixel_split.png","height":-155,"type":"bitmap"},
    {"ascent":-32768,"chars":["藰"],"file":"minecraft:emeraldprison/ui/pixel_split.png","height":-156,"type":"bitmap"},
    {"ascent":-32768,"chars":["藱"],"file":"minecraft:emeraldprison/ui/pixel_split.png","height":-157,"type":"bitmap"},
    {"ascent":-32768,"chars":["藲"],"file":"minecraft:emeraldprison/ui/pixel_split.png","height":-158,"type":"bitmap"},
    {"ascent":-32768,"chars":["藳"],"file":"minecraft:emeraldprison/ui/pixel_split.png","height":-159,"type":"bitmap"},
    {"ascent":-32768,"chars":["藵"],"file":"minecraft:emeraldprison/ui/pixel_split.png","height":-160,"type":"bitmap"},
    {"ascent":-32768,"chars":["藶"],"file":"minecraft:emeraldprison/ui/pixel_split.png","height":-161,"type":"bitmap"},
    {"ascent":-32768,"chars":["藷"],"file":"minecraft:emeraldprison/ui/pixel_split.png","height":-162,"type":"bitmap"},
    {"ascent":-32768,"chars":["藸"],"file":"minecraft:emeraldprison/ui/pixel_split.png","height":-163,"type":"bitmap"},
    {"ascent":-32768,"chars":["藺"],"file":"minecraft:emeraldprison/ui/pixel_split.png","height":-164,"type":"bitmap"},
    {"ascent":-32768,"chars":["藼"],"file":"minecraft:emeraldprison/ui/pixel_split.png","height":-165,"type":"bitmap"},
    {"ascent":-32768,"chars":["藽"],"file":"minecraft:emeraldprison/ui/pixel_split.png","height":-166,"type":"bitmap"},
    {"ascent":-32768,"chars":["藾"],"file":"minecraft:emeraldprison/ui/pixel_split.png","height":-167,"type":"bitmap"},
    {"ascent":-32768,"chars":["蘀"],"file":"minecraft:emeraldprison/ui/pixel_split.png","height":-168,"type":"bitmap"},
    {"ascent":-32768,"chars":["蘁"],"file":"minecraft:emeraldprison/ui/pixel_split.png","height":-169,"type":"bitmap"},
    {"ascent":-32768,"chars":["蘂"],"file":"minecraft:emeraldprison/ui/pixel_split.png","height":-170,"type":"bitmap"},
    {"ascent":-32768,"chars":["蘃"],"file":"minecraft:emeraldprison/ui/pixel_split.png","height":-171,"type":"bitmap"},
    {"ascent":-32768,"chars":["蘄"],"file":"minecraft:emeraldprison/ui/pixel_split.png","height":-172,"type":"bitmap"},
    {"ascent":-32768,"chars":["蘆"],"file":"minecraft:emeraldprison/ui/pixel_split.png","height":-173,"type":"bitmap"},
    {"ascent":-32768,"chars":["蘇"],"file":"minecraft:emeraldprison/ui/pixel_split.png","height":-174,"type":"bitmap"},
    {"ascent":-32768,"chars":["蘉"],"file":"minecraft:emeraldprison/ui/pixel_split.png","height":-175,"type":"bitmap"},
    {"ascent":-32768,"chars":["蘊"],"file":"minecraft:emeraldprison/ui/pixel_split.png","height":-176,"type":"bitmap"},
    {"ascent":-32768,"chars":["蘌"],"file":"minecraft:emeraldprison/ui/pixel_split.png","height":-177,"type":"bitmap"},
    {"ascent":-32768,"chars":["蘍"],"file":"minecraft:emeraldprison/ui/pixel_split.png","height":-178,"type":"bitmap"},
    {"ascent":-32768,"chars":["蘎"],"file":"minecraft:emeraldprison/ui/pixel_split.png","height":-179,"type":"bitmap"},
    {"ascent":-32768,"chars":["蘏"],"file":"minecraft:emeraldprison/ui/pixel_split.png","height":-180,"type":"bitmap"},
    {"ascent":-32768,"chars":["蘐"],"file":"minecraft:emeraldprison/ui/pixel_split.png","height":-181,"type":"bitmap"},
    {"ascent":-32768,"chars":["蘒"],"file":"minecraft:emeraldprison/ui/pixel_split.png","height":-182,"type":"bitmap"},
    {"ascent":-32768,"chars":["蘔"],"file":"minecraft:emeraldprison/ui/pixel_split.png","height":-183,"type":"bitmap"},
    {"ascent":-32768,"chars":["蘕"],"file":"minecraft:emeraldprison/ui/pixel_split.png","height":-184,"type":"bitmap"},
    {"ascent":-32768,"chars":["蘗"],"file":"minecraft:emeraldprison/ui/pixel_split.png","height":-185,"type":"bitmap"},
    {"ascent":-32768,"chars":["蘙"],"file":"minecraft:emeraldprison/ui/pixel_split.png","height":-186,"type":"bitmap"},
    {"ascent":-32768,"chars":["蘚"],"file":"minecraft:emeraldprison/ui/pixel_split.png","height":-187,"type":"bitmap"},
    {"ascent":-32768,"chars":["蘛"],"file":"minecraft:emeraldprison/ui/pixel_split.png","height":-188,"type":"bitmap"},
    {"ascent":-32768,"chars":["蘜"],"file":"minecraft:emeraldprison/ui/pixel_split.png","height":-189,"type":"bitmap"},
    {"ascent":-32768,"chars":["蘝"],"file":"minecraft:emeraldprison/ui/pixel_split.png","height":-190,"type":"bitmap"},
    {"ascent":-32768,"chars":["蘞"],"file":"minecraft:emeraldprison/ui/pixel_split.png","height":-191,"type":"bitmap"},
    {"ascent":-32768,"chars":["蘠"],"file":"minecraft:emeraldprison/ui/pixel_split.png","height":-192,"type":"bitmap"},
    {"ascent":-32768,"chars":["蘟"],"file":"minecraft:emeraldprison/ui/pixel_split.png","height":-193,"type":"bitmap"},
    {"ascent":-32768,"chars":["蘢"],"file":"minecraft:emeraldprison/ui/pixel_split.png","height":-194,"type":"bitmap"},
    {"ascent":-32768,"chars":["蘣"],"file":"minecraft:emeraldprison/ui/pixel_split.png","height":-195,"type":"bitmap"},
    {"ascent":-32768,"chars":["蘨"],"file":"minecraft:emeraldprison/ui/pixel_split.png","height":-196,"type":"bitmap"},
    {"ascent":-32768,"chars":["蘪"],"file":"minecraft:emeraldprison/ui/pixel_split.png","height":-197,"type":"bitmap"},
    {"ascent":-32768,"chars":["蘫"],"file":"minecraft:emeraldprison/ui/pixel_split.png","height":-198,"type":"bitmap"},
    {"ascent":-32768,"chars":["蘬"],"file":"minecraft:emeraldprison/ui/pixel_split.png","height":-199,"type":"bitmap"},
    {"ascent":-32768,"chars":["蘭"],"file":"minecraft:emeraldprison/ui/pixel_split.png","height":-200,"type":"bitmap"},
    {"ascent":-32768,"chars":["蘯"],"file":"minecraft:emeraldprison/ui/pixel_split.png","height":-201,"type":"bitmap"},
    {"ascent":-32768,"chars":["蘱"],"file":"minecraft:emeraldprison/ui/pixel_split.png","height":-202,"type":"bitmap"},
    {"ascent":-32768,"chars":["蘲"],"file":"minecraft:emeraldprison/ui/pixel_split.png","height":-203,"type":"bitmap"},
    {"ascent":-32768,"chars":["蘴"],"file":"minecraft:emeraldprison/ui/pixel_split.png","height":-204,"type":"bitmap"},
    {"ascent":-32768,"chars":["蚎"],"file":"minecraft:emeraldprison/ui/pixel_split.png","height":-213,"type":"bitmap"},
    {"ascent":-32768,"chars":["蚏"],"file":"minecraft:emeraldprison/ui/pixel_split.png","height":-214,"type":"bitmap"},
    {"ascent":-32768,"chars":["蝑"],"file":"minecraft:emeraldprison/ui/pixel_split.png","height":-112,"type":"bitmap"},
    {"ascent":-32768,"chars":["蝒"],"file":"minecraft:emeraldprison/ui/pixel_split.png","height":-113,"type":"bitmap"},
    {"ascent":-32768,"chars":["蝔"],"file":"minecraft:emeraldprison/ui/pixel_split.png","height":-114,"type":"bitmap"},
    {"ascent":-32768,"chars":["蝕"],"file":"minecraft:emeraldprison/ui/pixel_split.png","height":-115,"type":"bitmap"},
    {"ascent":-32768,"chars":["蝖"],"file":"minecraft:emeraldprison/ui/pixel_split.png","height":-116,"type":"bitmap"},
    {"ascent":-32768,"chars":["蝚"],"file":"minecraft:emeraldprison/ui/pixel_split.png","height":-117,"type":"bitmap"},
    {"ascent":-32768,"chars":["蝛"],"file":"minecraft:emeraldprison/ui/pixel_split.png","height":-118,"type":"bitmap"},
    {"ascent":-32768,"chars":["蝜"],"file":"minecraft:emeraldprison/ui/pixel_split.png","height":-119,"type":"bitmap"},
    {"ascent":-32768,"chars":["蝝"],"file":"minecraft:emeraldprison/ui/pixel_split.png","height":-120,"type":"bitmap"},
    {"ascent":-32768,"chars":["蝞"],"file":"minecraft:emeraldprison/ui/pixel_split.png","height":-121,"type":"bitmap"},
    {"ascent":-32768,"chars":["蝟"],"file":"minecraft:emeraldprison/ui/pixel_split.png","height":-122,"type":"bitmap"},
    {"ascent":-32768,"chars":["蝡"],"file":"minecraft:emeraldprison/ui/pixel_split.png","height":-123,"type":"bitmap"},
    {"ascent":-32768,"chars":["蝢"],"file":"minecraft:emeraldprison/ui/pixel_split.png","height":-124,"type":"bitmap"},
    {"ascent":-32768,"chars":["蝦"],"file":"minecraft:emeraldprison/ui/pixel_split.png","height":-125,"type":"bitmap"},
    {"ascent":-32768,"chars":["蝧"],"file":"minecraft:emeraldprison/ui/pixel_split.png","height":-126,"type":"bitmap"},
    {"ascent":-32768,"chars":["蝨"],"file":"minecraft:emeraldprison/ui/pixel_split.png","height":-127,"type":"bitmap"},
    {"ascent":-32768,"chars":["蝩"],"file":"minecraft:emeraldprison/ui/pixel_split.png","height":-128,"type":"bitmap"},
    {"ascent":-32768,"chars":["蝪"],"file":"minecraft:emeraldprison/ui/pixel_split.png","height":-129,"type":"bitmap"},
    {"ascent":-32768,"chars":["蝫"],"file":"minecraft:emeraldprison/ui/pixel_split.png","height":-130,"type":"bitmap"},
    {"ascent":-32768,"chars":["蝬"],"file":"minecraft:emeraldprison/ui/pixel_split.png","height":-131,"type":"bitmap"},
    {"ascent":-32768,"chars":["蝭"],"file":"minecraft:emeraldprison/ui/pixel_split.png","height":-132,"type":"bitmap"},
    {"ascent":-32768,"chars":["蝯"],"file":"minecraft:emeraldprison/ui/pixel_split.png","height":-133,"type":"bitmap"},
    {"ascent":-32768,"chars":["蝱"],"file":"minecraft:emeraldprison/ui/pixel_split.png","height":-134,"type":"bitmap"},
    {"ascent":-32768,"chars":["蝳"],"file":"minecraft:emeraldprison/ui/pixel_split.png","height":-135,"type":"bitmap"},
    {"ascent":-32768,"chars":["蝵"],"file":"minecraft:emeraldprison/ui/pixel_split.png","height":-136,"type":"bitmap"},
    {"ascent":-32768,"chars":["蝷"],"file":"minecraft:emeraldprison/ui/pixel_split.png","height":-137,"type":"bitmap"},
    {"ascent":-32768,"chars":["蝸"],"file":"minecraft:emeraldprison/ui/pixel_split.png","height":-138,"type":"bitmap"},
    {"ascent":-32768,"chars":["蝺"],"file":"minecraft:emeraldprison/ui/pixel_split.png","height":-139,"type":"bitmap"},
    {"ascent":-32768,"chars":["蝿"],"file":"minecraft:emeraldprison/ui/pixel_split.png","height":-140,"type":"bitmap"},
    {"ascent":-32768,"chars":["螀"],"file":"minecraft:emeraldprison/ui/pixel_split.png","height":-141,"type":"bitmap"},
    {"ascent":-32768,"chars":["螁"],"file":"minecraft:emeraldprison/ui/pixel_split.png","height":-142,"type":"bitmap"},
    {"ascent":-32768,"chars":["螄"],"file":"minecraft:emeraldprison/ui/pixel_split.png","height":-143,"type":"bitmap"},
    {"ascent":-32768,"chars":["螆"],"file":"minecraft:emeraldprison/ui/pixel_split.png","height":-144,"type":"bitmap"},
    {"ascent":-32768,"chars":["螇"],"file":"minecraft:emeraldprison/ui/pixel_split.png","height":-145,"type":"bitmap"},
    {"ascent":-32768,"chars":["螉"],"file":"minecraft:emeraldprison/ui/pixel_split.png","height":-146,"type":"bitmap"},
    {"ascent":-32768,"chars":["螊"],"file":"minecraft:emeraldprison/ui/pixel_split.png","height":-147,"type":"bitmap"},
    {"ascent":-32768,"chars":["螌"],"file":"minecraft:emeraldprison/ui/pixel_split.png","height":-148,"type":"bitmap"},
    {"ascent":-32768,"chars":["螎"],"file":"minecraft:emeraldprison/ui/pixel_split.png","height":-149,"type":"bitmap"},

    {"ascent":-32768,"chars":["橢"],"file":"minecraft:emeraldprison/ui/pixel_split.png","height":35,"type":"bitmap"},
    {"ascent":-32768,"chars":["橧"],"file":"minecraft:emeraldprison/ui/pixel_split.png","height":34,"type":"bitmap"},
    {"ascent":-32768,"chars":["蘵"],"file":"minecraft:emeraldprison/ui/pixel_split.png","height":0,"type":"bitmap"},
    {"ascent":-32768,"chars":["蘷"],"file":"minecraft:emeraldprison/ui/pixel_split.png","height":1,"type":"bitmap"},
    {"ascent":-32768,"chars":["蘹"],"file":"minecraft:emeraldprison/ui/pixel_split.png","height":2,"type":"bitmap"},
    {"ascent":-32768,"chars":["蘺"],"file":"minecraft:emeraldprison/ui/pixel_split.png","height":3,"type":"bitmap"},
    {"ascent":-32768,"chars":["蘻"],"file":"minecraft:emeraldprison/ui/pixel_split.png","height":4,"type":"bitmap"},
    {"ascent":-32768,"chars":["蘽"],"file":"minecraft:emeraldprison/ui/pixel_split.png","height":5,"type":"bitmap"},
    {"ascent":-32768,"chars":["蘾"],"file":"minecraft:emeraldprison/ui/pixel_split.png","height":6,"type":"bitmap"},
    {"ascent":-32768,"chars":["蘿"],"file":"minecraft:emeraldprison/ui/pixel_split.png","height":7,"type":"bitmap"},
    {"ascent":-32768,"chars":["虀"],"file":"minecraft:emeraldprison/ui/pixel_split.png","height":8,"type":"bitmap"},
    {"ascent":-32768,"chars":["虂"],"file":"minecraft:emeraldprison/ui/pixel_split.png","height":9,"type":"bitmap"},
    {"ascent":-32768,"chars":["虃"],"file":"minecraft:emeraldprison/ui/pixel_split.png","height":10,"type":"bitmap"},
    {"ascent":-32768,"chars":["虄"],"file":"minecraft:emeraldprison/ui/pixel_split.png","height":11,"type":"bitmap"},
    {"ascent":-32768,"chars":["虅"],"file":"minecraft:emeraldprison/ui/pixel_split.png","height":12,"type":"bitmap"},
    {"ascent":-32768,"chars":["虆"],"file":"minecraft:emeraldprison/ui/pixel_split.png","height":13,"type":"bitmap"},
    {"ascent":-32768,"chars":["虇"],"file":"minecraft:emeraldprison/ui/pixel_split.png","height":14,"type":"bitmap"},
    {"ascent":-32768,"chars":["虈"],"file":"minecraft:emeraldprison/ui/pixel_split.png","height":15,"type":"bitmap"},
    {"ascent":-32768,"chars":["虊"],"file":"minecraft:emeraldprison/ui/pixel_split.png","height":16,"type":"bitmap"},
    {"ascent":-32768,"chars":["虋"],"file":"minecraft:emeraldprison/ui/pixel_split.png","height":17,"type":"bitmap"},
    {"ascent":-32768,"chars":["虌"],"file":"minecraft:emeraldprison/ui/pixel_split.png","height":18,"type":"bitmap"},
    {"ascent":-32768,"chars":["處"],"file":"minecraft:emeraldprison/ui/pixel_split.png","height":19,"type":"bitmap"},
    {"ascent":-32768,"chars":["虖"],"file":"minecraft:emeraldprison/ui/pixel_split.png","height":20,"type":"bitmap"},
    {"ascent":-32768,"chars":["虗"],"file":"minecraft:emeraldprison/ui/pixel_split.png","height":21,"type":"bitmap"},
    {"ascent":-32768,"chars":["虘"],"file":"minecraft:emeraldprison/ui/pixel_split.png","height":22,"type":"bitmap"},
    {"ascent":-32768,"chars":["虙"],"file":"minecraft:emeraldprison/ui/pixel_split.png","height":23,"type":"bitmap"},
    {"ascent":-32768,"chars":["虛"],"file":"minecraft:emeraldprison/ui/pixel_split.png","height":24,"type":"bitmap"},
    {"ascent":-32768,"chars":["虜"],"file":"minecraft:emeraldprison/ui/pixel_split.png","height":25,"type":"bitmap"},
    {"ascent":-32768,"chars":["虧"],"file":"minecraft:emeraldprison/ui/pixel_split.png","height":26,"type":"bitmap"},
    {"ascent":-32768,"chars":["虨"],"file":"minecraft:emeraldprison/ui/pixel_split.png","height":27,"type":"bitmap"},
    {"ascent":-32768,"chars":["虭"],"file":"minecraft:emeraldprison/ui/pixel_split.png","height":28,"type":"bitmap"},
    {"ascent":-32768,"chars":["虯"],"file":"minecraft:emeraldprison/ui/pixel_split.png","height":29,"type":"bitmap"},
    {"ascent":-32768,"chars":["虰"],"file":"minecraft:emeraldprison/ui/pixel_split.png","height":30,"type":"bitmap"},
    {"ascent":-32768,"chars":["虲"],"file":"minecraft:emeraldprison/ui/pixel_split.png","height":31,"type":"bitmap"},
    {"ascent":-32768,"chars":["虳"],"file":"minecraft:emeraldprison/ui/pixel_split.png","height":32,"type":"bitmap"},
    {"ascent":-32768,"chars":["虴"],"file":"minecraft:emeraldprison/ui/pixel_split.png","height":33,"type":"bitmap"},
    {"ascent":-32768,"chars":["蜺"],"file":"minecraft:emeraldprison/ui/pixel_split.png","height":-3,"type":"bitmap"},
    {"ascent":-32768,"chars":["蜼"],"file":"minecraft:emeraldprison/ui/pixel_split.png","height":-4,"type":"bitmap"},
    {"ascent":-32768,"chars":["蜽"],"file":"minecraft:emeraldprison/ui/pixel_split.png","height":-5,"type":"bitmap"},
    {"ascent":-32768,"chars":["蝁"],"file":"minecraft:emeraldprison/ui/pixel_split.png","height":-6,"type":"bitmap"},
    {"ascent":-32768,"chars":["蝂"],"file":"minecraft:emeraldprison/ui/pixel_split.png","height":-7,"type":"bitmap"},
    {"ascent":-32768,"chars":["蝃"],"file":"minecraft:emeraldprison/ui/pixel_split.png","height":-8,"type":"bitmap"},
    {"ascent":-32768,"chars":["蝄"],"file":"minecraft:emeraldprison/ui/pixel_split.png","height":-9,"type":"bitmap"},
    {"ascent":-32768,"chars":["蝊"],"file":"minecraft:emeraldprison/ui/pixel_split.png","height":-10,"type":"bitmap"},
    {"ascent":-32768,"chars":["蝋"],"file":"minecraft:emeraldprison/ui/pixel_split.png","height":-11,"type":"bitmap"},
    {"ascent":-32768,"chars":["蝍"],"file":"minecraft:emeraldprison/ui/pixel_split.png","height":-12,"type":"bitmap"},
    {"ascent":-32768,"chars":["蝏"],"file":"minecraft:emeraldprison/ui/pixel_split.png","height":-13,"type":"bitmap"},
    {"ascent":-32768,"chars":["蝐"],"file":"minecraft:emeraldprison/ui/pixel_split.png","height":-14,"type":"bitmap"},
    {"ascent":-32768,"chars":["螏"],"file":"minecraft:emeraldprison/ui/pixel_split.png","height":-15,"type":"bitmap"},
    {"ascent":-32768,"chars":["螐"],"file":"minecraft:emeraldprison/ui/pixel_split.png","height":-16,"type":"bitmap"},
    {"ascent":-32768,"chars":["螑"],"file":"minecraft:emeraldprison/ui/pixel_split.png","height":-17,"type":"bitmap"},
    {"ascent":-32768,"chars":["螒"],"file":"minecraft:emeraldprison/ui/pixel_split.png","height":-18,"type":"bitmap"},
    {"ascent":-32768,"chars":["螖"],"file":"minecraft:emeraldprison/ui/pixel_split.png","height":-19,"type":"bitmap"},
    {"ascent":-32768,"chars":["螘"],"file":"minecraft:emeraldprison/ui/pixel_split.png","height":-20,"type":"bitmap"},
    {"ascent":-32768,"chars":["螙"],"file":"minecraft:emeraldprison/ui/pixel_split.png","height":-21,"type":"bitmap"},
    {"ascent":-32768,"chars":["螚"],"file":"minecraft:emeraldprison/ui/pixel_split.png","height":-22,"type":"bitmap"},
    {"ascent":-32768,"chars":["螛"],"file":"minecraft:emeraldprison/ui/pixel_split.png","height":-23,"type":"bitmap"},
    {"ascent":-32768,"chars":["螜"],"file":"minecraft:emeraldprison/ui/pixel_split.png","height":-24,"type":"bitmap"},
    {"ascent":-32768,"chars":["螝"],"file":"minecraft:emeraldprison/ui/pixel_split.png","height":-25,"type":"bitmap"},
    {"ascent":-32768,"chars":["螞"],"file":"minecraft:emeraldprison/ui/pixel_split.png","height":-26,"type":"bitmap"},
    {"ascent":-32768,"chars":["螡"],"file":"minecraft:emeraldprison/ui/pixel_split.png","height":-27,"type":"bitmap"},
    {"ascent":-32768,"chars":["螢"],"file":"minecraft:emeraldprison/ui/pixel_split.png","height":-28,"type":"bitmap"},
    {"ascent":-32768,"chars":["螤"],"file":"minecraft:emeraldprison/ui/pixel_split.png","height":-29,"type":"bitmap"},
    {"ascent":-32768,"chars":["螥"],"file":"minecraft:emeraldprison/ui/pixel_split.png","height":-30,"type":"bitmap"},
    {"ascent":-32768,"chars":["螦"],"file":"minecraft:emeraldprison/ui/pixel_split.png","height":-31,"type":"bitmap"},
    {"ascent":-32768,"chars":["螧"],"file":"minecraft:emeraldprison/ui/pixel_split.png","height":-32,"type":"bitmap"},
    {"ascent":-32768,"chars":["螩"],"file":"minecraft:emeraldprison/ui/pixel_split.png","height":-33,"type":"bitmap"},
    {"ascent":-32768,"chars":["螿"],"file":"minecraft:emeraldprison/ui/pixel_split.png","height":-34,"type":"bitmap"},
    {"ascent":-32768,"chars":["蟁"],"file":"minecraft:emeraldprison/ui/pixel_split.png","height":-35,"type":"bitmap"},
    {"ascent":-32768,"chars":["蟂"],"file":"minecraft:emeraldprison/ui/pixel_split.png","height":-36,"type":"bitmap"},
    {"ascent":-32768,"chars":["蟃"],"file":"minecraft:emeraldprison/ui/pixel_split.png","height":-37,"type":"bitmap"},
    {"ascent":-32768,"chars":["蟄"],"file":"minecraft:emeraldprison/ui/pixel_split.png","height":-38,"type":"bitmap"},
    {"ascent":-32768,"chars":["蟅"],"file":"minecraft:emeraldprison/ui/pixel_split.png","height":-39,"type":"bitmap"},
    {"ascent":-32768,"chars":["蟇"],"file":"minecraft:emeraldprison/ui/pixel_split.png","height":-40,"type":"bitmap"},
    {"ascent":-32768,"chars":["蟈"],"file":"minecraft:emeraldprison/ui/pixel_split.png","height":-41,"type":"bitmap"},
    {"ascent":-32768,"chars":["蟉"],"file":"minecraft:emeraldprison/ui/pixel_split.png","height":-42,"type":"bitmap"},
    {"ascent":-32768,"chars":["蟌"],"file":"minecraft:emeraldprison/ui/pixel_split.png","height":-43,"type":"bitmap"},
    {"ascent":-32768,"chars":["蟍"],"file":"minecraft:emeraldprison/ui/pixel_split.png","height":-44,"type":"bitmap"},
    {"ascent":-32768,"chars":["蟎"],"file":"minecraft:emeraldprison/ui/pixel_split.png","height":-45,"type":"bitmap"},
    {"ascent":-32768,"chars":["蟐"],"file":"minecraft:emeraldprison/ui/pixel_split.png","height":-46,"type":"bitmap"},
    {"ascent":-32768,"chars":["蟔"],"file":"minecraft:emeraldprison/ui/pixel_split.png","height":-47,"type":"bitmap"},
    {"ascent":-32768,"chars":["蟕"],"file":"minecraft:emeraldprison/ui/pixel_split.png","height":-48,"type":"bitmap"},
    {"ascent":-32768,"chars":["蟖"],"file":"minecraft:emeraldprison/ui/pixel_split.png","height":-49,"type":"bitmap"},
    {"ascent":-32768,"chars":["蟗"],"file":"minecraft:emeraldprison/ui/pixel_split.png","height":-50,"type":"bitmap"},
    {"ascent":-32768,"chars":["蟘"],"file":"minecraft:emeraldprison/ui/pixel_split.png","height":-51,"type":"bitmap"},
    {"ascent":-32768,"chars":["蟙"],"file":"minecraft:emeraldprison/ui/pixel_split.png","height":-52,"type":"bitmap"},
    {"ascent":-32768,"chars":["蟚"],"file":"minecraft:emeraldprison/ui/pixel_split.png","height":-53,"type":"bitmap"},
    {"ascent":-32768,"chars":["蟜"],"file":"minecraft:emeraldprison/ui/pixel_split.png","height":-54,"type":"bitmap"},
    {"ascent":-32768,"chars":["蟝"],"file":"minecraft:emeraldprison/ui/pixel_split.png","height":-55,"type":"bitmap"},
    {"ascent":-32768,"chars":["蟞"],"file":"minecraft:emeraldprison/ui/pixel_split.png","height":-56,"type":"bitmap"},
    {"ascent":-32768,"chars":["蟟"],"file":"minecraft:emeraldprison/ui/pixel_split.png","height":-57,"type":"bitmap"},
    {"ascent":-32768,"chars":["蟢"],"file":"minecraft:emeraldprison/ui/pixel_split.png","height":-58,"type":"bitmap"},
    {"ascent":-32768,"chars":["蟣"],"file":"minecraft:emeraldprison/ui/pixel_split.png","height":-59,"type":"bitmap"},
    {"ascent":-32768,"chars":["蟤"],"file":"minecraft:emeraldprison/ui/pixel_split.png","height":-60,"type":"bitmap"},
    {"ascent":-32768,"chars":["蟦"],"file":"minecraft:emeraldprison/ui/pixel_split.png","height":-61,"type":"bitmap"},
    {"ascent":-32768,"chars":["蟧"],"file":"minecraft:emeraldprison/ui/pixel_split.png","height":-62,"type":"bitmap"},
    {"ascent":-32768,"chars":["蟨"],"file":"minecraft:emeraldprison/ui/pixel_split.png","height":-63,"type":"bitmap"},
    {"ascent":-32768,"chars":["蟩"],"file":"minecraft:emeraldprison/ui/pixel_split.png","height":-64,"type":"bitmap"},
    {"ascent":-32768,"chars":["蟬"],"file":"minecraft:emeraldprison/ui/pixel_split.png","height":-65,"type":"bitmap"},
    {"ascent":-32768,"chars":["蟭"],"file":"minecraft:emeraldprison/ui/pixel_split.png","height":-66,"type":"bitmap"},
    {"ascent":-32768,"chars":["蟯"],"file":"minecraft:emeraldprison/ui/pixel_split.png","height":-67,"type":"bitmap"},
    {"ascent":-32768,"chars":["蟰"],"file":"minecraft:emeraldprison/ui/pixel_split.png","height":-68,"type":"bitmap"},
    {"ascent":-32768,"chars":["蟱"],"file":"minecraft:emeraldprison/ui/pixel_split.png","height":-69,"type":"bitmap"},
    {"ascent":-32768,"chars":["蟲"],"file":"minecraft:emeraldprison/ui/pixel_split.png","height":-70,"type":"bitmap"},
    {"ascent":-32768,"chars":["遱"],"file":"minecraft:emeraldprison/ui/pixel_split.png","height":-71,"type":"bitmap"},


    {"ascent":43,"chars":["邖"],"file":"minecraft:emeraldprison/ui/uis/unhatched.png","height":256,"type":"bitmap"},
    {"ascent":38,"chars":["邚"],"file":"minecraft:emeraldprison/ui/uis/fortune.png","height":256,"type":"bitmap"},
    {"ascent":43,"chars":["邜"],"file":"minecraft:emeraldprison/ui/uis/hatching.png","height":256,"type":"bitmap"},
    {"ascent":39,"chars":["邞"],"file":"minecraft:emeraldprison/ui/uis/mastery.png","height":256,"type":"bitmap"},
    {"ascent":39,"chars":["邟"],"file":"minecraft:emeraldprison/ui/uis/mines.png","height":256,"type":"bitmap"},
    {"ascent":7,"chars":["邤"],"file":"minecraft:emeraldprison/ui/uis/shop.png","height":256,"type":"bitmap"},
    {"ascent":27,"chars":["邥"],"file":"minecraft:emeraldprison/ui/uis/shop_defense.png","height":256,"type":"bitmap"},
    {"ascent":27,"chars":["邧"],"file":"minecraft:emeraldprison/ui/uis/shop_storage.png","height":256,"type":"bitmap"},
    {"ascent":39,"chars":["榙"],"file":"minecraft:emeraldprison/ui/uis/confirm.png","height":256,"type":"bitmap"},
    {"ascent":43,"chars":["邩"],"file":"minecraft:emeraldprison/ui/uis/spawners1.png","height":256,"type":"bitmap"},
    {"ascent":43,"chars":["邫"],"file":"minecraft:emeraldprison/ui/uis/spawners2.png","height":256,"type":"bitmap"},
    {"ascent":43,"chars":["邭"],"file":"minecraft:emeraldprison/ui/uis/spawners3.png","height":256,"type":"bitmap"},
    {"ascent":39,"chars":["棖"],"file":"minecraft:emeraldprison/ui/uis/gemshop.png","height":256,"type":"bitmap"},
    {"ascent":43,"chars":["邲"],"file":"minecraft:emeraldprison/ui/uis/storageb.png","height":256,"type":"bitmap"},
    {"ascent":43,"chars":["邼"],"file":"minecraft:emeraldprison/ui/uis/storaged.png","height":256,"type":"bitmap"},
    {"ascent":-45,"chars":["欁欃欄欆欇欈欉權欋欌"],"file":"minecraft:emeraldprison/ui/uis/numbers.png","height":8,"type":"bitmap"},
    {"ascent":-80,"chars":["欍", "欎", "欏", "欐", "欑", "欒", "欓", "欔"],"file":"minecraft:emeraldprison/ui/uis/bars.png","height":12,"type":"bitmap"},
    {"ascent":-76,"chars":["欪", "欬"],"file":"minecraft:emeraldprison/ui/uis/eggs.png","height":19,"type":"bitmap"},
    {"ascent":-58,"chars":["欭", "欮", "欰", "欱"],"file":"minecraft:emeraldprison/ui/uis/buttons.png","height":16,"type":"bitmap"},



    {"ascent":-32768,"chars":["俓"],"file":"minecraft:emeraldprison/ui/pixel_split.png","height":-38,"type":"bitmap"},
    {"ascent":-32768,"chars":["侐"],"file":"minecraft:emeraldprison/ui/pixel_split.png","height":-4,"type":"bitmap"},
    {
      "type": "bitmap",
      "file": "minecraft:emeraldprison/ui/bossbar/bossbar_infill.png",
      "ascent": 10,
      "height": 22,
      "chars": [
        "瓤",
        "饔"
      ]
    },
    {
      "type": "bitmap",
      "file": "minecraft:emeraldprison/ui/bossbar/bossbar_edge.png",
      "ascent": 10,
      "height": 22,
      "chars": [
        "鬻",
        "鬟"
      ]
    },
    {"ascent":10,"chars":["趱"],"file":"minecraft:emeraldprison/ui/bossbar/bossbar_main.png","height":49,"type":"bitmap"},
    {"ascent":-32768,"chars":["鳤"],"file":"minecraft:emeraldprison/ui/pixel_split.png","height":-41,"type":"bitmap"},
    {"ascent":-32768,"chars":["穰"],"file":"minecraft:emeraldprison/ui/pixel_split.png","height":-29,"type":"bitmap"},

    {
      "type": "bitmap",
      "file": "minecraft:emeraldprison/ui/bossbar/bossbar_bars_1.png",
      "ascent": 10,
      "height": 28,
      "chars": [
        "饕",
        "躔",
        "躐",
        "髑",
        "镵"
      ]
    },
    {
      "type": "bitmap",
      "file": "minecraft:emeraldprison/ui/bossbar/bossbar_bars_2.png",
      "ascent": 10,
      "height": 28,
      "chars": [
        "糵",
        "蘼",
        "囊",
        "霾",
        "氍"
      ]
    },
    {
      "type": "bitmap",
      "file": "minecraft:emeraldprison/ui/bossbar/bossbar_bars_3.png",
      "ascent": 10,
      "height": 28,
      "chars": [
        "耱",
        "懿",
        "韂",
        "蘸",
        "鹳"
      ]
    },
    {
      "type": "bitmap",
      "file": "minecraft:emeraldprison/ui/bossbar/bossbar_bars_4.png",
      "ascent": 10,
      "height": 28,
      "chars": [
        "禳",
        "鐾",
        "羼",
        "蠡",
        "耲"
      ]
    },

    {"ascent":-32768,"chars":["佯"],"file":"minecraft:emeraldprison/ui/pixel_split.png","height":-129,"type":"bitmap"},
    {"ascent":-32768,"chars":["佮"],"file":"minecraft:emeraldprison/ui/pixel_split.png","height":-45,"type":"bitmap"},
    {"ascent":-32768,"chars":["佬"],"file":"minecraft:emeraldprison/ui/pixel_split.png","height":25,"type":"bitmap"},

    {
      "type": "bitmap",
      "file": "minecraft:emeraldprison/ui/nameplates/ranks.png",
      "ascent": 9,
      "height": 11,
      "chars": [
        "䫖",
        "䫗",
        "䫘",
        "䫙",
        "䫚",
        "䫛",
        "䫜",
        "䫝"
      ]
    },
    {"ascent":-32768,"chars":["䫤"],"file":"minecraft:emeraldprison/ui/pixel_split.png","height":-87,"type":"bitmap"},
    {"ascent":-32768,"chars":["䫥"],"file":"minecraft:emeraldprison/ui/pixel_split.png","height":-82,"type":"bitmap"},
    {"ascent":-32768,"chars":["䫦"],"file":"minecraft:emeraldprison/ui/pixel_split.png","height":-77,"type":"bitmap"},
    {"ascent":-32768,"chars":["䫧"],"file":"minecraft:emeraldprison/ui/pixel_split.png","height":-72,"type":"bitmap"},
    {"ascent":-32768,"chars":["䫨"],"file":"minecraft:emeraldprison/ui/pixel_split.png","height":-66,"type":"bitmap"},
    {"ascent":-32768,"chars":["䫩"],"file":"minecraft:emeraldprison/ui/pixel_split.png","height":-62,"type":"bitmap"},
    {"ascent":-32768,"chars":["䫪"],"file":"minecraft:emeraldprison/ui/pixel_split.png","height":-57,"type":"bitmap"},
    {"ascent":-32768,"chars":["䫫"],"file":"minecraft:emeraldprison/ui/pixel_split.png","height":-52,"type":"bitmap"},
    {"ascent":-32768,"chars":["䫬"],"file":"minecraft:emeraldprison/ui/pixel_split.png","height":-46,"type":"bitmap"},
    {"ascent":-32768,"chars":["䫭"],"file":"minecraft:emeraldprison/ui/pixel_split.png","height":-41,"type":"bitmap"},
    {"ascent":-32768,"chars":["䫮"],"file":"minecraft:emeraldprison/ui/pixel_split.png","height":-37,"type":"bitmap"},
    {"ascent":-32768,"chars":["䫯"],"file":"minecraft:emeraldprison/ui/pixel_split.png","height":-31,"type":"bitmap"},
    {"ascent":-32768,"chars":["䫰"],"file":"minecraft:emeraldprison/ui/pixel_split.png","height":-26,"type":"bitmap"},
    {"ascent":-32768,"chars":["䫱"],"file":"minecraft:emeraldprison/ui/pixel_split.png","height":-21,"type":"bitmap"},
    {"ascent":-32768,"chars":["䫲"],"file":"minecraft:emeraldprison/ui/pixel_split.png","height":-16,"type":"bitmap"},
    {"ascent":-32768,"chars":["䫳"],"file":"minecraft:emeraldprison/ui/pixel_split.png","height":-11,"type":"bitmap"},

    {"ascent":60,"chars":["䫕"],"file":"minecraft:emeraldprison/ui/upgrade/ui.png","height":256,"type":"bitmap"},
    {"ascent":-32768,"chars":["䫔"],"file":"minecraft:emeraldprison/ui/pixel_split.png","height":-42,"type":"bitmap"},

    {
      "type": "bitmap",
      "file": "minecraft:emeraldprison/ui/emoji/emojis.png",
      "ascent": 9,
      "height": 10,
      "chars": [
        "䩰䩱䩲䩳䩴䩵䩶䩷䩸䩹",
        "䩺䩻䩼䩽䩾䩿䪀䪁䪂䪃",
        "䪄䪅䪆䪇䪈䪉䪊䪋䪌䪍",
        "䪎䪏䪐䪑䪒䪓䪔䪕䪖䪗",
        "䪘䪙䪚䪛䪜䪝䪞䪟䪠䪡",
        "䪢䪣䪤䪥䪦䪧䪨䪩䪪䪫",
        "䪬䪭䪮䪯䪰䪱䪲䪳䪴䪵",
        "䪶䪷䪸䪹䪺䪻䪼䪽䪾䪿",
        "䫀䫁䫂䫃䫄䫅䫆䫇䫈䫉",
        "䫊䫋䫌䫍䫎䫏䫐䫑䫒䫓"

      ]
    },

    {"ascent":10,"chars":["䩩"],"file":"minecraft:emeraldprison/ui/signs/leaderboards.png","height":256,"type":"bitmap"},
    {"ascent":10,"chars":["䩪"],"file":"minecraft:emeraldprison/ui/signs/plinko.png","height":256,"type":"bitmap"},
    {"ascent":10,"chars":["䩫"],"file":"minecraft:emeraldprison/ui/signs/roulette.png","height":256,"type":"bitmap"},
    {"ascent":10,"chars":["䩬"],"file":"minecraft:emeraldprison/ui/signs/shop.png","height":256,"type":"bitmap"},
    {"ascent":10,"chars":["䩭"],"file":"minecraft:emeraldprison/ui/signs/tutorial.png","height":256,"type":"bitmap"},
    {"ascent":10,"chars":["䩮"],"file":"minecraft:emeraldprison/ui/signs/coming_soon.png","height":256,"type":"bitmap"},
    {"ascent":10,"chars":["䩯"],"file":"minecraft:emeraldprison/ui/signs/crates.png","height":256,"type":"bitmap"},

    {"ascent":10,"chars":["鲷"],"file":"minecraft:emeraldprison/ui/signs/crates_static.png","height":200,"type":"bitmap"},
    {"ascent":10,"chars":["䩨"],"file":"minecraft:emeraldprison/ui/signs/wof.png","height":256,"type":"bitmap"},

    {"ascent":7,"chars":["䩥"],"file":"minecraft:emeraldprison/ui/emoji/heart.png","height":8,"type":"bitmap"},
    {"ascent":7,"chars":["纂"],"file":"minecraft:emeraldprison/ui/emoji/emerald.png","height":8,"type":"bitmap"},
    {"ascent":9,"chars":["籍"],"file":"minecraft:emeraldprison/ui/emoji/pepepls.png","height":12,"type":"bitmap"},
    {"ascent":9,"chars":["黧"],"file":"minecraft:emeraldprison/ui/emoji/sussy.png","height":12,"type":"bitmap"},
    {"ascent":7,"chars":["镴"],"file":"minecraft:emeraldprison/ui/emoji/raveblob.png","height":12,"type":"bitmap"},

    {
      "type": "bitmap",
      "file": "minecraft:emeraldprison/ui/emoji/bluemote.png",
      "ascent": 9,
      "height": 12,
      "chars": [
        "镳黥",
        "黩巉"

      ]
    },
    {
      "type": "bitmap",
      "file": "minecraft:emeraldprison/ui/emoji/bluemote2.png",
      "ascent": 9,
      "height": 12,
      "chars": [
        "巍嚷",
        "嚼鼍"

      ]
    },

    {"ascent":-9,"chars":["䩤"],"file":"minecraft:emeraldprison/ui/emerald_pass/leftanim.png","height":104,"type":"bitmap"},
    {"ascent":-9,"chars":["䩢"],"file":"minecraft:emeraldprison/ui/emerald_pass/rightanim.png","height":104,"type":"bitmap"},
    {"ascent":-32768,"chars":["䩣"],"file":"minecraft:emeraldprison/ui/pixel_split.png","height":-154,"type":"bitmap"},
    {"ascent":-32768,"chars":["䩡"],"file":"minecraft:emeraldprison/ui/pixel_split.png","height":66,"type":"bitmap"},


    {"ascent":41,"chars":["齉"],"file":"minecraft:emeraldprison/ui/enchant/empty_ui.png","height":256,"type":"bitmap"},
    {"ascent":-32768,"chars":["爨"],"file":"minecraft:emeraldprison/ui/pixel_split.png","height":-50,"type":"bitmap"},

    {
      "type": "bitmap",
      "file": "minecraft:emeraldprison/ui/enchant/scroll_function.png",
      "ascent": -59,
      "height": 52,
      "chars": [
        "纛",
        "鬣",
        "攮",
        "囔"

      ]
    },

    {"ascent":-32768,"chars":["馕"],"file":"minecraft:emeraldprison/ui/pixel_split.png","height":-176,"type":"bitmap"},
    {"ascent":-32768,"chars":["戆"],"file":"minecraft:emeraldprison/ui/pixel_split.png","height":126,"type":"bitmap"},


    {"ascent":-11,"chars":["灞"],"file":"minecraft:emeraldprison/ui/enchant/leftanim.png","height":102,"type":"bitmap"},
    {"ascent":-11,"chars":["鑫"],"file":"minecraft:emeraldprison/ui/enchant/rightanim.png","height":102,"type":"bitmap"},
    {"ascent":-32768,"chars":["襻"],"file":"minecraft:emeraldprison/ui/pixel_split.png","height":-172,"type":"bitmap"},
    {"ascent":-32768,"chars":["衢"],"file":"minecraft:emeraldprison/ui/pixel_split.png","height":68,"type":"bitmap"},

    {"ascent":41,"chars":["躞"],"file":"minecraft:emeraldprison/ui/enchant/populated_ui.png","height":256,"type":"bitmap"},

    {"ascent":2,"chars":["麟"],"file":"minecraft:emeraldprison/ui/chatwidget/top.png","height":20,"type":"bitmap"},
    {"ascent":0,"chars":["躜"],"file":"minecraft:emeraldprison/ui/chatwidget/bottom.png","height":20,"type":"bitmap"},
    {"ascent":40,"chars":["灏"],"file":"minecraft:emeraldprison/ui/scoreboard/scoreboard_main.png","height":256,"type":"bitmap"},

    {"ascent":-50,"chars":["譬孀骧耰蠢瓘鼙醺礴礳霸露霹颦曩躏黯髓鼱鳡鳢癫麝赣夔鼯"],"file":"minecraft:emeraldprison/ui/scoreboard/large_font.png","height":12,"type":"bitmap"},
    {"ascent":0,"chars":["鳜鳝鳞鳟獾魔糯灌瀹瀵"],"file":"minecraft:emeraldprison/ui/scoreboard/large_numbers.png","height":12,"type":"bitmap"},
    {"ascent":-32768,"chars":["凝"],"file":"minecraft:emeraldprison/ui/pixel_split.png","height":-68,"type":"bitmap"},
    {"ascent":-32768,"chars":["犨"],"file":"minecraft:emeraldprison/ui/pixel_split.png","height":1,"type":"bitmap"},

    {"ascent":42,"chars":["蠕"],"file":"minecraft:emeraldprison/ui/logo.png","height":48,"type":"bitmap"},

    {
      "type": "bitmap",
      "file": "minecraft:emeraldprison/ui/accent_numbers.png",
      "ascent": -66,
      "height": 32,
      "chars": [
        "辨辩嬴壅羲糙糗糖糕甑",
        "燎燠燔燃燧燊燏濑濒濉"
      ]
    },
    {"ascent":-32768,"chars":["潞"],"file":"minecraft:emeraldprison/ui/pixel_split.png","height":90,"type":"bitmap"},
    {"ascent":-32768,"chars":["澧"],"file":"minecraft:emeraldprison/ui/pixel_split.png","height":-500,"type":"bitmap"},
    {"ascent":-32768,"chars":["憷"],"file":"minecraft:emeraldprison/ui/pixel_split.png","height":-500,"type":"bitmap"},
    {"ascent":250,"chars":["懒"],"file":"minecraft:emeraldprison/ui/black_box.png","height":2000,"type":"bitmap"},

    {"ascent":61,"chars":["憾"],"file":"minecraft:emeraldprison/ui/skins/ui_empty.png","height":256,"type":"bitmap"},
    {"ascent":-32768,"chars":["懈"],"file":"minecraft:emeraldprison/ui/pixel_split.png","height":-50,"type":"bitmap"},

    {"ascent":52,"chars":["黉"],"file":"minecraft:emeraldprison/ui/buff/empty_ui.png","height":256,"type":"bitmap"},
    {"ascent":8,"chars":["褰"],"file":"minecraft:emeraldprison/ui/buff/scoreboard_icon.png","height":9,"type":"bitmap"},

    {"ascent":46,"chars":["寰"],"file":"minecraft:emeraldprison/ui/component/gem_ui.png","height":256,"type":"bitmap"},
    {"ascent":46,"chars":["窸"],"file":"minecraft:emeraldprison/ui/component/gears_ui.png","height":256,"type":"bitmap"},
    {"ascent":-32768,"chars":["璪"],"file":"minecraft:emeraldprison/ui/pixel_split.png","height":-114,"type":"bitmap"},

    {
      "type": "bitmap",
      "file": "minecraft:emeraldprison/ui/accent_numbers2.png",
      "ascent": -98,
      "height": 32,
      "chars": [
        "窿褶禧壁避嬖犟隰嬗鹨",
        "翯颡缰缱缲缳缴璨璩璐"
      ]
    }
  ]
}
