{"providers":[{"type":"space","advances":{" ":3,"‌":0}},

    {"ascent":-15,"chars":["ABCDEFGHIJKLMNOPQRSTUVWXYZ"],"file":"minecraft:emeraldprison/ui/chatwidget/slim_font.png","height":8,"type":"bitmap"},
    {"ascent":-15,"chars":["0123456789"],"file":"minecraft:emeraldprison/ui/chatwidget/slim_numbers.png","height":8,"type":"bitmap"},
    {"ascent":-15,"chars":[":"],"file":"minecraft:emeraldprison/ui/chatwidget/semicolon.png","height":8,"type":"bitmap"},

    {"ascent":-32768,"chars":["攥"],"file":"minecraft:emeraldprison/ui/pixel_split.png","height":45,"type":"bitmap"},
    {"ascent":-32768,"chars":["攫"],"file":"minecraft:emeraldprison/ui/pixel_split.png","height":110,"type":"bitmap"}


]}